{"type":"FeatureCollection","source":"OCHA COD-AB Thailand (Royal Thai Survey Department, 2019), via github.com/piyayut-ch/mapthai; simplified","features":[{"type":"Feature","properties":{"tc":"TH900101","t":"บ่อยาง","te":"Bo Yang","ac":"TH9001","a":"เมืองสงขลา","pc":"TH90","p":"สงขลา","km2":9.4,"lat":7.2028,"lon":100.5877},"geometry":{"type":"Polygon","coordinates":[[[100.6192,7.1815],[100.5818,7.1824],[100.5754,7.2232],[100.6192,7.1815]]]}},{"type":"Feature","properties":{"tc":"TH900102","t":"เขารูปช้าง","te":"Khao Rup Chang","ac":"TH9001","a":"เมืองสงขลา","pc":"TH90","p":"สงขลา","km2":31.8,"lat":7.1535,"lon":100.6114},"geometry":{"type":"Polygon","coordinates":[[[100.6192,7.1815],[100.6498,7.1382],[100.6031,7.1274],[100.5727,7.1688],[100.5818,7.1824],[100.6192,7.1815]]]}},{"type":"Feature","properties":{"tc":"TH900103","t":"เกาะแต้ว","te":"Ko Taeo","ac":"TH9001","a":"เมืองสงขลา","pc":"TH90","p":"สงขลา","km2":34.9,"lat":7.1144,"lon":100.6358},"geometry":{"type":"Polygon","coordinates":[[[100.6738,7.1015],[100.6658,7.084],[100.614,7.0837],[100.6031,7.1274],[100.6498,7.1382],[100.6738,7.1015]]]}},{"type":"Feature","properties":{"tc":"TH900104","t":"พะวง","te":"Phawong","ac":"TH9001","a":"เมืองสงขลา","pc":"TH90","p":"สงขลา","km2":47.9,"lat":7.1103,"lon":100.5843},"geometry":{"type":"Polygon","coordinates":[[[100.6031,7.1274],[100.614,7.0837],[100.6057,7.0479],[100.564,7.0933],[100.5549,7.1509],[100.5727,7.1688],[100.6031,7.1274]]]}},{"type":"Feature","properties":{"tc":"TH900105","t":"ทุ่งหวัง","te":"Thung Wang","ac":"TH9001","a":"เมืองสงขลา","pc":"TH90","p":"สงขลา","km2":39.5,"lat":7.0501,"lon":100.6355},"geometry":{"type":"Polygon","coordinates":[[[100.6658,7.084],[100.6672,7.0524],[100.6304,7.0187],[100.6004,7.0251],[100.614,7.0837],[100.6658,7.084]]]}},{"type":"Feature","properties":{"tc":"TH900106","t":"เกาะยอ","te":"Ko Yo","ac":"TH9001","a":"เมืองสงขลา","pc":"TH90","p":"สงขลา","km2":28.4,"lat":7.1753,"lon":100.5223},"geometry":{"type":"Polygon","coordinates":[[[100.5579,7.1817],[100.5727,7.1688],[100.5549,7.1509],[100.5042,7.1581],[100.4622,7.187],[100.5579,7.1817]]]}},{"type":"Feature","properties":{"tc":"TH900201","t":"จะทิ้งพระ","te":"Chathing Phra","ac":"TH9002","a":"สทิงพระ","pc":"TH90","p":"สงขลา","km2":9.9,"lat":7.47,"lon":100.4376},"geometry":{"type":"Polygon","coordinates":[[[100.453,7.4528],[100.4327,7.4469],[100.4236,7.4872],[100.4409,7.4921],[100.453,7.4528]]]}},{"type":"Feature","properties":{"tc":"TH900202","t":"กระดังงา","te":"Kradang Nga","ac":"TH9002","a":"สทิงพระ","pc":"TH90","p":"สงขลา","km2":9.3,"lat":7.5145,"lon":100.4252},"geometry":{"type":"Polygon","coordinates":[[[100.4409,7.4921],[100.4236,7.4872],[100.4115,7.5278],[100.4301,7.5312],[100.4409,7.4921]]]}},{"type":"Feature","properties":{"tc":"TH900203","t":"สนามชัย","te":"Sanam Chai","ac":"TH9002","a":"สทิงพระ","pc":"TH90","p":"สงขลา","km2":8.3,"lat":7.5468,"lon":100.417},"geometry":{"type":"Polygon","coordinates":[[[100.4205,7.5697],[100.4301,7.5312],[100.4115,7.5278],[100.4047,7.5624],[100.4205,7.5697]]]}},{"type":"Feature","properties":{"tc":"TH900204","t":"ดีหลวง","te":"Di Luang","ac":"TH9002","a":"สทิงพระ","pc":"TH90","p":"สงขลา","km2":7.4,"lat":7.5787,"lon":100.4076},"geometry":{"type":"Polygon","coordinates":[[[100.4205,7.5697],[100.4047,7.5624],[100.3925,7.5877],[100.4132,7.6003],[100.4205,7.5697]]]}},{"type":"Feature","properties":{"tc":"TH900205","t":"ชุมพล","te":"Chumphon","ac":"TH9002","a":"สทิงพระ","pc":"TH90","p":"สงขลา","km2":16.7,"lat":7.6072,"lon":100.3888},"geometry":{"type":"Polygon","coordinates":[[[100.4079,7.622],[100.4132,7.6003],[100.3925,7.5877],[100.3597,7.5843],[100.368,7.6141],[100.4079,7.622]]]}},{"type":"Feature","properties":{"tc":"TH900206","t":"คลองรี","te":"Khlong Ri","ac":"TH9002","a":"สทิงพระ","pc":"TH90","p":"สงขลา","km2":49.3,"lat":7.5451,"lon":100.3825},"geometry":{"type":"Polygon","coordinates":[[[100.4047,7.5624],[100.4115,7.5278],[100.4197,7.5012],[100.3877,7.4971],[100.3557,7.5278],[100.3597,7.5843],[100.3925,7.5877],[100.4047,7.5624]]]}},{"type":"Feature","properties":{"tc":"TH900207","t":"คูขุด","te":"Khu Khut","ac":"TH9002","a":"สทิงพระ","pc":"TH90","p":"สงขลา","km2":40.2,"lat":7.4671,"lon":100.4069},"geometry":{"type":"Polygon","coordinates":[[[100.4197,7.5012],[100.4327,7.4469],[100.4335,7.4287],[100.3848,7.4193],[100.3826,7.425],[100.3877,7.4971],[100.4197,7.5012]]]}},{"type":"Feature","properties":{"tc":"TH900208","t":"ท่าหิน","te":"Tha Hin","ac":"TH9002","a":"สทิงพระ","pc":"TH90","p":"สงขลา","km2":34.4,"lat":7.4028,"lon":100.4164},"geometry":{"type":"Polygon","coordinates":[[[100.4335,7.4287],[100.4464,7.3889],[100.4456,7.3726],[100.4061,7.3618],[100.3848,7.4193],[100.4335,7.4287]]]}},{"type":"Feature","properties":{"tc":"TH900209","t":"วัดจันทร์","te":"Wat Chan","ac":"TH9002","a":"สทิงพระ","pc":"TH90","p":"สงขลา","km2":8.8,"lat":7.3826,"lon":100.4623},"geometry":{"type":"Polygon","coordinates":[[[100.4726,7.3975],[100.4811,7.3763],[100.4477,7.3665],[100.4456,7.3726],[100.4464,7.3889],[100.4726,7.3975]]]}},{"type":"Feature","properties":{"tc":"TH900210","t":"บ่อแดง","te":"Bo Daeng","ac":"TH9002","a":"สทิงพระ","pc":"TH90","p":"สงขลา","km2":9.0,"lat":7.407,"lon":100.4548},"geometry":{"type":"Polygon","coordinates":[[[100.4639,7.421],[100.4726,7.3975],[100.4464,7.3889],[100.4376,7.4166],[100.4639,7.421]]]}},{"type":"Feature","properties":{"tc":"TH900211","t":"บ่อดาน","te":"Bo Dan","ac":"TH9002","a":"สทิงพระ","pc":"TH90","p":"สงขลา","km2":9.8,"lat":7.4378,"lon":100.4456},"geometry":{"type":"Polygon","coordinates":[[[100.4639,7.421],[100.4376,7.4166],[100.4335,7.4287],[100.4327,7.4469],[100.453,7.4528],[100.4639,7.421]]]}},{"type":"Feature","properties":{"tc":"TH900301","t":"บ้านนา","te":"Ban Na","ac":"TH9003","a":"จะนะ","pc":"TH90","p":"สงขลา","km2":50.3,"lat":6.9164,"lon":100.7459},"geometry":{"type":"Polygon","coordinates":[[[100.8101,6.9101],[100.7968,6.8708],[100.7428,6.8755],[100.7264,6.8929],[100.7196,6.9226],[100.7613,6.9574],[100.7735,6.9041],[100.8101,6.9101]]]}},{"type":"Feature","properties":{"tc":"TH900302","t":"ป่าชิง","te":"Pa Ching","ac":"TH9003","a":"จะนะ","pc":"TH90","p":"สงขลา","km2":14.8,"lat":6.9078,"lon":100.7159},"geometry":{"type":"Polygon","coordinates":[[[100.7106,6.9595],[100.7264,6.8929],[100.7153,6.8778],[100.7034,6.9337],[100.6739,6.9262],[100.7106,6.9595]]]}},{"type":"Feature","properties":{"tc":"TH900303","t":"สะพานไม้แก่น","te":"Saphan Mai Kaen","ac":"TH9003","a":"จะนะ","pc":"TH90","p":"สงขลา","km2":66.8,"lat":6.8421,"lon":100.7781},"geometry":{"type":"Polygon","coordinates":[[[100.7968,6.8708],[100.8225,6.8149],[100.8013,6.7678],[100.7472,6.8156],[100.745,6.8686],[100.7428,6.8755],[100.7968,6.8708]]]}},{"type":"Feature","properties":{"tc":"TH900304","t":"สะกอม","te":"Sakom","ac":"TH9003","a":"จะนะ","pc":"TH90","p":"สงขลา","km2":37.5,"lat":6.9309,"lon":100.7926},"geometry":{"type":"Polygon","coordinates":[[[100.8255,6.9517],[100.8101,6.9101],[100.7735,6.9041],[100.7613,6.9574],[100.7753,6.9767],[100.8255,6.9517]]]}},{"type":"Feature","properties":{"tc":"TH900305","t":"นาหว้า","te":"Na Wa","ac":"TH9003","a":"จะนะ","pc":"TH90","p":"สงขลา","km2":73.2,"lat":6.9064,"lon":100.6576},"geometry":{"type":"Polygon","coordinates":[[[100.7153,6.8778],[100.6525,6.8621],[100.5921,6.8871],[100.6201,6.9258],[100.6739,6.9262],[100.7034,6.9337],[100.7153,6.8778]]]}},{"type":"Feature","properties":{"tc":"TH900306","t":"นาทับ","te":"Na Thap","ac":"TH9003","a":"จะนะ","pc":"TH90","p":"สงขลา","km2":43.2,"lat":7.0321,"lon":100.7037},"geometry":{"type":"Polygon","coordinates":[[[100.7405,7.0119],[100.7153,6.9864],[100.6672,7.0524],[100.6658,7.084],[100.6738,7.1015],[100.7405,7.0119]]]}},{"type":"Feature","properties":{"tc":"TH900307","t":"น้ำขาว","te":"Nam Khao","ac":"TH9003","a":"จะนะ","pc":"TH90","p":"สงขลา","km2":23.7,"lat":6.8019,"lon":100.6429},"geometry":{"type":"Polygon","coordinates":[[[100.694,6.8063],[100.6819,6.7872],[100.5962,6.7974],[100.5892,6.8186],[100.694,6.8063]]]}},{"type":"Feature","properties":{"tc":"TH900308","t":"ขุนตัดหวาย","te":"Khun Tat Wai","ac":"TH9003","a":"จะนะ","pc":"TH90","p":"สงขลา","km2":9.2,"lat":6.7968,"lon":100.7016},"geometry":{"type":"Polygon","coordinates":[[[100.7166,6.7833],[100.6829,6.7777],[100.6819,6.7872],[100.694,6.8063],[100.7142,6.8063],[100.7166,6.7833]]]}},{"type":"Feature","properties":{"tc":"TH900309","t":"ท่าหมอไทร","te":"Tha Mo Sai","ac":"TH9003","a":"จะนะ","pc":"TH90","p":"สงขลา","km2":55.3,"lat":6.811,"lon":100.7333},"geometry":{"type":"Polygon","coordinates":[[[100.745,6.8686],[100.7472,6.8156],[100.8013,6.7678],[100.7987,6.7493],[100.7466,6.7568],[100.7166,6.7833],[100.7139,6.8206],[100.745,6.8686]]]}},{"type":"Feature","properties":{"tc":"TH900310","t":"จะโหนง","te":"Chanong","ac":"TH9003","a":"จะนะ","pc":"TH90","p":"สงขลา","km2":55.3,"lat":7.0026,"lon":100.664},"geometry":{"type":"Polygon","coordinates":[[[100.6672,7.0524],[100.7153,6.9864],[100.7091,6.9688],[100.6947,6.9849],[100.6122,6.9691],[100.6304,7.0187],[100.6672,7.0524]]]}},{"type":"Feature","properties":{"tc":"TH900311","t":"คู","te":"Khu","ac":"TH9003","a":"จะนะ","pc":"TH90","p":"สงขลา","km2":46.3,"lat":6.8504,"lon":100.6918},"geometry":{"type":"Polygon","coordinates":[[[100.7264,6.8929],[100.7428,6.8755],[100.745,6.8686],[100.7139,6.8206],[100.6481,6.8387],[100.6525,6.8621],[100.7153,6.8778],[100.7264,6.8929]]]}},{"type":"Feature","properties":{"tc":"TH900312","t":"แค","te":"Khae","ac":"TH9003","a":"จะนะ","pc":"TH90","p":"สงขลา","km2":61.0,"lat":6.8504,"lon":100.6204},"geometry":{"type":"Polygon","coordinates":[[[100.5921,6.8871],[100.6525,6.8621],[100.6481,6.8387],[100.7139,6.8206],[100.7142,6.8063],[100.694,6.8063],[100.5892,6.8186],[100.5921,6.8871]]]}},{"type":"Feature","properties":{"tc":"TH900313","t":"คลองเปียะ","te":"Khlong Pia","ac":"TH9003","a":"จะนะ","pc":"TH90","p":"สงขลา","km2":52.7,"lat":6.9428,"lon":100.6539},"geometry":{"type":"Polygon","coordinates":[[[100.7091,6.9688],[100.7106,6.9595],[100.6739,6.9262],[100.6201,6.9258],[100.6092,6.9664],[100.6122,6.9691],[100.6947,6.9849],[100.7091,6.9688]]]}},{"type":"Feature","properties":{"tc":"TH900314","t":"ตลิ่งชัน","te":"Taling Chan","ac":"TH9003","a":"จะนะ","pc":"TH90","p":"สงขลา","km2":39.2,"lat":6.9642,"lon":100.738},"geometry":{"type":"Polygon","coordinates":[[[100.7753,6.9767],[100.7613,6.9574],[100.7196,6.9226],[100.7091,6.9688],[100.7153,6.9864],[100.7405,7.0119],[100.7753,6.9767]]]}},{"type":"Feature","properties":{"tc":"TH900401","t":"นาทวี","te":"Na Thawi","ac":"TH9004","a":"นาทวี","pc":"TH90","p":"สงขลา","km2":145.1,"lat":6.7022,"lon":100.7716},"geometry":{"type":"Polygon","coordinates":[[[100.6768,6.7648],[100.7987,6.7493],[100.8313,6.7158],[100.8055,6.6547],[100.7423,6.6602],[100.7453,6.6892],[100.6843,6.7177],[100.6543,6.7151],[100.6497,6.7187],[100.663,6.7688],[100.6768,6.7648]]]}},{"type":"Feature","properties":{"tc":"TH900402","t":"ฉาง","te":"Chang","ac":"TH9004","a":"นาทวี","pc":"TH90","p":"สงขลา","km2":12.4,"lat":6.7713,"lon":100.705},"geometry":{"type":"Polygon","coordinates":[[[100.7466,6.7568],[100.6768,6.7648],[100.6829,6.7777],[100.7166,6.7833],[100.7466,6.7568]]]}},{"type":"Feature","properties":{"tc":"TH900403","t":"นาหมอศรี","te":"Na Mo Si","ac":"TH9004","a":"นาทวี","pc":"TH90","p":"สงขลา","km2":9.5,"lat":6.7824,"lon":100.6631},"geometry":{"type":"Polygon","coordinates":[[[100.6819,6.7872],[100.6829,6.7777],[100.6768,6.7648],[100.663,6.7688],[100.6272,6.7943],[100.6819,6.7872]]]}},{"type":"Feature","properties":{"tc":"TH900404","t":"คลองทราย","te":"Khlong Sai","ac":"TH9004","a":"นาทวี","pc":"TH90","p":"สงขลา","km2":102.0,"lat":6.7468,"lon":100.6075},"geometry":{"type":"Polygon","coordinates":[[[100.5962,6.7974],[100.6272,6.7943],[100.663,6.7688],[100.6497,6.7187],[100.6084,6.7127],[100.5647,6.6762],[100.545,6.7248],[100.5818,6.7874],[100.5962,6.7974]]]}},{"type":"Feature","properties":{"tc":"TH900405","t":"ปลักหนู","te":"Plak Nu","ac":"TH9004","a":"นาทวี","pc":"TH90","p":"สงขลา","km2":37.5,"lat":6.6843,"lon":100.6649},"geometry":{"type":"Polygon","coordinates":[[[100.6843,6.7177],[100.685,6.6535],[100.6616,6.6339],[100.6341,6.648],[100.6543,6.7151],[100.6843,6.7177]]]}},{"type":"Feature","properties":{"tc":"TH900406","t":"ท่าประดู่","te":"Tha Pradu","ac":"TH9004","a":"นาทวี","pc":"TH90","p":"สงขลา","km2":34.1,"lat":6.6747,"lon":100.7143},"geometry":{"type":"Polygon","coordinates":[[[100.7423,6.6602],[100.685,6.6535],[100.6843,6.7177],[100.7453,6.6892],[100.7423,6.6602]]]}},{"type":"Feature","properties":{"tc":"TH900407","t":"สะท้อน","te":"Sathon","ac":"TH9004","a":"นาทวี","pc":"TH90","p":"สงขลา","km2":113.7,"lat":6.59,"lon":100.7429},"geometry":{"type":"Polygon","coordinates":[[[100.7423,6.6602],[100.8055,6.6547],[100.8109,6.6471],[100.766,6.6154],[100.7803,6.57],[100.7487,6.5271],[100.7211,6.5617],[100.7052,6.6101],[100.6601,6.6289],[100.6616,6.6339],[100.685,6.6535],[100.7423,6.6602]]]}},{"type":"Feature","properties":{"tc":"TH900408","t":"ทับช้าง","te":"Thap Chang","ac":"TH9004","a":"นาทวี","pc":"TH90","p":"สงขลา","km2":107.9,"lat":6.5859,"lon":100.6701},"geometry":{"type":"Polygon","coordinates":[[[100.6601,6.6289],[100.7052,6.6101],[100.7211,6.5617],[100.6937,6.5603],[100.6555,6.505],[100.6076,6.5083],[100.5969,6.5466],[100.6601,6.6289]]]}},{"type":"Feature","properties":{"tc":"TH900409","t":"ประกอบ","te":"Prakop","ac":"TH9004","a":"นาทวี","pc":"TH90","p":"สงขลา","km2":110.7,"lat":6.4887,"lon":100.6661},"geometry":{"type":"Polygon","coordinates":[[[100.7211,6.5617],[100.7487,6.5271],[100.7402,6.5073],[100.7089,6.4705],[100.6523,6.4429],[100.6082,6.4723],[100.6076,6.5083],[100.6555,6.505],[100.6937,6.5603],[100.7211,6.5617]]]}},{"type":"Feature","properties":{"tc":"TH900410","t":"คลองกวาง","te":"Khlong Kwang","ac":"TH9004","a":"นาทวี","pc":"TH90","p":"สงขลา","km2":128.2,"lat":6.6314,"lon":100.6154},"geometry":{"type":"Polygon","coordinates":[[[100.6497,6.7187],[100.6543,6.7151],[100.6341,6.648],[100.6616,6.6339],[100.6601,6.6289],[100.5969,6.5466],[100.5715,6.57],[100.5708,6.6232],[100.5647,6.6762],[100.6084,6.7127],[100.6497,6.7187]]]}},{"type":"Feature","properties":{"tc":"TH900501","t":"เทพา","te":"Thepha","ac":"TH9005","a":"เทพา","pc":"TH90","p":"สงขลา","km2":58.2,"lat":6.8368,"lon":100.9474},"geometry":{"type":"Polygon","coordinates":[[[100.9692,6.8697],[100.9752,6.82],[100.9629,6.8061],[100.9441,6.7747],[100.9074,6.7894],[100.9022,6.821],[100.9409,6.8526],[100.9304,6.8927],[100.9692,6.8697]]]}},{"type":"Feature","properties":{"tc":"TH900502","t":"ปากบาง","te":"Pak Bang","ac":"TH9005","a":"เทพา","pc":"TH90","p":"สงขลา","km2":71.7,"lat":6.8385,"lon":101.0176},"geometry":{"type":"Polygon","coordinates":[[[101.0661,6.8571],[101.0544,6.8015],[101.0286,6.7786],[100.9752,6.82],[100.9692,6.8697],[101.0661,6.8571]]]}},{"type":"Feature","properties":{"tc":"TH900503","t":"เกาะสะบ้า","te":"Ko Saba","ac":"TH9005","a":"เทพา","pc":"TH90","p":"สงขลา","km2":91.3,"lat":6.8727,"lon":100.8938},"geometry":{"type":"Polygon","coordinates":[[[100.9304,6.8927],[100.9409,6.8526],[100.9022,6.821],[100.9074,6.7894],[100.8513,6.8341],[100.8523,6.903],[100.8915,6.9235],[100.9304,6.8927]]]}},{"type":"Feature","properties":{"tc":"TH900504","t":"ลำไพล","te":"Lam Phlai","ac":"TH9005","a":"เทพา","pc":"TH90","p":"สงขลา","km2":153.0,"lat":6.7268,"lon":100.9259},"geometry":{"type":"Polygon","coordinates":[[[100.9629,6.8061],[100.9548,6.674],[100.8988,6.6359],[100.8666,6.6598],[100.8109,6.6471],[100.8055,6.6547],[100.8313,6.7158],[100.8751,6.7074],[100.9043,6.7378],[100.9074,6.7894],[100.9441,6.7747],[100.9629,6.8061]]]}},{"type":"Feature","properties":{"tc":"TH900505","t":"ท่าม่วง","te":"Tha Muang","ac":"TH9005","a":"เทพา","pc":"TH90","p":"สงขลา","km2":97.7,"lat":6.7512,"lon":100.9914},"geometry":{"type":"Polygon","coordinates":[[[101.0286,6.7786],[101.0176,6.7249],[101.0606,6.7057],[101.057,6.6775],[101.0048,6.6938],[100.9721,6.7003],[100.957,6.7081],[100.9629,6.8061],[100.9752,6.82],[101.0286,6.7786]]]}},{"type":"Feature","properties":{"tc":"TH900506","t":"วังใหญ่","te":"Wang Yai","ac":"TH9005","a":"เทพา","pc":"TH90","p":"สงขลา","km2":117.2,"lat":6.7786,"lon":100.8564},"geometry":{"type":"Polygon","coordinates":[[[100.9074,6.7894],[100.9043,6.7378],[100.8751,6.7074],[100.8313,6.7158],[100.7987,6.7493],[100.8013,6.7678],[100.8225,6.8149],[100.8513,6.8341],[100.9074,6.7894]]]}},{"type":"Feature","properties":{"tc":"TH900507","t":"สะกอม","te":"Sakom","ac":"TH9005","a":"เทพา","pc":"TH90","p":"สงขลา","km2":81.8,"lat":6.8869,"lon":100.8272},"geometry":{"type":"Polygon","coordinates":[[[100.8915,6.9235],[100.8523,6.903],[100.8513,6.8341],[100.8225,6.8149],[100.7968,6.8708],[100.8255,6.9517],[100.8499,6.9614],[100.8915,6.9235]]]}},{"type":"Feature","properties":{"tc":"TH900601","t":"สะบ้าย้อย","te":"Saba Yoi","ac":"TH9006","a":"สะบ้าย้อย","pc":"TH90","p":"สงขลา","km2":81.7,"lat":6.6343,"lon":100.9269},"geometry":{"type":"Polygon","coordinates":[[[100.9721,6.7003],[100.9546,6.6327],[100.9802,6.6312],[101.0296,6.5739],[100.9814,6.5588],[100.9338,6.6114],[100.8973,6.608],[100.8988,6.6359],[100.9548,6.674],[100.957,6.7081],[100.9721,6.7003]]]}},{"type":"Feature","properties":{"tc":"TH900602","t":"ทุ่งพอ","te":"Thung Pho","ac":"TH9006","a":"สะบ้าย้อย","pc":"TH90","p":"สงขลา","km2":120.9,"lat":6.5248,"lon":100.8847},"geometry":{"type":"Polygon","coordinates":[[[100.9814,6.5588],[100.9328,6.5491],[100.9068,6.4949],[100.8522,6.4682],[100.8401,6.5004],[100.8605,6.562],[100.8973,6.608],[100.9338,6.6114],[100.9814,6.5588]]]}},{"type":"Feature","properties":{"tc":"TH900603","t":"เปียน","te":"Pian","ac":"TH9006","a":"สะบ้าย้อย","pc":"TH90","p":"สงขลา","km2":64.6,"lat":6.6633,"lon":100.988},"geometry":{"type":"Polygon","coordinates":[[[101.0048,6.6938],[101.0297,6.6058],[101.068,6.5835],[101.0296,6.5739],[100.9802,6.6312],[100.9546,6.6327],[100.9721,6.7003],[101.0048,6.6938]]]}},{"type":"Feature","properties":{"tc":"TH900604","t":"บ้านโหนด","te":"Ban Not","ac":"TH9006","a":"สะบ้าย้อย","pc":"TH90","p":"สงขลา","km2":65.5,"lat":6.6417,"lon":101.0512},"geometry":{"type":"Polygon","coordinates":[[[101.057,6.6775],[101.0622,6.6554],[101.1036,6.628],[101.068,6.5835],[101.0297,6.6058],[101.0048,6.6938],[101.057,6.6775]]]}},{"type":"Feature","properties":{"tc":"TH900605","t":"จะแหน","te":"Cha Nae","ac":"TH9006","a":"สะบ้าย้อย","pc":"TH90","p":"สงขลา","km2":67.0,"lat":6.522,"lon":100.9588},"geometry":{"type":"Polygon","coordinates":[[[101.0145,6.4845],[100.9758,6.4804],[100.9068,6.4949],[100.9328,6.5491],[100.9814,6.5588],[101.0145,6.4845]]]}},{"type":"Feature","properties":{"tc":"TH900606","t":"คูหา","te":"Khuha","ac":"TH9006","a":"สะบ้าย้อย","pc":"TH90","p":"สงขลา","km2":114.2,"lat":6.6117,"lon":100.8323},"geometry":{"type":"Polygon","coordinates":[[[100.8988,6.6359],[100.8973,6.608],[100.8605,6.562],[100.7803,6.57],[100.766,6.6154],[100.8109,6.6471],[100.8666,6.6598],[100.8988,6.6359]]]}},{"type":"Feature","properties":{"tc":"TH900607","t":"เขาแดง","te":"Khao Daeng","ac":"TH9006","a":"สะบ้าย้อย","pc":"TH90","p":"สงขลา","km2":143.4,"lat":6.4843,"lon":100.7961},"geometry":{"type":"Polygon","coordinates":[[[100.8605,6.562],[100.8401,6.5004],[100.8522,6.4682],[100.8199,6.4182],[100.8103,6.4447],[100.7527,6.4585],[100.7402,6.5073],[100.7487,6.5271],[100.7803,6.57],[100.8605,6.562]]]}},{"type":"Feature","properties":{"tc":"TH900608","t":"บาโหย","te":"Bahoi","ac":"TH9006","a":"สะบ้าย้อย","pc":"TH90","p":"สงขลา","km2":224.6,"lat":6.3745,"lon":100.8772},"geometry":{"type":"Polygon","coordinates":[[[100.9758,6.4804],[100.9243,6.4275],[100.9288,6.3309],[100.9121,6.3034],[100.841,6.3004],[100.8199,6.4182],[100.8522,6.4682],[100.9068,6.4949],[100.9758,6.4804]]]}},{"type":"Feature","properties":{"tc":"TH900609","t":"ธารคีรี","te":"Than Khiri","ac":"TH9006","a":"สะบ้าย้อย","pc":"TH90","p":"สงขลา","km2":68.3,"lat":6.5507,"lon":101.026},"geometry":{"type":"Polygon","coordinates":[[[101.0638,6.5426],[101.0347,6.4857],[101.0145,6.4845],[100.9814,6.5588],[101.0296,6.5739],[101.068,6.5835],[101.0895,6.6091],[101.0638,6.5426]]]}},{"type":"Feature","properties":{"tc":"TH900701","t":"ระโนด","te":"Ranot","ac":"TH9007","a":"ระโนด","pc":"TH90","p":"สงขลา","km2":92.3,"lat":7.7543,"lon":100.3087},"geometry":{"type":"Polygon","coordinates":[[[100.3395,7.7832],[100.3529,7.7469],[100.3431,7.7176],[100.2201,7.6953],[100.2175,7.7217],[100.2786,7.7617],[100.3248,7.8048],[100.3395,7.7832]]]}},{"type":"Feature","properties":{"tc":"TH900702","t":"คลองแดน","te":"Khlong Daen","ac":"TH9007","a":"ระโนด","pc":"TH90","p":"สงขลา","km2":22.1,"lat":7.9071,"lon":100.3187},"geometry":{"type":"Polygon","coordinates":[[[100.3366,7.9318],[100.3431,7.8992],[100.3208,7.8794],[100.2887,7.9149],[100.3213,7.9368],[100.3366,7.9318]]]}},{"type":"Feature","properties":{"tc":"TH900703","t":"ตะเครียะ","te":"Takhria","ac":"TH9007","a":"ระโนด","pc":"TH90","p":"สงขลา","km2":35.5,"lat":7.8272,"lon":100.2576},"geometry":{"type":"Polygon","coordinates":[[[100.2606,7.9027],[100.2786,7.7617],[100.2483,7.8047],[100.2355,7.883],[100.2606,7.9027]]]}},{"type":"Feature","properties":{"tc":"TH900704","t":"ท่าบอน","te":"Tha Bon","ac":"TH9007","a":"ระโนด","pc":"TH90","p":"สงขลา","km2":43.3,"lat":7.8324,"lon":100.3395},"geometry":{"type":"Polygon","coordinates":[[[100.3676,7.7859],[100.3395,7.7832],[100.3248,7.8048],[100.3182,7.86],[100.3208,7.8794],[100.3431,7.8992],[100.3676,7.7859]]]}},{"type":"Feature","properties":{"tc":"TH900705","t":"บ้านใหม่","te":"Ban Mai","ac":"TH9007","a":"ระโนด","pc":"TH90","p":"สงขลา","km2":45.3,"lat":7.8272,"lon":100.2963},"geometry":{"type":"Polygon","coordinates":[[[100.3248,7.8048],[100.2786,7.7617],[100.2678,7.8497],[100.3182,7.86],[100.3248,7.8048]]]}},{"type":"Feature","properties":{"tc":"TH900706","t":"บ่อตรุ","te":"Bo Tru","ac":"TH9007","a":"ระโนด","pc":"TH90","p":"สงขลา","km2":18.6,"lat":7.632,"lon":100.3848},"geometry":{"type":"Polygon","coordinates":[[[100.3976,7.6669],[100.4079,7.622],[100.368,7.6141],[100.3616,7.642],[100.3976,7.6669]]]}},{"type":"Feature","properties":{"tc":"TH900707","t":"ปากแตระ","te":"Pak Trae","ac":"TH9007","a":"ระโนด","pc":"TH90","p":"สงขลา","km2":12.1,"lat":7.7657,"lon":100.3593},"geometry":{"type":"Polygon","coordinates":[[[100.3772,7.7476],[100.3529,7.7469],[100.3395,7.7832],[100.3676,7.7859],[100.3772,7.7476]]]}},{"type":"Feature","properties":{"tc":"TH900708","t":"พังยาง","te":"Phang Yang","ac":"TH9007","a":"ระโนด","pc":"TH90","p":"สงขลา","km2":12.5,"lat":7.7322,"lon":100.3555},"geometry":{"type":"Polygon","coordinates":[[[100.3731,7.6953],[100.3514,7.6906],[100.3431,7.7176],[100.3529,7.7469],[100.3585,7.7481],[100.3731,7.6953]]]}},{"type":"Feature","properties":{"tc":"TH900709","t":"ระวะ","te":"Rawa","ac":"TH9007","a":"ระโนด","pc":"TH90","p":"สงขลา","km2":13.4,"lat":7.7215,"lon":100.3749},"geometry":{"type":"Polygon","coordinates":[[[100.3772,7.7476],[100.3949,7.6788],[100.3731,7.6953],[100.3585,7.7481],[100.3772,7.7476]]]}},{"type":"Feature","properties":{"tc":"TH900710","t":"วัดสน","te":"Wat Son","ac":"TH9007","a":"ระโนด","pc":"TH90","p":"สงขลา","km2":18.3,"lat":7.6728,"lon":100.3756},"geometry":{"type":"Polygon","coordinates":[[[100.3949,7.6788],[100.3976,7.6669],[100.3616,7.642],[100.3514,7.6906],[100.3731,7.6953],[100.3949,7.6788]]]}},{"type":"Feature","properties":{"tc":"TH900711","t":"บ้านขาว","te":"Ban Khao","ac":"TH9007","a":"ระโนด","pc":"TH90","p":"สงขลา","km2":103.8,"lat":7.7912,"lon":100.2276},"geometry":{"type":"Polygon","coordinates":[[[100.2786,7.7617],[100.2175,7.7217],[100.2007,7.7777],[100.1775,7.8765],[100.2355,7.883],[100.2483,7.8047],[100.2786,7.7617]]]}},{"type":"Feature","properties":{"tc":"TH900712","t":"แดนสงวน","te":"Daen Sa-Nguan","ac":"TH9007","a":"ระโนด","pc":"TH90","p":"สงขลา","km2":34.6,"lat":7.891,"lon":100.2863},"geometry":{"type":"Polygon","coordinates":[[[100.3208,7.8794],[100.3182,7.86],[100.2678,7.8497],[100.2606,7.9027],[100.266,7.9147],[100.2887,7.9149],[100.3208,7.8794]]]}},{"type":"Feature","properties":{"tc":"TH900801","t":"เกาะใหญ่","te":"Ko Yai","ac":"TH9008","a":"กระแสสินธุ์","pc":"TH90","p":"สงขลา","km2":129.3,"lat":7.5555,"lon":100.2942},"geometry":{"type":"Polygon","coordinates":[[[100.3505,7.5794],[100.3546,7.5273],[100.2731,7.4966],[100.2384,7.5367],[100.2288,7.614],[100.3197,7.6201],[100.2981,7.5742],[100.3505,7.5794]]]}},{"type":"Feature","properties":{"tc":"TH900802","t":"โรง","te":"Rong","ac":"TH9008","a":"กระแสสินธุ์","pc":"TH90","p":"สงขลา","km2":101.4,"lat":7.6687,"lon":100.2894},"geometry":{"type":"Polygon","coordinates":[[[100.3514,7.6906],[100.36,7.6468],[100.2262,7.6411],[100.2201,7.6953],[100.3431,7.7176],[100.3514,7.6906]]]}},{"type":"Feature","properties":{"tc":"TH900803","t":"เชิงแส","te":"Choeng Sae","ac":"TH9008","a":"กระแสสินธุ์","pc":"TH90","p":"สงขลา","km2":61.0,"lat":7.5991,"lon":100.3497},"geometry":{"type":"Polygon","coordinates":[[[100.36,7.6468],[100.368,7.6141],[100.3597,7.5843],[100.3546,7.5273],[100.3505,7.5794],[100.3197,7.6201],[100.2288,7.614],[100.2262,7.6411],[100.36,7.6468]]]}},{"type":"Feature","properties":{"tc":"TH900804","t":"กระแสสินธุ์","te":"Krasae Sin","ac":"TH9008","a":"กระแสสินธุ์","pc":"TH90","p":"สงขลา","km2":14.1,"lat":7.5998,"lon":100.3226},"geometry":{"type":"Polygon","coordinates":[[[100.3505,7.5794],[100.2981,7.5742],[100.3197,7.6201],[100.3505,7.5794]]]}},{"type":"Feature","properties":{"tc":"TH900901","t":"กำแพงเพชร","te":"Kamphaeng Phet","ac":"TH9009","a":"รัตภูมิ","pc":"TH90","p":"สงขลา","km2":111.8,"lat":7.0636,"lon":100.2829},"geometry":{"type":"Polygon","coordinates":[[[100.2852,7.1454],[100.3248,7.1408],[100.349,7.1286],[100.332,7.0878],[100.303,7.0394],[100.2364,7.0052],[100.249,7.0266],[100.2473,7.1325],[100.2852,7.1454]]]}},{"type":"Feature","properties":{"tc":"TH900902","t":"ท่าชะมวง","te":"Tha Chamuang","ac":"TH9009","a":"รัตภูมิ","pc":"TH90","p":"สงขลา","km2":164.6,"lat":7.0803,"lon":100.2355},"geometry":{"type":"Polygon","coordinates":[[[100.2473,7.1325],[100.249,7.0266],[100.2364,7.0052],[100.2104,6.989],[100.2261,7.0679],[100.2137,7.1178],[100.1299,7.0927],[100.0572,7.1076],[100.1143,7.1666],[100.1563,7.1487],[100.1746,7.1748],[100.2207,7.1921],[100.2473,7.1325]]]}},{"type":"Feature","properties":{"tc":"TH900903","t":"คูหาใต้","te":"Khuha Tai","ac":"TH9009","a":"รัตภูมิ","pc":"TH90","p":"สงขลา","km2":46.7,"lat":7.1687,"lon":100.2617},"geometry":{"type":"Polygon","coordinates":[[[100.3046,7.2086],[100.2852,7.1454],[100.2473,7.1325],[100.2207,7.1921],[100.3046,7.2086]]]}},{"type":"Feature","properties":{"tc":"TH900904","t":"ควนรู","te":"Khuan Ru","ac":"TH9009","a":"รัตภูมิ","pc":"TH90","p":"สงขลา","km2":35.7,"lat":7.177,"lon":100.3139},"geometry":{"type":"Polygon","coordinates":[[[100.3167,7.2313],[100.3401,7.209],[100.3248,7.1408],[100.2852,7.1454],[100.3046,7.2086],[100.3167,7.2313]]]}},{"type":"Feature","properties":{"tc":"TH900909","t":"เขาพระ","te":"Khao Phra","ac":"TH9009","a":"รัตภูมิ","pc":"TH90","p":"สงขลา","km2":313.4,"lat":7.0284,"lon":100.1437},"geometry":{"type":"Polygon","coordinates":[[[100.2104,6.989],[100.1909,6.9483],[100.2072,6.8958],[100.1217,6.9239],[100.079,6.9632],[100.0572,7.1076],[100.1299,7.0927],[100.2137,7.1178],[100.2261,7.0679],[100.2104,6.989]]]}},{"type":"Feature","properties":{"tc":"TH901001","t":"สะเดา","te":"Sadao","ac":"TH9010","a":"สะเดา","pc":"TH90","p":"สงขลา","km2":39.1,"lat":6.6295,"lon":100.4057},"geometry":{"type":"Polygon","coordinates":[[[100.3746,6.6767],[100.4397,6.6536],[100.4193,6.6108],[100.347,6.6481],[100.3746,6.6767]]]}},{"type":"Feature","properties":{"tc":"TH901002","t":"ปริก","te":"Prik","ac":"TH9010","a":"สะเดา","pc":"TH90","p":"สงขลา","km2":186.4,"lat":6.6874,"lon":100.4712},"geometry":{"type":"Polygon","coordinates":[[[100.4334,6.7468],[100.497,6.7371],[100.545,6.7248],[100.5647,6.6762],[100.5708,6.6232],[100.4397,6.6536],[100.3746,6.6767],[100.4129,6.7316],[100.4334,6.7468]]]}},{"type":"Feature","properties":{"tc":"TH901003","t":"พังลา","te":"Phang La","ac":"TH9010","a":"สะเดา","pc":"TH90","p":"สงขลา","km2":41.0,"lat":6.7813,"lon":100.4604},"geometry":{"type":"Polygon","coordinates":[[[100.4503,6.8356],[100.4683,6.8157],[100.497,6.7371],[100.4334,6.7468],[100.4503,6.8356]]]}},{"type":"Feature","properties":{"tc":"TH901004","t":"สำนักแต้ว","te":"Samnak Taeo","ac":"TH9010","a":"สะเดา","pc":"TH90","p":"สงขลา","km2":248.9,"lat":6.5583,"lon":100.5151},"geometry":{"type":"Polygon","coordinates":[[[100.5708,6.6232],[100.5715,6.57],[100.5969,6.5466],[100.6076,6.5083],[100.6082,6.4723],[100.5614,6.4965],[100.5191,6.4892],[100.4599,6.5313],[100.4193,6.6108],[100.4397,6.6536],[100.5708,6.6232]]]}},{"type":"Feature","properties":{"tc":"TH901005","t":"ทุ่งหมอ","te":"Thung Mo","ac":"TH9010","a":"สะเดา","pc":"TH90","p":"สงขลา","km2":100.8,"lat":6.7563,"lon":100.3481},"geometry":{"type":"Polygon","coordinates":[[[100.3788,6.8173],[100.4129,6.7316],[100.39,6.698],[100.3338,6.7144],[100.2691,6.781],[100.3549,6.7829],[100.3788,6.8173]]]}},{"type":"Feature","properties":{"tc":"TH901006","t":"ท่าโพธิ์","te":"Tha Pho","ac":"TH9010","a":"สะเดา","pc":"TH90","p":"สงขลา","km2":57.6,"lat":6.7821,"lon":100.4165},"geometry":{"type":"Polygon","coordinates":[[[100.4324,6.8397],[100.4503,6.8356],[100.4334,6.7468],[100.4129,6.7316],[100.3788,6.8173],[100.3857,6.8284],[100.4324,6.8397]]]}},{"type":"Feature","properties":{"tc":"TH901007","t":"ปาดังเบซาร์","te":"Padang Besar","ac":"TH9010","a":"สะเดา","pc":"TH90","p":"สงขลา","km2":170.9,"lat":6.7477,"lon":100.255},"geometry":{"type":"Polygon","coordinates":[[[100.2691,6.781],[100.3338,6.7144],[100.39,6.698],[100.3746,6.6767],[100.347,6.6481],[100.3215,6.6323],[100.2896,6.7106],[100.2403,6.6921],[100.2044,6.7267],[100.2128,6.7688],[100.1916,6.8089],[100.2059,6.8418],[100.2195,6.8235],[100.2691,6.781]]]}},{"type":"Feature","properties":{"tc":"TH901008","t":"สำนักขาม","te":"Samnak Kham","ac":"TH9010","a":"สะเดา","pc":"TH90","p":"สงขลา","km2":128.6,"lat":6.5795,"lon":100.3841},"geometry":{"type":"Polygon","coordinates":[[[100.347,6.6481],[100.4193,6.6108],[100.4599,6.5313],[100.4236,6.5175],[100.3597,6.5482],[100.3058,6.6111],[100.3215,6.6323],[100.347,6.6481]]]}},{"type":"Feature","properties":{"tc":"TH901009","t":"เขามีเกียรติ","te":"Khao Mi Kiat","ac":"TH9010","a":"สะเดา","pc":"TH90","p":"สงขลา","km2":71.2,"lat":6.7622,"lon":100.5274},"geometry":{"type":"Polygon","coordinates":[[[100.5818,6.7874],[100.545,6.7248],[100.497,6.7371],[100.4683,6.8157],[100.5818,6.7874]]]}},{"type":"Feature","properties":{"tc":"TH901101","t":"หาดใหญ่","te":"Hat Yai","ac":"TH9011","a":"หาดใหญ่","pc":"TH90","p":"สงขลา","km2":8.1,"lat":7.0024,"lon":100.4623},"geometry":{"type":"Polygon","coordinates":[[[100.4614,6.9847],[100.452,7.0201],[100.4526,7.028],[100.4795,7.0349],[100.4614,6.9847]]]}},{"type":"Feature","properties":{"tc":"TH901102","t":"ควนลัง","te":"Khuan Lang","ac":"TH9011","a":"หาดใหญ่","pc":"TH90","p":"สงขลา","km2":58.0,"lat":6.9597,"lon":100.4201},"geometry":{"type":"Polygon","coordinates":[[[100.452,7.0201],[100.4631,6.9788],[100.4408,6.9383],[100.4156,6.9342],[100.4037,6.9378],[100.3673,6.9863],[100.3954,6.9925],[100.452,7.0201]]]}},{"type":"Feature","properties":{"tc":"TH901103","t":"คูเต่า","te":"Khu Tao","ac":"TH9011","a":"หาดใหญ่","pc":"TH90","p":"สงขลา","km2":46.4,"lat":7.1376,"lon":100.4812},"geometry":{"type":"Polygon","coordinates":[[[100.5018,7.074],[100.4777,7.0835],[100.4572,7.117],[100.4622,7.187],[100.5042,7.1581],[100.5018,7.074]]]}},{"type":"Feature","properties":{"tc":"TH901104","t":"คอหงส์","te":"Kho Hong","ac":"TH9011","a":"หาดใหญ่","pc":"TH90","p":"สงขลา","km2":53.4,"lat":7.0108,"lon":100.4997},"geometry":{"type":"Polygon","coordinates":[[[100.5386,6.9867],[100.5401,6.973],[100.5031,6.9675],[100.4631,6.9788],[100.4614,6.9847],[100.4795,7.0349],[100.5096,7.0561],[100.5386,6.9867]]]}},{"type":"Feature","properties":{"tc":"TH901105","t":"คลองแห","te":"Khlong Hae","ac":"TH9011","a":"หาดใหญ่","pc":"TH90","p":"สงขลา","km2":24.6,"lat":7.0455,"lon":100.4732},"geometry":{"type":"Polygon","coordinates":[[[100.5018,7.074],[100.5096,7.0561],[100.4795,7.0349],[100.4529,7.0279],[100.4511,7.0599],[100.4686,7.0733],[100.4777,7.0835],[100.5018,7.074]]]}},{"type":"Feature","properties":{"tc":"TH901107","t":"คลองอู่ตะเภา","te":"Khlong U Taphao","ac":"TH9011","a":"หาดใหญ่","pc":"TH90","p":"สงขลา","km2":3.1,"lat":7.0439,"lon":100.4482},"geometry":{"type":"Polygon","coordinates":[[[100.4511,7.0599],[100.4529,7.0279],[100.4356,7.061],[100.4511,7.0599]]]}},{"type":"Feature","properties":{"tc":"TH901108","t":"ฉลุง","te":"Chalung","ac":"TH9011","a":"หาดใหญ่","pc":"TH90","p":"สงขลา","km2":118.8,"lat":6.9907,"lon":100.3003},"geometry":{"type":"Polygon","coordinates":[[[100.3954,6.9925],[100.3673,6.9863],[100.278,6.977],[100.2547,6.9405],[100.1909,6.9483],[100.2104,6.989],[100.2364,7.0052],[100.303,7.0394],[100.4014,7.0099],[100.3954,6.9925]]]}},{"type":"Feature","properties":{"tc":"TH901111","t":"ทุ่งใหญ่","te":"Thung Yai","ac":"TH9011","a":"หาดใหญ่","pc":"TH90","p":"สงขลา","km2":25.1,"lat":7.0329,"lon":100.5352},"geometry":{"type":"Polygon","coordinates":[[[100.5581,7.0096],[100.5386,6.9867],[100.5096,7.0561],[100.5404,7.0691],[100.5581,7.0096]]]}},{"type":"Feature","properties":{"tc":"TH901112","t":"ทุ่งตำเสา","te":"Thung Tam Sao","ac":"TH9011","a":"หาดใหญ่","pc":"TH90","p":"สงขลา","km2":169.4,"lat":6.9115,"lon":100.2593},"geometry":{"type":"Polygon","coordinates":[[[100.3673,6.9863],[100.4022,6.9405],[100.3427,6.9273],[100.2735,6.886],[100.2476,6.8484],[100.2107,6.8461],[100.2072,6.8958],[100.1909,6.9483],[100.2547,6.9405],[100.278,6.977],[100.3673,6.9863]]]}},{"type":"Feature","properties":{"tc":"TH901113","t":"ท่าข้าม","te":"Tha Kham","ac":"TH9011","a":"หาดใหญ่","pc":"TH90","p":"สงขลา","km2":39.9,"lat":7.0585,"lon":100.5697},"geometry":{"type":"Polygon","coordinates":[[[100.6057,7.0479],[100.6004,7.0251],[100.5581,7.0096],[100.5404,7.0691],[100.564,7.0933],[100.6057,7.0479]]]}},{"type":"Feature","properties":{"tc":"TH901114","t":"น้ำน้อย","te":"Nam Noi","ac":"TH9011","a":"หาดใหญ่","pc":"TH90","p":"สงขลา","km2":59.9,"lat":7.1221,"lon":100.5313},"geometry":{"type":"Polygon","coordinates":[[[100.5549,7.1509],[100.564,7.0933],[100.5404,7.0691],[100.5096,7.0561],[100.5018,7.074],[100.5042,7.1581],[100.5549,7.1509]]]}},{"type":"Feature","properties":{"tc":"TH901116","t":"บ้านพรุ","te":"Ban Phru","ac":"TH9011","a":"หาดใหญ่","pc":"TH90","p":"สงขลา","km2":83.6,"lat":6.9085,"lon":100.4895},"geometry":{"type":"Polygon","coordinates":[[[100.5031,6.9675],[100.5195,6.9452],[100.5359,6.8787],[100.4601,6.8788],[100.4408,6.9383],[100.4631,6.9788],[100.5031,6.9675]]]}},{"type":"Feature","properties":{"tc":"TH901118","t":"พะตง","te":"Phatong","ac":"TH9011","a":"หาดใหญ่","pc":"TH90","p":"สงขลา","km2":129.7,"lat":6.8571,"lon":100.523},"geometry":{"type":"Polygon","coordinates":[[[100.5892,6.8186],[100.5962,6.7974],[100.5818,6.7874],[100.4683,6.8157],[100.4503,6.8356],[100.4601,6.8788],[100.5359,6.8787],[100.5921,6.8871],[100.5892,6.8186]]]}},{"type":"Feature","properties":{"tc":"TH901201","t":"นาหม่อม","te":"Na Mom","ac":"TH9012","a":"นาหม่อม","pc":"TH90","p":"สงขลา","km2":16.4,"lat":6.9614,"lon":100.5448},"geometry":{"type":"Polygon","coordinates":[[[100.5401,6.973],[100.6019,6.9656],[100.5619,6.9571],[100.5195,6.9452],[100.5031,6.9675],[100.5401,6.973]]]}},{"type":"Feature","properties":{"tc":"TH901202","t":"พิจิตร","te":"Phichit","ac":"TH9012","a":"นาหม่อม","pc":"TH90","p":"สงขลา","km2":46.0,"lat":6.9981,"lon":100.5856},"geometry":{"type":"Polygon","coordinates":[[[100.6304,7.0187],[100.6122,6.9691],[100.6092,6.9664],[100.6019,6.9656],[100.5401,6.973],[100.5386,6.9867],[100.5581,7.0096],[100.6004,7.0251],[100.6304,7.0187]]]}},{"type":"Feature","properties":{"tc":"TH901203","t":"ทุ่งขมิ้น","te":"Thung Khamin","ac":"TH9012","a":"นาหม่อม","pc":"TH90","p":"สงขลา","km2":35.8,"lat":6.9145,"lon":100.5478},"geometry":{"type":"Polygon","coordinates":[[[100.5619,6.9571],[100.5734,6.8838],[100.5359,6.8787],[100.5195,6.9452],[100.5619,6.9571]]]}},{"type":"Feature","properties":{"tc":"TH901204","t":"คลองหรัง","te":"Khlong Rang","ac":"TH9012","a":"นาหม่อม","pc":"TH90","p":"สงขลา","km2":40.5,"lat":6.9064,"lon":100.588},"geometry":{"type":"Polygon","coordinates":[[[100.6201,6.9258],[100.5921,6.8871],[100.5734,6.8838],[100.5619,6.9571],[100.6092,6.9664],[100.6201,6.9258]]]}},{"type":"Feature","properties":{"tc":"TH901301","t":"รัตภูมิ","te":"Rattaphum","ac":"TH9013","a":"ควนเนียง","pc":"TH90","p":"สงขลา","km2":69.9,"lat":7.1627,"lon":100.3569},"geometry":{"type":"Polygon","coordinates":[[[100.4622,7.187],[100.4066,7.1846],[100.349,7.1286],[100.3248,7.1408],[100.3401,7.209],[100.3227,7.2257],[100.3886,7.2163],[100.4622,7.187]]]}},{"type":"Feature","properties":{"tc":"TH901302","t":"ควนโส","te":"Khuan So","ac":"TH9013","a":"ควนเนียง","pc":"TH90","p":"สงขลา","km2":65.9,"lat":7.2285,"lon":100.3835},"geometry":{"type":"Polygon","coordinates":[[[100.4394,7.2504],[100.4622,7.187],[100.3886,7.2163],[100.3227,7.2257],[100.3167,7.2313],[100.3407,7.2482],[100.4086,7.2654],[100.4394,7.2504]]]}},{"type":"Feature","properties":{"tc":"TH901303","t":"ห้วยลึก","te":"Huai Luek","ac":"TH9013","a":"ควนเนียง","pc":"TH90","p":"สงขลา","km2":24.1,"lat":7.2848,"lon":100.373},"geometry":{"type":"Polygon","coordinates":[[[100.3991,7.2636],[100.3407,7.2482],[100.3397,7.2651],[100.3785,7.3133],[100.3991,7.2636]]]}},{"type":"Feature","properties":{"tc":"TH901304","t":"บางเหรียง","te":"Bang Riang","ac":"TH9013","a":"ควนเนียง","pc":"TH90","p":"สงขลา","km2":83.7,"lat":7.1566,"lon":100.4106},"geometry":{"type":"Polygon","coordinates":[[[100.4622,7.187],[100.3996,7.0855],[100.332,7.0878],[100.349,7.1286],[100.4066,7.1846],[100.4622,7.187]]]}},{"type":"Feature","properties":{"tc":"TH901401","t":"บางกล่ำ","te":"Bang Klam","ac":"TH9014","a":"บางกล่ำ","pc":"TH90","p":"สงขลา","km2":28.7,"lat":7.152,"lon":100.4502},"geometry":{"type":"Polygon","coordinates":[[[100.4572,7.117],[100.4357,7.0914],[100.3996,7.0855],[100.4622,7.187],[100.4572,7.117]]]}},{"type":"Feature","properties":{"tc":"TH901402","t":"ท่าช้าง","te":"Tha Chang","ac":"TH9014","a":"บางกล่ำ","pc":"TH90","p":"สงขลา","km2":109.7,"lat":7.0502,"lon":100.3753},"geometry":{"type":"Polygon","coordinates":[[[100.44,7.0892],[100.4356,7.061],[100.4526,7.028],[100.452,7.0201],[100.3954,6.9925],[100.4014,7.0099],[100.303,7.0394],[100.332,7.0878],[100.3996,7.0855],[100.4357,7.0914],[100.44,7.0892]]]}},{"type":"Feature","properties":{"tc":"TH901403","t":"แม่ทอม","te":"Mae Thom","ac":"TH9014","a":"บางกล่ำ","pc":"TH90","p":"สงขลา","km2":10.7,"lat":7.1042,"lon":100.4557},"geometry":{"type":"Polygon","coordinates":[[[100.4777,7.0835],[100.4686,7.0733],[100.4357,7.0914],[100.4572,7.117],[100.4777,7.0835]]]}},{"type":"Feature","properties":{"tc":"TH901404","t":"บ้านหาร","te":"Ban Han","ac":"TH9014","a":"บางกล่ำ","pc":"TH90","p":"สงขลา","km2":6.8,"lat":7.0812,"lon":100.4465},"geometry":{"type":"Polygon","coordinates":[[[100.4686,7.0733],[100.4511,7.0599],[100.4356,7.061],[100.44,7.0892],[100.4686,7.0733]]]}},{"type":"Feature","properties":{"tc":"TH901501","t":"ชิงโค","te":"Ching Kho","ac":"TH9015","a":"สิงหนคร","pc":"TH90","p":"สงขลา","km2":22.7,"lat":7.2672,"lon":100.5245},"geometry":{"type":"Polygon","coordinates":[[[100.5564,7.25],[100.5483,7.2398],[100.5218,7.2373],[100.497,7.2845],[100.5203,7.2961],[100.5564,7.25]]]}},{"type":"Feature","properties":{"tc":"TH901502","t":"สทิงหม้อ","te":"Sathing Mo","ac":"TH9015","a":"สิงหนคร","pc":"TH90","p":"สงขลา","km2":41.1,"lat":7.2122,"lon":100.5224},"geometry":{"type":"Polygon","coordinates":[[[100.5483,7.2398],[100.5579,7.1817],[100.4622,7.187],[100.5218,7.2373],[100.5483,7.2398]]]}},{"type":"Feature","properties":{"tc":"TH901503","t":"ทำนบ","te":"Thamnop","ac":"TH9015","a":"สิงหนคร","pc":"TH90","p":"สงขลา","km2":17.7,"lat":7.2122,"lon":100.4853},"geometry":{"type":"Polygon","coordinates":[[[100.5218,7.2373],[100.4622,7.187],[100.5015,7.2473],[100.4833,7.2763],[100.497,7.2845],[100.5218,7.2373]]]}},{"type":"Feature","properties":{"tc":"TH901504","t":"รำแดง","te":"Ram Daeng","ac":"TH9015","a":"สิงหนคร","pc":"TH90","p":"สงขลา","km2":11.8,"lat":7.3077,"lon":100.4724},"geometry":{"type":"Polygon","coordinates":[[[100.4764,7.3172],[100.497,7.2845],[100.4833,7.2763],[100.4678,7.2838],[100.4607,7.2983],[100.466,7.3277],[100.4764,7.3172]]]}},{"type":"Feature","properties":{"tc":"TH901505","t":"วัดขนุน","te":"Wat Khanun","ac":"TH9015","a":"สิงหนคร","pc":"TH90","p":"สงขลา","km2":12.0,"lat":7.3066,"lon":100.4988},"geometry":{"type":"Polygon","coordinates":[[[100.5203,7.2961],[100.497,7.2845],[100.4764,7.3172],[100.5042,7.3256],[100.5203,7.2961]]]}},{"type":"Feature","properties":{"tc":"TH901506","t":"ชะแล้","te":"Chalae","ac":"TH9015","a":"สิงหนคร","pc":"TH90","p":"สงขลา","km2":16.0,"lat":7.309,"lon":100.4425},"geometry":{"type":"Polygon","coordinates":[[[100.466,7.3277],[100.4607,7.2983],[100.4265,7.2895],[100.4202,7.3198],[100.4645,7.332],[100.466,7.3277]]]}},{"type":"Feature","properties":{"tc":"TH901507","t":"ปากรอ","te":"Pak Ro","ac":"TH9015","a":"สิงหนคร","pc":"TH90","p":"สงขลา","km2":19.1,"lat":7.2746,"lon":100.4377},"geometry":{"type":"Polygon","coordinates":[[[100.4678,7.2838],[100.4394,7.2504],[100.4086,7.2654],[100.4265,7.2895],[100.4607,7.2983],[100.4678,7.2838]]]}},{"type":"Feature","properties":{"tc":"TH901508","t":"ป่าขาด","te":"Pa Khat","ac":"TH9015","a":"สิงหนคร","pc":"TH90","p":"สงขลา","km2":38.9,"lat":7.2172,"lon":100.4666},"geometry":{"type":"Polygon","coordinates":[[[100.4833,7.2763],[100.5015,7.2473],[100.4622,7.187],[100.4394,7.2504],[100.4678,7.2838],[100.4833,7.2763]]]}},{"type":"Feature","properties":{"tc":"TH901509","t":"หัวเขา","te":"Hua Khao","ac":"TH9015","a":"สิงหนคร","pc":"TH90","p":"สงขลา","km2":19.2,"lat":7.2028,"lon":100.5665},"geometry":{"type":"Polygon","coordinates":[[[100.5754,7.2232],[100.5818,7.1824],[100.5727,7.1688],[100.5579,7.1817],[100.5483,7.2398],[100.5564,7.25],[100.5754,7.2232]]]}},{"type":"Feature","properties":{"tc":"TH901510","t":"บางเขียด","te":"Bang Khiat","ac":"TH9015","a":"สิงหนคร","pc":"TH90","p":"สงขลา","km2":23.5,"lat":7.3469,"lon":100.4342},"geometry":{"type":"Polygon","coordinates":[[[100.4645,7.332],[100.4202,7.3198],[100.4061,7.3618],[100.4456,7.3726],[100.4645,7.332]]]}},{"type":"Feature","properties":{"tc":"TH901511","t":"ม่วงงาม","te":"Muang Ngam","ac":"TH9015","a":"สิงหนคร","pc":"TH90","p":"สงขลา","km2":22.9,"lat":7.3492,"lon":100.4748},"geometry":{"type":"Polygon","coordinates":[[[100.5042,7.3256],[100.4764,7.3172],[100.466,7.3277],[100.4477,7.3665],[100.4811,7.3763],[100.5042,7.3256]]]}},{"type":"Feature","properties":{"tc":"TH901601","t":"คลองหอยโข่ง","te":"Khlong Hoi Khong","ac":"TH9016","a":"คลองหอยโข่ง","pc":"TH90","p":"สงขลา","km2":150.9,"lat":6.8688,"lon":100.355},"geometry":{"type":"Polygon","coordinates":[[[100.3857,6.8284],[100.3549,6.7829],[100.2691,6.781],[100.2195,6.8235],[100.4022,6.9091],[100.3857,6.8284]]]}},{"type":"Feature","properties":{"tc":"TH901602","t":"ทุ่งลาน","te":"Thung Lan","ac":"TH9016","a":"คลองหอยโข่ง","pc":"TH90","p":"สงขลา","km2":34.9,"lat":6.9065,"lon":100.4358},"geometry":{"type":"Polygon","coordinates":[[[100.4408,6.9383],[100.4601,6.8788],[100.4503,6.8356],[100.4324,6.8397],[100.4156,6.9342],[100.4408,6.9383]]]}},{"type":"Feature","properties":{"tc":"TH901603","t":"โคกม่วง","te":"Khok Muang","ac":"TH9016","a":"คลองหอยโข่ง","pc":"TH90","p":"สงขลา","km2":34.5,"lat":6.8744,"lon":100.4107},"geometry":{"type":"Polygon","coordinates":[[[100.4156,6.9342],[100.4324,6.8397],[100.3857,6.8284],[100.4022,6.9091],[100.4037,6.9378],[100.4156,6.9342]]]}},{"type":"Feature","properties":{"tc":"TH901604","t":"คลองหลา","te":"Khlong La","ac":"TH9016","a":"คลองหอยโข่ง","pc":"TH90","p":"สงขลา","km2":80.0,"lat":6.8672,"lon":100.2866},"geometry":{"type":"Polygon","coordinates":[[[100.4037,6.9378],[100.4022,6.9091],[100.2195,6.8235],[100.2059,6.8418],[100.2107,6.8461],[100.2476,6.8484],[100.2735,6.886],[100.3427,6.9273],[100.4022,6.9405],[100.4037,6.9378]]]}},{"type":"Feature","properties":{"tc":"TH910101","t":"พิมาน","te":"Phiman","ac":"TH9101","a":"เมืองสตูล","pc":"TH91","p":"สตูล","km2":7.8,"lat":6.6099,"lon":100.0688},"geometry":{"type":"Polygon","coordinates":[[[100.0603,6.6339],[100.0951,6.622],[100.06,6.5977],[100.0603,6.6339]]]}},{"type":"Feature","properties":{"tc":"TH910102","t":"คลองขุด","te":"Khlong Khut","ac":"TH9101","a":"เมืองสตูล","pc":"TH91","p":"สตูล","km2":134.5,"lat":6.6099,"lon":100.1265},"geometry":{"type":"Polygon","coordinates":[[[100.1791,6.6831],[100.1676,6.648],[100.183,6.5735],[100.1584,6.5695],[100.1176,6.5941],[100.0802,6.5575],[100.0498,6.5767],[100.06,6.5977],[100.0951,6.622],[100.0603,6.6339],[100.0728,6.6722],[100.1791,6.6831]]]}},{"type":"Feature","properties":{"tc":"TH910103","t":"ควนขัน","te":"Khuan Khan","ac":"TH9101","a":"เมืองสตูล","pc":"TH91","p":"สตูล","km2":41.2,"lat":6.6198,"lon":100.0395},"geometry":{"type":"Polygon","coordinates":[[[100.0662,6.6503],[100.0603,6.6339],[100.06,6.5977],[100.0498,6.5767],[100.026,6.6057],[100.0075,6.6415],[100.0309,6.6791],[100.0662,6.6503]]]}},{"type":"Feature","properties":{"tc":"TH910104","t":"บ้านควน","te":"Ban Khuan","ac":"TH9101","a":"เมืองสตูล","pc":"TH91","p":"สตูล","km2":26.6,"lat":6.6907,"lon":100.0502},"geometry":{"type":"Polygon","coordinates":[[[100.0728,6.6722],[100.0662,6.6503],[100.0309,6.6791],[100.0171,6.7023],[100.0806,6.7126],[100.0728,6.6722]]]}},{"type":"Feature","properties":{"tc":"TH910105","t":"ฉลุง","te":"Chalung","ac":"TH9101","a":"เมืองสตูล","pc":"TH91","p":"สตูล","km2":37.4,"lat":6.7286,"lon":100.0366},"geometry":{"type":"Polygon","coordinates":[[[100.0784,6.7417],[100.0785,6.7236],[100.0806,6.7126],[100.0171,6.7023],[99.9904,6.7336],[100.0538,6.7538],[100.0784,6.7417]]]}},{"type":"Feature","properties":{"tc":"TH910106","t":"เกาะสาหร่าย","te":"Ko Sarai","ac":"TH9101","a":"เมืองสตูล","pc":"TH91","p":"สตูล","km2":199.6,"lat":6.6144,"lon":99.641},"geometry":{"type":"MultiPolygon","coordinates":[[[[99.6589,6.721],[99.6842,6.685],[99.6777,6.6307],[99.6979,6.543],[99.6533,6.5039],[99.5956,6.5981],[99.6147,6.6609],[99.6589,6.721]]],[[[99.2929,6.567],[99.3256,6.5514],[99.3134,6.5094],[99.2841,6.5084],[99.2929,6.567]]],[[[99.2497,6.5818],[99.2178,6.538],[99.1794,6.5461],[99.1922,6.576],[99.2497,6.5818]]]]}},{"type":"Feature","properties":{"tc":"TH910107","t":"ตันหยงโป","te":"Tanyong Po","ac":"TH9101","a":"เมืองสตูล","pc":"TH91","p":"สตูล","km2":36.6,"lat":6.6001,"lon":99.9895},"geometry":{"type":"Polygon","coordinates":[[[100.0075,6.6415],[100.026,6.6057],[100.011,6.5575],[99.9896,6.5946],[99.9486,6.5907],[99.9737,6.6292],[100.0075,6.6415]]]}},{"type":"Feature","properties":{"tc":"TH910108","t":"เจ๊ะบิลัง","te":"Che Bi Lang","ac":"TH9101","a":"เมืองสตูล","pc":"TH91","p":"สตูล","km2":113.9,"lat":6.6907,"lon":99.9709},"geometry":{"type":"Polygon","coordinates":[[[99.9785,6.7534],[99.9904,6.7336],[100.0171,6.7023],[100.0309,6.6791],[100.0075,6.6415],[99.9737,6.6292],[99.92,6.6762],[99.9128,6.7241],[99.948,6.7455],[99.9785,6.7534]]]}},{"type":"Feature","properties":{"tc":"TH910109","t":"ตำมะลัง","te":"Tam Malang","ac":"TH9101","a":"เมืองสตูล","pc":"TH91","p":"สตูล","km2":34.8,"lat":6.5672,"lon":100.039},"geometry":{"type":"Polygon","coordinates":[[[100.0498,6.5767],[100.0783,6.5577],[100.0644,6.5163],[100.011,6.5575],[100.026,6.6057],[100.0498,6.5767]]]}},{"type":"Feature","properties":{"tc":"TH910110","t":"ปูยู","te":"Puyu","ac":"TH9101","a":"เมืองสตูล","pc":"TH91","p":"สตูล","km2":103.3,"lat":6.5183,"lon":100.1251},"geometry":{"type":"Polygon","coordinates":[[[100.1584,6.5695],[100.158,6.4791],[100.1208,6.4227],[100.0802,6.5575],[100.1176,6.5941],[100.1584,6.5695]]]}},{"type":"Feature","properties":{"tc":"TH910111","t":"ควนโพธิ์","te":"Khuan Pho","ac":"TH9101","a":"เมืองสตูล","pc":"TH91","p":"สตูล","km2":39.8,"lat":6.7702,"lon":100.0185},"geometry":{"type":"Polygon","coordinates":[[[100.0449,6.7866],[100.0538,6.7538],[99.9904,6.7336],[99.9785,6.7534],[100.0069,6.8053],[100.0449,6.7866]]]}},{"type":"Feature","properties":{"tc":"TH910112","t":"เกตรี","te":"Ketri","ac":"TH9101","a":"เมืองสตูล","pc":"TH91","p":"สตูล","km2":31.6,"lat":6.702,"lon":100.101},"geometry":{"type":"Polygon","coordinates":[[[100.1189,6.7221],[100.126,6.6914],[100.1791,6.6831],[100.0728,6.6722],[100.0806,6.7126],[100.0785,6.7236],[100.1189,6.7221]]]}},{"type":"Feature","properties":{"tc":"TH910201","t":"ควนโดน","te":"Khuan Don","ac":"TH9102","a":"ควนโดน","pc":"TH91","p":"สตูล","km2":57.0,"lat":6.8082,"lon":100.0624},"geometry":{"type":"Polygon","coordinates":[[[100.0807,6.841],[100.1286,6.8166],[100.124,6.8111],[100.0771,6.7804],[100.0449,6.7866],[100.0069,6.8053],[99.9978,6.8206],[100.0807,6.841]]]}},{"type":"Feature","properties":{"tc":"TH910202","t":"ควนสตอ","te":"Khuan Sato","ac":"TH9102","a":"ควนโดน","pc":"TH91","p":"สตูล","km2":38.7,"lat":6.7611,"lon":100.0994},"geometry":{"type":"Polygon","coordinates":[[[100.1189,6.7221],[100.0785,6.7236],[100.0771,6.7804],[100.124,6.8111],[100.1189,6.7221]]]}},{"type":"Feature","properties":{"tc":"TH910203","t":"ย่านซื่อ","te":"Yan Sue","ac":"TH9102","a":"ควนโดน","pc":"TH91","p":"สตูล","km2":11.9,"lat":6.7671,"lon":100.0639},"geometry":{"type":"Polygon","coordinates":[[[100.0771,6.7804],[100.0784,6.7417],[100.0538,6.7538],[100.0449,6.7866],[100.0771,6.7804]]]}},{"type":"Feature","properties":{"tc":"TH910204","t":"วังประจัน","te":"Wang Prachan","ac":"TH9102","a":"ควนโดน","pc":"TH91","p":"สตูล","km2":122.5,"lat":6.7477,"lon":100.1645},"geometry":{"type":"Polygon","coordinates":[[[100.1916,6.8089],[100.2128,6.7688],[100.2044,6.7267],[100.1791,6.6831],[100.126,6.6914],[100.1189,6.7221],[100.124,6.8111],[100.1286,6.8166],[100.1916,6.8089]]]}},{"type":"Feature","properties":{"tc":"TH910301","t":"ทุ่งนุ้ย","te":"Thung Nui","ac":"TH9103","a":"ควนกาหลง","pc":"TH91","p":"สตูล","km2":167.1,"lat":6.871,"lon":100.1427},"geometry":{"type":"Polygon","coordinates":[[[100.2072,6.8958],[100.2107,6.8461],[100.2059,6.8418],[100.1916,6.8089],[100.1286,6.8166],[100.0807,6.841],[100.0671,6.9376],[100.079,6.9632],[100.1217,6.9239],[100.2072,6.8958]]]}},{"type":"Feature","properties":{"tc":"TH910302","t":"ควนกาหลง","te":"Khuan Kalong","ac":"TH9103","a":"ควนกาหลง","pc":"TH91","p":"สตูล","km2":280.6,"lat":6.9751,"lon":100.0325},"geometry":{"type":"Polygon","coordinates":[[[100.0572,7.1076],[100.079,6.9632],[100.0671,6.9376],[100.0807,6.841],[99.9978,6.8206],[99.9605,6.8466],[99.9631,6.8654],[99.9944,6.9002],[100.0013,6.9486],[99.9816,6.987],[99.9723,7.042],[99.9922,7.0669],[100.0572,7.1076]]]}},{"type":"Feature","properties":{"tc":"TH910303","t":"อุไดเจริญ","te":"Udai Charoen","ac":"TH9103","a":"ควนกาหลง","pc":"TH91","p":"สตูล","km2":89.2,"lat":6.906,"lon":99.9314},"geometry":{"type":"Polygon","coordinates":[[[99.9631,6.8654],[99.8831,6.8694],[99.8652,6.9117],[100.0013,6.9486],[99.9944,6.9002],[99.9631,6.8654]]]}},{"type":"Feature","properties":{"tc":"TH910401","t":"ท่าแพ","te":"Tha Phae","ac":"TH9104","a":"ท่าแพ","pc":"TH91","p":"สตูล","km2":69.6,"lat":6.781,"lon":99.9571},"geometry":{"type":"Polygon","coordinates":[[[99.9978,6.8206],[100.0069,6.8053],[99.9785,6.7534],[99.948,6.7455],[99.9057,6.7566],[99.9605,6.8466],[99.9978,6.8206]]]}},{"type":"Feature","properties":{"tc":"TH910402","t":"แป-ระ","te":"Pae-Ra","ac":"TH9104","a":"ท่าแพ","pc":"TH91","p":"สตูล","km2":28.4,"lat":6.8351,"lon":99.9374},"geometry":{"type":"Polygon","coordinates":[[[99.9631,6.8654],[99.9605,6.8466],[99.9465,6.8235],[99.8875,6.8505],[99.8831,6.8694],[99.9631,6.8654]]]}},{"type":"Feature","properties":{"tc":"TH910403","t":"สาคร","te":"Sakhon","ac":"TH9104","a":"ท่าแพ","pc":"TH91","p":"สตูล","km2":81.3,"lat":6.7999,"lon":99.8676},"geometry":{"type":"Polygon","coordinates":[[[99.8862,6.8493],[99.9057,6.7566],[99.948,6.7455],[99.9128,6.7241],[99.8776,6.7208],[99.8401,6.779],[99.8371,6.8207],[99.8862,6.8493]]]}},{"type":"Feature","properties":{"tc":"TH910404","t":"ท่าเรือ","te":"Tha Ruea","ac":"TH9104","a":"ท่าแพ","pc":"TH91","p":"สตูล","km2":32.0,"lat":6.79,"lon":99.9124},"geometry":{"type":"Polygon","coordinates":[[[99.9465,6.8235],[99.9057,6.7566],[99.8862,6.8493],[99.8875,6.8505],[99.9465,6.8235]]]}},{"type":"Feature","properties":{"tc":"TH910501","t":"กำแพง","te":"Kamphaeng","ac":"TH9105","a":"ละงู","pc":"TH91","p":"สตูล","km2":90.5,"lat":6.9329,"lon":99.7747},"geometry":{"type":"Polygon","coordinates":[[[99.8039,7.0046],[99.8191,6.9836],[99.8105,6.9085],[99.7687,6.8751],[99.7214,6.8956],[99.7456,6.9572],[99.7919,6.9837],[99.7836,7.0122],[99.8039,7.0046]]]}},{"type":"Feature","properties":{"tc":"TH910502","t":"ละงู","te":"La-Ngu","ac":"TH9105","a":"ละงู","pc":"TH91","p":"สตูล","km2":129.0,"lat":6.8452,"lon":99.8243},"geometry":{"type":"Polygon","coordinates":[[[99.8604,6.9144],[99.8652,6.9117],[99.8831,6.8694],[99.8875,6.8505],[99.8371,6.8207],[99.8401,6.779],[99.8068,6.7741],[99.7697,6.841],[99.7687,6.8751],[99.8105,6.9085],[99.8604,6.9144]]]}},{"type":"Feature","properties":{"tc":"TH910503","t":"เขาขาว","te":"Khao Khao","ac":"TH9105","a":"ละงู","pc":"TH91","p":"สตูล","km2":23.7,"lat":6.953,"lon":99.827},"geometry":{"type":"Polygon","coordinates":[[[99.8579,6.9224],[99.8604,6.9144],[99.8105,6.9085],[99.8191,6.9836],[99.8579,6.9224]]]}},{"type":"Feature","properties":{"tc":"TH910504","t":"ปากน้ำ","te":"Pak Nam","ac":"TH9105","a":"ละงู","pc":"TH91","p":"สตูล","km2":40.4,"lat":6.8655,"lon":99.7319},"geometry":{"type":"Polygon","coordinates":[[[99.7214,6.8956],[99.7687,6.8751],[99.7697,6.841],[99.6972,6.8559],[99.6848,6.9073],[99.7214,6.8956]]]}},{"type":"Feature","properties":{"tc":"TH910505","t":"น้ำผุด","te":"Nam Phut","ac":"TH9105","a":"ละงู","pc":"TH91","p":"สตูล","km2":71.4,"lat":6.9949,"lon":99.8519},"geometry":{"type":"Polygon","coordinates":[[[99.895,6.9851],[99.8579,6.9224],[99.8039,7.0046],[99.8743,7.0348],[99.8691,7.0778],[99.8745,7.0794],[99.895,6.9851]]]}},{"type":"Feature","properties":{"tc":"TH910506","t":"แหลมสน","te":"Laem Son","ac":"TH9105","a":"ละงู","pc":"TH91","p":"สตูล","km2":50.0,"lat":6.9323,"lon":99.7109},"geometry":{"type":"Polygon","coordinates":[[[99.7456,6.9572],[99.7214,6.8956],[99.6848,6.9073],[99.688,6.9718],[99.7117,6.9976],[99.7456,6.9572]]]}},{"type":"Feature","properties":{"tc":"TH910601","t":"ทุ่งหว้า","te":"Thung Wa","ac":"TH9106","a":"ทุ่งหว้า","pc":"TH91","p":"สตูล","km2":252.5,"lat":7.1349,"lon":99.8873},"geometry":{"type":"Polygon","coordinates":[[[99.9581,7.1995],[100.0003,7.1121],[100.0282,7.0903],[99.9922,7.0669],[99.9481,7.1012],[99.8691,7.0778],[99.7558,7.0796],[99.7343,7.1093],[99.7393,7.1319],[99.8313,7.138],[99.8999,7.1887],[99.9486,7.2037],[99.9581,7.1995]]]}},{"type":"Feature","properties":{"tc":"TH910602","t":"นาทอน","te":"Na Thon","ac":"TH9106","a":"ทุ่งหว้า","pc":"TH91","p":"สตูล","km2":101.9,"lat":7.0412,"lon":99.7362},"geometry":{"type":"Polygon","coordinates":[[[99.7343,7.1093],[99.7558,7.0796],[99.7836,7.0122],[99.7919,6.9837],[99.7456,6.9572],[99.7117,6.9976],[99.6999,7.0158],[99.7017,7.0665],[99.7343,7.1093]]]}},{"type":"Feature","properties":{"tc":"TH910603","t":"ขอนคลาน","te":"Khon Khlan","ac":"TH9106","a":"ทุ่งหว้า","pc":"TH91","p":"สตูล","km2":8.8,"lat":6.9847,"lon":99.6932},"geometry":{"type":"Polygon","coordinates":[[[99.7117,6.9976],[99.688,6.9718],[99.6834,7.014],[99.6999,7.0158],[99.7117,6.9976]]]}},{"type":"Feature","properties":{"tc":"TH910604","t":"ทุ่งบุหลัง","te":"Thung Bu Lang","ac":"TH9106","a":"ทุ่งหว้า","pc":"TH91","p":"สตูล","km2":12.5,"lat":7.0283,"lon":99.6883},"geometry":{"type":"Polygon","coordinates":[[[99.7017,7.0665],[99.6999,7.0158],[99.6834,7.014],[99.6699,7.0407],[99.7017,7.0665]]]}},{"type":"Feature","properties":{"tc":"TH910605","t":"ป่าแก่บ่อหิน","te":"Pa Kae Bo Hin","ac":"TH9106","a":"ทุ่งหว้า","pc":"TH91","p":"สตูล","km2":78.4,"lat":7.0563,"lon":99.8186},"geometry":{"type":"Polygon","coordinates":[[[99.8691,7.0778],[99.8743,7.0348],[99.8039,7.0046],[99.7836,7.0122],[99.7558,7.0796],[99.8691,7.0778]]]}},{"type":"Feature","properties":{"tc":"TH910701","t":"ปาล์มพัฒนา","te":"Pam Phatthana","ac":"TH9107","a":"มะนัง","pc":"TH91","p":"สตูล","km2":130.3,"lat":7.0145,"lon":99.9328},"geometry":{"type":"Polygon","coordinates":[[[99.9922,7.0669],[99.9723,7.042],[99.9816,6.987],[99.9281,6.9712],[99.895,6.9851],[99.8745,7.0794],[99.9481,7.1012],[99.9922,7.0669]]]}},{"type":"Feature","properties":{"tc":"TH910702","t":"นิคมพัฒนา","te":"Nikhom Phatthana","ac":"TH9107","a":"มะนัง","pc":"TH91","p":"สตูล","km2":73.0,"lat":6.9599,"lon":99.9378},"geometry":{"type":"Polygon","coordinates":[[[99.9816,6.987],[100.0013,6.9486],[99.8652,6.9117],[99.8604,6.9144],[99.8579,6.9224],[99.895,6.9851],[99.9281,6.9712],[99.9816,6.987]]]}},{"type":"Feature","properties":{"tc":"TH930101","t":"คูหาสวรรค์","te":"Khuha Sawan","ac":"TH9301","a":"เมืองพัทลุง","pc":"TH93","p":"พัทลุง","km2":14.3,"lat":7.6192,"lon":100.082},"geometry":{"type":"Polygon","coordinates":[[[100.1239,7.6281],[100.1245,7.6261],[100.0688,7.6064],[100.0447,7.6055],[100.0663,7.628],[100.0833,7.6348],[100.1239,7.6281]]]}},{"type":"Feature","properties":{"tc":"TH930103","t":"เขาเจียก","te":"Khao Chiak","ac":"TH9301","a":"เมืองพัทลุง","pc":"TH93","p":"พัทลุง","km2":12.3,"lat":7.6168,"lon":100.0391},"geometry":{"type":"Polygon","coordinates":[[[100.0663,7.628],[100.0447,7.6055],[100.0252,7.5995],[100.0198,7.6373],[100.0663,7.628]]]}},{"type":"Feature","properties":{"tc":"TH930104","t":"ท่ามิหรำ","te":"Tha Miram","ac":"TH9301","a":"เมืองพัทลุง","pc":"TH93","p":"พัทลุง","km2":11.7,"lat":7.5856,"lon":100.0511},"geometry":{"type":"Polygon","coordinates":[[[100.0665,7.5755],[100.0385,7.5773],[100.0316,7.594],[100.0365,7.6033],[100.0447,7.6055],[100.0688,7.6064],[100.0665,7.5755]]]}},{"type":"Feature","properties":{"tc":"TH930105","t":"โคกชะงาย","te":"Khok Cha-Ngai","ac":"TH9301","a":"เมืองพัทลุง","pc":"TH93","p":"พัทลุง","km2":19.7,"lat":7.6184,"lon":100.0049},"geometry":{"type":"Polygon","coordinates":[[[100.0213,7.6397],[100.0198,7.6373],[100.0252,7.5995],[99.9877,7.5877],[99.9872,7.6383],[100.0213,7.6397]]]}},{"type":"Feature","properties":{"tc":"TH930106","t":"นาท่อม","te":"Na Thom","ac":"TH9301","a":"เมืองพัทลุง","pc":"TH93","p":"พัทลุง","km2":8.6,"lat":7.5908,"lon":100.0118},"geometry":{"type":"Polygon","coordinates":[[[100.0316,7.594],[99.9924,7.5721],[99.9716,7.5743],[99.9877,7.5877],[100.0365,7.6033],[100.0316,7.594]]]}},{"type":"Feature","properties":{"tc":"TH930107","t":"ปรางหมู่","te":"Prang Mu","ac":"TH9301","a":"เมืองพัทลุง","pc":"TH93","p":"พัทลุง","km2":17.4,"lat":7.6512,"lon":100.0654},"geometry":{"type":"Polygon","coordinates":[[[100.0833,7.6348],[100.0663,7.628],[100.0198,7.6373],[100.0213,7.6397],[100.0365,7.6461],[100.0538,7.6563],[100.0879,7.6671],[100.0833,7.6348]]]}},{"type":"Feature","properties":{"tc":"TH930108","t":"ท่าแค","te":"Tha Khae","ac":"TH9301","a":"เมืองพัทลุง","pc":"TH93","p":"พัทลุง","km2":32.6,"lat":7.5541,"lon":100.0529},"geometry":{"type":"Polygon","coordinates":[[[100.0665,7.5755],[100.0855,7.5327],[100.0784,7.5237],[100.0309,7.5206],[100.0182,7.5228],[100.0385,7.5773],[100.0665,7.5755]]]}},{"type":"Feature","properties":{"tc":"TH930109","t":"ลำปำ","te":"Lampam","ac":"TH9301","a":"เมืองพัทลุง","pc":"TH93","p":"พัทลุง","km2":174.1,"lat":7.6568,"lon":100.1726},"geometry":{"type":"Polygon","coordinates":[[[100.2184,7.7122],[100.2333,7.5757],[100.1584,7.5762],[100.1239,7.6281],[100.1192,7.6725],[100.1271,7.7334],[100.2184,7.7122]]]}},{"type":"Feature","properties":{"tc":"TH930110","t":"ตำนาน","te":"Tamnan","ac":"TH9301","a":"เมืองพัทลุง","pc":"TH93","p":"พัทลุง","km2":23.4,"lat":7.56,"lon":100.0876},"geometry":{"type":"Polygon","coordinates":[[[100.106,7.5446],[100.0855,7.5327],[100.0665,7.5755],[100.0688,7.6064],[100.088,7.6123],[100.106,7.5446]]]}},{"type":"Feature","properties":{"tc":"TH930111","t":"ควนมะพร้าว","te":"Khuan Maphrao","ac":"TH9301","a":"เมืองพัทลุง","pc":"TH93","p":"พัทลุง","km2":39.4,"lat":7.5943,"lon":100.1195},"geometry":{"type":"Polygon","coordinates":[[[100.1584,7.5762],[100.106,7.5446],[100.088,7.6123],[100.1245,7.6261],[100.1584,7.5762]]]}},{"type":"Feature","properties":{"tc":"TH930112","t":"ร่มเมือง","te":"Rom Mueang","ac":"TH9301","a":"เมืองพัทลุง","pc":"TH93","p":"พัทลุง","km2":27.4,"lat":7.551,"lon":100.0097},"geometry":{"type":"Polygon","coordinates":[[[100.0316,7.594],[100.0385,7.5773],[100.0182,7.5228],[99.989,7.5299],[99.9924,7.5721],[100.0316,7.594]]]}},{"type":"Feature","properties":{"tc":"TH930113","t":"ชัยบุรี","te":"Chai Buri","ac":"TH9301","a":"เมืองพัทลุง","pc":"TH93","p":"พัทลุง","km2":40.2,"lat":7.7043,"lon":100.0994},"geometry":{"type":"Polygon","coordinates":[[[100.1192,7.6725],[100.0879,7.6671],[100.0538,7.6563],[100.0527,7.6851],[100.0982,7.7234],[100.1271,7.7334],[100.1192,7.6725]]]}},{"type":"Feature","properties":{"tc":"TH930114","t":"นาโหนด","te":"Na Not","ac":"TH9301","a":"เมืองพัทลุง","pc":"TH93","p":"พัทลุง","km2":37.3,"lat":7.4685,"lon":100.0274},"geometry":{"type":"Polygon","coordinates":[[[100.0784,7.5237],[100.0668,7.4884],[100.0122,7.4392],[100.0034,7.4531],[100.0309,7.5206],[100.0784,7.5237]]]}},{"type":"Feature","properties":{"tc":"TH930115","t":"พญาขัน","te":"Phaya Khan","ac":"TH9301","a":"เมืองพัทลุง","pc":"TH93","p":"พัทลุง","km2":16.9,"lat":7.651,"lon":100.1035},"geometry":{"type":"Polygon","coordinates":[[[100.1192,7.6725],[100.1239,7.6281],[100.0833,7.6348],[100.0879,7.6671],[100.1192,7.6725]]]}},{"type":"Feature","properties":{"tc":"TH930201","t":"กงหรา","te":"Kong Ra","ac":"TH9302","a":"กงหรา","pc":"TH93","p":"พัทลุง","km2":49.7,"lat":7.4781,"lon":99.9129},"geometry":{"type":"Polygon","coordinates":[[[99.9528,7.5092],[99.9623,7.4831],[99.9598,7.469],[99.8649,7.4399],[99.8583,7.4587],[99.8501,7.4731],[99.9528,7.5092]]]}},{"type":"Feature","properties":{"tc":"TH930202","t":"ชะรัด","te":"Charat","ac":"TH9302","a":"กงหรา","pc":"TH93","p":"พัทลุง","km2":16.2,"lat":7.4634,"lon":99.9866},"geometry":{"type":"Polygon","coordinates":[[[100.0169,7.4839],[100.0034,7.4531],[99.9708,7.4577],[99.9598,7.469],[99.9623,7.4831],[100.0169,7.4839]]]}},{"type":"Feature","properties":{"tc":"TH930203","t":"คลองเฉลิม","te":"Khlong Chaloem","ac":"TH9302","a":"กงหรา","pc":"TH93","p":"พัทลุง","km2":122.7,"lat":7.3768,"lon":99.9541},"geometry":{"type":"Polygon","coordinates":[[[100.0034,7.4531],[100.0122,7.4392],[99.9951,7.4235],[100.0163,7.3569],[99.9971,7.3288],[99.9399,7.3135],[99.9038,7.3472],[99.8942,7.3979],[99.9593,7.3967],[99.9708,7.4577],[100.0034,7.4531]]]}},{"type":"Feature","properties":{"tc":"TH930204","t":"คลองทรายขาว","te":"Khlong Sai Khao","ac":"TH9302","a":"กงหรา","pc":"TH93","p":"พัทลุง","km2":63.6,"lat":7.4189,"lon":99.9215},"geometry":{"type":"Polygon","coordinates":[[[99.9708,7.4577],[99.9593,7.3967],[99.8942,7.3979],[99.8649,7.4399],[99.9598,7.469],[99.9708,7.4577]]]}},{"type":"Feature","properties":{"tc":"TH930205","t":"สมหวัง","te":"Somwang","ac":"TH9302","a":"กงหรา","pc":"TH93","p":"พัทลุง","km2":34.0,"lat":7.4966,"lon":99.9896},"geometry":{"type":"Polygon","coordinates":[[[99.989,7.5299],[100.0309,7.5206],[100.0169,7.4839],[99.9623,7.4831],[99.9528,7.5092],[99.9651,7.5224],[99.989,7.5299]]]}},{"type":"Feature","properties":{"tc":"TH930301","t":"เขาชัยสน","te":"Khao Chaison","ac":"TH9303","a":"เขาชัยสน","pc":"TH93","p":"พัทลุง","km2":76.1,"lat":7.4309,"lon":100.1017},"geometry":{"type":"Polygon","coordinates":[[[100.1698,7.4687],[100.1278,7.4108],[100.1087,7.3602],[100.0895,7.3672],[100.0835,7.4052],[100.0498,7.4069],[100.0705,7.451],[100.1359,7.4645],[100.166,7.4905],[100.1698,7.4687]]]}},{"type":"Feature","properties":{"tc":"TH930302","t":"ควนขนุน","te":"Khuan Khanun","ac":"TH9303","a":"เขาชัยสน","pc":"TH93","p":"พัทลุง","km2":50.1,"lat":7.5061,"lon":100.0965},"geometry":{"type":"Polygon","coordinates":[[[100.1359,7.4645],[100.0705,7.451],[100.0668,7.4884],[100.0784,7.5237],[100.0855,7.5327],[100.106,7.5446],[100.1359,7.4645]]]}},{"type":"Feature","properties":{"tc":"TH930305","t":"จองถนน","te":"Chong Thanon","ac":"TH9303","a":"เขาชัยสน","pc":"TH93","p":"พัทลุง","km2":55.3,"lat":7.5166,"lon":100.2313},"geometry":{"type":"Polygon","coordinates":[[[100.2731,7.4966],[100.2762,7.4784],[100.1794,7.468],[100.1698,7.4687],[100.166,7.4905],[100.2384,7.5367],[100.2731,7.4966]]]}},{"type":"Feature","properties":{"tc":"TH930306","t":"หานโพธิ์","te":"Han Pho","ac":"TH9303","a":"เขาชัยสน","pc":"TH93","p":"พัทลุง","km2":106.8,"lat":7.5136,"lon":100.1599},"geometry":{"type":"Polygon","coordinates":[[[100.2333,7.5757],[100.2384,7.5367],[100.166,7.4905],[100.1359,7.4645],[100.106,7.5446],[100.1584,7.5762],[100.2333,7.5757]]]}},{"type":"Feature","properties":{"tc":"TH930307","t":"โคกม่วง","te":"Khok Muang","ac":"TH9303","a":"เขาชัยสน","pc":"TH93","p":"พัทลุง","km2":83.2,"lat":7.4152,"lon":100.0257},"geometry":{"type":"Polygon","coordinates":[[[100.0668,7.4884],[100.0705,7.451],[100.0498,7.4069],[100.0835,7.4052],[100.0895,7.3672],[100.0163,7.3569],[99.9951,7.4235],[100.0668,7.4884]]]}},{"type":"Feature","properties":{"tc":"TH930401","t":"แม่ขรี","te":"Mae Khri","ac":"TH9304","a":"ตะโหมด","pc":"TH93","p":"พัทลุง","km2":44.5,"lat":7.3425,"lon":100.0979},"geometry":{"type":"Polygon","coordinates":[[[100.1087,7.3602],[100.1348,7.3589],[100.1217,7.3261],[100.1129,7.2945],[100.0808,7.3021],[100.0602,7.3128],[100.0731,7.3654],[100.0895,7.3672],[100.1087,7.3602]]]}},{"type":"Feature","properties":{"tc":"TH930402","t":"ตะโหมด","te":"Tamot","ac":"TH9304","a":"ตะโหมด","pc":"TH93","p":"พัทลุง","km2":193.2,"lat":7.2685,"lon":99.9948},"geometry":{"type":"Polygon","coordinates":[[[100.0731,7.3654],[100.0602,7.3128],[100.0808,7.3021],[100.0514,7.2887],[100.0582,7.2484],[100.0187,7.2088],[99.9581,7.1995],[99.9486,7.2037],[99.9322,7.2467],[99.9399,7.3135],[99.9971,7.3288],[100.0163,7.3569],[100.0731,7.3654]]]}},{"type":"Feature","properties":{"tc":"TH930403","t":"คลองใหญ่","te":"Khlong Yai","ac":"TH9304","a":"ตะโหมด","pc":"TH93","p":"พัทลุง","km2":42.0,"lat":7.2588,"lon":100.0811},"geometry":{"type":"Polygon","coordinates":[[[100.1129,7.2945],[100.1238,7.2692],[100.0187,7.2088],[100.0582,7.2484],[100.0514,7.2887],[100.0808,7.3021],[100.1129,7.2945]]]}},{"type":"Feature","properties":{"tc":"TH930501","t":"ควนขนุน","te":"Khuan Khanun","ac":"TH9305","a":"ควนขนุน","pc":"TH93","p":"พัทลุง","km2":25.8,"lat":7.7479,"lon":100.0149},"geometry":{"type":"Polygon","coordinates":[[[100.0479,7.7608],[100.0298,7.7343],[99.9912,7.7296],[99.9896,7.7863],[100.0479,7.7608]]]}},{"type":"Feature","properties":{"tc":"TH930502","t":"ทะเลน้อย","te":"Thale Noi","ac":"TH9305","a":"ควนขนุน","pc":"TH93","p":"พัทลุง","km2":113.1,"lat":7.8324,"lon":100.1382},"geometry":{"type":"Polygon","coordinates":[[[100.1775,7.8765],[100.2007,7.7777],[100.1041,7.7832],[100.0974,7.8101],[100.0796,7.8547],[100.0979,7.8757],[100.1775,7.8765]]]}},{"type":"Feature","properties":{"tc":"TH930504","t":"นาขยาด","te":"Na Khayat","ac":"TH9305","a":"ควนขนุน","pc":"TH93","p":"พัทลุง","km2":32.7,"lat":7.6819,"lon":99.9588},"geometry":{"type":"Polygon","coordinates":[[[99.9884,7.6938],[99.9905,7.6699],[99.9757,7.662],[99.9382,7.6592],[99.9174,7.7064],[99.9234,7.7153],[99.9884,7.6938]]]}},{"type":"Feature","properties":{"tc":"TH930505","t":"พนมวังก์","te":"Phanom Wang","ac":"TH9305","a":"ควนขนุน","pc":"TH93","p":"พัทลุง","km2":32.7,"lat":7.6775,"lon":100.0214},"geometry":{"type":"Polygon","coordinates":[[[100.0515,7.7027],[100.0538,7.6563],[100.0365,7.6461],[99.9905,7.6699],[99.9884,7.6938],[100.0515,7.7027]]]}},{"type":"Feature","properties":{"tc":"TH930506","t":"แหลมโตนด","te":"Laem Tanot","ac":"TH9305","a":"ควนขนุน","pc":"TH93","p":"พัทลุง","km2":44.6,"lat":7.8344,"lon":100.0387},"geometry":{"type":"Polygon","coordinates":[[[100.0796,7.8547],[100.0974,7.8101],[100.0935,7.8085],[100.0402,7.8064],[99.9899,7.8308],[99.9889,7.8467],[99.9851,7.8627],[100.056,7.8381],[100.0796,7.8547]]]}},{"type":"Feature","properties":{"tc":"TH930508","t":"ปันแต","te":"Pantae","ac":"TH9305","a":"ควนขนุน","pc":"TH93","p":"พัทลุง","km2":53.7,"lat":7.7921,"lon":100.0337},"geometry":{"type":"Polygon","coordinates":[[[99.9899,7.8308],[100.0402,7.8064],[100.0935,7.8085],[100.0691,7.7618],[100.0479,7.7608],[99.9896,7.7863],[99.9752,7.7978],[99.9899,7.8308]]]}},{"type":"Feature","properties":{"tc":"TH930509","t":"โตนดด้วน","te":"Tanot Duan","ac":"TH9305","a":"ควนขนุน","pc":"TH93","p":"พัทลุง","km2":21.9,"lat":7.7161,"lon":100.0162},"geometry":{"type":"Polygon","coordinates":[[[100.0515,7.7027],[99.9884,7.6938],[99.9912,7.7296],[100.0298,7.7343],[100.0515,7.7027]]]}},{"type":"Feature","properties":{"tc":"TH930510","t":"ดอนทราย","te":"Don Sai","ac":"TH9305","a":"ควนขนุน","pc":"TH93","p":"พัทลุง","km2":24.4,"lat":7.7045,"lon":99.9726},"geometry":{"type":"Polygon","coordinates":[[[99.9912,7.7349],[99.9884,7.6938],[99.9234,7.7153],[99.9255,7.734],[99.9912,7.7349]]]}},{"type":"Feature","properties":{"tc":"TH930511","t":"มะกอกเหนือ","te":"Makok Nuea","ac":"TH9305","a":"ควนขนุน","pc":"TH93","p":"พัทลุง","km2":34.5,"lat":7.7289,"lon":100.0638},"geometry":{"type":"Polygon","coordinates":[[[100.0982,7.7234],[100.0527,7.6851],[100.0515,7.7027],[100.0298,7.7343],[100.0479,7.7608],[100.0691,7.7618],[100.0982,7.7234]]]}},{"type":"Feature","properties":{"tc":"TH930512","t":"พนางตุง","te":"Phanang Tung","ac":"TH9305","a":"ควนขนุน","pc":"TH93","p":"พัทลุง","km2":93.7,"lat":7.7476,"lon":100.1448},"geometry":{"type":"Polygon","coordinates":[[[100.2007,7.7777],[100.2175,7.7217],[100.2184,7.7122],[100.1271,7.7334],[100.0982,7.7234],[100.0691,7.7618],[100.0935,7.8085],[100.0974,7.8101],[100.1041,7.7832],[100.2007,7.7777]]]}},{"type":"Feature","properties":{"tc":"TH930513","t":"ชะมวง","te":"Chamuang","ac":"TH9305","a":"ควนขนุน","pc":"TH93","p":"พัทลุง","km2":45.4,"lat":7.7606,"lon":99.9591},"geometry":{"type":"Polygon","coordinates":[[[99.9752,7.7978],[99.9896,7.7863],[99.9912,7.7349],[99.9255,7.734],[99.9306,7.7914],[99.9752,7.7978]]]}},{"type":"Feature","properties":{"tc":"TH930516","t":"แพรกหา","te":"Phraek Ha","ac":"TH9305","a":"ควนขนุน","pc":"TH93","p":"พัทลุง","km2":14.4,"lat":7.6541,"lon":99.9988},"geometry":{"type":"Polygon","coordinates":[[[100.0365,7.6461],[100.0213,7.6397],[99.9872,7.6383],[99.9774,7.643],[99.9757,7.662],[99.9905,7.6699],[100.0365,7.6461]]]}},{"type":"Feature","properties":{"tc":"TH930601","t":"ปากพะยูน","te":"Pak Phayun","ac":"TH9306","a":"ปากพะยูน","pc":"TH93","p":"พัทลุง","km2":40.8,"lat":7.3364,"lon":100.3315},"geometry":{"type":"Polygon","coordinates":[[[100.3512,7.35],[100.3785,7.3133],[100.3715,7.3044],[100.3159,7.2987],[100.2965,7.3229],[100.3113,7.3604],[100.3512,7.35]]]}},{"type":"Feature","properties":{"tc":"TH930602","t":"ดอนประดู่","te":"Don Pradu","ac":"TH9306","a":"ปากพะยูน","pc":"TH93","p":"พัทลุง","km2":26.2,"lat":7.2819,"lon":100.3271},"geometry":{"type":"Polygon","coordinates":[[[100.3715,7.3044],[100.3397,7.2651],[100.2784,7.2565],[100.3159,7.2987],[100.3715,7.3044]]]}},{"type":"Feature","properties":{"tc":"TH930603","t":"เกาะนางคำ","te":"Ko Nang Kham","ac":"TH9306","a":"ปากพะยูน","pc":"TH93","p":"พัทลุง","km2":69.6,"lat":7.3349,"lon":100.3887},"geometry":{"type":"Polygon","coordinates":[[[100.3826,7.425],[100.4202,7.3198],[100.4265,7.2895],[100.4086,7.2654],[100.3991,7.2636],[100.3785,7.3133],[100.3512,7.35],[100.3826,7.425]]]}},{"type":"Feature","properties":{"tc":"TH930604","t":"เกาะหมาก","te":"Ko Mak","ac":"TH9306","a":"ปากพะยูน","pc":"TH93","p":"พัทลุง","km2":174.2,"lat":7.4579,"lon":100.3319},"geometry":{"type":"Polygon","coordinates":[[[100.3877,7.4971],[100.3826,7.425],[100.3512,7.35],[100.3113,7.3604],[100.2816,7.4373],[100.2731,7.4966],[100.3557,7.5278],[100.3877,7.4971]]]}},{"type":"Feature","properties":{"tc":"TH930605","t":"ฝาละมี","te":"Fa Lami","ac":"TH9306","a":"ปากพะยูน","pc":"TH93","p":"พัทลุง","km2":108.6,"lat":7.3713,"lon":100.257},"geometry":{"type":"Polygon","coordinates":[[[100.3113,7.3604],[100.2965,7.3229],[100.257,7.3086],[100.2227,7.3547],[100.1893,7.392],[100.1914,7.3944],[100.2816,7.4373],[100.3113,7.3604]]]}},{"type":"Feature","properties":{"tc":"TH930606","t":"หารเทา","te":"Han Thao","ac":"TH9306","a":"ปากพะยูน","pc":"TH93","p":"พัทลุง","km2":56.1,"lat":7.283,"lon":100.2621},"geometry":{"type":"Polygon","coordinates":[[[100.3159,7.2987],[100.2784,7.2565],[100.2611,7.243],[100.201,7.2673],[100.257,7.3086],[100.2965,7.3229],[100.3159,7.2987]]]}},{"type":"Feature","properties":{"tc":"TH930607","t":"ดอนทราย","te":"Don Sai","ac":"TH9306","a":"ปากพะยูน","pc":"TH93","p":"พัทลุง","km2":20.0,"lat":7.2523,"lon":100.3068},"geometry":{"type":"Polygon","coordinates":[[[100.3407,7.2482],[100.3167,7.2313],[100.2611,7.243],[100.2784,7.2565],[100.3397,7.2651],[100.3407,7.2482]]]}},{"type":"Feature","properties":{"tc":"TH930701","t":"เขาย่า","te":"Khao Ya","ac":"TH9307","a":"ศรีบรรพต","pc":"TH93","p":"พัทลุง","km2":49.6,"lat":7.7548,"lon":99.8989},"geometry":{"type":"Polygon","coordinates":[[[99.9306,7.7914],[99.9234,7.7153],[99.9174,7.7064],[99.8779,7.7032],[99.8406,7.7472],[99.9002,7.7625],[99.9306,7.7914]]]}},{"type":"Feature","properties":{"tc":"TH930702","t":"เขาปู่","te":"Khao Pu","ac":"TH9307","a":"ศรีบรรพต","pc":"TH93","p":"พัทลุง","km2":78.8,"lat":7.6845,"lon":99.8403},"geometry":{"type":"Polygon","coordinates":[[[99.8406,7.7472],[99.8779,7.7032],[99.8788,7.6659],[99.8089,7.6448],[99.8111,7.6486],[99.7878,7.7435],[99.8406,7.7472]]]}},{"type":"Feature","properties":{"tc":"TH930703","t":"ตะแพน","te":"Tapaen","ac":"TH9307","a":"ศรีบรรพต","pc":"TH93","p":"พัทลุง","km2":107.4,"lat":7.6531,"lon":99.9064},"geometry":{"type":"Polygon","coordinates":[[[99.9757,7.662],[99.9774,7.643],[99.951,7.6469],[99.893,7.6068],[99.8716,7.6262],[99.8007,7.5978],[99.7877,7.6446],[99.8089,7.6448],[99.8788,7.6659],[99.8779,7.7032],[99.9174,7.7064],[99.9382,7.6592],[99.9757,7.662]]]}},{"type":"Feature","properties":{"tc":"TH930801","t":"ป่าบอน","te":"Pa Bon","ac":"TH9308","a":"ป่าบอน","pc":"TH93","p":"พัทลุง","km2":69.4,"lat":7.3404,"lon":100.1696},"geometry":{"type":"Polygon","coordinates":[[[100.2227,7.3547],[100.1645,7.2783],[100.1217,7.3261],[100.1348,7.3589],[100.1965,7.3822],[100.2227,7.3547]]]}},{"type":"Feature","properties":{"tc":"TH930802","t":"โคกทราย","te":"Khok Sai","ac":"TH9308","a":"ป่าบอน","pc":"TH93","p":"พัทลุง","km2":79.9,"lat":7.22,"lon":100.2524},"geometry":{"type":"Polygon","coordinates":[[[100.201,7.2673],[100.2611,7.243],[100.3167,7.2313],[100.3046,7.2086],[100.2207,7.1921],[100.1746,7.1748],[100.2011,7.2359],[100.1699,7.2543],[100.201,7.2673]]]}},{"type":"Feature","properties":{"tc":"TH930803","t":"หนองธง","te":"Nong Thong","ac":"TH9308","a":"ป่าบอน","pc":"TH93","p":"พัทลุง","km2":175.4,"lat":7.2042,"lon":100.0464},"geometry":{"type":"Polygon","coordinates":[[[100.1645,7.2783],[100.1493,7.2502],[100.0499,7.1483],[100.0282,7.0903],[100.0003,7.1121],[99.9581,7.1995],[100.0187,7.2088],[100.1238,7.2692],[100.1129,7.2945],[100.1217,7.3261],[100.1645,7.2783]]]}},{"type":"Feature","properties":{"tc":"TH930804","t":"ทุ่งนารี","te":"Thung Nari","ac":"TH9308","a":"ป่าบอน","pc":"TH93","p":"พัทลุง","km2":117.0,"lat":7.1707,"lon":100.1217},"geometry":{"type":"Polygon","coordinates":[[[100.1699,7.2543],[100.2011,7.2359],[100.1746,7.1748],[100.1563,7.1487],[100.1143,7.1666],[100.0572,7.1076],[100.0282,7.0903],[100.0499,7.1483],[100.1493,7.2502],[100.1699,7.2543]]]}},{"type":"Feature","properties":{"tc":"TH930806","t":"วังใหม่","te":"Wang Mai","ac":"TH9308","a":"ป่าบอน","pc":"TH93","p":"พัทลุง","km2":53.8,"lat":7.2934,"lon":100.2062},"geometry":{"type":"Polygon","coordinates":[[[100.257,7.3086],[100.201,7.2673],[100.1699,7.2543],[100.1493,7.2502],[100.1645,7.2783],[100.2227,7.3547],[100.257,7.3086]]]}},{"type":"Feature","properties":{"tc":"TH930901","t":"ท่ามะเดื่อ","te":"Tha Maduea","ac":"TH9309","a":"บางแก้ว","pc":"TH93","p":"พัทลุง","km2":21.3,"lat":7.4487,"lon":100.1689},"geometry":{"type":"Polygon","coordinates":[[[100.1794,7.468],[100.1914,7.3944],[100.1893,7.392],[100.1618,7.4295],[100.1278,7.4108],[100.1698,7.4687],[100.1794,7.468]]]}},{"type":"Feature","properties":{"tc":"TH930902","t":"นาปะขอ","te":"Na Pakho","ac":"TH9309","a":"บางแก้ว","pc":"TH93","p":"พัทลุง","km2":68.7,"lat":7.4159,"lon":100.2122},"geometry":{"type":"Polygon","coordinates":[[[100.2762,7.4784],[100.2816,7.4373],[100.1914,7.3944],[100.1794,7.468],[100.2762,7.4784]]]}},{"type":"Feature","properties":{"tc":"TH930903","t":"โคกสัก","te":"Khok Sak","ac":"TH9309","a":"บางแก้ว","pc":"TH93","p":"พัทลุง","km2":42.8,"lat":7.4014,"lon":100.1533},"geometry":{"type":"Polygon","coordinates":[[[100.1618,7.4295],[100.1965,7.3822],[100.1348,7.3589],[100.1087,7.3602],[100.1278,7.4108],[100.1618,7.4295]]]}},{"type":"Feature","properties":{"tc":"TH931001","t":"ป่าพะยอม","te":"Pa Phayom","ac":"TH9310","a":"ป่าพะยอม","pc":"TH93","p":"พัทลุง","km2":37.1,"lat":7.8684,"lon":99.9531},"geometry":{"type":"Polygon","coordinates":[[[99.9763,7.8719],[99.9851,7.8627],[99.9889,7.8467],[99.9032,7.8306],[99.9232,7.8649],[99.9624,7.9057],[99.9763,7.8719]]]}},{"type":"Feature","properties":{"tc":"TH931002","t":"ลานข่อย","te":"Lan Khoi","ac":"TH9310","a":"ป่าพะยอม","pc":"TH93","p":"พัทลุง","km2":93.8,"lat":7.8411,"lon":99.7845},"geometry":{"type":"Polygon","coordinates":[[[99.8874,7.8895],[99.9232,7.8649],[99.8735,7.8506],[99.8378,7.8651],[99.7945,7.8003],[99.752,7.8316],[99.7382,7.8589],[99.8084,7.8929],[99.8874,7.8895]]]}},{"type":"Feature","properties":{"tc":"TH931003","t":"เกาะเต่า","te":"Ko Tao","ac":"TH9310","a":"ป่าพะยอม","pc":"TH93","p":"พัทลุง","km2":152.3,"lat":7.8046,"lon":99.8497},"geometry":{"type":"Polygon","coordinates":[[[99.9232,7.8649],[99.9032,7.8306],[99.9002,7.7625],[99.8406,7.7472],[99.7878,7.7435],[99.7734,7.7656],[99.7577,7.8089],[99.752,7.8316],[99.7945,7.8003],[99.8378,7.8651],[99.8735,7.8506],[99.9232,7.8649]]]}},{"type":"Feature","properties":{"tc":"TH931004","t":"บ้านพร้าว","te":"Ban Phrao","ac":"TH9310","a":"ป่าพะยอม","pc":"TH93","p":"พัทลุง","km2":50.0,"lat":7.8142,"lon":99.9425},"geometry":{"type":"Polygon","coordinates":[[[99.9899,7.8308],[99.9752,7.7978],[99.9306,7.7914],[99.9002,7.7625],[99.9032,7.8306],[99.9889,7.8467],[99.9899,7.8308]]]}},{"type":"Feature","properties":{"tc":"TH931101","t":"ชุมพล","te":"Chumphon","ac":"TH9311","a":"ศรีนครินทร์","pc":"TH93","p":"พัทลุง","km2":61.5,"lat":7.5977,"lon":99.9474},"geometry":{"type":"Polygon","coordinates":[[[99.9774,7.643],[99.9872,7.6383],[99.9877,7.5877],[99.9716,7.5743],[99.9468,7.5593],[99.9214,7.5885],[99.893,7.6068],[99.951,7.6469],[99.9774,7.643]]]}},{"type":"Feature","properties":{"tc":"TH931102","t":"บ้านนา","te":"Ban Na","ac":"TH9311","a":"ศรีนครินทร์","pc":"TH93","p":"พัทลุง","km2":124.5,"lat":7.5649,"lon":99.8735},"geometry":{"type":"Polygon","coordinates":[[[99.893,7.6068],[99.9214,7.5885],[99.9308,7.526],[99.8335,7.5033],[99.8206,7.5189],[99.8373,7.5413],[99.8007,7.5978],[99.8716,7.6262],[99.893,7.6068]]]}},{"type":"Feature","properties":{"tc":"TH931103","t":"อ่างทอง","te":"Ang Thong","ac":"TH9311","a":"ศรีนครินทร์","pc":"TH93","p":"พัทลุง","km2":20.1,"lat":7.5446,"lon":99.9721},"geometry":{"type":"Polygon","coordinates":[[[99.9924,7.5721],[99.989,7.5299],[99.9651,7.5224],[99.9468,7.5593],[99.9716,7.5743],[99.9924,7.5721]]]}},{"type":"Feature","properties":{"tc":"TH931104","t":"ลำสินธุ์","te":"Lam Sin","ac":"TH9311","a":"ศรีนครินทร์","pc":"TH93","p":"พัทลุง","km2":54.3,"lat":7.5427,"lon":99.9417},"geometry":{"type":"Polygon","coordinates":[[[99.9468,7.5593],[99.9651,7.5224],[99.9528,7.5092],[99.8501,7.4731],[99.8335,7.5033],[99.9308,7.526],[99.9214,7.5885],[99.9468,7.5593]]]}},{"type":"Feature","properties":{"tc":"TH940101","t":"สะบารัง","te":"Sabarang","ac":"TH9401","a":"เมืองปัตตานี","pc":"TH94","p":"ปัตตานี","km2":1.5,"lat":6.8852,"lon":101.2541},"geometry":{"type":"Polygon","coordinates":[[[101.2456,6.8605],[101.2553,6.8935],[101.2556,6.8769],[101.2515,6.8635],[101.2456,6.8605]]]}},{"type":"Feature","properties":{"tc":"TH940102","t":"อาเนาะรู","te":"A Noru","ac":"TH9401","a":"เมืองปัตตานี","pc":"TH94","p":"ปัตตานี","km2":1.1,"lat":6.8715,"lon":101.2564},"geometry":{"type":"Polygon","coordinates":[[[101.2515,6.8635],[101.2556,6.8769],[101.2621,6.8662],[101.2587,6.8609],[101.2515,6.8635]]]}},{"type":"Feature","properties":{"tc":"TH940103","t":"จะบังติกอ","te":"Chabang Tiko","ac":"TH9401","a":"เมืองปัตตานี","pc":"TH94","p":"ปัตตานี","km2":1.2,"lat":6.8582,"lon":101.2508},"geometry":{"type":"Polygon","coordinates":[[[101.2587,6.8609],[101.2497,6.8504],[101.2449,6.8559],[101.2456,6.8605],[101.2515,6.8635],[101.2587,6.8609]]]}},{"type":"Feature","properties":{"tc":"TH940104","t":"บานา","te":"Bana","ac":"TH9401","a":"เมืองปัตตานี","pc":"TH94","p":"ปัตตานี","km2":16.4,"lat":6.8715,"lon":101.2808},"geometry":{"type":"Polygon","coordinates":[[[101.2994,6.8813],[101.3049,6.8651],[101.2907,6.8516],[101.2621,6.8662],[101.2556,6.8769],[101.2553,6.8935],[101.2483,6.8988],[101.2994,6.8813]]]}},{"type":"Feature","properties":{"tc":"TH940105","t":"ตันหยงลุโละ","te":"Tanyong Lulo","ac":"TH9401","a":"เมืองปัตตานี","pc":"TH94","p":"ปัตตานี","km2":2.2,"lat":6.8738,"lon":101.3088},"geometry":{"type":"Polygon","coordinates":[[[101.3181,6.8788],[101.3131,6.8688],[101.3049,6.8651],[101.2994,6.8813],[101.3181,6.8788]]]}},{"type":"Feature","properties":{"tc":"TH940106","t":"คลองมานิง","te":"Khlong Maning","ac":"TH9401","a":"เมืองปัตตานี","pc":"TH94","p":"ปัตตานี","km2":6.5,"lat":6.847,"lon":101.2992},"geometry":{"type":"Polygon","coordinates":[[[101.3014,6.8341],[101.293,6.8335],[101.2892,6.8424],[101.2907,6.8516],[101.3049,6.8651],[101.3131,6.8688],[101.3176,6.8635],[101.3014,6.8341]]]}},{"type":"Feature","properties":{"tc":"TH940107","t":"กะมิยอ","te":"Kami Yo","ac":"TH9401","a":"เมืองปัตตานี","pc":"TH94","p":"ปัตตานี","km2":3.4,"lat":6.8515,"lon":101.3169},"geometry":{"type":"Polygon","coordinates":[[[101.3014,6.8341],[101.3176,6.8635],[101.3239,6.8596],[101.3215,6.8434],[101.3014,6.8341]]]}},{"type":"Feature","properties":{"tc":"TH940108","t":"บาราโหม","te":"Bara Hom","ac":"TH9401","a":"เมืองปัตตานี","pc":"TH94","p":"ปัตตานี","km2":1.7,"lat":6.8727,"lon":101.3196},"geometry":{"type":"Polygon","coordinates":[[[101.3242,6.8767],[101.3239,6.8596],[101.3131,6.8688],[101.3181,6.8788],[101.3242,6.8767]]]}},{"type":"Feature","properties":{"tc":"TH940109","t":"ปะกาฮะรัง","te":"Paka Harang","ac":"TH9401","a":"เมืองปัตตานี","pc":"TH94","p":"ปัตตานี","km2":12.6,"lat":6.8314,"lon":101.2333},"geometry":{"type":"Polygon","coordinates":[[[101.2449,6.8559],[101.2533,6.8421],[101.2449,6.8198],[101.2127,6.8208],[101.2272,6.854],[101.2449,6.8559]]]}},{"type":"Feature","properties":{"tc":"TH940110","t":"รูสะมิแล","te":"Ru Samilae","ac":"TH9401","a":"เมืองปัตตานี","pc":"TH94","p":"ปัตตานี","km2":18.6,"lat":6.8798,"lon":101.2336},"geometry":{"type":"Polygon","coordinates":[[[101.2553,6.8935],[101.2449,6.8559],[101.2272,6.854],[101.2044,6.8573],[101.1925,6.8661],[101.2483,6.8988],[101.2553,6.8935]]]}},{"type":"Feature","properties":{"tc":"TH940111","t":"ตะลุโบะ","te":"Talu Bo","ac":"TH9401","a":"เมืองปัตตานี","pc":"TH94","p":"ปัตตานี","km2":8.0,"lat":6.8562,"lon":101.2681},"geometry":{"type":"Polygon","coordinates":[[[101.2533,6.8421],[101.2497,6.8504],[101.2621,6.8662],[101.2907,6.8516],[101.2892,6.8424],[101.2533,6.8421]]]}},{"type":"Feature","properties":{"tc":"TH940112","t":"บาราเฮาะ","te":"Bara Ho","ac":"TH9401","a":"เมืองปัตตานี","pc":"TH94","p":"ปัตตานี","km2":10.7,"lat":6.8284,"lon":101.27},"geometry":{"type":"Polygon","coordinates":[[[101.2533,6.8421],[101.2892,6.8424],[101.293,6.8335],[101.2908,6.8232],[101.2449,6.8198],[101.2533,6.8421]]]}},{"type":"Feature","properties":{"tc":"TH940113","t":"ปุยุด","te":"Pu Yut","ac":"TH9401","a":"เมืองปัตตานี","pc":"TH94","p":"ปัตตานี","km2":7.7,"lat":6.8144,"lon":101.2675},"geometry":{"type":"Polygon","coordinates":[[[101.286,6.8091],[101.2525,6.8029],[101.2449,6.8198],[101.2908,6.8232],[101.286,6.8091]]]}},{"type":"Feature","properties":{"tc":"TH940201","t":"โคกโพธิ์","te":"Khok Pho","ac":"TH9402","a":"โคกโพธิ์","pc":"TH94","p":"ปัตตานี","km2":40.3,"lat":6.7584,"lon":101.0413},"geometry":{"type":"Polygon","coordinates":[[[101.089,6.7381],[101.1062,6.7394],[101.1025,6.7239],[101.0579,6.7068],[101.0176,6.7249],[101.0288,6.7774],[101.089,6.7381]]]}},{"type":"Feature","properties":{"tc":"TH940202","t":"มะกรูด","te":"Makrut","ac":"TH9402","a":"โคกโพธิ์","pc":"TH94","p":"ปัตตานี","km2":16.9,"lat":6.7316,"lon":101.1206},"geometry":{"type":"Polygon","coordinates":[[[101.1494,6.7136],[101.1229,6.7045],[101.1025,6.7239],[101.1144,6.7642],[101.1494,6.7136]]]}},{"type":"Feature","properties":{"tc":"TH940203","t":"บางโกระ","te":"Bang Kro","ac":"TH9402","a":"โคกโพธิ์","pc":"TH94","p":"ปัตตานี","km2":2.9,"lat":6.7518,"lon":101.1059},"geometry":{"type":"Polygon","coordinates":[[[101.1174,6.7694],[101.1062,6.7394],[101.089,6.7381],[101.1174,6.7694]]]}},{"type":"Feature","properties":{"tc":"TH940204","t":"ป่าบอน","te":"Pa Bon","ac":"TH9402","a":"โคกโพธิ์","pc":"TH94","p":"ปัตตานี","km2":12.3,"lat":6.7154,"lon":101.0959},"geometry":{"type":"Polygon","coordinates":[[[101.1025,6.7239],[101.1229,6.7045],[101.1053,6.6937],[101.0579,6.7068],[101.1025,6.7239]]]}},{"type":"Feature","properties":{"tc":"TH940205","t":"ทรายขาว","te":"Sai Khao","ac":"TH9402","a":"โคกโพธิ์","pc":"TH94","p":"ปัตตานี","km2":26.8,"lat":6.6746,"lon":101.0997},"geometry":{"type":"Polygon","coordinates":[[[101.117,6.6315],[101.1135,6.6269],[101.1036,6.628],[101.0622,6.6554],[101.1053,6.6937],[101.1149,6.6984],[101.117,6.6315]]]}},{"type":"Feature","properties":{"tc":"TH940206","t":"นาประดู่","te":"Na Pradu","ac":"TH9402","a":"โคกโพธิ์","pc":"TH94","p":"ปัตตานี","km2":31.4,"lat":6.6542,"lon":101.1278},"geometry":{"type":"Polygon","coordinates":[[[101.1494,6.7136],[101.1633,6.7116],[101.1616,6.6768],[101.117,6.6315],[101.1149,6.6984],[101.1229,6.7045],[101.1494,6.7136]]]}},{"type":"Feature","properties":{"tc":"TH940207","t":"ปากล่อ","te":"Pak Lo","ac":"TH9402","a":"โคกโพธิ์","pc":"TH94","p":"ปัตตานี","km2":27.1,"lat":6.628,"lon":101.1866},"geometry":{"type":"Polygon","coordinates":[[[101.224,6.6063],[101.1892,6.5987],[101.1283,6.612],[101.199,6.644],[101.224,6.6063]]]}},{"type":"Feature","properties":{"tc":"TH940208","t":"ทุ่งพลา","te":"Thung Phla","ac":"TH9402","a":"โคกโพธิ์","pc":"TH94","p":"ปัตตานี","km2":33.5,"lat":6.6475,"lon":101.1678},"geometry":{"type":"Polygon","coordinates":[[[101.1843,6.662],[101.2065,6.651],[101.199,6.644],[101.1283,6.612],[101.1135,6.6269],[101.1616,6.6768],[101.1843,6.662]]]}},{"type":"Feature","properties":{"tc":"TH940211","t":"ท่าเรือ","te":"Tha Ruea","ac":"TH9402","a":"โคกโพธิ์","pc":"TH94","p":"ปัตตานี","km2":38.6,"lat":6.7734,"lon":101.0773},"geometry":{"type":"Polygon","coordinates":[[[101.0544,6.8015],[101.1232,6.7794],[101.1174,6.7694],[101.089,6.7381],[101.0288,6.7774],[101.0544,6.8015]]]}},{"type":"Feature","properties":{"tc":"TH940213","t":"นาเกตุ","te":"Na Ket","ac":"TH9402","a":"โคกโพธิ์","pc":"TH94","p":"ปัตตานี","km2":35.5,"lat":6.7318,"lon":101.1575},"geometry":{"type":"Polygon","coordinates":[[[101.172,6.7637],[101.1907,6.7557],[101.1917,6.75],[101.1633,6.7116],[101.1494,6.7136],[101.1144,6.7642],[101.1232,6.7794],[101.172,6.7637]]]}},{"type":"Feature","properties":{"tc":"TH940214","t":"ควนโนรี","te":"Khuan Nori","ac":"TH9402","a":"โคกโพธิ์","pc":"TH94","p":"ปัตตานี","km2":28.2,"lat":6.6942,"lon":101.1797},"geometry":{"type":"Polygon","coordinates":[[[101.202,6.7273],[101.2082,6.7233],[101.1843,6.662],[101.1616,6.6768],[101.1633,6.7116],[101.1917,6.75],[101.202,6.7273]]]}},{"type":"Feature","properties":{"tc":"TH940215","t":"ช้างให้ตก","te":"Chang Hai Tok","ac":"TH9402","a":"โคกโพธิ์","pc":"TH94","p":"ปัตตานี","km2":15.1,"lat":6.6856,"lon":101.0771},"geometry":{"type":"Polygon","coordinates":[[[101.1053,6.6937],[101.0622,6.6554],[101.057,6.6775],[101.0606,6.7057],[101.1053,6.6937]]]}},{"type":"Feature","properties":{"tc":"TH940301","t":"เกาะเปาะ","te":"Ko Po","ac":"TH9403","a":"หนองจิก","pc":"TH94","p":"ปัตตานี","km2":3.6,"lat":6.8082,"lon":101.2041},"geometry":{"type":"Polygon","coordinates":[[[101.2095,6.8191],[101.2079,6.7974],[101.1905,6.8201],[101.1932,6.8287],[101.2095,6.8191]]]}},{"type":"Feature","properties":{"tc":"TH940302","t":"คอลอตันหยง","te":"Kholo Tanyong","ac":"TH9403","a":"หนองจิก","pc":"TH94","p":"ปัตตานี","km2":20.5,"lat":6.7446,"lon":101.2215},"geometry":{"type":"Polygon","coordinates":[[[101.2386,6.7631],[101.2518,6.7392],[101.202,6.7273],[101.1907,6.7557],[101.2104,6.7701],[101.2189,6.7663],[101.2386,6.7631]]]}},{"type":"Feature","properties":{"tc":"TH940303","t":"ดอนรัก","te":"Don Rak","ac":"TH9403","a":"หนองจิก","pc":"TH94","p":"ปัตตานี","km2":9.3,"lat":6.8414,"lon":101.2099},"geometry":{"type":"Polygon","coordinates":[[[101.2272,6.854],[101.2127,6.8208],[101.2095,6.8191],[101.1932,6.8287],[101.2044,6.8573],[101.2272,6.854]]]}},{"type":"Feature","properties":{"tc":"TH940304","t":"ดาโต๊ะ","te":"Dato","ac":"TH9403","a":"หนองจิก","pc":"TH94","p":"ปัตตานี","km2":16.8,"lat":6.7155,"lon":101.2393},"geometry":{"type":"Polygon","coordinates":[[[101.2665,6.6952],[101.2295,6.7076],[101.202,6.7273],[101.2518,6.7392],[101.2665,6.6952]]]}},{"type":"Feature","properties":{"tc":"TH940305","t":"ตุยง","te":"Tuyong","ac":"TH9403","a":"หนองจิก","pc":"TH94","p":"ปัตตานี","km2":28.5,"lat":6.8244,"lon":101.1738},"geometry":{"type":"Polygon","coordinates":[[[101.2044,6.8573],[101.1905,6.8201],[101.1756,6.7913],[101.1491,6.7993],[101.1642,6.8558],[101.1947,6.8639],[101.2044,6.8573]]]}},{"type":"Feature","properties":{"tc":"TH940306","t":"ท่ากำชำ","te":"Tha Kamcham","ac":"TH9403","a":"หนองจิก","pc":"TH94","p":"ปัตตานี","km2":28.7,"lat":6.8351,"lon":101.0807},"geometry":{"type":"Polygon","coordinates":[[[101.1059,6.8596],[101.0947,6.8131],[101.0862,6.7925],[101.0544,6.8015],[101.0661,6.8571],[101.1059,6.8596]]]}},{"type":"Feature","properties":{"tc":"TH940307","t":"บ่อทอง","te":"Bo Thong","ac":"TH9403","a":"หนองจิก","pc":"TH94","p":"ปัตตานี","km2":27.4,"lat":6.7853,"lon":101.1406},"geometry":{"type":"Polygon","coordinates":[[[101.0947,6.8131],[101.1756,6.7913],[101.172,6.7637],[101.0862,6.7925],[101.0947,6.8131]]]}},{"type":"Feature","properties":{"tc":"TH940308","t":"บางเขา","te":"Bang Khao","ac":"TH9403","a":"หนองจิก","pc":"TH94","p":"ปัตตานี","km2":37.9,"lat":6.8345,"lon":101.1292},"geometry":{"type":"Polygon","coordinates":[[[101.1389,6.8596],[101.1642,6.8558],[101.1491,6.7993],[101.0947,6.8131],[101.1059,6.8596],[101.1389,6.8596]]]}},{"type":"Feature","properties":{"tc":"TH940309","t":"บางตาวา","te":"Bang Tawa","ac":"TH9403","a":"หนองจิก","pc":"TH94","p":"ปัตตานี","km2":2.8,"lat":6.8617,"lon":101.1716},"geometry":{"type":"Polygon","coordinates":[[[101.1925,6.8661],[101.1947,6.8639],[101.1642,6.8558],[101.1389,6.8596],[101.1925,6.8661]]]}},{"type":"Feature","properties":{"tc":"TH940310","t":"ปุโละปุโย","te":"Pulo Puyo","ac":"TH9403","a":"หนองจิก","pc":"TH94","p":"ปัตตานี","km2":19.7,"lat":6.7807,"lon":101.1918},"geometry":{"type":"Polygon","coordinates":[[[101.2104,6.7701],[101.1907,6.7557],[101.172,6.7637],[101.1756,6.7913],[101.1905,6.8201],[101.2079,6.7974],[101.2104,6.7701]]]}},{"type":"Feature","properties":{"tc":"TH940311","t":"ยาบี","te":"Ya Bi","ac":"TH9403","a":"หนองจิก","pc":"TH94","p":"ปัตตานี","km2":10.4,"lat":6.7792,"lon":101.2512},"geometry":{"type":"Polygon","coordinates":[[[101.2711,6.7837],[101.2659,6.7746],[101.2386,6.7631],[101.2189,6.7663],[101.2551,6.7974],[101.2711,6.7837]]]}},{"type":"Feature","properties":{"tc":"TH940312","t":"ลิปะสะโง","te":"Lipa Sa-Ngo","ac":"TH9403","a":"หนองจิก","pc":"TH94","p":"ปัตตานี","km2":21.9,"lat":6.7837,"lon":101.2242},"geometry":{"type":"Polygon","coordinates":[[[101.2449,6.8198],[101.2551,6.7974],[101.2189,6.7663],[101.2104,6.7701],[101.2079,6.7974],[101.2095,6.8191],[101.2127,6.8208],[101.2449,6.8198]]]}},{"type":"Feature","properties":{"tc":"TH940401","t":"ปะนาเระ","te":"Panare","ac":"TH9404","a":"ปะนาเระ","pc":"TH94","p":"ปัตตานี","km2":13.5,"lat":6.8735,"lon":101.4696},"geometry":{"type":"Polygon","coordinates":[[[101.5111,6.8642],[101.5078,6.85],[101.4819,6.851],[101.4541,6.8638],[101.4566,6.8828],[101.5111,6.8642]]]}},{"type":"Feature","properties":{"tc":"TH940402","t":"ท่าข้าม","te":"Tha Kham","ac":"TH9404","a":"ปะนาเระ","pc":"TH94","p":"ปัตตานี","km2":9.7,"lat":6.8393,"lon":101.4821},"geometry":{"type":"Polygon","coordinates":[[[101.5078,6.85],[101.4831,6.8233],[101.4521,6.8285],[101.4819,6.851],[101.5078,6.85]]]}},{"type":"Feature","properties":{"tc":"TH940403","t":"บ้านนอก","te":"Ban Nok","ac":"TH9404","a":"ปะนาเระ","pc":"TH94","p":"ปัตตานี","km2":11.9,"lat":6.8129,"lon":101.4791},"geometry":{"type":"Polygon","coordinates":[[[101.4831,6.8233],[101.5017,6.8098],[101.51,6.8001],[101.469,6.7989],[101.4591,6.816],[101.4508,6.825],[101.4521,6.8285],[101.4831,6.8233]]]}},{"type":"Feature","properties":{"tc":"TH940404","t":"ดอน","te":"Don","ac":"TH9404","a":"ปะนาเระ","pc":"TH94","p":"ปัตตานี","km2":12.5,"lat":6.7862,"lon":101.4848},"geometry":{"type":"Polygon","coordinates":[[[101.51,6.8001],[101.5109,6.7981],[101.4938,6.7767],[101.4729,6.7631],[101.4614,6.7738],[101.4661,6.7759],[101.4699,6.7958],[101.469,6.7989],[101.51,6.8001]]]}},{"type":"Feature","properties":{"tc":"TH940405","t":"ควน","te":"Khuan","ac":"TH9404","a":"ปะนาเระ","pc":"TH94","p":"ปัตตานี","km2":10.0,"lat":6.7528,"lon":101.4956},"geometry":{"type":"Polygon","coordinates":[[[101.5145,6.7425],[101.5012,6.7339],[101.4729,6.7631],[101.4938,6.7767],[101.5145,6.7425]]]}},{"type":"Feature","properties":{"tc":"TH940406","t":"ท่าน้ำ","te":"Tha Nam","ac":"TH9404","a":"ปะนาเระ","pc":"TH94","p":"ปัตตานี","km2":14.5,"lat":6.7724,"lon":101.5146},"geometry":{"type":"Polygon","coordinates":[[[101.5109,6.7981],[101.5358,6.768],[101.5145,6.7425],[101.4938,6.7767],[101.5109,6.7981]]]}},{"type":"Feature","properties":{"tc":"TH940407","t":"คอกกระบือ","te":"Khok Krabue","ac":"TH9404","a":"ปะนาเระ","pc":"TH94","p":"ปัตตานี","km2":7.1,"lat":6.7893,"lon":101.5251},"geometry":{"type":"Polygon","coordinates":[[[101.5414,6.8087],[101.5267,6.7805],[101.5017,6.8098],[101.5414,6.8087]]]}},{"type":"Feature","properties":{"tc":"TH940408","t":"พ่อมิ่ง","te":"Pho Ming","ac":"TH9404","a":"ปะนาเระ","pc":"TH94","p":"ปัตตานี","km2":11.3,"lat":6.7946,"lon":101.5432},"geometry":{"type":"Polygon","coordinates":[[[101.5641,6.7689],[101.5517,6.767],[101.5358,6.768],[101.5267,6.7805],[101.5414,6.8087],[101.5418,6.8174],[101.5641,6.7689]]]}},{"type":"Feature","properties":{"tc":"TH940409","t":"บ้านกลาง","te":"Ban Klang","ac":"TH9404","a":"ปะนาเระ","pc":"TH94","p":"ปัตตานี","km2":26.7,"lat":6.8346,"lon":101.5186},"geometry":{"type":"Polygon","coordinates":[[[101.5448,6.846],[101.5414,6.8087],[101.5017,6.8098],[101.4831,6.8233],[101.5078,6.85],[101.5111,6.8642],[101.5448,6.846]]]}},{"type":"Feature","properties":{"tc":"TH940410","t":"บ้านน้ำบ่อ","te":"Ban Nam Bo","ac":"TH9404","a":"ปะนาเระ","pc":"TH94","p":"ปัตตานี","km2":21.1,"lat":6.7996,"lon":101.5656},"geometry":{"type":"Polygon","coordinates":[[[101.5953,6.7817],[101.5641,6.7689],[101.5418,6.8174],[101.5448,6.846],[101.5953,6.7817]]]}},{"type":"Feature","properties":{"tc":"TH940501","t":"มายอ","te":"Mayo","ac":"TH9405","a":"มายอ","pc":"TH94","p":"ปัตตานี","km2":11.4,"lat":6.7208,"lon":101.4176},"geometry":{"type":"Polygon","coordinates":[[[101.4331,6.7257],[101.4395,6.7083],[101.4375,6.7024],[101.4034,6.7038],[101.3995,6.716],[101.4025,6.7329],[101.4331,6.7257]]]}},{"type":"Feature","properties":{"tc":"TH940502","t":"ถนน","te":"Thanon","ac":"TH9405","a":"มายอ","pc":"TH94","p":"ปัตตานี","km2":10.2,"lat":6.7535,"lon":101.4169},"geometry":{"type":"Polygon","coordinates":[[[101.4331,6.7257],[101.4025,6.7329],[101.4069,6.7465],[101.4086,6.7605],[101.4155,6.7739],[101.4325,6.7407],[101.4331,6.7257]]]}},{"type":"Feature","properties":{"tc":"TH940503","t":"ตรัง","te":"Trang","ac":"TH9405","a":"มายอ","pc":"TH94","p":"ปัตตานี","km2":23.8,"lat":6.6861,"lon":101.383},"geometry":{"type":"Polygon","coordinates":[[[101.3995,6.716],[101.4034,6.7038],[101.3877,6.6683],[101.3487,6.7087],[101.3513,6.7292],[101.3604,6.7303],[101.3995,6.716]]]}},{"type":"Feature","properties":{"tc":"TH940504","t":"กระหวะ","te":"Krawa","ac":"TH9405","a":"มายอ","pc":"TH94","p":"ปัตตานี","km2":14.1,"lat":6.7602,"lon":101.4429},"geometry":{"type":"Polygon","coordinates":[[[101.4614,6.7738],[101.4708,6.7642],[101.4325,6.7407],[101.4155,6.7739],[101.4171,6.7788],[101.4614,6.7738]]]}},{"type":"Feature","properties":{"tc":"TH940505","t":"ลุโบะยิไร","te":"Lubo Yiri","ac":"TH9405","a":"มายอ","pc":"TH94","p":"ปัตตานี","km2":54.5,"lat":6.658,"lon":101.4027},"geometry":{"type":"Polygon","coordinates":[[[101.4375,6.7024],[101.4297,6.6429],[101.3726,6.5994],[101.3596,6.6478],[101.3877,6.6683],[101.4034,6.7038],[101.4375,6.7024]]]}},{"type":"Feature","properties":{"tc":"TH940506","t":"ลางา","te":"La-Nga","ac":"TH9405","a":"มายอ","pc":"TH94","p":"ปัตตานี","km2":20.2,"lat":6.745,"lon":101.4734},"geometry":{"type":"Polygon","coordinates":[[[101.4708,6.7642],[101.5012,6.7339],[101.4867,6.7126],[101.4588,6.7118],[101.4555,6.7561],[101.4708,6.7642]]]}},{"type":"Feature","properties":{"tc":"TH940507","t":"กระเสาะ","te":"Kraso","ac":"TH9405","a":"มายอ","pc":"TH94","p":"ปัตตานี","km2":7.7,"lat":6.7535,"lon":101.3874},"geometry":{"type":"Polygon","coordinates":[[[101.4086,6.7605],[101.4069,6.7465],[101.3665,6.7457],[101.3678,6.7633],[101.4086,6.7605]]]}},{"type":"Feature","properties":{"tc":"TH940508","t":"เกาะจัน","te":"Ko Chan","ac":"TH9405","a":"มายอ","pc":"TH94","p":"ปัตตานี","km2":11.6,"lat":6.7316,"lon":101.3816},"geometry":{"type":"Polygon","coordinates":[[[101.4069,6.7465],[101.3995,6.716],[101.3604,6.7303],[101.3665,6.7457],[101.4069,6.7465]]]}},{"type":"Feature","properties":{"tc":"TH940509","t":"ปะโด","te":"Pado","ac":"TH9405","a":"มายอ","pc":"TH94","p":"ปัตตานี","km2":19.1,"lat":6.6829,"lon":101.3566},"geometry":{"type":"Polygon","coordinates":[[[101.3877,6.6683],[101.3596,6.6478],[101.3314,6.6976],[101.3487,6.7087],[101.3877,6.6683]]]}},{"type":"Feature","properties":{"tc":"TH940510","t":"สาคอบน","te":"Sakho Bon","ac":"TH9405","a":"มายอ","pc":"TH94","p":"ปัตตานี","km2":5.7,"lat":6.7542,"lon":101.3438},"geometry":{"type":"Polygon","coordinates":[[[101.3341,6.7703],[101.3574,6.7674],[101.343,6.7356],[101.3372,6.7388],[101.3341,6.7703]]]}},{"type":"Feature","properties":{"tc":"TH940511","t":"สาคอใต้","te":"Sakho Tai","ac":"TH9405","a":"มายอ","pc":"TH94","p":"ปัตตานี","km2":7.1,"lat":6.7545,"lon":101.3593},"geometry":{"type":"Polygon","coordinates":[[[101.3678,6.7633],[101.3665,6.7457],[101.3604,6.7303],[101.3513,6.7292],[101.343,6.7356],[101.3574,6.7674],[101.3678,6.7633]]]}},{"type":"Feature","properties":{"tc":"TH940512","t":"สะกำ","te":"Sakam","ac":"TH9405","a":"มายอ","pc":"TH94","p":"ปัตตานี","km2":11.1,"lat":6.7332,"lon":101.445},"geometry":{"type":"Polygon","coordinates":[[[101.4588,6.7118],[101.4395,6.7083],[101.4331,6.7257],[101.4325,6.7407],[101.4555,6.7561],[101.4588,6.7118]]]}},{"type":"Feature","properties":{"tc":"TH940513","t":"ปานัน","te":"Pa Nan","ac":"TH9405","a":"มายอ","pc":"TH94","p":"ปัตตานี","km2":10.2,"lat":6.7166,"lon":101.3362},"geometry":{"type":"Polygon","coordinates":[[[101.3314,6.6976],[101.3255,6.7062],[101.3203,6.7245],[101.3372,6.7388],[101.3513,6.7292],[101.3487,6.7087],[101.3314,6.6976]]]}},{"type":"Feature","properties":{"tc":"TH940601","t":"ตะโละแมะนา","te":"Talo Maena","ac":"TH9406","a":"ทุ่งยางแดง","pc":"TH94","p":"ปัตตานี","km2":24.6,"lat":6.6184,"lon":101.411},"geometry":{"type":"Polygon","coordinates":[[[101.4273,6.5939],[101.4105,6.5831],[101.3824,6.5696],[101.3726,6.5994],[101.4223,6.6373],[101.4273,6.5939]]]}},{"type":"Feature","properties":{"tc":"TH940602","t":"พิเทน","te":"Phithen","ac":"TH9406","a":"ทุ่งยางแดง","pc":"TH94","p":"ปัตตานี","km2":51.5,"lat":6.6712,"lon":101.4658},"geometry":{"type":"Polygon","coordinates":[[[101.5158,6.6986],[101.5107,6.6759],[101.4856,6.6664],[101.4444,6.6359],[101.4297,6.6429],[101.4395,6.7083],[101.4588,6.7118],[101.4867,6.7126],[101.5158,6.6986]]]}},{"type":"Feature","properties":{"tc":"TH940603","t":"น้ำดำ","te":"Nam Dam","ac":"TH9406","a":"ทุ่งยางแดง","pc":"TH94","p":"ปัตตานี","km2":17.5,"lat":6.6159,"lon":101.441},"geometry":{"type":"Polygon","coordinates":[[[101.4444,6.6359],[101.4701,6.596],[101.4273,6.5939],[101.4223,6.6373],[101.4297,6.6429],[101.4444,6.6359]]]}},{"type":"Feature","properties":{"tc":"TH940604","t":"ปากู","te":"Pa Ku","ac":"TH9406","a":"ทุ่งยางแดง","pc":"TH94","p":"ปัตตานี","km2":28.2,"lat":6.6198,"lon":101.4764},"geometry":{"type":"Polygon","coordinates":[[[101.5024,6.6037],[101.4701,6.596],[101.4444,6.6359],[101.4856,6.6664],[101.5024,6.6037]]]}},{"type":"Feature","properties":{"tc":"TH940701","t":"ตะลุบัน","te":"Talu Ban","ac":"TH9407","a":"สายบุรี","pc":"TH94","p":"ปัตตานี","km2":17.2,"lat":6.6983,"lon":101.6301},"geometry":{"type":"Polygon","coordinates":[[[101.6638,6.6715],[101.6407,6.6738],[101.6098,6.6886],[101.6116,6.7079],[101.6398,6.7161],[101.6638,6.6715]]]}},{"type":"Feature","properties":{"tc":"TH940702","t":"ตะบิ้ง","te":"Tabing","ac":"TH9407","a":"สายบุรี","pc":"TH94","p":"ปัตตานี","km2":14.7,"lat":6.6825,"lon":101.5919},"geometry":{"type":"Polygon","coordinates":[[[101.6116,6.7079],[101.6098,6.6886],[101.6065,6.6763],[101.5811,6.6556],[101.565,6.6652],[101.5803,6.6903],[101.6116,6.7079]]]}},{"type":"Feature","properties":{"tc":"TH940703","t":"ปะเสยะวอ","te":"Pase Yawo","ac":"TH9407","a":"สายบุรี","pc":"TH94","p":"ปัตตานี","km2":30.8,"lat":6.7302,"lon":101.6024},"geometry":{"type":"Polygon","coordinates":[[[101.6398,6.7161],[101.6116,6.7079],[101.5803,6.6903],[101.5699,6.7017],[101.5786,6.7444],[101.6126,6.7521],[101.6398,6.7161]]]}},{"type":"Feature","properties":{"tc":"TH940704","t":"บางเก่า","te":"Bang Kao","ac":"TH9407","a":"สายบุรี","pc":"TH94","p":"ปัตตานี","km2":14.9,"lat":6.7595,"lon":101.5844},"geometry":{"type":"Polygon","coordinates":[[[101.6126,6.7521],[101.5786,6.7444],[101.5517,6.767],[101.5641,6.7689],[101.5953,6.7817],[101.6126,6.7521]]]}},{"type":"Feature","properties":{"tc":"TH940705","t":"บือเระ","te":"Buere","ac":"TH9407","a":"สายบุรี","pc":"TH94","p":"ปัตตานี","km2":10.6,"lat":6.7217,"lon":101.5581},"geometry":{"type":"Polygon","coordinates":[[[101.5699,6.7017],[101.5435,6.7162],[101.5408,6.7272],[101.5786,6.7444],[101.5699,6.7017]]]}},{"type":"Feature","properties":{"tc":"TH940706","t":"เตราะบอน","te":"Tro Bon","ac":"TH9407","a":"สายบุรี","pc":"TH94","p":"ปัตตานี","km2":29.1,"lat":6.6944,"lon":101.5457},"geometry":{"type":"Polygon","coordinates":[[[101.5699,6.7017],[101.5803,6.6903],[101.565,6.6652],[101.5498,6.6647],[101.5107,6.6759],[101.5158,6.6986],[101.5435,6.7162],[101.5699,6.7017]]]}},{"type":"Feature","properties":{"tc":"TH940707","t":"กะดุนง","te":"Kadunong","ac":"TH9407","a":"สายบุรี","pc":"TH94","p":"ปัตตานี","km2":8.2,"lat":6.6484,"lon":101.5668},"geometry":{"type":"Polygon","coordinates":[[[101.565,6.6652],[101.5811,6.6556],[101.576,6.6412],[101.5614,6.6287],[101.5498,6.6647],[101.565,6.6652]]]}},{"type":"Feature","properties":{"tc":"TH940708","t":"ละหาร","te":"Lahan","ac":"TH9407","a":"สายบุรี","pc":"TH94","p":"ปัตตานี","km2":17.2,"lat":6.6593,"lon":101.6246},"geometry":{"type":"Polygon","coordinates":[[[101.6386,6.6447],[101.6314,6.6351],[101.6148,6.6296],[101.6065,6.6763],[101.6098,6.6886],[101.6407,6.6738],[101.6386,6.6447]]]}},{"type":"Feature","properties":{"tc":"TH940709","t":"มะนังดาลำ","te":"Manang Dalam","ac":"TH9407","a":"สายบุรี","pc":"TH94","p":"ปัตตานี","km2":14.9,"lat":6.6484,"lon":101.595},"geometry":{"type":"Polygon","coordinates":[[[101.6065,6.6763],[101.6148,6.6296],[101.5867,6.6264],[101.576,6.6412],[101.5811,6.6556],[101.6065,6.6763]]]}},{"type":"Feature","properties":{"tc":"TH940710","t":"แป้น","te":"Paen","ac":"TH9407","a":"สายบุรี","pc":"TH94","p":"ปัตตานี","km2":18.0,"lat":6.7557,"lon":101.5455},"geometry":{"type":"Polygon","coordinates":[[[101.5517,6.767],[101.5786,6.7444],[101.5408,6.7272],[101.5152,6.7428],[101.5358,6.768],[101.5517,6.767]]]}},{"type":"Feature","properties":{"tc":"TH940711","t":"ทุ่งคล้า","te":"Thung Khla","ac":"TH9407","a":"สายบุรี","pc":"TH94","p":"ปัตตานี","km2":18.0,"lat":6.7217,"lon":101.5175},"geometry":{"type":"Polygon","coordinates":[[[101.5408,6.7272],[101.5435,6.7162],[101.5158,6.6986],[101.4867,6.7126],[101.5012,6.7339],[101.5152,6.7428],[101.5408,6.7272]]]}},{"type":"Feature","properties":{"tc":"TH940801","t":"ไทรทอง","te":"Sai Thong","ac":"TH9408","a":"ไม้แก่น","pc":"TH94","p":"ปัตตานี","km2":29.6,"lat":6.6116,"lon":101.6669},"geometry":{"type":"Polygon","coordinates":[[[101.7011,6.5689],[101.6751,6.573],[101.652,6.6023],[101.6347,6.6208],[101.6829,6.6413],[101.7011,6.5689]]]}},{"type":"Feature","properties":{"tc":"TH940802","t":"ไม้แก่น","te":"Mai Kaen","ac":"TH9408","a":"ไม้แก่น","pc":"TH94","p":"ปัตตานี","km2":15.4,"lat":6.6581,"lon":101.6563},"geometry":{"type":"Polygon","coordinates":[[[101.6638,6.6715],[101.6838,6.642],[101.6618,6.6314],[101.6386,6.6447],[101.6407,6.6738],[101.6638,6.6715]]]}},{"type":"Feature","properties":{"tc":"TH940803","t":"ตะโละไกรทอง","te":"Talo Krai Thong","ac":"TH9408","a":"ไม้แก่น","pc":"TH94","p":"ปัตตานี","km2":4.6,"lat":6.6332,"lon":101.6452},"geometry":{"type":"Polygon","coordinates":[[[101.6618,6.6314],[101.6347,6.6208],[101.6314,6.6351],[101.6386,6.6447],[101.6618,6.6314]]]}},{"type":"Feature","properties":{"tc":"TH940804","t":"ดอนทราย","te":"Don Sai","ac":"TH9408","a":"ไม้แก่น","pc":"TH94","p":"ปัตตานี","km2":12.4,"lat":6.6091,"lon":101.6978},"geometry":{"type":"Polygon","coordinates":[[[101.7248,6.5769],[101.7093,6.5689],[101.7011,6.5689],[101.6838,6.642],[101.7248,6.5769]]]}},{"type":"Feature","properties":{"tc":"TH940901","t":"ตะโละ","te":"Talo","ac":"TH9409","a":"ยะหริ่ง","pc":"TH94","p":"ปัตตานี","km2":13.0,"lat":6.7785,"lon":101.3529},"geometry":{"type":"Polygon","coordinates":[[[101.3703,6.7622],[101.3574,6.7674],[101.3341,6.7703],[101.3356,6.8036],[101.372,6.7868],[101.3703,6.7622]]]}},{"type":"Feature","properties":{"tc":"TH940902","t":"ตะโละกาโปร์","te":"Talo Kapo","ac":"TH9409","a":"ยะหริ่ง","pc":"TH94","p":"ปัตตานี","km2":34.5,"lat":6.8841,"lon":101.3976},"geometry":{"type":"Polygon","coordinates":[[[101.4566,6.8828],[101.4541,6.8638],[101.4219,6.8619],[101.3917,6.8742],[101.3683,6.8687],[101.3428,6.8854],[101.345,6.8968],[101.3581,6.9038],[101.4566,6.8828]]]}},{"type":"Feature","properties":{"tc":"TH940903","t":"ตันหยงดาลอ","te":"Tanyong Dalo","ac":"TH9409","a":"ยะหริ่ง","pc":"TH94","p":"ปัตตานี","km2":10.2,"lat":6.8193,"lon":101.425},"geometry":{"type":"Polygon","coordinates":[[[101.4354,6.8334],[101.4333,6.7973],[101.4187,6.7866],[101.4139,6.8329],[101.4212,6.8371],[101.4354,6.8334]]]}},{"type":"Feature","properties":{"tc":"TH940904","t":"ตันหยงจึงงา","te":"Tanyong Chueng Nga","ac":"TH9409","a":"ยะหริ่ง","pc":"TH94","p":"ปัตตานี","km2":3.8,"lat":6.7849,"lon":101.46},"geometry":{"type":"Polygon","coordinates":[[[101.4699,6.7958],[101.4661,6.7759],[101.4383,6.7939],[101.4699,6.7958]]]}},{"type":"Feature","properties":{"tc":"TH940905","t":"ตอหลัง","te":"To Lang","ac":"TH9409","a":"ยะหริ่ง","pc":"TH94","p":"ปัตตานี","km2":6.5,"lat":6.8023,"lon":101.4505},"geometry":{"type":"Polygon","coordinates":[[[101.4699,6.7958],[101.4383,6.7939],[101.4333,6.7973],[101.4346,6.8058],[101.4591,6.816],[101.4699,6.7958]]]}},{"type":"Feature","properties":{"tc":"TH940906","t":"ตาแกะ","te":"Ta Kae","ac":"TH9409","a":"ยะหริ่ง","pc":"TH94","p":"ปัตตานี","km2":9.8,"lat":6.8417,"lon":101.3375},"geometry":{"type":"Polygon","coordinates":[[[101.3531,6.84],[101.3297,6.8254],[101.3215,6.8434],[101.3239,6.8596],[101.3484,6.8614],[101.3531,6.84]]]}},{"type":"Feature","properties":{"tc":"TH940907","t":"ตาลีอายร์","te":"Tali-Ai","ac":"TH9409","a":"ยะหริ่ง","pc":"TH94","p":"ปัตตานี","km2":14.6,"lat":6.7902,"lon":101.3919},"geometry":{"type":"Polygon","coordinates":[[[101.4172,6.7944],[101.4187,6.7866],[101.4155,6.7739],[101.372,6.7868],[101.3597,6.7936],[101.3639,6.8107],[101.4172,6.7944]]]}},{"type":"Feature","properties":{"tc":"TH940908","t":"ยามู","te":"Ya Mu","ac":"TH9409","a":"ยะหริ่ง","pc":"TH94","p":"ปัตตานี","km2":10.4,"lat":6.859,"lon":101.3665},"geometry":{"type":"Polygon","coordinates":[[[101.3917,6.8742],[101.3745,6.8431],[101.3531,6.84],[101.3484,6.8614],[101.3683,6.8687],[101.3917,6.8742]]]}},{"type":"Feature","properties":{"tc":"TH940909","t":"บางปู","te":"Bang Pu","ac":"TH9409","a":"ยะหริ่ง","pc":"TH94","p":"ปัตตานี","km2":8.8,"lat":6.8727,"lon":101.3432},"geometry":{"type":"Polygon","coordinates":[[[101.3683,6.8687],[101.3484,6.8614],[101.3239,6.8596],[101.3242,6.8767],[101.3428,6.8854],[101.3683,6.8687]]]}},{"type":"Feature","properties":{"tc":"TH940910","t":"หนองแรต","te":"Nong Raet","ac":"TH9409","a":"ยะหริ่ง","pc":"TH94","p":"ปัตตานี","km2":15.5,"lat":6.8469,"lon":101.4044},"geometry":{"type":"Polygon","coordinates":[[[101.4219,6.8619],[101.4212,6.8371],[101.3967,6.8265],[101.3829,6.8566],[101.3917,6.8742],[101.4219,6.8619]]]}},{"type":"Feature","properties":{"tc":"TH940911","t":"ปิยามุมัง","te":"Piya Mumang","ac":"TH9409","a":"ยะหริ่ง","pc":"TH94","p":"ปัตตานี","km2":10.3,"lat":6.8348,"lon":101.3823},"geometry":{"type":"Polygon","coordinates":[[[101.3967,6.8265],[101.3779,6.807],[101.3639,6.8107],[101.3745,6.8431],[101.3829,6.8566],[101.3967,6.8265]]]}},{"type":"Feature","properties":{"tc":"TH940912","t":"ปุลากง","te":"Pulakong","ac":"TH9409","a":"ยะหริ่ง","pc":"TH94","p":"ปัตตานี","km2":10.0,"lat":6.7681,"lon":101.3916},"geometry":{"type":"Polygon","coordinates":[[[101.4155,6.7739],[101.4086,6.7605],[101.3703,6.7622],[101.372,6.7868],[101.4155,6.7739]]]}},{"type":"Feature","properties":{"tc":"TH940913","t":"บาโลย","te":"Baloi","ac":"TH9409","a":"ยะหริ่ง","pc":"TH94","p":"ปัตตานี","km2":7.1,"lat":6.7827,"lon":101.4368},"geometry":{"type":"Polygon","coordinates":[[[101.4661,6.7759],[101.4614,6.7738],[101.4171,6.7788],[101.4187,6.7866],[101.4333,6.7973],[101.4661,6.7759]]]}},{"type":"Feature","properties":{"tc":"TH940914","t":"สาบัน","te":"Saban","ac":"TH9409","a":"ยะหริ่ง","pc":"TH94","p":"ปัตตานี","km2":4.5,"lat":6.8205,"lon":101.445},"geometry":{"type":"Polygon","coordinates":[[[101.4508,6.825],[101.4591,6.816],[101.4346,6.8058],[101.4354,6.8334],[101.4508,6.825]]]}},{"type":"Feature","properties":{"tc":"TH940915","t":"มะนังยง","te":"Manang Yong","ac":"TH9409","a":"ยะหริ่ง","pc":"TH94","p":"ปัตตานี","km2":10.4,"lat":6.8167,"lon":101.4013},"geometry":{"type":"Polygon","coordinates":[[[101.4172,6.7944],[101.3779,6.807],[101.3967,6.8265],[101.4139,6.8329],[101.4172,6.7944]]]}},{"type":"Feature","properties":{"tc":"TH940916","t":"ราตาปันยัง","te":"Rata Panyang","ac":"TH9409","a":"ยะหริ่ง","pc":"TH94","p":"ปัตตานี","km2":16.1,"lat":6.8181,"lon":101.349},"geometry":{"type":"Polygon","coordinates":[[[101.3745,6.8431],[101.3597,6.7936],[101.3356,6.8036],[101.3297,6.8254],[101.3531,6.84],[101.3745,6.8431]]]}},{"type":"Feature","properties":{"tc":"TH940917","t":"จะรัง","te":"Charang","ac":"TH9409","a":"ยะหริ่ง","pc":"TH94","p":"ปัตตานี","km2":18.3,"lat":6.844,"lon":101.447},"geometry":{"type":"Polygon","coordinates":[[[101.4819,6.851],[101.4521,6.8285],[101.4508,6.825],[101.4354,6.8334],[101.4212,6.8371],[101.4219,6.8619],[101.4541,6.8638],[101.4819,6.851]]]}},{"type":"Feature","properties":{"tc":"TH940918","t":"แหลมโพธิ์","te":"Laem Pho","ac":"TH9409","a":"ยะหริ่ง","pc":"TH94","p":"ปัตตานี","km2":3.4,"lat":6.9159,"lon":101.3367},"geometry":{"type":"Polygon","coordinates":[[[101.3581,6.9038],[101.345,6.8968],[101.3241,6.9281],[101.3581,6.9038]]]}},{"type":"Feature","properties":{"tc":"TH941001","t":"ยะรัง","te":"Yarang","ac":"TH9410","a":"ยะรัง","pc":"TH94","p":"ปัตตานี","km2":15.1,"lat":6.7647,"lon":101.286},"geometry":{"type":"Polygon","coordinates":[[[101.3111,6.7783],[101.2995,6.7548],[101.295,6.7512],[101.2692,6.7546],[101.2659,6.7746],[101.2711,6.7837],[101.3026,6.7878],[101.3111,6.7783]]]}},{"type":"Feature","properties":{"tc":"TH941002","t":"สะดาวา","te":"Sadawa","ac":"TH9410","a":"ยะรัง","pc":"TH94","p":"ปัตตานี","km2":16.9,"lat":6.8162,"lon":101.3103},"geometry":{"type":"Polygon","coordinates":[[[101.3297,6.8254],[101.3352,6.801],[101.3173,6.8018],[101.286,6.8091],[101.293,6.8335],[101.3014,6.8341],[101.3215,6.8434],[101.3297,6.8254]]]}},{"type":"Feature","properties":{"tc":"TH941003","t":"ประจัน","te":"Prachan","ac":"TH9410","a":"ยะรัง","pc":"TH94","p":"ปัตตานี","km2":12.9,"lat":6.7926,"lon":101.2842},"geometry":{"type":"Polygon","coordinates":[[[101.3173,6.8018],[101.3026,6.7878],[101.2711,6.7837],[101.2551,6.7974],[101.2525,6.8029],[101.286,6.8091],[101.3173,6.8018]]]}},{"type":"Feature","properties":{"tc":"TH941004","t":"สะนอ","te":"Sano","ac":"TH9410","a":"ยะรัง","pc":"TH94","p":"ปัตตานี","km2":8.6,"lat":6.783,"lon":101.3207},"geometry":{"type":"Polygon","coordinates":[[[101.3352,6.801],[101.3341,6.7703],[101.3111,6.7783],[101.3026,6.7878],[101.3173,6.8018],[101.3352,6.801]]]}},{"type":"Feature","properties":{"tc":"TH941005","t":"ระแว้ง","te":"Rawaeng","ac":"TH9410","a":"ยะรัง","pc":"TH94","p":"ปัตตานี","km2":10.4,"lat":6.7625,"lon":101.3192},"geometry":{"type":"Polygon","coordinates":[[[101.3341,6.7703],[101.3379,6.7411],[101.2995,6.7548],[101.3111,6.7783],[101.3341,6.7703]]]}},{"type":"Feature","properties":{"tc":"TH941006","t":"ปิตูมุดี","te":"Pitu Mudi","ac":"TH9410","a":"ยะรัง","pc":"TH94","p":"ปัตตานี","km2":6.6,"lat":6.7393,"lon":101.2844},"geometry":{"type":"Polygon","coordinates":[[[101.295,6.7512],[101.2922,6.7274],[101.2835,6.7178],[101.2692,6.7546],[101.295,6.7512]]]}},{"type":"Feature","properties":{"tc":"TH941007","t":"วัด","te":"Wat","ac":"TH9410","a":"ยะรัง","pc":"TH94","p":"ปัตตานี","km2":11.1,"lat":6.7399,"lon":101.3156},"geometry":{"type":"Polygon","coordinates":[[[101.3379,6.7411],[101.3203,6.7245],[101.2922,6.7274],[101.295,6.7512],[101.2995,6.7548],[101.3379,6.7411]]]}},{"type":"Feature","properties":{"tc":"TH941008","t":"กระโด","te":"Krado","ac":"TH9410","a":"ยะรัง","pc":"TH94","p":"ปัตตานี","km2":9.3,"lat":6.715,"lon":101.3041},"geometry":{"type":"Polygon","coordinates":[[[101.3203,6.7245],[101.3255,6.7062],[101.3095,6.7009],[101.2867,6.7122],[101.2835,6.7178],[101.2922,6.7274],[101.3203,6.7245]]]}},{"type":"Feature","properties":{"tc":"TH941009","t":"คลองใหม่","te":"Khlong Mai","ac":"TH9410","a":"ยะรัง","pc":"TH94","p":"ปัตตานี","km2":20.4,"lat":6.7285,"lon":101.2674},"geometry":{"type":"Polygon","coordinates":[[[101.2659,6.7746],[101.2692,6.7546],[101.2867,6.7122],[101.2665,6.6952],[101.2518,6.7392],[101.2386,6.7631],[101.2659,6.7746]]]}},{"type":"Feature","properties":{"tc":"TH941010","t":"เมาะมาวี","te":"Mo Mawi","ac":"TH9410","a":"ยะรัง","pc":"TH94","p":"ปัตตานี","km2":31.4,"lat":6.6563,"lon":101.3066},"geometry":{"type":"Polygon","coordinates":[[[101.3095,6.7009],[101.3308,6.6307],[101.3034,6.6212],[101.2804,6.6819],[101.2867,6.7122],[101.3095,6.7009]]]}},{"type":"Feature","properties":{"tc":"TH941011","t":"กอลำ","te":"Ko Lam","ac":"TH9410","a":"ยะรัง","pc":"TH94","p":"ปัตตานี","km2":23.3,"lat":6.6727,"lon":101.3318},"geometry":{"type":"Polygon","coordinates":[[[101.3611,6.6409],[101.3308,6.6307],[101.3095,6.7009],[101.3255,6.7062],[101.3596,6.6478],[101.3611,6.6409]]]}},{"type":"Feature","properties":{"tc":"TH941012","t":"เขาตูม","te":"Khao Tum","ac":"TH9410","a":"ยะรัง","pc":"TH94","p":"ปัตตานี","km2":63.1,"lat":6.5914,"lon":101.336},"geometry":{"type":"Polygon","coordinates":[[[101.3611,6.6409],[101.3824,6.5696],[101.3549,6.5572],[101.3021,6.5687],[101.2979,6.5835],[101.2935,6.6166],[101.3611,6.6409]]]}},{"type":"Feature","properties":{"tc":"TH941101","t":"กะรุบี","te":"Karubi","ac":"TH9411","a":"กะพ้อ","pc":"TH94","p":"ปัตตานี","km2":29.2,"lat":6.5808,"lon":101.5578},"geometry":{"type":"Polygon","coordinates":[[[101.5967,6.578],[101.5924,6.5656],[101.5368,6.556],[101.5221,6.5836],[101.5429,6.6104],[101.5967,6.578]]]}},{"type":"Feature","properties":{"tc":"TH941102","t":"ตะโละดือรามัน","te":"Talo Due Raman","ac":"TH9411","a":"กะพ้อ","pc":"TH94","p":"ปัตตานี","km2":19.4,"lat":6.5959,"lon":101.5801},"geometry":{"type":"Polygon","coordinates":[[[101.576,6.6412],[101.5867,6.6264],[101.5967,6.578],[101.5429,6.6104],[101.576,6.6412]]]}},{"type":"Feature","properties":{"tc":"TH941103","t":"ปล่องหอย","te":"Plong Hoi","ac":"TH9411","a":"กะพ้อ","pc":"TH94","p":"ปัตตานี","km2":52.6,"lat":6.6467,"lon":101.5232},"geometry":{"type":"Polygon","coordinates":[[[101.5498,6.6647],[101.5614,6.6287],[101.5429,6.6104],[101.5221,6.5836],[101.507,6.603],[101.5024,6.6037],[101.4856,6.6664],[101.5107,6.6759],[101.5498,6.6647]]]}},{"type":"Feature","properties":{"tc":"TH941201","t":"แม่ลาน","te":"Mae Lan","ac":"TH9412","a":"แม่ลาน","pc":"TH94","p":"ปัตตานี","km2":30.9,"lat":6.6448,"lon":101.2343},"geometry":{"type":"Polygon","coordinates":[[[101.2701,6.6456],[101.2367,6.6274],[101.2286,6.6111],[101.224,6.6063],[101.199,6.644],[101.2351,6.684],[101.2701,6.6456]]]}},{"type":"Feature","properties":{"tc":"TH941202","t":"ม่วงเตี้ย","te":"Muang Tia","ac":"TH9412","a":"แม่ลาน","pc":"TH94","p":"ปัตตานี","km2":21.8,"lat":6.6637,"lon":101.2644},"geometry":{"type":"Polygon","coordinates":[[[101.2867,6.7122],[101.2804,6.6819],[101.2701,6.6456],[101.2351,6.684],[101.2295,6.7076],[101.2665,6.6952],[101.2867,6.7122]]]}},{"type":"Feature","properties":{"tc":"TH941203","t":"ป่าไร่","te":"Pa Rai","ac":"TH9412","a":"แม่ลาน","pc":"TH94","p":"ปัตตานี","km2":24.9,"lat":6.6958,"lon":101.2149},"geometry":{"type":"Polygon","coordinates":[[[101.2295,6.7076],[101.2351,6.684],[101.2065,6.651],[101.1843,6.662],[101.2082,6.7233],[101.2295,6.7076]]]}},{"type":"Feature","properties":{"tc":"TH950101","t":"สะเตง","te":"Sateng","ac":"TH9501","a":"เมืองยะลา","pc":"TH95","p":"ยะลา","km2":9.3,"lat":6.5463,"lon":101.2741},"geometry":{"type":"Polygon","coordinates":[[[101.2979,6.5835],[101.3021,6.5687],[101.2615,6.5265],[101.2741,6.566],[101.2979,6.5835]]]}},{"type":"Feature","properties":{"tc":"TH950102","t":"บุดี","te":"Bu Di","ac":"TH9501","a":"เมืองยะลา","pc":"TH95","p":"ยะลา","km2":38.5,"lat":6.4897,"lon":101.3068},"geometry":{"type":"Polygon","coordinates":[[[101.3039,6.4465],[101.2791,6.4701],[101.299,6.5246],[101.3322,6.5387],[101.3246,6.5005],[101.3323,6.462],[101.3255,6.4509],[101.3039,6.4465]]]}},{"type":"Feature","properties":{"tc":"TH950103","t":"ยุโป","te":"Yu Po","ac":"TH9501","a":"เมืองยะลา","pc":"TH95","p":"ยะลา","km2":26.4,"lat":6.6016,"lon":101.2838},"geometry":{"type":"Polygon","coordinates":[[[101.2935,6.6166],[101.2979,6.5835],[101.2741,6.566],[101.2476,6.5737],[101.2373,6.5856],[101.2286,6.6111],[101.2367,6.6274],[101.2585,6.592],[101.2935,6.6166]]]}},{"type":"Feature","properties":{"tc":"TH950104","t":"ลิดล","te":"Li Don","ac":"TH9501","a":"เมืองยะลา","pc":"TH95","p":"ยะลา","km2":15.1,"lat":6.5518,"lon":101.1762},"geometry":{"type":"Polygon","coordinates":[[[101.1986,6.5569],[101.2081,6.5345],[101.1839,6.5333],[101.1669,6.5399],[101.1545,6.5483],[101.1489,6.5553],[101.1776,6.5676],[101.1986,6.5569]]]}},{"type":"Feature","properties":{"tc":"TH950106","t":"ยะลา","te":"Yala","ac":"TH9501","a":"เมืองยะลา","pc":"TH95","p":"ยะลา","km2":6.2,"lat":6.5209,"lon":101.1798},"geometry":{"type":"Polygon","coordinates":[[[101.1839,6.5333],[101.1939,6.5049],[101.1742,6.5086],[101.1669,6.5399],[101.1839,6.5333]]]}},{"type":"Feature","properties":{"tc":"TH950108","t":"ท่าสาป","te":"Tha Sap","ac":"TH9501","a":"เมืองยะลา","pc":"TH95","p":"ยะลา","km2":27.1,"lat":6.5338,"lon":101.2422},"geometry":{"type":"Polygon","coordinates":[[[101.2741,6.566],[101.2615,6.5265],[101.2477,6.5145],[101.2332,6.5086],[101.2284,6.5104],[101.2182,6.5412],[101.2476,6.5737],[101.2741,6.566]]]}},{"type":"Feature","properties":{"tc":"TH950109","t":"ลำใหม่","te":"Lam Mai","ac":"TH9501","a":"เมืองยะลา","pc":"TH95","p":"ยะลา","km2":22.4,"lat":6.5766,"lon":101.2031},"geometry":{"type":"Polygon","coordinates":[[[101.2373,6.5856],[101.1986,6.5569],[101.1776,6.5676],[101.1892,6.5987],[101.224,6.6063],[101.2286,6.6111],[101.2373,6.5856]]]}},{"type":"Feature","properties":{"tc":"TH950110","t":"หน้าถ้ำ","te":"Na Tham","ac":"TH9501","a":"เมืองยะลา","pc":"TH95","p":"ยะลา","km2":2.3,"lat":6.5225,"lon":101.2213},"geometry":{"type":"Polygon","coordinates":[[[101.2284,6.5104],[101.2081,6.5345],[101.2182,6.5412],[101.2284,6.5104]]]}},{"type":"Feature","properties":{"tc":"TH950111","t":"ลำพะยา","te":"Lam Phaya","ac":"TH9501","a":"เมืองยะลา","pc":"TH95","p":"ยะลา","km2":43.2,"lat":6.5832,"lon":101.1507},"geometry":{"type":"Polygon","coordinates":[[[101.1135,6.6269],[101.1283,6.612],[101.1892,6.5987],[101.1776,6.5676],[101.1489,6.5553],[101.0895,6.6091],[101.1036,6.628],[101.1135,6.6269]]]}},{"type":"Feature","properties":{"tc":"TH950112","t":"เปาะเส้ง","te":"Po Seng","ac":"TH9501","a":"เมืองยะลา","pc":"TH95","p":"ยะลา","km2":17.7,"lat":6.5095,"lon":101.2116},"geometry":{"type":"Polygon","coordinates":[[[101.2284,6.5104],[101.2332,6.5086],[101.2321,6.4879],[101.2216,6.4836],[101.1939,6.5049],[101.1839,6.5333],[101.2081,6.5345],[101.2284,6.5104]]]}},{"type":"Feature","properties":{"tc":"TH950114","t":"พร่อน","te":"Phron","ac":"TH9501","a":"เมืองยะลา","pc":"TH95","p":"ยะลา","km2":13.2,"lat":6.5653,"lon":101.225},"geometry":{"type":"Polygon","coordinates":[[[101.2476,6.5737],[101.2182,6.5412],[101.2081,6.5345],[101.1986,6.5569],[101.2373,6.5856],[101.2476,6.5737]]]}},{"type":"Feature","properties":{"tc":"TH950115","t":"บันนังสาเรง","te":"Bannang Sareng","ac":"TH9501","a":"เมืองยะลา","pc":"TH95","p":"ยะลา","km2":22.0,"lat":6.4834,"lon":101.2565},"geometry":{"type":"Polygon","coordinates":[[[101.2831,6.4789],[101.2791,6.4701],[101.2489,6.4541],[101.2321,6.4879],[101.2332,6.5086],[101.2477,6.5145],[101.2831,6.4789]]]}},{"type":"Feature","properties":{"tc":"TH950116","t":"สะเตงนอก","te":"Sateng Nok","ac":"TH9501","a":"เมืองยะลา","pc":"TH95","p":"ยะลา","km2":42.9,"lat":6.5196,"lon":101.2753},"geometry":{"type":"Polygon","coordinates":[[[101.3549,6.5572],[101.3322,6.5387],[101.299,6.5246],[101.2831,6.4789],[101.2477,6.5145],[101.2615,6.5265],[101.3021,6.5687],[101.3549,6.5572]]]}},{"type":"Feature","properties":{"tc":"TH950118","t":"ตาเซะ","te":"Tase","ac":"TH9501","a":"เมืองยะลา","pc":"TH95","p":"ยะลา","km2":30.9,"lat":6.6365,"lon":101.2755},"geometry":{"type":"Polygon","coordinates":[[[101.3034,6.6212],[101.2935,6.6166],[101.2585,6.592],[101.2367,6.6274],[101.2701,6.6456],[101.2804,6.6819],[101.3034,6.6212]]]}},{"type":"Feature","properties":{"tc":"TH950201","t":"เบตง","te":"Betong","ac":"TH9502","a":"เบตง","pc":"TH95","p":"ยะลา","km2":65.2,"lat":5.7951,"lon":101.0301},"geometry":{"type":"Polygon","coordinates":[[[101.0845,5.7818],[101.0829,5.7706],[101.0604,5.7439],[101.034,5.7381],[100.9833,5.8083],[101.0118,5.838],[101.0845,5.7818]]]}},{"type":"Feature","properties":{"tc":"TH950202","t":"ยะรม","te":"Yarom","ac":"TH9502","a":"เบตง","pc":"TH95","p":"ยะลา","km2":376.8,"lat":5.7384,"lon":101.1858},"geometry":{"type":"Polygon","coordinates":[[[101.2948,5.8123],[101.2636,5.8009],[101.2598,5.7122],[101.2142,5.6614],[101.1356,5.613],[101.097,5.6928],[101.1186,5.7646],[101.0829,5.7706],[101.0845,5.7818],[101.1271,5.8101],[101.1748,5.7973],[101.1791,5.8895],[101.2296,5.8601],[101.2786,5.8569],[101.2948,5.8123]]]}},{"type":"Feature","properties":{"tc":"TH950203","t":"ตาเนาะแมเราะ","te":"Tano Maero","ac":"TH9502","a":"เบตง","pc":"TH95","p":"ยะลา","km2":197.4,"lat":5.8638,"lon":101.0991},"geometry":{"type":"Polygon","coordinates":[[[101.0865,5.9116],[101.1791,5.8895],[101.1748,5.7973],[101.1271,5.8101],[101.0845,5.7818],[101.0118,5.838],[101.0378,5.9178],[101.0865,5.9116]]]}},{"type":"Feature","properties":{"tc":"TH950204","t":"อัยเยอร์เวง","te":"Aiyoe Weng","ac":"TH9502","a":"เบตง","pc":"TH95","p":"ยะลา","km2":662.2,"lat":5.9263,"lon":101.4047},"geometry":{"type":"Polygon","coordinates":[[[101.4779,6.0435],[101.4757,5.9883],[101.5022,5.8897],[101.4849,5.8703],[101.3915,5.8759],[101.3455,5.8091],[101.2948,5.8123],[101.2786,5.8569],[101.2296,5.8601],[101.1791,5.8895],[101.0865,5.9116],[101.1239,5.9771],[101.1063,5.9988],[101.1646,6.0133],[101.2518,5.999],[101.2664,5.9172],[101.2864,5.8944],[101.3257,5.9355],[101.3281,6.0116],[101.4062,6.0578],[101.4779,6.0435]]]}},{"type":"Feature","properties":{"tc":"TH950205","t":"ธารน้ำทิพย์","te":"Than Nam Thip","ac":"TH9502","a":"เบตง","pc":"TH95","p":"ยะลา","km2":29.7,"lat":5.7184,"lon":101.0917},"geometry":{"type":"Polygon","coordinates":[[[101.097,5.6928],[101.0604,5.7439],[101.0829,5.7706],[101.1186,5.7646],[101.097,5.6928]]]}},{"type":"Feature","properties":{"tc":"TH950301","t":"บันนังสตา","te":"Bannang Sata","ac":"TH9503","a":"บันนังสตา","pc":"TH95","p":"ยะลา","km2":116.5,"lat":6.2699,"lon":101.2309},"geometry":{"type":"Polygon","coordinates":[[[101.2881,6.2997],[101.2924,6.2758],[101.2618,6.2641],[101.2657,6.2156],[101.1968,6.2048],[101.182,6.2847],[101.2262,6.3409],[101.2881,6.2997]]]}},{"type":"Feature","properties":{"tc":"TH950302","t":"บาเจาะ","te":"Bacho","ac":"TH9503","a":"บันนังสตา","pc":"TH95","p":"ยะลา","km2":64.4,"lat":6.244,"lon":101.2936},"geometry":{"type":"Polygon","coordinates":[[[101.3437,6.2239],[101.3215,6.1869],[101.264,6.1849],[101.2657,6.2156],[101.2618,6.2641],[101.2924,6.2758],[101.3437,6.2239]]]}},{"type":"Feature","properties":{"tc":"TH950303","t":"ตาเนาะปูเต๊ะ","te":"Tano Pute","ac":"TH9503","a":"บันนังสตา","pc":"TH95","p":"ยะลา","km2":59.2,"lat":6.3527,"lon":101.3226},"geometry":{"type":"Polygon","coordinates":[[[101.3256,6.3917],[101.3478,6.377],[101.3759,6.3444],[101.289,6.3136],[101.2738,6.361],[101.2759,6.376],[101.3256,6.3917]]]}},{"type":"Feature","properties":{"tc":"TH950304","t":"ถ้ำทะลุ","te":"Tham Thalu","ac":"TH9503","a":"บันนังสตา","pc":"TH95","p":"ยะลา","km2":77.9,"lat":6.2301,"lon":101.1499},"geometry":{"type":"Polygon","coordinates":[[[101.182,6.2847],[101.1968,6.2048],[101.1185,6.1864],[101.1015,6.2554],[101.182,6.2847]]]}},{"type":"Feature","properties":{"tc":"TH950305","t":"ตลิ่งชัน","te":"Taling Chan","ac":"TH9503","a":"บันนังสตา","pc":"TH95","p":"ยะลา","km2":122.3,"lat":6.2872,"lon":101.3425},"geometry":{"type":"Polygon","coordinates":[[[101.394,6.2986],[101.3984,6.2314],[101.3786,6.2144],[101.3437,6.2239],[101.2924,6.2758],[101.2881,6.2997],[101.289,6.3136],[101.3759,6.3444],[101.3878,6.3356],[101.394,6.2986]]]}},{"type":"Feature","properties":{"tc":"TH950306","t":"เขื่อนบางลาง","te":"Khuean Bang Lang","ac":"TH9503","a":"บันนังสตา","pc":"TH95","p":"ยะลา","km2":74.7,"lat":6.1724,"lon":101.327},"geometry":{"type":"Polygon","coordinates":[[[101.3786,6.2144],[101.3939,6.1599],[101.3282,6.1583],[101.2624,6.1304],[101.264,6.1849],[101.3215,6.1869],[101.3437,6.2239],[101.3786,6.2144]]]}},{"type":"Feature","properties":{"tc":"TH950401","t":"ธารโต","te":"Than To","ac":"TH9504","a":"ธารโต","pc":"TH95","p":"ยะลา","km2":84.9,"lat":6.1646,"lon":101.2139},"geometry":{"type":"Polygon","coordinates":[[[101.2657,6.2156],[101.2624,6.1304],[101.1942,6.1443],[101.1554,6.13],[101.173,6.1984],[101.1968,6.2048],[101.2657,6.2156]]]}},{"type":"Feature","properties":{"tc":"TH950402","t":"บ้านแหร","te":"Ban Rae","ac":"TH9504","a":"ธารโต","pc":"TH95","p":"ยะลา","km2":184.4,"lat":6.1085,"lon":101.2358},"geometry":{"type":"Polygon","coordinates":[[[101.3939,6.1599],[101.4097,6.1572],[101.4171,6.1431],[101.3793,6.0885],[101.3517,6.1127],[101.2968,6.0931],[101.2363,6.0991],[101.216,6.0625],[101.1482,6.0838],[101.1095,6.0652],[101.127,6.1044],[101.1554,6.13],[101.1942,6.1443],[101.2624,6.1304],[101.3282,6.1583],[101.3939,6.1599]]]}},{"type":"Feature","properties":{"tc":"TH950403","t":"แม่หวาด","te":"Mae Wat","ac":"TH9504","a":"ธารโต","pc":"TH95","p":"ยะลา","km2":400.5,"lat":6.0284,"lon":101.2321},"geometry":{"type":"Polygon","coordinates":[[[101.4706,6.0739],[101.4779,6.0435],[101.4062,6.0578],[101.3281,6.0116],[101.3257,5.9355],[101.2864,5.8944],[101.2664,5.9172],[101.2518,5.999],[101.1646,6.0133],[101.1063,5.9988],[101.1095,6.0652],[101.1482,6.0838],[101.216,6.0625],[101.2363,6.0991],[101.2968,6.0931],[101.3517,6.1127],[101.3793,6.0885],[101.4171,6.1431],[101.4465,6.0821],[101.4706,6.0739]]]}},{"type":"Feature","properties":{"tc":"TH950404","t":"คีรีเขต","te":"Khiri Khet","ac":"TH9504","a":"ธารโต","pc":"TH95","p":"ยะลา","km2":70.0,"lat":6.1647,"lon":101.1264},"geometry":{"type":"Polygon","coordinates":[[[101.1554,6.13],[101.127,6.1044],[101.0584,6.1431],[101.1185,6.1864],[101.173,6.1984],[101.1554,6.13]]]}},{"type":"Feature","properties":{"tc":"TH950501","t":"ยะหา","te":"Yaha","ac":"TH9505","a":"ยะหา","pc":"TH95","p":"ยะลา","km2":45.8,"lat":6.4945,"lon":101.1269},"geometry":{"type":"Polygon","coordinates":[[[101.1693,6.5073],[101.1574,6.4784],[101.094,6.4818],[101.0791,6.527],[101.138,6.5339],[101.1693,6.5073]]]}},{"type":"Feature","properties":{"tc":"TH950502","t":"ละแอ","te":"La-Ae","ac":"TH9505","a":"ยะหา","pc":"TH95","p":"ยะลา","km2":60.6,"lat":6.4358,"lon":101.1856},"geometry":{"type":"Polygon","coordinates":[[[101.1939,6.5049],[101.2216,6.4836],[101.2143,6.4548],[101.1972,6.4318],[101.21,6.3681],[101.1787,6.387],[101.1704,6.4398],[101.1574,6.4784],[101.1693,6.5073],[101.1742,6.5086],[101.1939,6.5049]]]}},{"type":"Feature","properties":{"tc":"TH950503","t":"ปะแต","te":"Patae","ac":"TH9505","a":"ยะหา","pc":"TH95","p":"ยะลา","km2":315.7,"lat":6.3448,"lon":101.1467},"geometry":{"type":"Polygon","coordinates":[[[101.1704,6.4398],[101.1787,6.387],[101.21,6.3681],[101.2262,6.3409],[101.182,6.2847],[101.1015,6.2554],[101.0126,6.2487],[100.969,6.283],[100.9799,6.3045],[101.0783,6.3487],[101.0763,6.3801],[101.1336,6.4383],[101.1704,6.4398]]]}},{"type":"Feature","properties":{"tc":"TH950504","t":"บาโร๊ะ","te":"Baro","ac":"TH9505","a":"ยะหา","pc":"TH95","p":"ยะลา","km2":73.9,"lat":6.4185,"lon":101.0922},"geometry":{"type":"Polygon","coordinates":[[[101.094,6.4818],[101.1574,6.4784],[101.1704,6.4398],[101.1336,6.4383],[101.0763,6.3801],[101.0792,6.3986],[101.0525,6.4581],[101.094,6.4818]]]}},{"type":"Feature","properties":{"tc":"TH950506","t":"ตาชี","te":"Ta Chi","ac":"TH9505","a":"ยะหา","pc":"TH95","p":"ยะลา","km2":50.2,"lat":6.5818,"lon":101.0996},"geometry":{"type":"Polygon","coordinates":[[[101.1489,6.5553],[101.1545,6.5483],[101.138,6.5339],[101.0791,6.527],[101.0638,6.5426],[101.0902,6.6082],[101.1489,6.5553]]]}},{"type":"Feature","properties":{"tc":"TH950507","t":"บาโงยซิแน","te":"Ba-Ngoi Sinae","ac":"TH9505","a":"ยะหา","pc":"TH95","p":"ยะลา","km2":8.9,"lat":6.5213,"lon":101.1621},"geometry":{"type":"Polygon","coordinates":[[[101.1669,6.5399],[101.1742,6.5086],[101.1693,6.5073],[101.138,6.5339],[101.1545,6.5483],[101.1669,6.5399]]]}},{"type":"Feature","properties":{"tc":"TH950508","t":"กาตอง","te":"Katong","ac":"TH9505","a":"ยะหา","pc":"TH95","p":"ยะลา","km2":34.0,"lat":6.5063,"lon":101.0656},"geometry":{"type":"Polygon","coordinates":[[[101.0638,6.5426],[101.0791,6.527],[101.094,6.4818],[101.0525,6.4581],[101.0347,6.4857],[101.0638,6.5426]]]}},{"type":"Feature","properties":{"tc":"TH950601","t":"กายูบอเกาะ","te":"Kayu Boko","ac":"TH9506","a":"รามัน","pc":"TH95","p":"ยะลา","km2":38.6,"lat":6.5052,"lon":101.4139},"geometry":{"type":"Polygon","coordinates":[[[101.4098,6.5304],[101.4202,6.5258],[101.4423,6.4886],[101.4434,6.4772],[101.4138,6.4508],[101.3811,6.4499],[101.3998,6.5219],[101.4098,6.5304]]]}},{"type":"Feature","properties":{"tc":"TH950602","t":"กาลูปัง","te":"Kalupang","ac":"TH9506","a":"รามัน","pc":"TH95","p":"ยะลา","km2":9.6,"lat":6.4633,"lon":101.3707},"geometry":{"type":"Polygon","coordinates":[[[101.3573,6.4456],[101.356,6.4602],[101.3629,6.4787],[101.377,6.4827],[101.385,6.4664],[101.3811,6.4499],[101.3573,6.4456]]]}},{"type":"Feature","properties":{"tc":"TH950603","t":"กาลอ","te":"Kalo","ac":"TH9506","a":"รามัน","pc":"TH95","p":"ยะลา","km2":39.5,"lat":6.3607,"lon":101.3805},"geometry":{"type":"Polygon","coordinates":[[[101.4198,6.4029],[101.3878,6.3356],[101.3759,6.3444],[101.3478,6.377],[101.3703,6.4084],[101.4136,6.4165],[101.4198,6.4029]]]}},{"type":"Feature","properties":{"tc":"TH950604","t":"กอตอตือร๊ะ","te":"Koto Tuera","ac":"TH9506","a":"รามัน","pc":"TH95","p":"ยะลา","km2":11.0,"lat":6.498,"lon":101.3826},"geometry":{"type":"Polygon","coordinates":[[[101.3998,6.5219],[101.385,6.4664],[101.377,6.4827],[101.3667,6.5134],[101.3998,6.5219]]]}},{"type":"Feature","properties":{"tc":"TH950605","t":"โกตาบารู","te":"Kota Baru","ac":"TH9506","a":"รามัน","pc":"TH95","p":"ยะลา","km2":6.5,"lat":6.4482,"lon":101.3439},"geometry":{"type":"Polygon","coordinates":[[[101.356,6.4602],[101.3573,6.4456],[101.3557,6.4357],[101.3255,6.4509],[101.3323,6.462],[101.356,6.4602]]]}},{"type":"Feature","properties":{"tc":"TH950606","t":"เกะรอ","te":"Ke Ro","ac":"TH9506","a":"รามัน","pc":"TH95","p":"ยะลา","km2":71.6,"lat":6.5605,"lon":101.5787},"geometry":{"type":"Polygon","coordinates":[[[101.5221,6.5836],[101.5368,6.556],[101.5924,6.5656],[101.5976,6.5539],[101.5908,6.5121],[101.4872,6.5095],[101.4807,6.5387],[101.512,6.565],[101.507,6.603],[101.5221,6.5836]]]}},{"type":"Feature","properties":{"tc":"TH950607","t":"จะกว๊ะ","te":"Cha Kwua","ac":"TH9506","a":"รามัน","pc":"TH95","p":"ยะลา","km2":24.3,"lat":6.4891,"lon":101.5343},"geometry":{"type":"Polygon","coordinates":[[[101.5847,6.5124],[101.5384,6.4739],[101.4853,6.5044],[101.4872,6.5095],[101.5847,6.5124]]]}},{"type":"Feature","properties":{"tc":"TH950608","t":"ท่าธง","te":"Tha Thong","ac":"TH9506","a":"รามัน","pc":"TH95","p":"ยะลา","km2":64.2,"lat":6.5608,"lon":101.4586},"geometry":{"type":"Polygon","coordinates":[[[101.5024,6.6037],[101.507,6.603],[101.512,6.565],[101.4807,6.5387],[101.4681,6.5567],[101.4202,6.5258],[101.4098,6.5304],[101.4105,6.5831],[101.4273,6.5939],[101.4701,6.596],[101.5024,6.6037]]]}},{"type":"Feature","properties":{"tc":"TH950609","t":"เนินงาม","te":"Noen Ngam","ac":"TH9506","a":"รามัน","pc":"TH95","p":"ยะลา","km2":20.9,"lat":6.507,"lon":101.3474},"geometry":{"type":"Polygon","coordinates":[[[101.3667,6.5134],[101.377,6.4827],[101.3629,6.4787],[101.3246,6.5005],[101.3322,6.5387],[101.3667,6.5134]]]}},{"type":"Feature","properties":{"tc":"TH950610","t":"บาลอ","te":"Balo","ac":"TH9506","a":"รามัน","pc":"TH95","p":"ยะลา","km2":34.1,"lat":6.4399,"lon":101.4408},"geometry":{"type":"Polygon","coordinates":[[[101.463,6.4658],[101.4698,6.4289],[101.4198,6.4029],[101.4136,6.4165],[101.4138,6.4508],[101.4434,6.4772],[101.463,6.4658]]]}},{"type":"Feature","properties":{"tc":"TH950611","t":"บาโงย","te":"Ba-Ngoi","ac":"TH9506","a":"รามัน","pc":"TH95","p":"ยะลา","km2":10.8,"lat":6.4896,"lon":101.3353},"geometry":{"type":"Polygon","coordinates":[[[101.3629,6.4787],[101.356,6.4602],[101.3323,6.462],[101.3246,6.5005],[101.3629,6.4787]]]}},{"type":"Feature","properties":{"tc":"TH950612","t":"บือมัง","te":"Buemang","ac":"TH9506","a":"รามัน","pc":"TH95","p":"ยะลา","km2":34.2,"lat":6.422,"lon":101.3383},"geometry":{"type":"Polygon","coordinates":[[[101.3557,6.4357],[101.3703,6.4084],[101.3478,6.377],[101.3256,6.3917],[101.3039,6.4465],[101.3255,6.4509],[101.3557,6.4357]]]}},{"type":"Feature","properties":{"tc":"TH950613","t":"ยะต๊ะ","te":"Yata","ac":"TH9506","a":"รามัน","pc":"TH95","p":"ยะลา","km2":24.4,"lat":6.4261,"lon":101.3872},"geometry":{"type":"Polygon","coordinates":[[[101.4138,6.4508],[101.4136,6.4165],[101.3703,6.4084],[101.3557,6.4357],[101.3573,6.4456],[101.3811,6.4499],[101.4138,6.4508]]]}},{"type":"Feature","properties":{"tc":"TH950614","t":"วังพญา","te":"Wang Phaya","ac":"TH9506","a":"รามัน","pc":"TH95","p":"ยะลา","km2":39.3,"lat":6.5479,"lon":101.3768},"geometry":{"type":"Polygon","coordinates":[[[101.4105,6.5831],[101.4098,6.5304],[101.3998,6.5219],[101.3667,6.5134],[101.3322,6.5387],[101.3549,6.5572],[101.4105,6.5831]]]}},{"type":"Feature","properties":{"tc":"TH950615","t":"อาซ่อง","te":"A Song","ac":"TH9506","a":"รามัน","pc":"TH95","p":"ยะลา","km2":33.4,"lat":6.5177,"lon":101.4552},"geometry":{"type":"Polygon","coordinates":[[[101.4872,6.5095],[101.4853,6.5044],[101.4423,6.4886],[101.4202,6.5258],[101.4681,6.5567],[101.4807,6.5387],[101.4872,6.5095]]]}},{"type":"Feature","properties":{"tc":"TH950616","t":"ตะโล๊ะหะลอ","te":"Talo Halo","ac":"TH9506","a":"รามัน","pc":"TH95","p":"ยะลา","km2":35.1,"lat":6.4829,"lon":101.4828},"geometry":{"type":"Polygon","coordinates":[[[101.4853,6.5044],[101.5384,6.4739],[101.5076,6.4513],[101.463,6.4658],[101.4434,6.4772],[101.4423,6.4886],[101.4853,6.5044]]]}},{"type":"Feature","properties":{"tc":"TH950701","t":"กาบัง","te":"Kabang","ac":"TH9507","a":"กาบัง","pc":"TH95","p":"ยะลา","km2":94.9,"lat":6.4428,"lon":100.9992},"geometry":{"type":"Polygon","coordinates":[[[101.0347,6.4857],[101.0525,6.4581],[101.0792,6.3986],[100.9243,6.4275],[100.9758,6.4804],[101.0347,6.4857]]]}},{"type":"Feature","properties":{"tc":"TH950702","t":"บาละ","te":"Bala","ac":"TH9507","a":"กาบัง","pc":"TH95","p":"ยะลา","km2":262.2,"lat":6.3177,"lon":100.965},"geometry":{"type":"Polygon","coordinates":[[[101.0792,6.3986],[101.0763,6.3801],[101.0783,6.3487],[100.9799,6.3045],[100.969,6.283],[100.9438,6.2433],[100.9021,6.2336],[100.8721,6.2645],[100.855,6.2316],[100.841,6.3004],[100.9121,6.3034],[100.9288,6.3309],[100.9243,6.4275],[101.0792,6.3986]]]}},{"type":"Feature","properties":{"tc":"TH950801","t":"กรงปินัง","te":"Krong Pinang","ac":"TH9508","a":"กรงปินัง","pc":"TH95","p":"ยะลา","km2":46.9,"lat":6.4076,"lon":101.2949},"geometry":{"type":"Polygon","coordinates":[[[101.3256,6.3917],[101.2759,6.376],[101.2677,6.4235],[101.2489,6.4541],[101.2791,6.4701],[101.3039,6.4465],[101.3256,6.3917]]]}},{"type":"Feature","properties":{"tc":"TH950802","t":"สะเอะ","te":"Sa-Ae","ac":"TH9508","a":"กรงปินัง","pc":"TH95","p":"ยะลา","km2":61.6,"lat":6.3997,"lon":101.2377},"geometry":{"type":"Polygon","coordinates":[[[101.2677,6.4235],[101.2759,6.376],[101.2738,6.361],[101.209,6.373],[101.1972,6.4318],[101.2143,6.4548],[101.2677,6.4235]]]}},{"type":"Feature","properties":{"tc":"TH950803","t":"ห้วยกระทิง","te":"Huai Krathing","ac":"TH9508","a":"กรงปินัง","pc":"TH95","p":"ยะลา","km2":33.2,"lat":6.3272,"lon":101.2657},"geometry":{"type":"Polygon","coordinates":[[[101.2738,6.361],[101.289,6.3136],[101.2881,6.2997],[101.2262,6.3409],[101.21,6.3681],[101.209,6.373],[101.2738,6.361]]]}},{"type":"Feature","properties":{"tc":"TH950804","t":"ปุโรง","te":"Pu Rong","ac":"TH9508","a":"กรงปินัง","pc":"TH95","p":"ยะลา","km2":15.2,"lat":6.4692,"lon":101.2297},"geometry":{"type":"Polygon","coordinates":[[[101.2489,6.4541],[101.2677,6.4235],[101.2143,6.4548],[101.2216,6.4836],[101.2321,6.4879],[101.2489,6.4541]]]}},{"type":"Feature","properties":{"tc":"TH800101","t":"ในเมือง","te":"Nai Mueang","ac":"TH8001","a":"เมืองนครศรีธรรมร","pc":"TH80","p":"นครศรีธรรมราช","km2":7.5,"lat":8.4027,"lon":99.9726},"geometry":{"type":"Polygon","coordinates":[[[99.9816,8.3863],[99.9716,8.378],[99.9607,8.4274],[99.9744,8.4305],[99.9816,8.3863]]]}},{"type":"Feature","properties":{"tc":"TH800102","t":"ท่าวัง","te":"Tha Wang","ac":"TH8001","a":"เมืองนครศรีธรรมร","pc":"TH80","p":"นครศรีธรรมราช","km2":2.9,"lat":8.4497,"lon":99.9636},"geometry":{"type":"Polygon","coordinates":[[[99.9724,8.4413],[99.9583,8.4394],[99.9557,8.4566],[99.9687,8.4584],[99.9724,8.4413]]]}},{"type":"Feature","properties":{"tc":"TH800103","t":"คลัง","te":"Khlang","ac":"TH8001","a":"เมืองนครศรีธรรมร","pc":"TH80","p":"นครศรีธรรมราช","km2":2.0,"lat":8.435,"lon":99.9664},"geometry":{"type":"Polygon","coordinates":[[[99.9744,8.4305],[99.9607,8.4274],[99.9583,8.4394],[99.9724,8.4413],[99.9744,8.4305]]]}},{"type":"Feature","properties":{"tc":"TH800106","t":"ท่าไร่","te":"Tha Rai","ac":"TH8001","a":"เมืองนครศรีธรรมร","pc":"TH80","p":"นครศรีธรรมราช","km2":40.0,"lat":8.4479,"lon":100.0558},"geometry":{"type":"Polygon","coordinates":[[[100.0823,8.4212],[100.0182,8.3824],[100.0014,8.3996],[100.0611,8.4746],[100.0823,8.4212]]]}},{"type":"Feature","properties":{"tc":"TH800107","t":"ปากนคร","te":"Pak Nakhon","ac":"TH8001","a":"เมืองนครศรีธรรมร","pc":"TH80","p":"นครศรีธรรมราช","km2":50.3,"lat":8.458,"lon":100.0219},"geometry":{"type":"Polygon","coordinates":[[[100.0611,8.4746],[100.0014,8.3996],[99.9816,8.3863],[99.9724,8.4413],[100.0517,8.4974],[100.0611,8.4746]]]}},{"type":"Feature","properties":{"tc":"TH800108","t":"นาทราย","te":"Na Sai","ac":"TH8001","a":"เมืองนครศรีธรรมร","pc":"TH80","p":"นครศรีธรรมราช","km2":25.9,"lat":8.4564,"lon":99.9028},"geometry":{"type":"Polygon","coordinates":[[[99.9534,8.4686],[99.8863,8.4442],[99.8849,8.4362],[99.8869,8.4812],[99.946,8.4954],[99.9534,8.4686]]]}},{"type":"Feature","properties":{"tc":"TH800112","t":"กำแพงเซา","te":"Kamphaeng Sao","ac":"TH8001","a":"เมืองนครศรีธรรมร","pc":"TH80","p":"นครศรีธรรมราช","km2":29.7,"lat":8.3992,"lon":99.8699},"geometry":{"type":"Polygon","coordinates":[[[99.8856,8.4353],[99.8927,8.4163],[99.8916,8.3822],[99.8684,8.3714],[99.8458,8.3677],[99.8491,8.4199],[99.8856,8.4353]]]}},{"type":"Feature","properties":{"tc":"TH800113","t":"ไชยมนตรี","te":"Chai Montri","ac":"TH8001","a":"เมืองนครศรีธรรมร","pc":"TH80","p":"นครศรีธรรมราช","km2":11.5,"lat":8.4031,"lon":99.9117},"geometry":{"type":"Polygon","coordinates":[[[99.9314,8.4101],[99.931,8.3961],[99.8916,8.3822],[99.8927,8.4163],[99.9314,8.4101]]]}},{"type":"Feature","properties":{"tc":"TH800114","t":"มะม่วงสองต้น","te":"Mamuang Song Ton","ac":"TH8001","a":"เมืองนครศรีธรรมร","pc":"TH80","p":"นครศรีธรรมราช","km2":7.8,"lat":8.4031,"lon":99.9487},"geometry":{"type":"Polygon","coordinates":[[[99.9696,8.3916],[99.931,8.3961],[99.9314,8.4101],[99.963,8.4138],[99.9696,8.3916]]]}},{"type":"Feature","properties":{"tc":"TH800115","t":"นาเคียน","te":"Na Khian","ac":"TH8001","a":"เมืองนครศรีธรรมร","pc":"TH80","p":"นครศรีธรรมราช","km2":11.3,"lat":8.4504,"lon":99.93},"geometry":{"type":"Polygon","coordinates":[[[99.9534,8.4686],[99.9577,8.4427],[99.8863,8.4442],[99.9534,8.4686]]]}},{"type":"Feature","properties":{"tc":"TH800116","t":"ท่างิ้ว","te":"Tha Ngio","ac":"TH8001","a":"เมืองนครศรีธรรมร","pc":"TH80","p":"นครศรีธรรมราช","km2":64.5,"lat":8.4529,"lon":99.8505},"geometry":{"type":"Polygon","coordinates":[[[99.9467,8.5078],[99.946,8.4954],[99.8869,8.4812],[99.8849,8.4362],[99.8491,8.4199],[99.7982,8.4697],[99.8495,8.4909],[99.9291,8.5084],[99.9467,8.5078]]]}},{"type":"Feature","properties":{"tc":"TH800118","t":"โพธิ์เสด็จ","te":"Pho Sadet","ac":"TH8001","a":"เมืองนครศรีธรรมร","pc":"TH80","p":"นครศรีธรรมราช","km2":27.1,"lat":8.4219,"lon":99.9261},"geometry":{"type":"Polygon","coordinates":[[[99.9577,8.4427],[99.963,8.4138],[99.9314,8.4101],[99.8927,8.4163],[99.8856,8.4353],[99.8863,8.4442],[99.9577,8.4427]]]}},{"type":"Feature","properties":{"tc":"TH800119","t":"บางจาก","te":"Bang Chak","ac":"TH8001","a":"เมืองนครศรีธรรมร","pc":"TH80","p":"นครศรีธรรมราช","km2":37.2,"lat":8.3593,"lon":100.0543},"geometry":{"type":"Polygon","coordinates":[[[100.089,8.4145],[100.0655,8.3349],[100.0536,8.3361],[100.0182,8.3824],[100.0823,8.4212],[100.089,8.4145]]]}},{"type":"Feature","properties":{"tc":"TH800120","t":"ปากพูน","te":"Pak Phun","ac":"TH8001","a":"เมืองนครศรีธรรมร","pc":"TH80","p":"นครศรีธรรมราช","km2":102.1,"lat":8.5341,"lon":99.9769},"geometry":{"type":"Polygon","coordinates":[[[99.9442,8.5994],[99.9781,8.5869],[100.0174,8.5585],[100.024,8.5247],[99.9687,8.4584],[99.9557,8.4566],[99.946,8.4954],[99.9467,8.5078],[99.9263,8.5434],[99.9285,8.5554],[99.9442,8.5994]]]}},{"type":"Feature","properties":{"tc":"TH800121","t":"ท่าซัก","te":"Tha Sak","ac":"TH8001","a":"เมืองนครศรีธรรมร","pc":"TH80","p":"นครศรีธรรมราช","km2":34.7,"lat":8.5111,"lon":100.0283},"geometry":{"type":"Polygon","coordinates":[[[100.0517,8.4974],[99.9724,8.4413],[99.9687,8.4584],[100.024,8.5247],[100.0174,8.5585],[100.0517,8.4974]]]}},{"type":"Feature","properties":{"tc":"TH800122","t":"ท่าเรือ","te":"Tha Ruea","ac":"TH8001","a":"เมืองนครศรีธรรมร","pc":"TH80","p":"นครศรีธรรมราช","km2":84.4,"lat":8.2948,"lon":100.0149},"geometry":{"type":"Polygon","coordinates":[[[100.0182,8.3824],[100.0536,8.3361],[100.0191,8.2481],[100.0139,8.2484],[100.0027,8.2535],[99.9716,8.378],[100.0014,8.3996],[100.0182,8.3824]]]}},{"type":"Feature","properties":{"tc":"TH800201","t":"พรหมโลก","te":"Phrommalok","ac":"TH8002","a":"พรหมคีรี","pc":"TH80","p":"นครศรีธรรมราช","km2":56.7,"lat":8.4997,"lon":99.795},"geometry":{"type":"Polygon","coordinates":[[[99.8535,8.5199],[99.8495,8.4909],[99.7982,8.4697],[99.7898,8.4699],[99.7335,8.4942],[99.7449,8.5052],[99.7946,8.5306],[99.8535,8.5199]]]}},{"type":"Feature","properties":{"tc":"TH800202","t":"บ้านเกาะ","te":"Ban Ko","ac":"TH8002","a":"พรหมคีรี","pc":"TH80","p":"นครศรีธรรมราช","km2":35.5,"lat":8.5252,"lon":99.7627},"geometry":{"type":"Polygon","coordinates":[[[99.8931,8.5369],[99.8535,8.5199],[99.7946,8.5306],[99.7449,8.5052],[99.7398,8.5334],[99.8484,8.5503],[99.8931,8.5369]]]}},{"type":"Feature","properties":{"tc":"TH800203","t":"อินคีรี","te":"In Khiri","ac":"TH8002","a":"พรหมคีรี","pc":"TH80","p":"นครศรีธรรมราช","km2":18.4,"lat":8.5227,"lon":99.9247},"geometry":{"type":"Polygon","coordinates":[[[99.9263,8.5434],[99.9467,8.5078],[99.9291,8.5084],[99.8931,8.5369],[99.8484,8.5503],[99.8504,8.5562],[99.9263,8.5434]]]}},{"type":"Feature","properties":{"tc":"TH800204","t":"ทอนหงส์","te":"Thon Hong","ac":"TH8002","a":"พรหมคีรี","pc":"TH80","p":"นครศรีธรรมราช","km2":119.3,"lat":8.5876,"lon":99.7729},"geometry":{"type":"Polygon","coordinates":[[[99.8143,8.6232],[99.8313,8.6201],[99.8361,8.5992],[99.8334,8.5779],[99.8504,8.5562],[99.8484,8.5503],[99.7398,8.5334],[99.717,8.5479],[99.7096,8.5974],[99.7165,8.6151],[99.8143,8.6232]]]}},{"type":"Feature","properties":{"tc":"TH800205","t":"นาเรียง","te":"Na Riang","ac":"TH8002","a":"พรหมคีรี","pc":"TH80","p":"นครศรีธรรมราช","km2":24.4,"lat":8.5142,"lon":99.8873},"geometry":{"type":"Polygon","coordinates":[[[99.9291,8.5084],[99.8495,8.4909],[99.8535,8.5199],[99.8931,8.5369],[99.9291,8.5084]]]}},{"type":"Feature","properties":{"tc":"TH800301","t":"เขาแก้ว","te":"Khao Kaeo","ac":"TH8003","a":"ลานสกา","pc":"TH80","p":"นครศรีธรรมราช","km2":80.6,"lat":8.3616,"lon":99.7582},"geometry":{"type":"Polygon","coordinates":[[[99.7021,8.4289],[99.8112,8.3741],[99.7965,8.3492],[99.7203,8.3129],[99.7021,8.4289]]]}},{"type":"Feature","properties":{"tc":"TH800302","t":"ลานสกา","te":"Lan Saka","ac":"TH8003","a":"ลานสกา","pc":"TH80","p":"นครศรีธรรมราช","km2":63.8,"lat":8.3072,"lon":99.7718},"geometry":{"type":"Polygon","coordinates":[[[99.7965,8.3492],[99.8269,8.3012],[99.7573,8.2596],[99.7207,8.3015],[99.7203,8.3129],[99.7965,8.3492]]]}},{"type":"Feature","properties":{"tc":"TH800303","t":"ท่าดี","te":"Tha Di","ac":"TH8003","a":"ลานสกา","pc":"TH80","p":"นครศรีธรรมราช","km2":42.9,"lat":8.3981,"lon":99.8261},"geometry":{"type":"Polygon","coordinates":[[[99.7982,8.4697],[99.8491,8.4199],[99.8458,8.3677],[99.8112,8.3741],[99.809,8.3763],[99.7898,8.4699],[99.7982,8.4697]]]}},{"type":"Feature","properties":{"tc":"TH800304","t":"กำโลน","te":"Kamlon","ac":"TH8003","a":"ลานสกา","pc":"TH80","p":"นครศรีธรรมราช","km2":94.8,"lat":8.4439,"lon":99.7468},"geometry":{"type":"Polygon","coordinates":[[[99.7335,8.4942],[99.7898,8.4699],[99.809,8.3763],[99.7021,8.4289],[99.6965,8.4552],[99.7019,8.4832],[99.7335,8.4942]]]}},{"type":"Feature","properties":{"tc":"TH800305","t":"ขุนทะเล","te":"Khun Thale","ac":"TH8003","a":"ลานสกา","pc":"TH80","p":"นครศรีธรรมราช","km2":56.6,"lat":8.3355,"lon":99.8446},"geometry":{"type":"Polygon","coordinates":[[[99.8458,8.3677],[99.8684,8.3714],[99.8942,8.3458],[99.874,8.3252],[99.8601,8.3062],[99.8269,8.3012],[99.7965,8.3492],[99.8112,8.3741],[99.8458,8.3677]]]}},{"type":"Feature","properties":{"tc":"TH800401","t":"ฉวาง","te":"Chawang","ac":"TH8004","a":"ฉวาง","pc":"TH80","p":"นครศรีธรรมราช","km2":35.9,"lat":8.3855,"lon":99.5012},"geometry":{"type":"Polygon","coordinates":[[[99.5123,8.4313],[99.5228,8.4021],[99.5253,8.3787],[99.5194,8.348],[99.4802,8.3647],[99.477,8.3924],[99.4896,8.4271],[99.5123,8.4313]]]}},{"type":"Feature","properties":{"tc":"TH800403","t":"ละอาย","te":"La-Ai","ac":"TH8004","a":"ฉวาง","pc":"TH80","p":"นครศรีธรรมราช","km2":104.5,"lat":8.4692,"lon":99.6403},"geometry":{"type":"Polygon","coordinates":[[[99.7019,8.4832],[99.695,8.4431],[99.5606,8.4158],[99.5871,8.4841],[99.6418,8.5188],[99.7019,8.4832]]]}},{"type":"Feature","properties":{"tc":"TH800404","t":"นาแว","te":"Na Wae","ac":"TH8004","a":"ฉวาง","pc":"TH80","p":"นครศรีธรรมราช","km2":38.9,"lat":8.4905,"lon":99.5276},"geometry":{"type":"Polygon","coordinates":[[[99.5191,8.5474],[99.5255,8.5001],[99.5563,8.5044],[99.5605,8.4786],[99.5108,8.4437],[99.4928,8.4808],[99.5191,8.5474]]]}},{"type":"Feature","properties":{"tc":"TH800405","t":"ไม้เรียง","te":"Mai Riang","ac":"TH8004","a":"ฉวาง","pc":"TH80","p":"นครศรีธรรมราช","km2":32.2,"lat":8.464,"lon":99.4758},"geometry":{"type":"Polygon","coordinates":[[[99.4887,8.4804],[99.4928,8.4808],[99.5108,8.4437],[99.5123,8.4313],[99.4896,8.4271],[99.4546,8.4476],[99.4441,8.4908],[99.4887,8.4804]]]}},{"type":"Feature","properties":{"tc":"TH800406","t":"กะเปียด","te":"Kapiat","ac":"TH8004","a":"ฉวาง","pc":"TH80","p":"นครศรีธรรมราช","km2":36.9,"lat":8.5143,"lon":99.4631},"geometry":{"type":"Polygon","coordinates":[[[99.4915,8.5452],[99.4887,8.4804],[99.4441,8.4908],[99.428,8.5379],[99.4915,8.5452]]]}},{"type":"Feature","properties":{"tc":"TH800407","t":"นากะชะ","te":"Na Kacha","ac":"TH8004","a":"ฉวาง","pc":"TH80","p":"นครศรีธรรมราช","km2":26.8,"lat":8.4196,"lon":99.4559},"geometry":{"type":"Polygon","coordinates":[[[99.4896,8.4271],[99.477,8.3924],[99.4204,8.4121],[99.43,8.4282],[99.4546,8.4476],[99.4896,8.4271]]]}},{"type":"Feature","properties":{"tc":"TH800409","t":"ห้วยปริก","te":"Huai Prik","ac":"TH8004","a":"ฉวาง","pc":"TH80","p":"นครศรีธรรมราช","km2":68.5,"lat":8.6112,"lon":99.4715},"geometry":{"type":"Polygon","coordinates":[[[99.4785,8.6467],[99.5058,8.5756],[99.4915,8.5452],[99.428,8.5379],[99.4178,8.5522],[99.4194,8.5705],[99.4785,8.6467]]]}},{"type":"Feature","properties":{"tc":"TH800410","t":"ไสหร้า","te":"Sai Ra","ac":"TH8004","a":"ฉวาง","pc":"TH80","p":"นครศรีธรรมราช","km2":45.8,"lat":8.4612,"lon":99.557},"geometry":{"type":"Polygon","coordinates":[[[99.5734,8.4978],[99.5871,8.4841],[99.5606,8.4158],[99.5228,8.4021],[99.5123,8.4313],[99.5108,8.4437],[99.5605,8.4786],[99.5563,8.5044],[99.5734,8.4978]]]}},{"type":"Feature","properties":{"tc":"TH800415","t":"นาเขลียง","te":"Na Khliang","ac":"TH8004","a":"ฉวาง","pc":"TH80","p":"นครศรีธรรมราช","km2":17.5,"lat":8.513,"lon":99.4978},"geometry":{"type":"Polygon","coordinates":[[[99.5191,8.5474],[99.4928,8.4808],[99.4887,8.4804],[99.4915,8.5452],[99.5058,8.5756],[99.5191,8.5474]]]}},{"type":"Feature","properties":{"tc":"TH800416","t":"จันดี","te":"Chan Di","ac":"TH8004","a":"ฉวาง","pc":"TH80","p":"นครศรีธรรมราช","km2":27.6,"lat":8.3904,"lon":99.5559},"geometry":{"type":"Polygon","coordinates":[[[99.5849,8.421],[99.5896,8.3713],[99.5745,8.3776],[99.5253,8.3787],[99.5228,8.4021],[99.5606,8.4158],[99.5849,8.421]]]}},{"type":"Feature","properties":{"tc":"TH800501","t":"พิปูน","te":"Phipun","ac":"TH8005","a":"พิปูน","pc":"TH80","p":"นครศรีธรรมราช","km2":54.8,"lat":8.5537,"lon":99.6556},"geometry":{"type":"Polygon","coordinates":[[[99.7174,8.5525],[99.717,8.5479],[99.6413,8.5266],[99.5924,8.555],[99.617,8.5821],[99.7032,8.5739],[99.7174,8.5525]]]}},{"type":"Feature","properties":{"tc":"TH800502","t":"กะทูน","te":"Kathun","ac":"TH8005","a":"พิปูน","pc":"TH80","p":"นครศรีธรรมราช","km2":122.6,"lat":8.6296,"lon":99.5171},"geometry":{"type":"Polygon","coordinates":[[[99.5439,8.7195],[99.5501,8.6124],[99.5809,8.552],[99.5191,8.5474],[99.5058,8.5756],[99.4785,8.6467],[99.492,8.6969],[99.5219,8.7193],[99.5439,8.7195]]]}},{"type":"Feature","properties":{"tc":"TH800503","t":"เขาพระ","te":"Khao Phra","ac":"TH8005","a":"พิปูน","pc":"TH80","p":"นครศรีธรรมราช","km2":209.3,"lat":8.6312,"lon":99.6164},"geometry":{"type":"Polygon","coordinates":[[[99.6705,8.6783],[99.6694,8.65],[99.7096,8.5974],[99.7174,8.5525],[99.7032,8.5739],[99.617,8.5821],[99.5924,8.555],[99.5869,8.5521],[99.5809,8.552],[99.5501,8.6124],[99.5439,8.7195],[99.6705,8.6783]]]}},{"type":"Feature","properties":{"tc":"TH800504","t":"ยางค้อม","te":"Yang Khom","ac":"TH8005","a":"พิปูน","pc":"TH80","p":"นครศรีธรรมราช","km2":83.6,"lat":8.5227,"lon":99.6607},"geometry":{"type":"Polygon","coordinates":[[[99.717,8.5479],[99.7398,8.5334],[99.7449,8.5052],[99.7335,8.4942],[99.7019,8.4832],[99.6418,8.5188],[99.5871,8.4841],[99.5734,8.4978],[99.5869,8.5521],[99.5924,8.555],[99.6413,8.5266],[99.717,8.5479]]]}},{"type":"Feature","properties":{"tc":"TH800505","t":"ควนกลาง","te":"Khuan Klang","ac":"TH8005","a":"พิปูน","pc":"TH80","p":"นครศรีธรรมราช","km2":34.4,"lat":8.5259,"lon":99.5512},"geometry":{"type":"Polygon","coordinates":[[[99.5191,8.5474],[99.5869,8.5521],[99.5734,8.4978],[99.5563,8.5044],[99.5255,8.5001],[99.5191,8.5474]]]}},{"type":"Feature","properties":{"tc":"TH800601","t":"เชียรใหญ่","te":"Chian Yai","ac":"TH8006","a":"เชียรใหญ่","pc":"TH80","p":"นครศรีธรรมราช","km2":16.7,"lat":8.1933,"lon":100.1246},"geometry":{"type":"Polygon","coordinates":[[[100.117,8.2144],[100.127,8.207],[100.1535,8.1762],[100.1506,8.167],[100.1439,8.1676],[100.1245,8.1797],[100.0775,8.2253],[100.117,8.2144]]]}},{"type":"Feature","properties":{"tc":"TH800603","t":"ท่าขนาน","te":"Tha Khanan","ac":"TH8006","a":"เชียรใหญ่","pc":"TH80","p":"นครศรีธรรมราช","km2":21.6,"lat":8.1426,"lon":100.1671},"geometry":{"type":"Polygon","coordinates":[[[100.1506,8.167],[100.1861,8.1519],[100.1914,8.1205],[100.1754,8.1083],[100.1474,8.1333],[100.1439,8.1676],[100.1506,8.167]]]}},{"type":"Feature","properties":{"tc":"TH800604","t":"บ้านกลาง","te":"Ban Klang","ac":"TH8006","a":"เชียรใหญ่","pc":"TH80","p":"นครศรีธรรมราช","km2":6.3,"lat":8.1362,"lon":100.1932},"geometry":{"type":"Polygon","coordinates":[[[100.2144,8.1778],[100.1914,8.1205],[100.1861,8.1519],[100.2144,8.1778]]]}},{"type":"Feature","properties":{"tc":"TH800605","t":"บ้านเนิน","te":"Ban Noen","ac":"TH8006","a":"เชียรใหญ่","pc":"TH80","p":"นครศรีธรรมราช","km2":33.1,"lat":8.1877,"lon":100.1947},"geometry":{"type":"Polygon","coordinates":[[[100.2296,8.1977],[100.2326,8.1978],[100.2144,8.1778],[100.1861,8.1519],[100.1506,8.167],[100.1535,8.1762],[100.1989,8.2184],[100.2296,8.1977]]]}},{"type":"Feature","properties":{"tc":"TH800606","t":"ไสหมาก","te":"Sai Mak","ac":"TH8006","a":"เชียรใหญ่","pc":"TH80","p":"นครศรีธรรมราช","km2":21.9,"lat":8.1916,"lon":100.1551},"geometry":{"type":"Polygon","coordinates":[[[100.1758,8.2291],[100.1989,8.2184],[100.1535,8.1762],[100.127,8.207],[100.1758,8.2291]]]}},{"type":"Feature","properties":{"tc":"TH800607","t":"ท้องลำเจียก","te":"Thong Lamchiak","ac":"TH8006","a":"เชียรใหญ่","pc":"TH80","p":"นครศรีธรรมราช","km2":31.7,"lat":8.1406,"lon":100.1175},"geometry":{"type":"Polygon","coordinates":[[[100.1439,8.1676],[100.1474,8.1333],[100.1161,8.1139],[100.1072,8.1196],[100.0818,8.1479],[100.1245,8.1797],[100.1439,8.1676]]]}},{"type":"Feature","properties":{"tc":"TH800610","t":"เสือหึง","te":"Suea Hueng","ac":"TH8006","a":"เชียรใหญ่","pc":"TH80","p":"นครศรีธรรมราช","km2":30.5,"lat":8.1509,"lon":100.2209},"geometry":{"type":"Polygon","coordinates":[[[100.2578,8.1778],[100.2187,8.1241],[100.2183,8.1132],[100.1914,8.1205],[100.2144,8.1778],[100.2326,8.1978],[100.2578,8.1778]]]}},{"type":"Feature","properties":{"tc":"TH800611","t":"การะเกด","te":"Karaket","ac":"TH8006","a":"เชียรใหญ่","pc":"TH80","p":"นครศรีธรรมราช","km2":69.4,"lat":8.0671,"lon":100.1386},"geometry":{"type":"Polygon","coordinates":[[[100.1754,8.1083],[100.156,8.0153],[100.0893,8.0311],[100.1317,8.1031],[100.1161,8.1139],[100.1474,8.1333],[100.1754,8.1083]]]}},{"type":"Feature","properties":{"tc":"TH800612","t":"เขาพระบาท","te":"Khao Phrabat","ac":"TH8006","a":"เชียรใหญ่","pc":"TH80","p":"นครศรีธรรมราช","km2":57.3,"lat":8.0474,"lon":100.1845},"geometry":{"type":"Polygon","coordinates":[[[100.2183,8.1132],[100.2241,8.1036],[100.1939,8.0101],[100.1744,8.011],[100.156,8.0153],[100.1754,8.1083],[100.1914,8.1205],[100.2183,8.1132]]]}},{"type":"Feature","properties":{"tc":"TH800613","t":"แม่เจ้าอยู่หัว","te":"Mae Chao Yu Hua","ac":"TH8006","a":"เชียรใหญ่","pc":"TH80","p":"นครศรีธรรมราช","km2":47.3,"lat":8.0781,"lon":100.0904},"geometry":{"type":"Polygon","coordinates":[[[100.1072,8.1196],[100.1317,8.1031],[100.0893,8.0311],[100.0846,8.031],[100.0528,8.0531],[100.0777,8.1102],[100.1072,8.1196]]]}},{"type":"Feature","properties":{"tc":"TH800701","t":"ชะอวด","te":"Cha-Uat","ac":"TH8007","a":"ชะอวด","pc":"TH80","p":"นครศรีธรรมราช","km2":62.6,"lat":8.0109,"lon":100.0093},"geometry":{"type":"Polygon","coordinates":[[[100.0846,8.031],[100.056,8.0202],[100.0327,7.9607],[99.9938,7.9669],[99.9642,8.0017],[99.9704,8.0303],[100.0168,8.0236],[100.0631,8.0446],[100.0846,8.031]]]}},{"type":"Feature","properties":{"tc":"TH800702","t":"ท่าเสม็ด","te":"Tha Samet","ac":"TH8007","a":"ชะอวด","pc":"TH80","p":"นครศรีธรรมราช","km2":24.9,"lat":7.937,"lon":99.9925},"geometry":{"type":"Polygon","coordinates":[[[99.9938,7.9669],[100.0327,7.9607],[100.0326,7.9512],[99.9941,7.9179],[99.966,7.9253],[99.9717,7.9487],[99.9938,7.9669]]]}},{"type":"Feature","properties":{"tc":"TH800703","t":"ท่าประจะ","te":"Tha Pracha","ac":"TH8007","a":"ชะอวด","pc":"TH80","p":"นครศรีธรรมราช","km2":25.0,"lat":7.9789,"lon":99.9625},"geometry":{"type":"Polygon","coordinates":[[[99.9938,7.9669],[99.9717,7.9487],[99.9381,7.9503],[99.9425,7.9909],[99.9459,8.0006],[99.9642,8.0017],[99.9938,7.9669]]]}},{"type":"Feature","properties":{"tc":"TH800704","t":"เคร็ง","te":"Khreng","ac":"TH8007","a":"ชะอวด","pc":"TH80","p":"นครศรีธรรมราช","km2":190.2,"lat":7.9397,"lon":100.0995},"geometry":{"type":"Polygon","coordinates":[[[100.1441,7.9282],[100.1775,7.8765],[100.0979,7.8757],[100.0824,7.8578],[100.0488,7.9003],[100.0816,7.9249],[100.0326,7.9512],[100.0327,7.9607],[100.056,8.0202],[100.0846,8.031],[100.0893,8.0311],[100.1744,8.011],[100.1494,7.9925],[100.1441,7.9282]]]}},{"type":"Feature","properties":{"tc":"TH800705","t":"วังอ่าง","te":"Wang Ang","ac":"TH8007","a":"ชะอวด","pc":"TH80","p":"นครศรีธรรมราช","km2":113.9,"lat":7.9298,"lon":99.8706},"geometry":{"type":"Polygon","coordinates":[[[99.9389,7.9521],[99.9243,7.8975],[99.8874,7.8895],[99.8084,7.8929],[99.7382,7.8589],[99.7379,7.8609],[99.7977,7.9093],[99.8291,7.9694],[99.9389,7.9521]]]}},{"type":"Feature","properties":{"tc":"TH800706","t":"บ้านตูล","te":"Ban Tun","ac":"TH8007","a":"ชะอวด","pc":"TH80","p":"นครศรีธรรมราช","km2":98.6,"lat":8.0626,"lon":100.0001},"geometry":{"type":"Polygon","coordinates":[[[100.0277,8.1264],[100.0528,8.0531],[100.0631,8.0446],[100.0168,8.0236],[99.9704,8.0303],[99.9642,8.0017],[99.9459,8.0006],[99.9381,8.0355],[99.9611,8.0829],[100.0277,8.1264]]]}},{"type":"Feature","properties":{"tc":"TH800707","t":"ขอนหาด","te":"Khon Hat","ac":"TH8007","a":"ชะอวด","pc":"TH80","p":"นครศรีธรรมราช","km2":42.7,"lat":7.8673,"lon":100.0278},"geometry":{"type":"Polygon","coordinates":[[[100.0824,7.8578],[100.056,7.8381],[99.9851,7.8627],[99.9763,7.8719],[100.0488,7.9003],[100.0824,7.8578]]]}},{"type":"Feature","properties":{"tc":"TH800708","t":"เกาะขันธ์","te":"Ko Khan","ac":"TH8007","a":"ชะอวด","pc":"TH80","p":"นครศรีธรรมราช","km2":35.3,"lat":7.9155,"lon":99.9466},"geometry":{"type":"Polygon","coordinates":[[[99.9717,7.9487],[99.9624,7.9057],[99.9232,7.8649],[99.8874,7.8895],[99.9243,7.8975],[99.9381,7.9503],[99.9717,7.9487]]]}},{"type":"Feature","properties":{"tc":"TH800709","t":"ควนหนองหงษ์","te":"Khuan Nong Hong","ac":"TH8007","a":"ชะอวด","pc":"TH80","p":"นครศรีธรรมราช","km2":52.4,"lat":8.0069,"lon":99.8675},"geometry":{"type":"Polygon","coordinates":[[[99.9459,8.0006],[99.9425,7.9909],[99.7929,7.999],[99.7889,8.0132],[99.8896,8.0272],[99.9385,8.0291],[99.9459,8.0006]]]}},{"type":"Feature","properties":{"tc":"TH800710","t":"เขาพระทอง","te":"Khao Phra Thong","ac":"TH8007","a":"ชะอวด","pc":"TH80","p":"นครศรีธรรมราช","km2":51.9,"lat":7.9802,"lon":99.8787},"geometry":{"type":"Polygon","coordinates":[[[99.9425,7.9909],[99.9389,7.9521],[99.8291,7.9694],[99.7929,7.999],[99.9425,7.9909]]]}},{"type":"Feature","properties":{"tc":"TH800711","t":"นางหลง","te":"Nang Long","ac":"TH8007","a":"ชะอวด","pc":"TH80","p":"นครศรีธรรมราช","km2":56.5,"lat":7.9118,"lon":100.0138},"geometry":{"type":"Polygon","coordinates":[[[100.0488,7.9003],[99.9763,7.8719],[99.9624,7.9057],[99.966,7.9253],[99.9941,7.9179],[100.0326,7.9512],[100.0816,7.9249],[100.0488,7.9003]]]}},{"type":"Feature","properties":{"tc":"TH800801","t":"ท่าศาลา","te":"Tha Sala","ac":"TH8008","a":"ท่าศาลา","pc":"TH80","p":"นครศรีธรรมราช","km2":36.1,"lat":8.6428,"lon":99.9339},"geometry":{"type":"Polygon","coordinates":[[[99.9451,8.6929],[99.9522,8.6331],[99.9781,8.5869],[99.9442,8.5994],[99.9107,8.6525],[99.9168,8.6817],[99.9451,8.6929]]]}},{"type":"Feature","properties":{"tc":"TH800802","t":"กลาย","te":"Klai","ac":"TH8008","a":"ท่าศาลา","pc":"TH80","p":"นครศรีธรรมราช","km2":51.8,"lat":8.8081,"lon":99.8986},"geometry":{"type":"Polygon","coordinates":[[[99.9333,8.7968],[99.8845,8.7623],[99.8613,8.8195],[99.9089,8.8578],[99.9208,8.8703],[99.9333,8.7968]]]}},{"type":"Feature","properties":{"tc":"TH800803","t":"ท่าขึ้น","te":"Tha Khuen","ac":"TH8008","a":"ท่าศาลา","pc":"TH80","p":"นครศรีธรรมราช","km2":73.6,"lat":8.708,"lon":99.891},"geometry":{"type":"Polygon","coordinates":[[[99.9379,8.7477],[99.9451,8.6929],[99.9168,8.6817],[99.8527,8.6877],[99.8287,8.7232],[99.8777,8.7487],[99.9379,8.7477]]]}},{"type":"Feature","properties":{"tc":"TH800804","t":"หัวตะพาน","te":"Hua Taphan","ac":"TH8008","a":"ท่าศาลา","pc":"TH80","p":"นครศรีธรรมราช","km2":24.9,"lat":8.6257,"lon":99.8745},"geometry":{"type":"Polygon","coordinates":[[[99.9032,8.6431],[99.9022,8.6077],[99.8361,8.5992],[99.8313,8.6201],[99.8612,8.6313],[99.9032,8.6431]]]}},{"type":"Feature","properties":{"tc":"TH800806","t":"สระแก้ว","te":"Sa Kaeo","ac":"TH8008","a":"ท่าศาลา","pc":"TH80","p":"นครศรีธรรมราช","km2":45.5,"lat":8.7555,"lon":99.8871},"geometry":{"type":"Polygon","coordinates":[[[99.9379,8.7477],[99.8777,8.7487],[99.8287,8.7232],[99.8198,8.7063],[99.7958,8.7145],[99.8073,8.7306],[99.8496,8.766],[99.8845,8.7623],[99.9333,8.7968],[99.9379,8.7477]]]}},{"type":"Feature","properties":{"tc":"TH800807","t":"โมคลาน","te":"Mokkhalan","ac":"TH8008","a":"ท่าศาลา","pc":"TH80","p":"นครศรีธรรมราช","km2":23.7,"lat":8.5885,"lon":99.8698},"geometry":{"type":"Polygon","coordinates":[[[99.9022,8.6077],[99.9069,8.5736],[99.8334,8.5779],[99.8361,8.5992],[99.9022,8.6077]]]}},{"type":"Feature","properties":{"tc":"TH800809","t":"ไทยบุรี","te":"Thai Buri","ac":"TH8008","a":"ท่าศาลา","pc":"TH80","p":"นครศรีธรรมราช","km2":31.7,"lat":8.6671,"lon":99.8848},"geometry":{"type":"Polygon","coordinates":[[[99.9168,8.6817],[99.9107,8.6525],[99.9032,8.6431],[99.8612,8.6313],[99.8527,8.6877],[99.9168,8.6817]]]}},{"type":"Feature","properties":{"tc":"TH800810","t":"ดอนตะโก","te":"Don Tako","ac":"TH8008","a":"ท่าศาลา","pc":"TH80","p":"นครศรีธรรมราช","km2":23.7,"lat":8.5649,"lon":99.8804},"geometry":{"type":"Polygon","coordinates":[[[99.9069,8.5736],[99.9285,8.5554],[99.9263,8.5434],[99.8504,8.5562],[99.8334,8.5779],[99.9069,8.5736]]]}},{"type":"Feature","properties":{"tc":"TH800811","t":"ตลิ่งชัน","te":"Taling Chan","ac":"TH8008","a":"ท่าศาลา","pc":"TH80","p":"นครศรีธรรมราช","km2":76.5,"lat":8.7888,"lon":99.8229},"geometry":{"type":"Polygon","coordinates":[[[99.8613,8.8195],[99.8845,8.7623],[99.8496,8.766],[99.8073,8.7306],[99.7582,8.8116],[99.8613,8.8195]]]}},{"type":"Feature","properties":{"tc":"TH800813","t":"โพธิ์ทอง","te":"Pho Thong","ac":"TH8008","a":"ท่าศาลา","pc":"TH80","p":"นครศรีธรรมราช","km2":29.6,"lat":8.6036,"lon":99.9222},"geometry":{"type":"Polygon","coordinates":[[[99.9107,8.6525],[99.9442,8.5994],[99.9285,8.5554],[99.9069,8.5736],[99.9022,8.6077],[99.9032,8.6431],[99.9107,8.6525]]]}},{"type":"Feature","properties":{"tc":"TH800901","t":"ปากแพรก","te":"Pak Phraek","ac":"TH8009","a":"ทุ่งสง","pc":"TH80","p":"นครศรีธรรมราช","km2":3.0,"lat":8.1624,"lon":99.6924},"geometry":{"type":"Polygon","coordinates":[[[99.6975,8.1762],[99.6938,8.1487],[99.6809,8.187],[99.6975,8.1762]]]}},{"type":"Feature","properties":{"tc":"TH800902","t":"ชะมาย","te":"Chamai","ac":"TH8009","a":"ทุ่งสง","pc":"TH80","p":"นครศรีธรรมราช","km2":29.8,"lat":8.1606,"lon":99.6684},"geometry":{"type":"Polygon","coordinates":[[[99.6809,8.187],[99.6938,8.1487],[99.7033,8.1306],[99.661,8.1387],[99.6395,8.1724],[99.6602,8.2058],[99.6809,8.187]]]}},{"type":"Feature","properties":{"tc":"TH800903","t":"หนองหงส์","te":"Nong Hong","ac":"TH8009","a":"ทุ่งสง","pc":"TH80","p":"นครศรีธรรมราช","km2":24.3,"lat":8.1891,"lon":99.6268},"geometry":{"type":"Polygon","coordinates":[[[99.659,8.2198],[99.6602,8.2058],[99.6395,8.1724],[99.6051,8.1708],[99.6026,8.2062],[99.659,8.2198]]]}},{"type":"Feature","properties":{"tc":"TH800904","t":"ควนกรด","te":"Khuan Krot","ac":"TH8009","a":"ทุ่งสง","pc":"TH80","p":"นครศรีธรรมราช","km2":39.4,"lat":8.1605,"lon":99.6027},"geometry":{"type":"Polygon","coordinates":[[[99.6051,8.1708],[99.6395,8.1724],[99.661,8.1387],[99.6579,8.1229],[99.582,8.1502],[99.548,8.1406],[99.5676,8.1786],[99.6051,8.1708]]]}},{"type":"Feature","properties":{"tc":"TH800905","t":"นาไม้ไผ่","te":"Na Mai Phai","ac":"TH8009","a":"ทุ่งสง","pc":"TH80","p":"นครศรีธรรมราช","km2":81.8,"lat":8.1046,"lon":99.5877},"geometry":{"type":"Polygon","coordinates":[[[99.6579,8.1229],[99.6353,8.0862],[99.5377,8.0801],[99.5221,8.1237],[99.548,8.1406],[99.582,8.1502],[99.6579,8.1229]]]}},{"type":"Feature","properties":{"tc":"TH800906","t":"นาหลวงเสน","te":"Na Luang Sen","ac":"TH8009","a":"ทุ่งสง","pc":"TH80","p":"นครศรีธรรมราช","km2":87.8,"lat":8.2301,"lon":99.7055},"geometry":{"type":"Polygon","coordinates":[[[99.7207,8.3015],[99.7573,8.2596],[99.756,8.249],[99.6975,8.1762],[99.6809,8.187],[99.6602,8.2058],[99.659,8.2198],[99.6813,8.2404],[99.6746,8.2901],[99.7207,8.3015]]]}},{"type":"Feature","properties":{"tc":"TH800907","t":"เขาโร","te":"Khao Ro","ac":"TH8009","a":"ทุ่งสง","pc":"TH80","p":"นครศรีธรรมราช","km2":79.2,"lat":8.0206,"lon":99.6006},"geometry":{"type":"Polygon","coordinates":[[[99.6353,8.0862],[99.6433,8.0528],[99.6115,7.9884],[99.6028,7.9834],[99.543,8.0602],[99.5377,8.0801],[99.6353,8.0862]]]}},{"type":"Feature","properties":{"tc":"TH800908","t":"กะปาง","te":"Kapang","ac":"TH8009","a":"ทุ่งสง","pc":"TH80","p":"นครศรีธรรมราช","km2":77.1,"lat":8.0305,"lon":99.692},"geometry":{"type":"Polygon","coordinates":[[[99.7506,8.0496],[99.7531,8.0078],[99.7132,7.9902],[99.6547,8.0114],[99.6157,7.9877],[99.6115,7.9884],[99.6433,8.0528],[99.7506,8.0496]]]}},{"type":"Feature","properties":{"tc":"TH800909","t":"ที่วัง","te":"Thi Wang","ac":"TH8009","a":"ทุ่งสง","pc":"TH80","p":"นครศรีธรรมราช","km2":101.8,"lat":8.1001,"lon":99.6746},"geometry":{"type":"Polygon","coordinates":[[[99.7033,8.1306],[99.7062,8.0871],[99.7712,8.1131],[99.7712,8.0684],[99.7765,8.0472],[99.7506,8.0496],[99.6433,8.0528],[99.6353,8.0862],[99.6579,8.1229],[99.661,8.1387],[99.7033,8.1306]]]}},{"type":"Feature","properties":{"tc":"TH800910","t":"น้ำตก","te":"Namtok","ac":"TH8009","a":"ทุ่งสง","pc":"TH80","p":"นครศรีธรรมราช","km2":118.6,"lat":7.9612,"lon":99.7793},"geometry":{"type":"Polygon","coordinates":[[[99.7765,8.0472],[99.7929,7.999],[99.8291,7.9694],[99.7977,7.9093],[99.7379,7.8609],[99.7404,7.9266],[99.7305,7.9529],[99.7531,8.0078],[99.7506,8.0496],[99.7765,8.0472]]]}},{"type":"Feature","properties":{"tc":"TH800911","t":"ถ้ำใหญ่","te":"Tham Yai","ac":"TH8009","a":"ทุ่งสง","pc":"TH80","p":"นครศรีธรรมราช","km2":133.7,"lat":8.1624,"lon":99.7419},"geometry":{"type":"Polygon","coordinates":[[[99.7924,8.2341],[99.8013,8.2003],[99.7712,8.1131],[99.7062,8.0871],[99.7033,8.1306],[99.6938,8.1487],[99.6975,8.1762],[99.756,8.249],[99.7924,8.2341]]]}},{"type":"Feature","properties":{"tc":"TH800912","t":"นาโพธิ์","te":"Na Pho","ac":"TH8009","a":"ทุ่งสง","pc":"TH80","p":"นครศรีธรรมราช","km2":42.3,"lat":8.2185,"lon":99.5661},"geometry":{"type":"Polygon","coordinates":[[[99.6026,8.2062],[99.6051,8.1708],[99.5676,8.1786],[99.5283,8.2309],[99.5399,8.2445],[99.5795,8.2421],[99.6026,8.2062]]]}},{"type":"Feature","properties":{"tc":"TH800913","t":"เขาขาว","te":"Khao Khao","ac":"TH8009","a":"ทุ่งสง","pc":"TH80","p":"นครศรีธรรมราช","km2":108.3,"lat":8.1609,"lon":99.4998},"geometry":{"type":"Polygon","coordinates":[[[99.5283,8.2309],[99.5676,8.1786],[99.548,8.1406],[99.5221,8.1237],[99.4751,8.1431],[99.4335,8.1229],[99.4466,8.1877],[99.4727,8.1974],[99.4966,8.218],[99.5283,8.2309]]]}},{"type":"Feature","properties":{"tc":"TH801001","t":"นาบอน","te":"Na Bon","ac":"TH8010","a":"นาบอน","pc":"TH80","p":"นครศรีธรรมราช","km2":89.7,"lat":8.2578,"lon":99.6139},"geometry":{"type":"Polygon","coordinates":[[[99.6746,8.2901],[99.6813,8.2404],[99.659,8.2198],[99.6026,8.2062],[99.5795,8.2421],[99.5399,8.2445],[99.5722,8.2927],[99.6329,8.2711],[99.6746,8.2901]]]}},{"type":"Feature","properties":{"tc":"TH801002","t":"ทุ่งสง","te":"Thung Song","ac":"TH8010","a":"นาบอน","pc":"TH80","p":"นครศรีธรรมราช","km2":53.8,"lat":8.3065,"lon":99.4946},"geometry":{"type":"Polygon","coordinates":[[[99.5194,8.348],[99.5214,8.3393],[99.4975,8.2737],[99.4966,8.218],[99.4727,8.1974],[99.4647,8.2158],[99.4866,8.3475],[99.4802,8.3647],[99.5194,8.348]]]}},{"type":"Feature","properties":{"tc":"TH801003","t":"แก้วแสน","te":"Kaeo Saen","ac":"TH8010","a":"นาบอน","pc":"TH80","p":"นครศรีธรรมราช","km2":61.2,"lat":8.2832,"lon":99.5334},"geometry":{"type":"Polygon","coordinates":[[[99.5523,8.3086],[99.5722,8.2927],[99.5399,8.2445],[99.5283,8.2309],[99.4966,8.218],[99.4975,8.2737],[99.5214,8.3393],[99.5523,8.3086]]]}},{"type":"Feature","properties":{"tc":"TH801101","t":"ท่ายาง","te":"Tha Yang","ac":"TH8011","a":"ทุ่งใหญ่","pc":"TH80","p":"นครศรีธรรมราช","km2":82.2,"lat":8.2871,"lon":99.3506},"geometry":{"type":"Polygon","coordinates":[[[99.384,8.3378],[99.3885,8.3319],[99.3896,8.261],[99.3336,8.2616],[99.2904,8.3126],[99.2886,8.3172],[99.2969,8.3448],[99.384,8.3378]]]}},{"type":"Feature","properties":{"tc":"TH801102","t":"ทุ่งสัง","te":"Thung Sang","ac":"TH8011","a":"ทุ่งใหญ่","pc":"TH80","p":"นครศรีธรรมราช","km2":51.7,"lat":8.367,"lon":99.3418},"geometry":{"type":"Polygon","coordinates":[[[99.3739,8.3893],[99.384,8.3378],[99.2969,8.3448],[99.3221,8.4116],[99.3739,8.3893]]]}},{"type":"Feature","properties":{"tc":"TH801103","t":"ทุ่งใหญ่","te":"Thung Yai","ac":"TH8011","a":"ทุ่งใหญ่","pc":"TH80","p":"นครศรีธรรมราช","km2":86.5,"lat":8.377,"lon":99.4275},"geometry":{"type":"Polygon","coordinates":[[[99.4204,8.4121],[99.477,8.3924],[99.4802,8.3647],[99.4866,8.3475],[99.4505,8.3282],[99.3885,8.3319],[99.384,8.3378],[99.3739,8.3893],[99.4204,8.4121]]]}},{"type":"Feature","properties":{"tc":"TH801104","t":"กุแหระ","te":"Kurae","ac":"TH8011","a":"ทุ่งใหญ่","pc":"TH80","p":"นครศรีธรรมราช","km2":88.7,"lat":8.186,"lon":99.334},"geometry":{"type":"Polygon","coordinates":[[[99.3896,8.261],[99.3576,8.2232],[99.368,8.1377],[99.2964,8.1321],[99.2895,8.1644],[99.3222,8.2076],[99.3133,8.2384],[99.3336,8.2616],[99.3896,8.261]]]}},{"type":"Feature","properties":{"tc":"TH801105","t":"ปริก","te":"Prik","ac":"TH8011","a":"ทุ่งใหญ่","pc":"TH80","p":"นครศรีธรรมราช","km2":101.3,"lat":8.2946,"lon":99.4334},"geometry":{"type":"Polygon","coordinates":[[[99.4647,8.2158],[99.3896,8.261],[99.3885,8.3319],[99.4505,8.3282],[99.4866,8.3475],[99.4647,8.2158]]]}},{"type":"Feature","properties":{"tc":"TH801106","t":"บางรูป","te":"Bang Rup","ac":"TH8011","a":"ทุ่งใหญ่","pc":"TH80","p":"นครศรีธรรมราช","km2":82.2,"lat":8.3987,"lon":99.2803},"geometry":{"type":"Polygon","coordinates":[[[99.2934,8.4707],[99.3227,8.4184],[99.3221,8.4116],[99.2969,8.3448],[99.2886,8.3172],[99.2345,8.3858],[99.2934,8.4707]]]}},{"type":"Feature","properties":{"tc":"TH801107","t":"กรุงหยัน","te":"Krung Yan","ac":"TH8011","a":"ทุ่งใหญ่","pc":"TH80","p":"นครศรีธรรมราช","km2":129.6,"lat":8.1627,"lon":99.4033},"geometry":{"type":"Polygon","coordinates":[[[99.4647,8.2158],[99.4727,8.1974],[99.4466,8.1877],[99.4335,8.1229],[99.3917,8.1099],[99.368,8.1377],[99.3576,8.2232],[99.3896,8.261],[99.4647,8.2158]]]}},{"type":"Feature","properties":{"tc":"TH801201","t":"ปากพนัง","te":"Pak Phanang","ac":"TH8012","a":"ปากพนัง","pc":"TH80","p":"นครศรีธรรมราช","km2":1.4,"lat":8.3529,"lon":100.1966},"geometry":{"type":"Polygon","coordinates":[[[100.2045,8.3451],[100.1995,8.333],[100.193,8.3607],[100.2045,8.3451]]]}},{"type":"Feature","properties":{"tc":"TH801202","t":"คลองน้อย","te":"Khlong Noi","ac":"TH8012","a":"ปากพนัง","pc":"TH80","p":"นครศรีธรรมราช","km2":67.5,"lat":8.3666,"lon":100.1075},"geometry":{"type":"Polygon","coordinates":[[[100.1384,8.3883],[100.1417,8.3449],[100.1193,8.3093],[100.0777,8.3175],[100.0655,8.3349],[100.089,8.4145],[100.1384,8.3883]]]}},{"type":"Feature","properties":{"tc":"TH801203","t":"ป่าระกำ","te":"Pa Rakam","ac":"TH8012","a":"ปากพนัง","pc":"TH80","p":"นครศรีธรรมราช","km2":37.0,"lat":8.2407,"lon":100.1178},"geometry":{"type":"Polygon","coordinates":[[[100.1699,8.2649],[100.1619,8.2522],[100.117,8.2144],[100.0775,8.2253],[100.0768,8.2293],[100.1189,8.2754],[100.1699,8.2649]]]}},{"type":"Feature","properties":{"tc":"TH801204","t":"ชะเมา","te":"Chamao","ac":"TH8012","a":"ปากพนัง","pc":"TH80","p":"นครศรีธรรมราช","km2":52.0,"lat":8.2828,"lon":100.054},"geometry":{"type":"Polygon","coordinates":[[[100.0655,8.3349],[100.0777,8.3175],[100.0721,8.2341],[100.0571,8.2187],[100.0191,8.2481],[100.0536,8.3361],[100.0655,8.3349]]]}},{"type":"Feature","properties":{"tc":"TH801205","t":"คลองกระบือ","te":"Khlong Krabue","ac":"TH8012","a":"ปากพนัง","pc":"TH80","p":"นครศรีธรรมราช","km2":19.6,"lat":8.3223,"lon":100.1451},"geometry":{"type":"Polygon","coordinates":[[[100.162,8.3352],[100.1645,8.2867],[100.1183,8.3069],[100.1417,8.3449],[100.162,8.3352]]]}},{"type":"Feature","properties":{"tc":"TH801206","t":"เกาะทวด","te":"Ko Thuat","ac":"TH8012","a":"ปากพนัง","pc":"TH80","p":"นครศรีธรรมราช","km2":33.5,"lat":8.2547,"lon":100.0867},"geometry":{"type":"Polygon","coordinates":[[[100.1193,8.3093],[100.1189,8.2754],[100.0768,8.2293],[100.0721,8.2341],[100.0777,8.3175],[100.1193,8.3093]]]}},{"type":"Feature","properties":{"tc":"TH801207","t":"บ้านใหม่","te":"Ban Mai","ac":"TH8012","a":"ปากพนัง","pc":"TH80","p":"นครศรีธรรมราช","km2":23.3,"lat":8.2832,"lon":100.1498},"geometry":{"type":"Polygon","coordinates":[[[100.1645,8.2867],[100.1973,8.2797],[100.1959,8.2561],[100.1699,8.2649],[100.1189,8.2754],[100.1183,8.3069],[100.1645,8.2867]]]}},{"type":"Feature","properties":{"tc":"TH801208","t":"หูล่อง","te":"Hu Long","ac":"TH8012","a":"ปากพนัง","pc":"TH80","p":"นครศรีธรรมราช","km2":26.8,"lat":8.3119,"lon":100.1845},"geometry":{"type":"Polygon","coordinates":[[[100.1995,8.333],[100.2099,8.3138],[100.2016,8.31],[100.1973,8.2797],[100.1645,8.2867],[100.162,8.3352],[100.1963,8.3447],[100.1995,8.333]]]}},{"type":"Feature","properties":{"tc":"TH801209","t":"แหลมตะลุมพุก","te":"Laem Talumphuk","ac":"TH8012","a":"ปากพนัง","pc":"TH80","p":"นครศรีธรรมราช","km2":11.9,"lat":8.455,"lon":100.1959},"geometry":{"type":"Polygon","coordinates":[[[100.2186,8.4326],[100.1596,8.4773],[100.168,8.5038],[100.2186,8.4326]]]}},{"type":"Feature","properties":{"tc":"TH801210","t":"ปากพนังฝั่งตะวัน","te":"Pak Phanang Fang Tawan Tok","ac":"TH8012","a":"ปากพนัง","pc":"TH80","p":"นครศรีธรรมราช","km2":26.8,"lat":8.374,"lon":100.1595},"geometry":{"type":"Polygon","coordinates":[[[100.166,8.3873],[100.193,8.3607],[100.1963,8.3447],[100.162,8.3352],[100.1417,8.3449],[100.1384,8.3883],[100.166,8.3873]]]}},{"type":"Feature","properties":{"tc":"TH801211","t":"บางศาลา","te":"Bang Sala","ac":"TH8012","a":"ปากพนัง","pc":"TH80","p":"นครศรีธรรมราช","km2":10.6,"lat":8.2406,"lon":100.1809},"geometry":{"type":"Polygon","coordinates":[[[100.1959,8.2561],[100.1899,8.2236],[100.1758,8.2291],[100.1619,8.2522],[100.1699,8.2649],[100.1959,8.2561]]]}},{"type":"Feature","properties":{"tc":"TH801212","t":"บางพระ","te":"Bang Phra","ac":"TH8012","a":"ปากพนัง","pc":"TH80","p":"นครศรีธรรมราช","km2":21.6,"lat":8.3234,"lon":100.2309},"geometry":{"type":"Polygon","coordinates":[[[100.2489,8.348],[100.2614,8.3104],[100.2099,8.3138],[100.1995,8.333],[100.2045,8.3451],[100.2489,8.348]]]}},{"type":"Feature","properties":{"tc":"TH801213","t":"บางตะพง","te":"Bang Taphong","ac":"TH8012","a":"ปากพนัง","pc":"TH80","p":"นครศรีธรรมราช","km2":13.2,"lat":8.2406,"lon":100.1585},"geometry":{"type":"Polygon","coordinates":[[[100.1758,8.2291],[100.127,8.207],[100.117,8.2144],[100.1619,8.2522],[100.1758,8.2291]]]}},{"type":"Feature","properties":{"tc":"TH801214","t":"ปากพนังฝั่งตะวัน","te":"Pak Phanang Fang Tawan Ok","ac":"TH8012","a":"ปากพนัง","pc":"TH80","p":"นครศรีธรรมราช","km2":86.1,"lat":8.41,"lon":100.1926},"geometry":{"type":"Polygon","coordinates":[[[100.2186,8.4326],[100.2489,8.348],[100.2045,8.3451],[100.193,8.3607],[100.166,8.3873],[100.1473,8.443],[100.1596,8.4773],[100.2186,8.4326]]]}},{"type":"Feature","properties":{"tc":"TH801215","t":"บ้านเพิง","te":"Ban Phoeng","ac":"TH8012","a":"ปากพนัง","pc":"TH80","p":"นครศรีธรรมราช","km2":17.6,"lat":8.287,"lon":100.2339},"geometry":{"type":"Polygon","coordinates":[[[100.2614,8.3104],[100.2634,8.3036],[100.2328,8.2704],[100.2016,8.31],[100.2099,8.3138],[100.2614,8.3104]]]}},{"type":"Feature","properties":{"tc":"TH801216","t":"ท่าพยา","te":"Tha Phaya","ac":"TH8012","a":"ปากพนัง","pc":"TH80","p":"นครศรีธรรมราช","km2":23.9,"lat":8.287,"lon":100.2579},"geometry":{"type":"Polygon","coordinates":[[[100.28,8.2398],[100.2366,8.2384],[100.2328,8.2704],[100.2634,8.3036],[100.28,8.2398]]]}},{"type":"Feature","properties":{"tc":"TH801217","t":"ปากแพรก","te":"Pak Phraek","ac":"TH8012","a":"ปากพนัง","pc":"TH80","p":"นครศรีธรรมราช","km2":39.2,"lat":8.2472,"lon":100.2149},"geometry":{"type":"Polygon","coordinates":[[[100.2328,8.2704],[100.2366,8.2384],[100.2296,8.1977],[100.1899,8.2236],[100.1959,8.2561],[100.2016,8.31],[100.2328,8.2704]]]}},{"type":"Feature","properties":{"tc":"TH801218","t":"ขนาบนาก","te":"Khanap Nak","ac":"TH8012","a":"ปากพนัง","pc":"TH80","p":"นครศรีธรรมราช","km2":39.9,"lat":8.2181,"lon":100.2589},"geometry":{"type":"Polygon","coordinates":[[[100.2951,8.1713],[100.2593,8.1731],[100.2578,8.1778],[100.2326,8.1978],[100.2296,8.1977],[100.2366,8.2384],[100.28,8.2398],[100.2951,8.1713]]]}},{"type":"Feature","properties":{"tc":"TH801301","t":"ร่อนพิบูลย์","te":"Ron Phibun","ac":"TH8013","a":"ร่อนพิบูลย์","pc":"TH80","p":"นครศรีธรรมราช","km2":102.8,"lat":8.1524,"lon":99.8242},"geometry":{"type":"Polygon","coordinates":[[[99.8864,8.2072],[99.8621,8.1502],[99.8099,8.1376],[99.7712,8.0684],[99.7712,8.1131],[99.8013,8.2003],[99.7924,8.2341],[99.8285,8.2377],[99.8864,8.2072]]]}},{"type":"Feature","properties":{"tc":"TH801302","t":"หินตก","te":"Hin Tok","ac":"TH8013","a":"ร่อนพิบูลย์","pc":"TH80","p":"นครศรีธรรมราช","km2":108.8,"lat":8.2543,"lon":99.8341},"geometry":{"type":"Polygon","coordinates":[[[99.8601,8.3062],[99.8645,8.298],[99.9106,8.2628],[99.9144,8.2253],[99.8864,8.2072],[99.8285,8.2377],[99.7924,8.2341],[99.756,8.249],[99.7573,8.2596],[99.8269,8.3012],[99.8601,8.3062]]]}},{"type":"Feature","properties":{"tc":"TH801303","t":"เสาธง","te":"Sao Thong","ac":"TH8013","a":"ร่อนพิบูลย์","pc":"TH80","p":"นครศรีธรรมราช","km2":24.2,"lat":8.2476,"lon":99.9273},"geometry":{"type":"Polygon","coordinates":[[[99.9428,8.2683],[99.9428,8.2323],[99.9375,8.2192],[99.9144,8.2253],[99.9106,8.2628],[99.8645,8.298],[99.9428,8.2683]]]}},{"type":"Feature","properties":{"tc":"TH801304","t":"ควนเกย","te":"Khuan Koei","ac":"TH8013","a":"ร่อนพิบูลย์","pc":"TH80","p":"นครศรีธรรมราช","km2":24.4,"lat":8.1358,"lon":99.9019},"geometry":{"type":"Polygon","coordinates":[[[99.9268,8.1446],[99.9355,8.1269],[99.9171,8.1132],[99.8915,8.1097],[99.8621,8.1502],[99.8651,8.1546],[99.9268,8.1446]]]}},{"type":"Feature","properties":{"tc":"TH801305","t":"ควนพัง","te":"Khuan Phang","ac":"TH8013","a":"ร่อนพิบูลย์","pc":"TH80","p":"นครศรีธรรมราช","km2":132.5,"lat":8.1645,"lon":99.9748},"geometry":{"type":"Polygon","coordinates":[[[100.0159,8.1844],[100.0277,8.1264],[99.9611,8.0829],[99.9268,8.1446],[99.9375,8.2192],[99.9428,8.2323],[99.9928,8.2388],[100.0159,8.1844]]]}},{"type":"Feature","properties":{"tc":"TH801306","t":"ควนชุม","te":"Khuan Chum","ac":"TH8013","a":"ร่อนพิบูลย์","pc":"TH80","p":"นครศรีธรรมราช","km2":47.4,"lat":8.1809,"lon":99.9039},"geometry":{"type":"Polygon","coordinates":[[[99.9375,8.2192],[99.9268,8.1446],[99.8651,8.1546],[99.8864,8.2072],[99.9144,8.2253],[99.9375,8.2192]]]}},{"type":"Feature","properties":{"tc":"TH801401","t":"สิชล","te":"Sichon","ac":"TH8014","a":"สิชล","pc":"TH80","p":"นครศรีธรรมราช","km2":40.7,"lat":9.013,"lon":99.8917},"geometry":{"type":"Polygon","coordinates":[[[99.9172,9.0156],[99.9141,8.9728],[99.8809,8.998],[99.8232,8.9755],[99.8206,8.9805],[99.8691,9.0105],[99.8342,9.0423],[99.8455,9.0565],[99.9172,9.0156]]]}},{"type":"Feature","properties":{"tc":"TH801402","t":"ทุ่งปรัง","te":"Thung Prang","ac":"TH8014","a":"สิชล","pc":"TH80","p":"นครศรีธรรมราช","km2":66.1,"lat":8.943,"lon":99.8799},"geometry":{"type":"Polygon","coordinates":[[[99.9141,8.9728],[99.9156,8.9108],[99.8543,8.9148],[99.8357,8.9712],[99.8232,8.9755],[99.8809,8.998],[99.9141,8.9728]]]}},{"type":"Feature","properties":{"tc":"TH801403","t":"ฉลอง","te":"Chalong","ac":"TH8014","a":"สิชล","pc":"TH80","p":"นครศรีธรรมราช","km2":70.2,"lat":8.912,"lon":99.8128},"geometry":{"type":"Polygon","coordinates":[[[99.8357,8.9712],[99.8652,8.882],[99.8281,8.9093],[99.7315,8.8602],[99.6817,8.8551],[99.685,8.8738],[99.8232,8.9357],[99.8357,8.9712]]]}},{"type":"Feature","properties":{"tc":"TH801404","t":"เสาเภา","te":"Sao Phao","ac":"TH8014","a":"สิชล","pc":"TH80","p":"นครศรีธรรมราช","km2":34.7,"lat":8.8964,"lon":99.8889},"geometry":{"type":"Polygon","coordinates":[[[99.9156,8.9108],[99.9208,8.8703],[99.9089,8.8578],[99.8898,8.853],[99.8652,8.882],[99.8543,8.9148],[99.9156,8.9108]]]}},{"type":"Feature","properties":{"tc":"TH801405","t":"เปลี่ยน","te":"Plian","ac":"TH8014","a":"สิชล","pc":"TH80","p":"นครศรีธรรมราช","km2":47.7,"lat":8.8362,"lon":99.8374},"geometry":{"type":"Polygon","coordinates":[[[99.8898,8.853],[99.9089,8.8578],[99.8613,8.8195],[99.7582,8.8116],[99.7525,8.8136],[99.8465,8.8665],[99.8898,8.853]]]}},{"type":"Feature","properties":{"tc":"TH801406","t":"สี่ขีด","te":"Si Khit","ac":"TH8014","a":"สิชล","pc":"TH80","p":"นครศรีธรรมราช","km2":137.7,"lat":9.0201,"lon":99.7984},"geometry":{"type":"Polygon","coordinates":[[[99.8083,9.0818],[99.8342,9.0423],[99.8691,9.0105],[99.8206,8.9805],[99.7427,8.9531],[99.7224,8.9773],[99.7421,9.0297],[99.7718,9.0964],[99.8083,9.0818]]]}},{"type":"Feature","properties":{"tc":"TH801407","t":"เทพราช","te":"Theppharat","ac":"TH8014","a":"สิชล","pc":"TH80","p":"นครศรีธรรมราช","km2":91.6,"lat":8.8634,"lon":99.7893},"geometry":{"type":"Polygon","coordinates":[[[99.8652,8.882],[99.8898,8.853],[99.8465,8.8665],[99.7525,8.8136],[99.6817,8.8551],[99.7315,8.8602],[99.8281,8.9093],[99.8652,8.882]]]}},{"type":"Feature","properties":{"tc":"TH801408","t":"เขาน้อย","te":"Khao Noi","ac":"TH8014","a":"สิชล","pc":"TH80","p":"นครศรีธรรมราช","km2":116.2,"lat":8.9008,"lon":99.7044},"geometry":{"type":"Polygon","coordinates":[[[99.8206,8.9805],[99.8232,8.9755],[99.8357,8.9712],[99.8232,8.9357],[99.685,8.8738],[99.6419,8.9278],[99.6964,8.9358],[99.7224,8.9773],[99.7427,8.9531],[99.8206,8.9805]]]}},{"type":"Feature","properties":{"tc":"TH801409","t":"ทุ่งใส","te":"Thung Sai","ac":"TH8014","a":"สิชล","pc":"TH80","p":"นครศรีธรรมราช","km2":67.9,"lat":9.0692,"lon":99.8641},"geometry":{"type":"Polygon","coordinates":[[[99.9094,9.0899],[99.9172,9.0156],[99.8455,9.0565],[99.8342,9.0423],[99.8083,9.0818],[99.8327,9.1241],[99.8617,9.0893],[99.9094,9.0899]]]}},{"type":"Feature","properties":{"tc":"TH801501","t":"ขนอม","te":"Khanom","ac":"TH8015","a":"ขนอม","pc":"TH80","p":"นครศรีธรรมราช","km2":79.2,"lat":9.1632,"lon":99.8473},"geometry":{"type":"Polygon","coordinates":[[[99.9094,9.0899],[99.8617,9.0893],[99.8327,9.1241],[99.8149,9.1856],[99.8427,9.2185],[99.8656,9.2359],[99.8756,9.1407],[99.9094,9.0899]]]}},{"type":"Feature","properties":{"tc":"TH801502","t":"ควนทอง","te":"Khuan Thong","ac":"TH8015","a":"ขนอม","pc":"TH80","p":"นครศรีธรรมราช","km2":162.5,"lat":9.1712,"lon":99.774},"geometry":{"type":"Polygon","coordinates":[[[99.8427,9.2185],[99.8149,9.1856],[99.8327,9.1241],[99.8083,9.0818],[99.7718,9.0964],[99.7221,9.1568],[99.7716,9.2609],[99.7943,9.2703],[99.8427,9.2185]]]}},{"type":"Feature","properties":{"tc":"TH801503","t":"ท้องเนียน","te":"Thong Nian","ac":"TH8015","a":"ขนอม","pc":"TH80","p":"นครศรีธรรมราช","km2":61.0,"lat":9.282,"lon":99.8094},"geometry":{"type":"Polygon","coordinates":[[[99.8656,9.2359],[99.8427,9.2185],[99.7943,9.2703],[99.7716,9.2609],[99.7691,9.3228],[99.8435,9.2936],[99.8656,9.2359]]]}},{"type":"Feature","properties":{"tc":"TH801601","t":"หัวไทร","te":"Hua Sai","ac":"TH8016","a":"หัวไทร","pc":"TH80","p":"นครศรีธรรมราช","km2":43.8,"lat":8.0359,"lon":100.2829},"geometry":{"type":"Polygon","coordinates":[[[100.2744,8.0969],[100.3004,8.0759],[100.3079,7.9925],[100.2602,8.0081],[100.2635,8.0638],[100.268,8.0924],[100.2744,8.0969]]]}},{"type":"Feature","properties":{"tc":"TH801602","t":"หน้าสตน","te":"Na Saton","ac":"TH8016","a":"หัวไทร","pc":"TH80","p":"นครศรีธรรมราช","km2":32.6,"lat":8.0342,"lon":100.3115},"geometry":{"type":"Polygon","coordinates":[[[100.3366,7.9318],[100.3213,7.9368],[100.3082,7.9786],[100.3004,8.0759],[100.2814,8.0918],[100.3078,8.0981],[100.3366,7.9318]]]}},{"type":"Feature","properties":{"tc":"TH801603","t":"ทรายขาว","te":"Sai Khao","ac":"TH8016","a":"หัวไทร","pc":"TH80","p":"นครศรีธรรมราช","km2":43.8,"lat":8.0373,"lon":100.2324},"geometry":{"type":"Polygon","coordinates":[[[100.217,8.0795],[100.2635,8.0638],[100.2602,8.0081],[100.2382,8.0109],[100.1939,8.0101],[100.217,8.0795]]]}},{"type":"Feature","properties":{"tc":"TH801604","t":"แหลม","te":"Laem","ac":"TH8016","a":"หัวไทร","pc":"TH80","p":"นครศรีธรรมราช","km2":79.6,"lat":7.97,"lon":100.1939},"geometry":{"type":"Polygon","coordinates":[[[100.2415,7.9476],[100.1441,7.9282],[100.1494,7.9925],[100.1744,8.011],[100.2382,8.0109],[100.2415,7.9476]]]}},{"type":"Feature","properties":{"tc":"TH801605","t":"เขาพังไกร","te":"Khao Phang Krai","ac":"TH8016","a":"หัวไทร","pc":"TH80","p":"นครศรีธรรมราช","km2":40.7,"lat":7.9631,"lon":100.265},"geometry":{"type":"Polygon","coordinates":[[[100.2602,8.0081],[100.3079,7.9925],[100.3082,7.9786],[100.2608,7.9395],[100.2415,7.9476],[100.2382,8.0109],[100.2602,8.0081]]]}},{"type":"Feature","properties":{"tc":"TH801606","t":"บ้านราม","te":"Ban Ram","ac":"TH8016","a":"หัวไทร","pc":"TH80","p":"นครศรีธรรมราช","km2":15.6,"lat":8.086,"lon":100.2429},"geometry":{"type":"Polygon","coordinates":[[[100.268,8.0924],[100.2635,8.0638],[100.217,8.0795],[100.2241,8.1036],[100.268,8.0924]]]}},{"type":"Feature","properties":{"tc":"TH801607","t":"บางนบ","te":"Bang Nop","ac":"TH8016","a":"หัวไทร","pc":"TH80","p":"นครศรีธรรมราช","km2":12.7,"lat":8.108,"lon":100.2463},"geometry":{"type":"Polygon","coordinates":[[[100.2699,8.1125],[100.2744,8.0969],[100.268,8.0924],[100.2241,8.1036],[100.2183,8.1132],[100.2187,8.1241],[100.2699,8.1125]]]}},{"type":"Feature","properties":{"tc":"TH801608","t":"ท่าซอม","te":"Tha Som","ac":"TH8016","a":"หัวไทร","pc":"TH80","p":"นครศรีธรรมราช","km2":19.9,"lat":8.1486,"lon":100.25},"geometry":{"type":"Polygon","coordinates":[[[100.2578,8.1778],[100.2593,8.1731],[100.2699,8.1125],[100.2187,8.1241],[100.2578,8.1778]]]}},{"type":"Feature","properties":{"tc":"TH801609","t":"ควนชะลิก","te":"Khuan Chalik","ac":"TH8016","a":"หัวไทร","pc":"TH80","p":"นครศรีธรรมราช","km2":72.4,"lat":7.9087,"lon":100.21},"geometry":{"type":"Polygon","coordinates":[[[100.2415,7.9476],[100.2608,7.9395],[100.266,7.9147],[100.2606,7.9027],[100.2355,7.883],[100.1775,7.8765],[100.1441,7.9282],[100.2415,7.9476]]]}},{"type":"Feature","properties":{"tc":"TH801610","t":"รามแก้ว","te":"Ram Kaeo","ac":"TH8016","a":"หัวไทร","pc":"TH80","p":"นครศรีธรรมราช","km2":27.5,"lat":7.9591,"lon":100.2994},"geometry":{"type":"Polygon","coordinates":[[[100.3213,7.9368],[100.2887,7.9149],[100.266,7.9147],[100.2608,7.9395],[100.3082,7.9786],[100.3213,7.9368]]]}},{"type":"Feature","properties":{"tc":"TH801611","t":"เกาะเพชร","te":"Ko Phet","ac":"TH8016","a":"หัวไทร","pc":"TH80","p":"นครศรีธรรมราช","km2":33.4,"lat":8.1419,"lon":100.2825},"geometry":{"type":"Polygon","coordinates":[[[100.2951,8.1713],[100.3078,8.0981],[100.2814,8.0918],[100.2744,8.0969],[100.2699,8.1125],[100.2593,8.1731],[100.2951,8.1713]]]}},{"type":"Feature","properties":{"tc":"TH801701","t":"บางขัน","te":"Bang Khan","ac":"TH8017","a":"บางขัน","pc":"TH80","p":"นครศรีธรรมราช","km2":162.1,"lat":8.0716,"lon":99.4641},"geometry":{"type":"Polygon","coordinates":[[[99.5221,8.1237],[99.543,8.0602],[99.5407,8.0535],[99.4548,8.0399],[99.4149,7.9997],[99.3874,8.0631],[99.3917,8.1099],[99.4335,8.1229],[99.4751,8.1431],[99.5221,8.1237]]]}},{"type":"Feature","properties":{"tc":"TH801702","t":"บ้านลำนาว","te":"Ban Lamnao","ac":"TH8017","a":"บางขัน","pc":"TH80","p":"นครศรีธรรมราช","km2":171.7,"lat":7.9731,"lon":99.4475},"geometry":{"type":"Polygon","coordinates":[[[99.5407,8.0535],[99.5183,8.0086],[99.4722,7.9042],[99.436,7.8747],[99.4199,7.9205],[99.3652,7.945],[99.3698,7.9466],[99.4149,7.9997],[99.4548,8.0399],[99.5407,8.0535]]]}},{"type":"Feature","properties":{"tc":"TH801703","t":"วังหิน","te":"Wang Hin","ac":"TH8017","a":"บางขัน","pc":"TH80","p":"นครศรีธรรมราช","km2":81.7,"lat":7.996,"lon":99.5572},"geometry":{"type":"Polygon","coordinates":[[[99.543,8.0602],[99.6028,7.9834],[99.5626,7.9251],[99.542,7.909],[99.5183,8.0086],[99.543,8.0602]]]}},{"type":"Feature","properties":{"tc":"TH801704","t":"บ้านนิคม","te":"Ban Nikhom","ac":"TH8017","a":"บางขัน","pc":"TH80","p":"นครศรีธรรมราช","km2":56.4,"lat":7.9588,"lon":99.5132},"geometry":{"type":"Polygon","coordinates":[[[99.542,7.909],[99.5337,7.8779],[99.4722,7.9042],[99.5183,8.0086],[99.542,7.909]]]}},{"type":"Feature","properties":{"tc":"TH801801","t":"ถ้ำพรรณรา","te":"Tham Phannara","ac":"TH8018","a":"ถ้ำพรรณรา","pc":"TH80","p":"นครศรีธรรมราช","km2":43.0,"lat":8.4233,"lon":99.384},"geometry":{"type":"Polygon","coordinates":[[[99.43,8.4282],[99.4204,8.4121],[99.3739,8.3893],[99.3221,8.4116],[99.3227,8.4184],[99.3861,8.4355],[99.3852,8.4649],[99.43,8.4282]]]}},{"type":"Feature","properties":{"tc":"TH801802","t":"คลองเส","te":"Khlong Se","ac":"TH8018","a":"ถ้ำพรรณรา","pc":"TH80","p":"นครศรีธรรมราช","km2":65.2,"lat":8.4779,"lon":99.4164},"geometry":{"type":"Polygon","coordinates":[[[99.4178,8.5522],[99.428,8.5379],[99.4441,8.4908],[99.4546,8.4476],[99.43,8.4282],[99.3852,8.4649],[99.3869,8.5154],[99.4178,8.5522]]]}},{"type":"Feature","properties":{"tc":"TH801803","t":"ดุสิต","te":"Dusit","ac":"TH8018","a":"ถ้ำพรรณรา","pc":"TH80","p":"นครศรีธรรมราช","km2":71.2,"lat":8.4678,"lon":99.3402},"geometry":{"type":"Polygon","coordinates":[[[99.3869,8.5154],[99.3852,8.4649],[99.3861,8.4355],[99.3227,8.4184],[99.2934,8.4707],[99.378,8.5162],[99.3869,8.5154]]]}},{"type":"Feature","properties":{"tc":"TH801901","t":"บ้านควนมุด","te":"Ban Khuan Mut","ac":"TH8019","a":"จุฬาภรณ์","pc":"TH80","p":"นครศรีธรรมราช","km2":5.3,"lat":8.0323,"lon":99.9183},"geometry":{"type":"Polygon","coordinates":[[[99.9173,8.0432],[99.9381,8.0355],[99.9385,8.0291],[99.8896,8.0272],[99.9173,8.0432]]]}},{"type":"Feature","properties":{"tc":"TH801902","t":"บ้านชะอวด","te":"Ban Cha-Uat","ac":"TH8019","a":"จุฬาภรณ์","pc":"TH80","p":"นครศรีธรรมราช","km2":12.0,"lat":8.0542,"lon":99.9299},"geometry":{"type":"Polygon","coordinates":[[[99.955,8.0721],[99.9381,8.0355],[99.9173,8.0432],[99.909,8.0651],[99.955,8.0721]]]}},{"type":"Feature","properties":{"tc":"TH801903","t":"ควนหนองคว้า","te":"Khuan Nong Kwa","ac":"TH8019","a":"จุฬาภรณ์","pc":"TH80","p":"นครศรีธรรมราช","km2":24.9,"lat":8.098,"lon":99.9331},"geometry":{"type":"Polygon","coordinates":[[[99.9355,8.1269],[99.9611,8.0829],[99.955,8.0721],[99.909,8.0651],[99.9074,8.0663],[99.9171,8.1132],[99.9355,8.1269]]]}},{"type":"Feature","properties":{"tc":"TH801904","t":"ทุ่งโพธิ์","te":"Thung Pho","ac":"TH8019","a":"จุฬาภรณ์","pc":"TH80","p":"นครศรีธรรมราช","km2":68.8,"lat":8.1019,"lon":99.8403},"geometry":{"type":"Polygon","coordinates":[[[99.8915,8.1097],[99.8896,8.0941],[99.7724,8.0668],[99.7712,8.0684],[99.8099,8.1376],[99.8621,8.1502],[99.8915,8.1097]]]}},{"type":"Feature","properties":{"tc":"TH801905","t":"นาหมอบุญ","te":"Na Mo Bun","ac":"TH8019","a":"จุฬาภรณ์","pc":"TH80","p":"นครศรีธรรมราช","km2":67.0,"lat":8.0415,"lon":99.848},"geometry":{"type":"Polygon","coordinates":[[[99.9074,8.0663],[99.9173,8.0432],[99.8896,8.0272],[99.7889,8.0132],[99.7789,8.0397],[99.8332,8.0724],[99.9074,8.0663]]]}},{"type":"Feature","properties":{"tc":"TH801906","t":"สามตำบล","te":"Sam Tambon","ac":"TH8019","a":"จุฬาภรณ์","pc":"TH80","p":"นครศรีธรรมราช","km2":37.8,"lat":8.0833,"lon":99.8769},"geometry":{"type":"Polygon","coordinates":[[[99.9171,8.1132],[99.9074,8.0663],[99.8332,8.0724],[99.7789,8.0397],[99.7724,8.0668],[99.8896,8.0941],[99.8915,8.1097],[99.9171,8.1132]]]}},{"type":"Feature","properties":{"tc":"TH802001","t":"นาพรุ","te":"Na Phru","ac":"TH8020","a":"พระพรหม","pc":"TH80","p":"นครศรีธรรมราช","km2":20.6,"lat":8.3355,"lon":99.9128},"geometry":{"type":"Polygon","coordinates":[[[99.942,8.3231],[99.874,8.3252],[99.8942,8.3458],[99.9405,8.3639],[99.942,8.3231]]]}},{"type":"Feature","properties":{"tc":"TH802002","t":"นาสาร","te":"Na San","ac":"TH8020","a":"พระพรหม","pc":"TH80","p":"นครศรีธรรมราช","km2":34.0,"lat":8.3677,"lon":99.9098},"geometry":{"type":"Polygon","coordinates":[[[99.9696,8.3916],[99.9704,8.3805],[99.9405,8.3639],[99.8942,8.3458],[99.8684,8.3714],[99.8916,8.3822],[99.931,8.3961],[99.9696,8.3916]]]}},{"type":"Feature","properties":{"tc":"TH802003","t":"ท้ายสำเภา","te":"Thai Samphao","ac":"TH8020","a":"พระพรหม","pc":"TH80","p":"นครศรีธรรมราช","km2":38.8,"lat":8.2831,"lon":99.9231},"geometry":{"type":"Polygon","coordinates":[[[99.942,8.3231],[99.9428,8.2683],[99.8645,8.298],[99.8601,8.3062],[99.874,8.3252],[99.942,8.3231]]]}},{"type":"Feature","properties":{"tc":"TH802004","t":"ช้างซ้าย","te":"Chang Sai","ac":"TH8020","a":"พระพรหม","pc":"TH80","p":"นครศรีธรรมราช","km2":62.3,"lat":8.2957,"lon":99.9673},"geometry":{"type":"Polygon","coordinates":[[[99.9704,8.3805],[100.0027,8.2535],[99.9421,8.2667],[99.9405,8.3639],[99.9704,8.3805]]]}},{"type":"Feature","properties":{"tc":"TH802101","t":"นบพิตำ","te":"Nopphitam","ac":"TH8021","a":"นบพิตำ","pc":"TH80","p":"นครศรีธรรมราช","km2":128.2,"lat":8.7225,"lon":99.7484},"geometry":{"type":"Polygon","coordinates":[[[99.7582,8.8116],[99.8073,8.7306],[99.7958,8.7145],[99.7216,8.7062],[99.7063,8.642],[99.6694,8.65],[99.6705,8.6783],[99.6958,8.7131],[99.693,8.762],[99.7525,8.8136],[99.7582,8.8116]]]}},{"type":"Feature","properties":{"tc":"TH802102","t":"กรุงชิง","te":"Krung Ching","ac":"TH8021","a":"นบพิตำ","pc":"TH80","p":"นครศรีธรรมราช","km2":444.0,"lat":8.7878,"lon":99.6211},"geometry":{"type":"Polygon","coordinates":[[[99.6419,8.9278],[99.685,8.8738],[99.6817,8.8551],[99.7525,8.8136],[99.693,8.762],[99.6958,8.7131],[99.6705,8.6783],[99.5439,8.7195],[99.5219,8.7193],[99.5176,8.8361],[99.5558,8.8777],[99.5686,8.8871],[99.5762,8.9111],[99.6419,8.9278]]]}},{"type":"Feature","properties":{"tc":"TH802103","t":"กะหรอ","te":"Karo","ac":"TH8021","a":"นบพิตำ","pc":"TH80","p":"นครศรีธรรมราช","km2":53.4,"lat":8.6586,"lon":99.8296},"geometry":{"type":"Polygon","coordinates":[[[99.8527,8.6877],[99.8612,8.6313],[99.8313,8.6201],[99.8143,8.6232],[99.7925,8.6858],[99.8198,8.7063],[99.8287,8.7232],[99.8527,8.6877]]]}},{"type":"Feature","properties":{"tc":"TH802104","t":"นาเหรง","te":"Na Reng","ac":"TH8021","a":"นบพิตำ","pc":"TH80","p":"นครศรีธรรมราช","km2":114.7,"lat":8.6679,"lon":99.7556},"geometry":{"type":"Polygon","coordinates":[[[99.7958,8.7145],[99.8198,8.7063],[99.7925,8.6858],[99.8143,8.6232],[99.7165,8.6151],[99.7096,8.5974],[99.6694,8.65],[99.7063,8.642],[99.7216,8.7062],[99.7958,8.7145]]]}},{"type":"Feature","properties":{"tc":"TH802201","t":"ช้างกลาง","te":"Chang Klang","ac":"TH8022","a":"ช้างกลาง","pc":"TH80","p":"นครศรีธรรมราช","km2":184.7,"lat":8.3454,"lon":99.6474},"geometry":{"type":"Polygon","coordinates":[[[99.7006,8.4326],[99.7203,8.3129],[99.7207,8.3015],[99.6746,8.2901],[99.6329,8.2711],[99.5722,8.2927],[99.5523,8.3086],[99.5838,8.3195],[99.5745,8.3776],[99.5896,8.3713],[99.6212,8.3718],[99.7006,8.4326]]]}},{"type":"Feature","properties":{"tc":"TH802202","t":"หลักช้าง","te":"Lak Chang","ac":"TH8022","a":"ช้างกลาง","pc":"TH80","p":"นครศรีธรรมราช","km2":41.7,"lat":8.3437,"lon":99.5502},"geometry":{"type":"Polygon","coordinates":[[[99.5745,8.3776],[99.5838,8.3195],[99.5523,8.3086],[99.5214,8.3393],[99.5194,8.348],[99.5253,8.3787],[99.5745,8.3776]]]}},{"type":"Feature","properties":{"tc":"TH802203","t":"สวนขัน","te":"Suan Khan","ac":"TH8022","a":"ช้างกลาง","pc":"TH80","p":"นครศรีธรรมราช","km2":55.4,"lat":8.3964,"lon":99.6203},"geometry":{"type":"Polygon","coordinates":[[[99.7006,8.4326],[99.6212,8.3718],[99.5896,8.3713],[99.5849,8.421],[99.695,8.4431],[99.6965,8.4552],[99.7006,8.4326]]]}},{"type":"Feature","properties":{"tc":"TH802301","t":"เชียรเขา","te":"Chian Khao","ac":"TH8023","a":"เฉลิมพระเกียรติ","pc":"TH80","p":"นครศรีธรรมราช","km2":45.3,"lat":8.1995,"lon":100.0765},"geometry":{"type":"Polygon","coordinates":[[[100.0768,8.2293],[100.0775,8.2253],[100.1245,8.1797],[100.0818,8.1479],[100.0408,8.1802],[100.0571,8.2187],[100.0721,8.2341],[100.0768,8.2293]]]}},{"type":"Feature","properties":{"tc":"TH802302","t":"ดอนตรอ","te":"Don Tro","ac":"TH8023","a":"เฉลิมพระเกียรติ","pc":"TH80","p":"นครศรีธรรมราช","km2":15.4,"lat":8.208,"lon":100.0399},"geometry":{"type":"Polygon","coordinates":[[[100.0191,8.2481],[100.0571,8.2187],[100.0408,8.1802],[100.0309,8.1973],[100.0139,8.2484],[100.0191,8.2481]]]}},{"type":"Feature","properties":{"tc":"TH802303","t":"สวนหลวง","te":"Suan Luang","ac":"TH8023","a":"เฉลิมพระเกียรติ","pc":"TH80","p":"นครศรีธรรมราช","km2":65.6,"lat":8.123,"lon":100.0665},"geometry":{"type":"Polygon","coordinates":[[[100.0408,8.1802],[100.0818,8.1479],[100.1072,8.1196],[100.0777,8.1102],[100.0528,8.0531],[100.0277,8.1264],[100.0159,8.1844],[100.0309,8.1973],[100.0408,8.1802]]]}},{"type":"Feature","properties":{"tc":"TH802304","t":"ทางพูน","te":"Thang Phun","ac":"TH8023","a":"เฉลิมพระเกียรติ","pc":"TH80","p":"นครศรีธรรมราช","km2":32.6,"lat":8.2148,"lon":100.014},"geometry":{"type":"Polygon","coordinates":[[[100.0027,8.2535],[100.0139,8.2484],[100.0309,8.1973],[100.0159,8.1844],[99.9928,8.2388],[99.9428,8.2323],[99.9421,8.2667],[100.0027,8.2535]]]}}]}