datetime,value,discharge
2025-10-09 00:00,116.986,8.4838
2025-10-09 01:00,116.983,8.3689
2025-10-09 02:00,116.988,8.5604
2025-10-09 03:00,116.988,8.5604
2025-10-09 04:00,116.984,8.4072
2025-10-09 05:00,116.986,8.4838
2025-10-09 06:00,116.984,8.4072
2025-10-09 07:00,116.983,8.3689
2025-10-09 08:00,116.981,8.2923
2025-10-09 09:00,116.984,8.4072
2025-10-09 10:00,116.984,8.4072
2025-10-09 11:00,116.985,8.4455
2025-10-09 12:00,116.984,8.4072
2025-10-09 13:00,116.984,8.4072
2025-10-09 14:00,116.986,8.4838
2025-10-09 15:00,116.98,8.254
2025-10-09 16:00,116.983,8.3689
2025-10-09 17:00,116.985,8.4455
2025-10-09 18:00,116.993,8.7519
2025-10-09 19:00,117.0,9.02
2025-10-09 20:00,117.013,9.9274
2025-10-09 21:00,117.024,10.6952
2025-10-09 22:00,117.032,11.2536
2025-10-09 23:00,117.043,12.0214
2025-10-10 00:00,117.057,12.9986
2025-10-10 01:00,117.071,13.9758
2025-10-10 02:00,117.078,14.4644
2025-10-10 03:00,117.089,15.2322
2025-10-10 04:00,117.162,20.3276
2025-10-10 05:00,117.26,28.989
2025-10-10 06:00,117.265,29.48975
2025-10-10 07:00,117.24,26.986
2025-10-10 08:00,117.213,24.28195
2025-10-10 09:00,117.187,22.0726
2025-10-10 10:00,117.163,20.3974
2025-10-10 11:00,117.148,19.3504
2025-10-10 12:00,117.127,17.8846
2025-10-10 13:00,117.115,17.047
2025-10-10 14:00,117.108,16.5584
2025-10-10 15:00,117.098,15.8604
2025-10-10 16:00,117.089,15.2322
2025-10-10 17:00,117.079,14.5342
2025-10-10 18:00,117.077,14.3946
2025-10-10 19:00,117.065,13.557
2025-10-10 20:00,117.06,13.208
2025-10-10 21:00,117.055,12.859
2025-10-10 22:00,117.049,12.4402
2025-10-10 23:00,117.042,11.9516
2025-10-11 00:00,117.038,11.6724
2025-10-11 01:00,117.038,11.6724
2025-10-11 02:00,117.03,11.114
2025-10-11 03:00,117.028,10.9744
2025-10-11 04:00,117.026,10.8348
2025-10-11 05:00,117.024,10.6952
2025-10-11 06:00,117.024,10.6952
2025-10-11 07:00,117.021,10.4858
2025-10-11 08:00,117.021,10.4858
2025-10-11 09:00,117.02,10.416
2025-10-11 10:00,117.019,10.3462
2025-10-11 11:00,117.011,9.7878
2025-10-11 12:00,117.014,9.9972
2025-10-11 13:00,117.023,10.6254
2025-10-11 14:00,117.021,10.4858
2025-10-11 15:00,117.02,10.416
2025-10-11 16:00,117.084,14.8832
2025-10-11 17:00,117.167,20.6766
2025-10-11 18:00,117.149,19.4202
2025-10-11 19:00,117.151,19.5598
2025-10-11 20:00,117.116,17.1168
2025-10-11 21:00,117.091,15.3718
2025-10-11 22:00,117.079,14.5342
2025-10-11 23:00,117.061,13.2778
2025-10-12 00:00,117.049,12.4402
2025-10-12 01:00,117.051,12.5798
2025-10-12 02:00,117.056,12.9288
2025-10-12 03:00,117.058,13.0684
2025-10-12 04:00,117.058,13.0684
2025-10-12 05:00,117.055,12.859
2025-10-12 06:00,117.044,12.0912
2025-10-12 07:00,117.037,11.6026
2025-10-12 08:00,117.028,10.9744
2025-10-12 09:00,117.026,10.8348
2025-10-12 10:00,117.029,11.0442
2025-10-12 11:00,117.026,10.8348
2025-10-12 12:00,117.027,10.9046
2025-10-12 13:00,117.026,10.8348
2025-10-12 14:00,117.029,11.0442
2025-10-12 15:00,117.028,10.9744
2025-10-12 16:00,117.036,11.5328
2025-10-12 17:00,117.043,12.0214
2025-10-12 18:00,117.081,14.6738
2025-10-12 19:00,117.079,14.5342
2025-10-12 20:00,117.072,14.0456
2025-10-12 21:00,117.066,13.6268
2025-10-12 22:00,117.057,12.9986
2025-10-12 23:00,117.054,12.7892
2025-10-13 00:00,117.05,12.51
2025-10-13 01:00,117.049,12.4402
2025-10-13 02:00,117.046,12.2308
2025-10-13 03:00,117.043,12.0214
2025-10-13 04:00,117.041,11.8818
2025-10-13 05:00,117.037,11.6026
2025-10-13 06:00,117.039,11.7422
2025-10-13 07:00,117.034,11.3932
2025-10-13 08:00,117.035,11.463
2025-10-13 09:00,117.031,11.1838
2025-10-13 10:00,117.032,11.2536
2025-10-13 11:00,117.028,10.9744
2025-10-13 12:00,117.02,10.416
2025-10-13 13:00,117.02,10.416
2025-10-13 14:00,117.019,10.3462
2025-10-13 15:00,117.013,9.9274
2025-10-13 16:00,117.013,9.9274
2025-10-13 17:00,117.009,9.6482
2025-10-13 18:00,117.014,9.9972
2025-10-13 19:00,117.028,10.9744
2025-10-13 20:00,117.041,11.8818
2025-10-13 21:00,117.054,12.7892
2025-10-13 22:00,117.072,14.0456
2025-10-13 23:00,117.149,19.4202
2025-10-14 00:00,117.136,18.5128
2025-10-14 01:00,117.173,21.0954
2025-10-14 02:00,117.249,27.88735
2025-10-14 03:00,117.437,47.8089
2025-10-14 04:00,117.511,57.4067
2025-10-14 05:00,117.515,57.9255
2025-10-14 06:00,117.468,51.8296
2025-10-14 07:00,117.428,46.6416
2025-10-14 08:00,117.383,41.30745
2025-10-14 09:00,117.36,39.004
2025-10-14 10:00,117.358,38.8037
2025-10-14 11:00,117.345,37.50175
2025-10-14 12:00,117.319,34.89785
2025-10-14 13:00,117.299,32.89485
2025-10-14 14:00,117.279,30.89185
2025-10-14 15:00,117.257,28.68855
2025-10-14 16:00,117.237,26.68555
2025-10-14 17:00,117.229,25.88435
2025-10-14 18:00,117.244,27.3866
2025-10-14 19:00,117.23,25.9845
2025-10-14 20:00,117.212,24.1818
2025-10-14 21:00,117.198,22.8404
2025-10-14 22:00,117.181,21.6538
2025-10-14 23:00,117.17,20.886
2025-10-15 00:00,117.157,19.9786
2025-10-15 01:00,117.157,19.9786
2025-10-15 02:00,117.152,19.6296
2025-10-15 03:00,117.14,18.792
2025-10-15 04:00,117.137,18.5826
2025-10-15 05:00,117.13,18.094
2025-10-15 06:00,117.119,17.3262
2025-10-15 07:00,117.119,17.3262
2025-10-15 08:00,117.116,17.1168
2025-10-15 09:00,117.111,16.7678
2025-10-15 10:00,117.109,16.6282
2025-10-15 11:00,117.102,16.1396
2025-10-15 12:00,117.095,15.651
2025-10-15 13:00,117.094,15.5812
2025-10-15 14:00,117.09,15.302
2025-10-15 15:00,117.088,15.1624
2025-10-15 16:00,117.087,15.0926
2025-10-15 17:00,117.086,15.0228
2025-10-15 18:00,117.084,14.8832
2025-10-15 19:00,117.083,14.8134
2025-10-15 20:00,117.107,16.4886
2025-10-15 21:00,117.16,20.188
2025-10-15 22:00,117.159,20.1182
2025-10-15 23:00,117.141,18.8618
2025-10-16 00:00,117.127,17.8846
2025-10-16 01:00,117.111,16.7678
2025-10-16 02:00,117.102,16.1396
2025-10-16 03:00,117.094,15.5812
2025-10-16 04:00,117.09,15.302
2025-10-16 05:00,117.09,15.302
2025-10-16 06:00,117.086,15.0228
2025-10-16 07:00,117.078,14.4644
2025-10-16 08:00,117.078,14.4644
2025-10-16 09:00,117.072,14.0456
2025-10-16 10:00,117.067,13.6966
2025-10-16 11:00,117.071,13.9758
2025-10-16 12:00,117.065,13.557
2025-10-16 13:00,117.059,13.1382
2025-10-16 14:00,117.057,12.9986
2025-10-16 15:00,117.055,12.859
2025-10-16 16:00,117.055,12.859
2025-10-16 17:00,117.052,12.6496
2025-10-16 18:00,117.051,12.5798
2025-10-16 19:00,117.049,12.4402
2025-10-16 20:00,117.051,12.5798
2025-10-16 21:00,117.05,12.51
2025-10-16 22:00,117.047,12.3006
2025-10-16 23:00,117.045,12.161
2025-10-17 00:00,117.042,11.9516
2025-10-17 01:00,117.042,11.9516
2025-10-17 02:00,117.042,11.9516
2025-10-17 03:00,117.05,12.51
2025-10-17 04:00,117.051,12.5798
2025-10-17 05:00,117.055,12.859
2025-10-17 06:00,117.053,12.7194
2025-10-17 07:00,117.053,12.7194
2025-10-17 08:00,117.058,13.0684
2025-10-17 09:00,117.054,12.7892
2025-10-17 10:00,117.06,13.208
2025-10-17 11:00,117.063,13.4174
2025-10-17 12:00,117.063,13.4174
2025-10-17 13:00,117.058,13.0684
2025-10-17 14:00,117.06,13.208
2025-10-17 15:00,117.065,13.557
2025-10-17 16:00,117.113,16.9074
2025-10-17 17:00,117.216,24.5824
2025-10-17 18:00,117.254,28.3881
2025-10-17 19:00,117.231,26.08465
2025-10-17 20:00,117.206,23.5809
2025-10-17 21:00,117.186,22.0028
2025-10-17 22:00,117.254,28.3881
2025-10-17 23:00,117.404,43.5288
2025-10-18 00:00,117.406,43.7882
2025-10-18 01:00,117.349,37.90235
2025-10-18 02:00,117.31,33.9965
2025-10-18 03:00,117.271,30.09065
2025-10-18 04:00,117.243,27.28645
2025-10-18 05:00,117.225,25.48375
2025-10-18 06:00,117.208,23.7812
2025-10-18 07:00,117.192,22.4216
2025-10-18 08:00,117.182,21.7236
2025-10-18 09:00,117.165,20.537
2025-10-18 10:00,117.153,19.6994
2025-10-18 11:00,117.149,19.4202
2025-10-18 12:00,117.143,19.0014
2025-10-18 13:00,117.134,18.3732
2025-10-18 14:00,117.13,18.094
2025-10-18 15:00,117.123,17.6054
2025-10-18 16:00,117.129,18.0242
2025-10-18 17:00,117.228,25.7842
2025-10-18 18:00,117.245,27.48675
2025-10-18 19:00,117.247,27.68705
2025-10-18 20:00,117.598,68.6906
2025-10-18 21:00,117.758,94.0404
2025-10-18 22:00,117.781,97.6928
2025-10-18 23:00,117.823,105.0202
2025-10-19 00:00,117.796,100.0748
2025-10-19 01:00,117.726,88.9588
2025-10-19 02:00,117.677,81.1776
2025-10-19 03:00,117.671,80.2248
2025-10-19 04:00,117.666,79.4308
2025-10-19 05:00,117.642,75.6196
2025-10-19 06:00,117.595,68.3015
2025-10-19 07:00,117.555,63.1135
2025-10-19 08:00,117.518,58.3146
2025-10-19 09:00,117.487,54.2939
2025-10-19 10:00,117.461,50.9217
2025-10-19 11:00,117.433,47.2901
2025-10-19 12:00,117.407,43.9179
2025-10-19 13:00,117.393,42.30895
2025-10-19 14:00,117.372,40.2058
2025-10-19 15:00,117.375,40.50625
2025-10-19 16:00,117.364,39.4046
2025-10-19 17:00,117.371,40.10565
2025-10-19 18:00,117.405,43.6585
2025-10-19 19:00,117.398,42.8097
2025-10-19 20:00,117.367,39.70505
2025-10-19 21:00,117.374,40.4061
2025-10-19 22:00,117.365,39.50475
2025-10-19 23:00,117.36,39.004
2025-10-20 00:00,117.351,38.10265
2025-10-20 01:00,117.374,40.4061
2025-10-20 02:00,117.392,42.2088
2025-10-20 03:00,117.382,41.2073
2025-10-20 04:00,117.358,38.8037
2025-10-20 05:00,117.342,37.2013
2025-10-20 06:00,117.329,35.89935
2025-10-20 07:00,117.316,34.5974
2025-10-20 08:00,117.305,33.49575
2025-10-20 09:00,117.291,32.09365
2025-10-20 10:00,117.281,31.09215
2025-10-20 11:00,117.273,30.29095
2025-10-20 12:00,117.26,28.989
2025-10-20 13:00,117.252,28.1878
2025-10-20 14:00,117.256,28.5884
2025-10-20 15:00,117.275,30.49125
2025-10-20 16:00,117.4,43.01
2025-10-20 17:00,117.457,50.4029
2025-10-20 18:00,117.44,48.198
2025-10-20 19:00,117.412,44.5664
2025-10-20 20:00,117.366,39.6049
2025-10-20 21:00,117.34,37.001
2025-10-20 22:00,117.321,35.09815
2025-10-20 23:00,117.317,34.69755
2025-10-21 00:00,117.307,33.69605
2025-10-21 01:00,117.298,32.7947
2025-10-21 02:00,117.286,31.5929
2025-10-21 03:00,117.276,30.5914
2025-10-21 04:00,117.263,29.28945
2025-10-21 05:00,117.256,28.5884
2025-10-21 06:00,117.249,27.88735
2025-10-21 07:00,117.242,27.1863
2025-10-21 08:00,117.242,27.1863
2025-10-21 09:00,117.236,26.5854
2025-10-21 10:00,117.231,26.08465
2025-10-21 11:00,117.221,25.08315
2025-10-21 12:00,117.223,25.28345
2025-10-21 13:00,117.216,24.5824
2025-10-21 14:00,117.211,24.08165
2025-10-21 15:00,117.202,23.1803
2025-10-21 16:00,117.198,22.8404
2025-10-21 17:00,117.194,22.5612
2025-10-21 18:00,117.184,21.8632
2025-10-21 19:00,117.185,21.933
2025-10-21 20:00,117.184,21.8632
2025-10-21 21:00,117.2,22.98
2025-10-21 22:00,117.214,24.3821
2025-10-21 23:00,117.211,24.08165
2025-10-22 00:00,117.215,24.48225
2025-10-22 01:00,117.22,24.983
2025-10-22 02:00,117.214,24.3821
2025-10-22 03:00,117.209,23.88135
2025-10-22 04:00,117.203,23.28045
2025-10-22 05:00,117.202,23.1803
2025-10-22 06:00,117.197,22.7706
2025-10-22 07:00,117.202,23.1803
2025-10-22 08:00,117.198,22.8404
2025-10-22 09:00,117.193,22.4914
2025-10-22 10:00,117.194,22.5612
2025-10-22 11:00,117.19,22.282
2025-10-22 12:00,117.188,22.1424
2025-10-22 13:00,117.182,21.7236
2025-10-22 14:00,117.184,21.8632
2025-10-22 15:00,117.179,21.5142
2025-10-22 16:00,117.181,21.6538
2025-10-22 17:00,117.18,21.584
2025-10-22 18:00,117.18,21.584
2025-10-22 19:00,117.187,22.0726
2025-10-22 20:00,117.186,22.0028
2025-10-22 21:00,117.189,22.2122
2025-10-22 22:00,117.19,22.282
2025-10-22 23:00,117.193,22.4914
2025-10-23 00:00,117.195,22.631
2025-10-23 01:00,117.189,22.2122
2025-10-23 02:00,117.188,22.1424
2025-10-23 03:00,117.189,22.2122
2025-10-23 04:00,117.184,21.8632
2025-10-23 05:00,117.184,21.8632
2025-10-23 06:00,117.176,21.3048
2025-10-23 07:00,117.175,21.235
2025-10-23 08:00,117.17,20.886
2025-10-23 09:00,117.167,20.6766
2025-10-23 10:00,117.164,20.4672
2025-10-23 11:00,117.165,20.537
2025-10-23 12:00,117.164,20.4672
2025-10-23 13:00,117.161,20.2578
2025-10-23 14:00,117.158,20.0484
2025-10-23 15:00,117.153,19.6994
2025-10-23 16:00,117.156,19.9088
2025-10-23 17:00,117.158,20.0484
2025-10-23 18:00,117.162,20.3276
2025-10-23 19:00,117.159,20.1182
2025-10-23 20:00,117.16,20.188
2025-10-23 21:00,117.197,22.7706
2025-10-23 22:00,117.319,34.89785
2025-10-23 23:00,117.533,60.2601
2025-10-24 00:00,117.754,93.4052
2025-10-24 01:00,117.9,119.45
2025-10-24 02:00,118.007,139.6999
2025-10-24 03:00,118.043,147.4651
2025-10-24 04:00,118.027,144.0139
2025-10-24 05:00,117.997,137.6278
2025-10-24 06:00,117.947,128.2578
2025-10-24 07:00,117.865,112.891
2025-10-24 08:00,117.789,98.9632
2025-10-24 09:00,117.738,90.8644
2025-10-24 10:00,117.696,84.1948
2025-10-24 11:00,117.65,76.89
2025-10-24 12:00,117.609,70.3792
2025-10-24 13:00,117.569,64.9293
2025-10-24 14:00,117.542,61.4274
2025-10-24 15:00,117.529,59.7413
2025-10-24 16:00,117.592,67.9124
2025-10-24 17:00,117.629,73.5552
2025-10-24 18:00,117.784,98.1692
2025-10-24 19:00,117.855,111.017
2025-10-24 20:00,117.895,118.513
2025-10-24 21:00,117.95,128.82
2025-10-24 22:00,117.962,131.0688
2025-10-24 23:00,118.001,138.4057
2025-10-25 00:00,118.068,152.8576
2025-10-25 01:00,118.109,161.7013
2025-10-25 02:00,118.135,167.3095
2025-10-25 03:00,118.142,168.8194
2025-10-25 04:00,118.085,156.5245
2025-10-25 05:00,118.004,139.0528
2025-10-25 06:00,117.933,125.6342
2025-10-25 07:00,117.872,114.2028
2025-10-25 08:00,117.824,105.2076
2025-10-25 09:00,117.769,95.7872
2025-10-25 10:00,117.739,91.0232
2025-10-25 11:00,117.713,86.8944
2025-10-25 12:00,117.684,82.2892
2025-10-25 13:00,117.665,79.272
2025-10-25 14:00,117.662,78.7956
2025-10-25 15:00,117.649,76.7312
2025-10-25 16:00,117.645,76.096
2025-10-25 17:00,117.639,75.1432
2025-10-25 18:00,117.627,73.2376
2025-10-25 19:00,117.612,70.8556
2025-10-25 20:00,117.599,68.8203
2025-10-25 21:00,117.598,68.6906
2025-10-25 22:00,117.587,67.2639
2025-10-25 23:00,117.57,65.059
2025-10-26 00:00,117.552,62.7244
2025-10-26 01:00,117.532,60.1304
2025-10-26 02:00,117.518,58.3146
2025-10-26 03:00,117.505,56.6285
2025-10-26 04:00,117.496,55.4612
2025-10-26 05:00,117.486,54.1642
2025-10-26 06:00,117.48,53.386
2025-10-26 07:00,117.467,51.6999
2025-10-26 08:00,117.462,51.0514
2025-10-26 09:00,117.452,49.7544
2025-10-26 10:00,117.444,48.7168
2025-10-26 11:00,117.44,48.198
2025-10-26 12:00,117.432,47.1604
2025-10-26 13:00,117.425,46.2525
2025-10-26 14:00,117.412,44.5664
2025-10-26 15:00,117.408,44.0476
2025-10-26 16:00,117.398,42.8097
2025-10-26 17:00,117.394,42.4091
2025-10-26 18:00,117.379,40.90685
2025-10-26 19:00,117.378,40.8067
2025-10-26 20:00,117.373,40.30595
2025-10-26 21:00,117.363,39.30445
2025-10-26 22:00,117.353,38.30295
2025-10-26 23:00,117.344,37.4016
2025-10-27 00:00,117.336,36.6004
2025-10-27 01:00,117.333,36.29995
2025-10-27 02:00,117.328,35.7992
2025-10-27 03:00,117.326,35.5989
2025-10-27 04:00,117.319,34.89785
2025-10-27 05:00,117.318,34.7977
2025-10-27 06:00,117.314,34.3971
2025-10-27 07:00,117.312,34.1968
2025-10-27 08:00,117.305,33.49575
2025-10-27 09:00,117.304,33.3956
2025-10-27 10:00,117.304,33.3956
2025-10-27 11:00,117.299,32.89485
2025-10-27 12:00,117.294,32.3941
2025-10-27 13:00,117.291,32.09365
2025-10-27 14:00,117.289,31.89335
2025-10-27 15:00,117.286,31.5929
2025-10-27 16:00,117.281,31.09215
2025-10-27 17:00,117.28,30.992
2025-10-27 18:00,117.281,31.09215
2025-10-27 19:00,117.276,30.5914
2025-10-27 20:00,117.277,30.69155
2025-10-27 21:00,117.278,30.7917
2025-10-27 22:00,117.282,31.1923
2025-10-27 23:00,117.292,32.1938
2025-10-28 00:00,117.286,31.5929
2025-10-28 01:00,117.282,31.1923
2025-10-28 02:00,117.278,30.7917
2025-10-28 03:00,117.273,30.29095
2025-10-28 04:00,117.275,30.49125
2025-10-28 05:00,117.266,29.5899
2025-10-28 06:00,117.264,29.3896
2025-10-28 07:00,117.263,29.28945
2025-10-28 08:00,117.257,28.68855
2025-10-28 09:00,117.252,28.1878
2025-10-28 10:00,117.254,28.3881
2025-10-28 11:00,117.248,27.7872
2025-10-28 12:00,117.249,27.88735
2025-10-28 13:00,117.242,27.1863
2025-10-28 14:00,117.239,26.88585
2025-10-28 15:00,117.238,26.7857
2025-10-28 16:00,117.231,26.08465
2025-10-28 17:00,117.232,26.1848
2025-10-28 18:00,117.228,25.7842
2025-10-28 19:00,117.222,25.1833
2025-10-28 20:00,117.226,25.5839
2025-10-28 21:00,117.218,24.7827
2025-10-28 22:00,117.218,24.7827
2025-10-28 23:00,117.207,23.68105
2025-10-29 00:00,117.211,24.08165
2025-10-29 01:00,117.209,23.88135
2025-10-29 02:00,117.212,24.1818
2025-10-29 03:00,117.206,23.5809
2025-10-29 04:00,117.208,23.7812
2025-10-29 05:00,117.207,23.68105
2025-10-29 06:00,117.2,22.98
2025-10-29 07:00,117.202,23.1803
2025-10-29 08:00,117.197,22.7706
2025-10-29 09:00,117.202,23.1803
2025-10-29 10:00,117.199,22.9102
2025-10-29 11:00,117.207,23.68105
2025-10-29 12:00,117.202,23.1803
2025-10-29 13:00,117.205,23.48075
2025-10-29 14:00,117.211,24.08165
2025-10-29 15:00,117.207,23.68105
2025-10-29 16:00,117.201,23.08015
2025-10-29 17:00,117.204,23.3806
2025-10-29 18:00,117.199,22.9102
2025-10-29 19:00,117.197,22.7706
2025-10-29 20:00,117.197,22.7706
2025-10-29 21:00,117.196,22.7008
2025-10-29 22:00,117.192,22.4216
2025-10-29 23:00,117.195,22.631
2025-10-30 00:00,117.19,22.282
2025-10-30 01:00,117.188,22.1424
2025-10-30 02:00,117.187,22.0726
2025-10-30 03:00,117.188,22.1424
2025-10-30 04:00,117.181,21.6538
2025-10-30 05:00,117.18,21.584
2025-10-30 06:00,117.182,21.7236
2025-10-30 07:00,117.181,21.6538
2025-10-30 08:00,117.176,21.3048
2025-10-30 09:00,117.176,21.3048
2025-10-30 10:00,117.169,20.8162
2025-10-30 11:00,117.173,21.0954
2025-10-30 12:00,117.17,20.886
2025-10-30 13:00,117.166,20.6068
2025-10-30 14:00,117.155,19.839
2025-10-30 15:00,117.157,19.9786
2025-10-30 16:00,117.157,19.9786
2025-10-30 17:00,117.151,19.5598
2025-10-30 18:00,117.148,19.3504
2025-10-30 19:00,117.156,19.9088
2025-10-30 20:00,117.151,19.5598
2025-10-30 21:00,117.149,19.4202
2025-10-30 22:00,117.144,19.0712
2025-10-30 23:00,117.142,18.9316
2025-10-31 00:00,117.166,20.6068
2025-10-31 01:00,117.186,22.0028
2025-10-31 02:00,117.187,22.0726
2025-10-31 03:00,117.177,21.3746
2025-10-31 04:00,117.171,20.9558
2025-10-31 05:00,117.162,20.3276
2025-10-31 06:00,117.159,20.1182
2025-10-31 07:00,117.157,19.9786
2025-10-31 08:00,117.154,19.7692
2025-10-31 09:00,117.15,19.49
2025-10-31 10:00,117.147,19.2806
2025-10-31 11:00,117.145,19.141
2025-10-31 12:00,117.145,19.141
2025-10-31 13:00,117.144,19.0712
2025-10-31 14:00,117.134,18.3732
2025-10-31 15:00,117.137,18.5826
2025-10-31 16:00,117.14,18.792
2025-10-31 17:00,117.139,18.7222
2025-10-31 18:00,117.14,18.792
2025-10-31 19:00,117.139,18.7222
2025-10-31 20:00,117.137,18.5826
2025-10-31 21:00,117.138,18.6524
2025-10-31 22:00,117.134,18.3732
2025-10-31 23:00,117.139,18.7222
2025-11-01 00:00,117.131,18.1638
2025-11-01 01:00,117.13,18.094
2025-11-01 02:00,117.127,17.8846
2025-11-01 03:00,117.13,18.094
2025-11-01 04:00,117.127,17.8846
2025-11-01 05:00,117.124,17.6752
2025-11-01 06:00,117.121,17.4658
2025-11-01 07:00,117.124,17.6752
2025-11-01 08:00,117.124,17.6752
2025-11-01 09:00,117.122,17.5356
2025-11-01 10:00,117.126,17.8148
2025-11-01 11:00,117.124,17.6752
2025-11-01 12:00,117.116,17.1168
2025-11-01 13:00,117.122,17.5356
2025-11-01 14:00,117.12,17.396
2025-11-01 15:00,117.113,16.9074
2025-11-01 16:00,117.113,16.9074
2025-11-01 17:00,117.114,16.9772
2025-11-01 18:00,117.113,16.9074
2025-11-01 19:00,117.109,16.6282
2025-11-01 20:00,117.109,16.6282
2025-11-01 21:00,117.108,16.5584
2025-11-01 22:00,117.109,16.6282
2025-11-01 23:00,117.105,16.349
2025-11-02 00:00,117.107,16.4886
2025-11-02 01:00,117.108,16.5584
2025-11-02 02:00,117.101,16.0698
2025-11-02 03:00,117.1,16.0
2025-11-02 04:00,117.106,16.4188
2025-11-02 05:00,117.1,16.0
2025-11-02 06:00,117.101,16.0698
2025-11-02 07:00,117.101,16.0698
2025-11-02 08:00,117.097,15.7906
2025-11-02 09:00,117.099,15.9302
2025-11-02 10:00,117.103,16.2094
2025-11-02 11:00,117.104,16.2792
2025-11-02 12:00,117.098,15.8604
2025-11-02 13:00,117.104,16.2792
2025-11-02 14:00,117.104,16.2792
2025-11-02 15:00,117.098,15.8604
2025-11-02 16:00,117.098,15.8604
2025-11-02 17:00,117.096,15.7208
2025-11-02 18:00,117.091,15.3718
2025-11-02 19:00,117.092,15.4416
2025-11-02 20:00,117.111,16.7678
2025-11-02 21:00,117.151,19.5598
2025-11-02 22:00,117.232,26.1848
2025-11-02 23:00,117.198,22.8404
2025-11-03 00:00,117.164,20.4672
2025-11-03 01:00,117.144,19.0712
2025-11-03 02:00,117.136,18.5128
2025-11-03 03:00,117.128,17.9544
2025-11-03 04:00,117.121,17.4658
2025-11-03 05:00,117.123,17.6054
2025-11-03 06:00,117.124,17.6752
2025-11-03 07:00,117.13,18.094
2025-11-03 08:00,117.127,17.8846
2025-11-03 09:00,117.12,17.396
2025-11-03 10:00,117.118,17.2564
2025-11-03 11:00,117.118,17.2564
2025-11-03 12:00,117.12,17.396
2025-11-03 13:00,117.118,17.2564
2025-11-03 14:00,117.107,16.4886
2025-11-03 15:00,117.105,16.349
2025-11-03 16:00,117.1,16.0
2025-11-03 17:00,117.101,16.0698
2025-11-03 18:00,117.094,15.5812
2025-11-03 19:00,117.097,15.7906
2025-11-03 20:00,117.091,15.3718
2025-11-03 21:00,117.093,15.5114
2025-11-03 22:00,117.081,14.6738
2025-11-03 23:00,117.08,14.604
2025-11-04 00:00,117.085,14.953
2025-11-04 01:00,117.088,15.1624
2025-11-04 02:00,117.087,15.0926
2025-11-04 03:00,117.095,15.651
2025-11-04 04:00,117.101,16.0698
2025-11-04 05:00,117.101,16.0698
2025-11-04 06:00,117.1,16.0
2025-11-04 07:00,117.1,16.0
2025-11-04 08:00,117.1,16.0
2025-11-04 09:00,117.097,15.7906
2025-11-04 10:00,117.096,15.7208
2025-11-04 11:00,117.091,15.3718
2025-11-04 12:00,117.09,15.302
2025-11-04 13:00,117.083,14.8134
2025-11-04 14:00,117.087,15.0926
2025-11-04 15:00,117.085,14.953
2025-11-04 16:00,117.085,14.953
2025-11-04 17:00,117.081,14.6738
2025-11-04 18:00,117.088,15.1624
2025-11-04 19:00,117.1,16.0
2025-11-04 20:00,117.096,15.7208
2025-11-04 21:00,117.101,16.0698
2025-11-04 22:00,117.098,15.8604
2025-11-04 23:00,117.098,15.8604
2025-11-05 00:00,117.096,15.7208
2025-11-05 01:00,117.083,14.8134
2025-11-05 02:00,117.08,14.604
2025-11-05 03:00,117.078,14.4644
2025-11-05 04:00,117.073,14.1154
2025-11-05 05:00,117.073,14.1154
2025-11-05 06:00,117.074,14.1852
2025-11-05 07:00,117.067,13.6966
2025-11-05 08:00,117.069,13.8362
2025-11-05 09:00,117.074,14.1852
2025-11-05 10:00,117.068,13.7664
2025-11-05 11:00,117.069,13.8362
2025-11-05 12:00,117.066,13.6268
2025-11-05 13:00,117.069,13.8362
2025-11-05 14:00,117.061,13.2778
2025-11-05 15:00,117.057,12.9986
2025-11-05 16:00,117.059,13.1382
2025-11-05 17:00,117.055,12.859
2025-11-05 18:00,117.059,13.1382
2025-11-05 19:00,117.056,12.9288
2025-11-05 20:00,117.06,13.208
2025-11-05 21:00,117.058,13.0684
2025-11-05 22:00,117.055,12.859
2025-11-05 23:00,117.056,12.9288
2025-11-06 00:00,117.053,12.7194
2025-11-06 01:00,117.053,12.7194
2025-11-06 02:00,117.053,12.7194
2025-11-06 03:00,117.047,12.3006
2025-11-06 04:00,117.05,12.51
2025-11-06 05:00,117.046,12.2308
2025-11-06 06:00,117.05,12.51
2025-11-06 07:00,117.048,12.3704
2025-11-06 08:00,117.053,12.7194
2025-11-06 09:00,117.054,12.7892
2025-11-06 10:00,117.051,12.5798
2025-11-06 11:00,117.055,12.859
2025-11-06 12:00,117.05,12.51
2025-11-06 13:00,117.055,12.859
2025-11-06 14:00,117.056,12.9288
2025-11-06 15:00,117.059,13.1382
2025-11-06 16:00,117.062,13.3476
2025-11-06 17:00,117.061,13.2778
2025-11-06 18:00,117.063,13.4174
2025-11-06 19:00,117.07,13.906
2025-11-06 20:00,117.08,14.604
2025-11-06 21:00,117.083,14.8134
2025-11-06 22:00,117.08,14.604
2025-11-06 23:00,117.079,14.5342
2025-11-07 00:00,117.074,14.1852
2025-11-07 01:00,117.073,14.1154
2025-11-07 02:00,117.077,14.3946
2025-11-07 03:00,117.081,14.6738
2025-11-07 04:00,117.089,15.2322
2025-11-07 05:00,117.092,15.4416
2025-11-07 06:00,117.082,14.7436
2025-11-07 07:00,117.074,14.1852
2025-11-07 08:00,117.069,13.8362
2025-11-07 09:00,117.069,13.8362
2025-11-07 10:00,117.069,13.8362
2025-11-07 11:00,117.068,13.7664
2025-11-07 12:00,117.069,13.8362
2025-11-07 13:00,117.061,13.2778
2025-11-07 14:00,117.065,13.557
2025-11-07 15:00,117.058,13.0684
2025-11-07 16:00,117.072,14.0456
2025-11-07 17:00,117.084,14.8832
2025-11-07 18:00,117.094,15.5812
2025-11-07 19:00,117.093,15.5114
2025-11-07 20:00,117.094,15.5812
2025-11-07 21:00,117.089,15.2322
2025-11-07 22:00,117.081,14.6738
2025-11-07 23:00,117.075,14.255
2025-11-08 00:00,117.072,14.0456
2025-11-08 01:00,117.069,13.8362
2025-11-08 02:00,117.067,13.6966
2025-11-08 03:00,117.064,13.4872
2025-11-08 04:00,117.072,14.0456
2025-11-08 05:00,117.076,14.3248
2025-11-08 06:00,117.077,14.3946
2025-11-08 07:00,117.077,14.3946
2025-11-08 08:00,117.078,14.4644
2025-11-08 09:00,117.075,14.255
2025-11-08 10:00,117.07,13.906
2025-11-08 11:00,117.07,13.906
2025-11-08 12:00,117.069,13.8362
2025-11-08 13:00,117.06,13.208
2025-11-08 14:00,117.06,13.208
2025-11-08 15:00,117.066,13.6268
2025-11-08 16:00,117.111,16.7678
2025-11-08 17:00,117.19,22.282
2025-11-08 18:00,117.167,20.6766
2025-11-08 19:00,117.148,19.3504
2025-11-08 20:00,117.134,18.3732
2025-11-08 21:00,117.115,17.047
2025-11-08 22:00,117.105,16.349
2025-11-08 23:00,117.093,15.5114
2025-11-09 00:00,117.087,15.0926
2025-11-09 01:00,117.083,14.8134
2025-11-09 02:00,117.088,15.1624
2025-11-09 03:00,117.111,16.7678
2025-11-09 04:00,117.11,16.698
2025-11-09 05:00,117.105,16.349
2025-11-09 06:00,117.108,16.5584
2025-11-09 07:00,117.095,15.651
2025-11-09 08:00,117.093,15.5114
2025-11-09 09:00,117.091,15.3718
2025-11-09 10:00,117.085,14.953
2025-11-09 11:00,117.082,14.7436
2025-11-09 12:00,117.08,14.604
2025-11-09 13:00,117.079,14.5342
2025-11-09 14:00,117.074,14.1852
2025-11-09 15:00,117.068,13.7664
2025-11-09 16:00,117.066,13.6268
2025-11-09 17:00,117.063,13.4174
2025-11-09 18:00,117.069,13.8362
2025-11-09 19:00,117.067,13.6966
2025-11-09 20:00,117.079,14.5342
2025-11-09 21:00,117.087,15.0926
2025-11-09 22:00,117.088,15.1624
2025-11-09 23:00,117.075,14.255
2025-11-10 00:00,117.066,13.6268
2025-11-10 01:00,117.066,13.6268
2025-11-10 02:00,117.058,13.0684
2025-11-10 03:00,117.056,12.9288
2025-11-10 04:00,117.056,12.9288
2025-11-10 05:00,117.054,12.7892
2025-11-10 06:00,117.049,12.4402
2025-11-10 07:00,117.054,12.7892
2025-11-10 08:00,117.046,12.2308
2025-11-10 09:00,117.052,12.6496
2025-11-10 10:00,117.047,12.3006
2025-11-10 11:00,117.051,12.5798
2025-11-10 12:00,117.055,12.859
2025-11-10 13:00,117.047,12.3006
2025-11-10 14:00,117.056,12.9288
2025-11-10 15:00,117.056,12.9288
2025-11-10 16:00,117.06,13.208
2025-11-10 17:00,117.058,13.0684
2025-11-10 18:00,117.058,13.0684
2025-11-10 19:00,117.049,12.4402
2025-11-10 20:00,117.05,12.51
2025-11-10 21:00,117.044,12.0912
2025-11-10 22:00,117.043,12.0214
2025-11-10 23:00,117.041,11.8818
2025-11-11 00:00,117.045,12.161
2025-11-11 01:00,117.039,11.7422
2025-11-11 02:00,117.041,11.8818
2025-11-11 03:00,117.039,11.7422
2025-11-11 04:00,117.035,11.463
2025-11-11 05:00,117.039,11.7422
2025-11-11 06:00,117.038,11.6724
2025-11-11 07:00,117.042,11.9516
2025-11-11 08:00,117.042,11.9516
2025-11-11 09:00,117.041,11.8818
2025-11-11 10:00,117.039,11.7422
2025-11-11 11:00,117.04,11.812
2025-11-11 12:00,117.034,11.3932
2025-11-11 13:00,117.036,11.5328
2025-11-11 14:00,117.04,11.812
2025-11-11 15:00,117.035,11.463
2025-11-11 16:00,117.04,11.812
2025-11-11 17:00,117.039,11.7422
2025-11-11 18:00,117.039,11.7422
2025-11-11 19:00,117.042,11.9516
2025-11-11 20:00,117.083,14.8134
2025-11-11 21:00,117.081,14.6738
2025-11-11 22:00,117.078,14.4644
2025-11-11 23:00,117.079,14.5342
2025-11-12 00:00,117.098,15.8604
2025-11-12 01:00,117.104,16.2792
2025-11-12 02:00,117.104,16.2792
2025-11-12 03:00,117.093,15.5114
2025-11-12 04:00,117.081,14.6738
2025-11-12 05:00,117.08,14.604
2025-11-12 06:00,117.078,14.4644
2025-11-12 07:00,117.073,14.1154
2025-11-12 08:00,117.061,13.2778
2025-11-12 09:00,117.06,13.208
2025-11-12 10:00,117.055,12.859
2025-11-12 11:00,117.048,12.3704
2025-11-12 12:00,117.051,12.5798
2025-11-12 13:00,117.042,11.9516
2025-11-12 14:00,117.047,12.3006
2025-11-12 15:00,117.042,11.9516
2025-11-12 16:00,117.042,11.9516
2025-11-12 17:00,117.081,14.6738
2025-11-12 18:00,117.11,16.698
2025-11-12 19:00,117.109,16.6282
2025-11-12 20:00,117.117,17.1866
2025-11-12 21:00,117.099,15.9302
2025-11-12 22:00,117.092,15.4416
2025-11-12 23:00,117.095,15.651
2025-11-13 00:00,117.109,16.6282
2025-11-13 01:00,117.156,19.9088
2025-11-13 02:00,117.469,51.9593
2025-11-13 03:00,117.503,56.3691
2025-11-13 04:00,117.461,50.9217
2025-11-13 05:00,117.406,43.7882
2025-11-13 06:00,117.358,38.8037
2025-11-13 07:00,117.318,34.7977
2025-11-13 08:00,117.287,31.69305
2025-11-13 09:00,117.266,29.5899
2025-11-13 10:00,117.242,27.1863
2025-11-13 11:00,117.222,25.1833
2025-11-13 12:00,117.205,23.48075
2025-11-13 13:00,117.196,22.7008
2025-11-13 14:00,117.188,22.1424
2025-11-13 15:00,117.182,21.7236
2025-11-13 16:00,117.178,21.4444
2025-11-13 17:00,117.187,22.0726
2025-11-13 18:00,117.184,21.8632
2025-11-13 19:00,117.181,21.6538
2025-11-13 20:00,117.167,20.6766
2025-11-13 21:00,117.156,19.9088
2025-11-13 22:00,117.148,19.3504
2025-11-13 23:00,117.146,19.2108
2025-11-14 00:00,117.147,19.2806
2025-11-14 01:00,117.144,19.0712
2025-11-14 02:00,117.128,17.9544
2025-11-14 03:00,117.117,17.1866
2025-11-14 04:00,117.115,17.047
2025-11-14 05:00,117.116,17.1168
2025-11-14 06:00,117.109,16.6282
2025-11-14 07:00,117.101,16.0698
2025-11-14 08:00,117.104,16.2792
2025-11-14 09:00,117.103,16.2094
2025-11-14 10:00,117.1,16.0
2025-11-14 11:00,117.094,15.5812
2025-11-14 12:00,117.094,15.5812
2025-11-14 13:00,117.095,15.651
2025-11-14 14:00,117.089,15.2322
2025-11-14 15:00,117.094,15.5812
2025-11-14 16:00,117.085,14.953
2025-11-14 17:00,117.084,14.8832
2025-11-14 18:00,117.085,14.953
2025-11-14 19:00,117.085,14.953
2025-11-14 20:00,117.08,14.604
2025-11-14 21:00,117.084,14.8832
2025-11-14 22:00,117.077,14.3946
2025-11-14 23:00,117.079,14.5342
2025-11-15 00:00,117.079,14.5342
2025-11-15 01:00,117.075,14.255
2025-11-15 02:00,117.077,14.3946
2025-11-15 03:00,117.075,14.255
2025-11-15 04:00,117.071,13.9758
2025-11-15 05:00,117.068,13.7664
2025-11-15 06:00,117.071,13.9758
2025-11-15 07:00,117.069,13.8362
2025-11-15 08:00,117.072,14.0456
2025-11-15 09:00,117.071,13.9758
2025-11-15 10:00,117.07,13.906
2025-11-15 11:00,117.067,13.6966
2025-11-15 12:00,117.064,13.4872
2025-11-15 13:00,117.064,13.4872
2025-11-15 14:00,117.063,13.4174
2025-11-15 15:00,117.057,12.9986
2025-11-15 16:00,117.064,13.4872
2025-11-15 17:00,117.061,13.2778
2025-11-15 18:00,117.058,13.0684
2025-11-15 19:00,117.055,12.859
2025-11-15 20:00,117.056,12.9288
2025-11-15 21:00,117.053,12.7194
2025-11-15 22:00,117.05,12.51
2025-11-15 23:00,117.048,12.3704
2025-11-16 00:00,117.052,12.6496
2025-11-16 01:00,117.05,12.51
2025-11-16 02:00,117.053,12.7194
2025-11-16 03:00,117.046,12.2308
2025-11-16 04:00,117.045,12.161
2025-11-16 05:00,117.046,12.2308
2025-11-16 06:00,117.045,12.161
2025-11-16 07:00,117.04,11.812
2025-11-16 08:00,117.047,12.3006
2025-11-16 09:00,117.046,12.2308
2025-11-16 10:00,117.05,12.51
2025-11-16 11:00,117.045,12.161
2025-11-16 12:00,117.051,12.5798
2025-11-16 13:00,117.045,12.161
2025-11-16 14:00,117.05,12.51
2025-11-16 15:00,117.054,12.7892
2025-11-16 16:00,117.055,12.859
2025-11-16 17:00,117.05,12.51
2025-11-16 18:00,117.052,12.6496
2025-11-16 19:00,117.052,12.6496
2025-11-16 20:00,117.048,12.3704
2025-11-16 21:00,117.051,12.5798
2025-11-16 22:00,117.046,12.2308
2025-11-16 23:00,117.053,12.7194
2025-11-17 00:00,117.05,12.51
2025-11-17 01:00,117.048,12.3704
2025-11-17 02:00,117.045,12.161
2025-11-17 03:00,117.043,12.0214
2025-11-17 04:00,117.044,12.0912
2025-11-17 05:00,117.044,12.0912
2025-11-17 06:00,117.047,12.3006
2025-11-17 07:00,117.05,12.51
2025-11-17 08:00,117.045,12.161
2025-11-17 09:00,117.052,12.6496
2025-11-17 10:00,117.047,12.3006
2025-11-17 11:00,117.043,12.0214
2025-11-17 12:00,117.045,12.161
2025-11-17 13:00,117.046,12.2308
2025-11-17 14:00,117.044,12.0912
2025-11-17 15:00,117.044,12.0912
2025-11-17 16:00,117.047,12.3006
2025-11-17 17:00,117.044,12.0912
2025-11-17 18:00,117.041,11.8818
2025-11-17 19:00,117.045,12.161
2025-11-17 20:00,117.05,12.51
2025-11-17 21:00,117.047,12.3006
2025-11-17 22:00,117.049,12.4402
2025-11-17 23:00,117.041,11.8818
2025-11-18 00:00,117.042,11.9516
2025-11-18 01:00,117.043,12.0214
2025-11-18 02:00,117.04,11.812
2025-11-18 03:00,117.039,11.7422
2025-11-18 04:00,117.037,11.6026
2025-11-18 05:00,117.044,12.0912
2025-11-18 06:00,117.045,12.161
2025-11-18 07:00,117.04,11.812
2025-11-18 08:00,117.042,11.9516
2025-11-18 09:00,117.046,12.2308
2025-11-18 10:00,117.047,12.3006
2025-11-18 11:00,117.052,12.6496
2025-11-18 12:00,117.057,12.9986
2025-11-18 13:00,117.057,12.9986
2025-11-18 14:00,117.052,12.6496
2025-11-18 15:00,117.045,12.161
2025-11-18 16:00,117.048,12.3704
2025-11-18 17:00,117.136,18.5128
2025-11-18 18:00,117.147,19.2806
2025-11-18 19:00,117.219,24.88285
2025-11-18 20:00,117.363,39.30445
2025-11-18 21:00,117.306,33.5959
2025-11-18 22:00,117.28,30.992
2025-11-18 23:00,117.263,29.28945
2025-11-19 00:00,117.303,33.29545
2025-11-19 01:00,117.308,33.7962
2025-11-19 02:00,117.298,32.7947
2025-11-19 03:00,117.274,30.3911
2025-11-19 04:00,117.252,28.1878
2025-11-19 05:00,117.23,25.9845
2025-11-19 06:00,117.212,24.1818
2025-11-19 07:00,117.199,22.9102
2025-11-19 08:00,117.186,22.0028
2025-11-19 09:00,117.172,21.0256
2025-11-19 10:00,117.159,20.1182
2025-11-19 11:00,117.148,19.3504
2025-11-19 12:00,117.14,18.792
2025-11-19 13:00,117.134,18.3732
2025-11-19 14:00,117.129,18.0242
2025-11-19 15:00,117.123,17.6054
2025-11-19 16:00,117.118,17.2564
2025-11-19 17:00,117.112,16.8376
2025-11-19 18:00,117.118,17.2564
2025-11-19 19:00,117.159,20.1182
2025-11-19 20:00,117.201,23.08015
2025-11-19 21:00,117.242,27.1863
2025-11-19 22:00,117.284,31.3926
2025-11-19 23:00,117.325,35.49875
2025-11-20 00:00,117.357,38.70355
2025-11-20 01:00,117.361,39.10415
2025-11-20 02:00,117.364,39.4046
2025-11-20 03:00,117.368,39.8052
2025-11-20 04:00,117.371,40.10565
2025-11-20 05:00,117.375,40.50625
2025-11-20 06:00,117.378,40.8067
2025-11-20 07:00,117.382,41.2073
2025-11-20 08:00,117.366,39.6049
2025-11-20 09:00,117.344,37.4016
2025-11-20 10:00,117.331,36.09965
2025-11-20 11:00,117.321,35.09815
2025-11-20 12:00,117.311,34.09665
2025-11-20 13:00,117.301,33.09515
2025-11-20 14:00,117.291,32.09365
2025-11-20 15:00,117.281,31.09215
2025-11-20 16:00,117.271,30.09065
2025-11-20 17:00,117.261,29.08915
2025-11-20 18:00,117.251,28.08765
2025-11-20 19:00,117.241,27.08615
2025-11-20 20:00,117.231,26.08465
2025-11-20 21:00,117.221,25.08315
2025-11-20 22:00,117.212,24.1818
2025-11-20 23:00,117.204,23.3806
2025-11-21 00:00,117.203,23.28045
2025-11-21 01:00,117.203,23.28045
2025-11-21 02:00,117.205,23.48075
2025-11-21 03:00,117.208,23.7812
2025-11-21 04:00,117.212,24.1818
2025-11-21 05:00,117.215,24.48225
2025-11-21 06:00,117.219,24.88285
2025-11-21 07:00,117.218,24.7827
2025-11-21 08:00,117.213,24.28195
2025-11-21 09:00,117.208,23.7812
2025-11-21 10:00,117.204,23.3806
2025-11-21 11:00,117.199,22.9102
2025-11-21 12:00,117.195,22.631
2025-11-21 13:00,117.19,22.282
2025-11-21 14:00,117.186,22.0028
2025-11-21 15:00,117.194,22.5612
2025-11-21 16:00,117.214,24.3821
2025-11-21 17:00,117.234,26.3851
2025-11-21 18:00,117.255,28.48825
2025-11-21 19:00,117.275,30.49125
2025-11-21 20:00,117.296,32.5944
2025-11-21 21:00,117.316,34.5974
2025-11-21 22:00,117.337,36.70055
2025-11-21 23:00,117.357,38.70355
2025-11-22 00:00,117.378,40.8067
2025-11-22 01:00,117.398,42.8097
2025-11-22 02:00,117.419,45.4743
2025-11-22 03:00,117.439,48.0683
2025-11-22 04:00,117.46,50.792
2025-11-22 05:00,117.48,53.386
2025-11-22 06:00,117.501,56.1097
2025-11-22 07:00,117.521,58.7037
2025-11-22 08:00,117.542,61.4274
2025-11-22 09:00,117.541,61.2977
2025-11-22 10:00,117.519,58.4443
2025-11-22 11:00,117.497,55.5909
2025-11-22 12:00,117.475,52.7375
2025-11-22 13:00,117.453,49.8841
2025-11-22 14:00,117.431,47.0307
2025-11-22 15:00,117.409,44.1773
2025-11-22 16:00,117.386,41.6079
2025-11-22 17:00,117.384,
2025-11-22 18:00,117.382,
2025-11-22 19:00,117.38,
2025-11-22 20:00,117.378,
2025-11-22 21:00,117.376,
2025-11-22 22:00,117.374,
2025-11-22 23:00,117.372,
2025-11-23 00:00,117.37,
2025-11-23 01:00,117.368,
2025-11-23 02:00,117.366,
2025-11-23 03:00,117.364,
2025-11-23 04:00,117.362,
2025-11-23 05:00,117.36,39.004
2025-11-23 06:00,117.358,38.8037
2025-11-23 07:00,117.356,38.6034
2025-11-23 08:00,117.354,38.4031
2025-11-23 09:00,117.352,38.2028
2025-11-23 10:00,117.35,38.0025
2025-11-23 11:00,117.348,37.8022
2025-11-23 12:00,117.346,37.6019
2025-11-23 13:00,117.344,37.4016
2025-11-23 14:00,117.342,37.2013
2025-11-23 15:00,117.34,37.001
2025-11-23 16:00,117.338,36.8007
2025-11-23 17:00,117.336,36.6004
2025-11-23 18:00,117.334,36.4001
2025-11-23 19:00,117.332,36.1998
2025-11-23 20:00,117.33,35.9995
2025-11-23 21:00,117.328,35.7992
2025-11-23 22:00,117.326,35.5989
2025-11-23 23:00,117.324,35.3986
2025-11-24 00:00,117.321,35.09815
2025-11-24 01:00,117.319,34.89785
2025-11-24 02:00,117.316,34.5974
2025-11-24 03:00,117.314,34.3971
2025-11-24 04:00,117.311,34.09665
2025-11-24 05:00,117.309,33.89635
2025-11-24 06:00,117.309,33.89635
2025-11-24 07:00,117.309,33.89635
2025-11-24 08:00,117.309,33.89635
2025-11-24 09:00,117.309,33.89635
2025-11-24 10:00,117.309,33.89635
2025-11-24 11:00,117.309,33.89635
2025-11-24 12:00,117.309,33.89635
2025-11-24 13:00,117.31,33.9965
2025-11-24 14:00,117.31,33.9965
2025-11-24 15:00,117.311,34.09665
2025-11-24 16:00,117.311,34.09665
2025-11-24 17:00,117.312,34.1968
2025-11-24 18:00,117.312,34.1968
2025-11-24 19:00,117.313,34.29695
2025-11-24 20:00,117.311,34.09665
2025-11-24 21:00,117.308,33.7962
2025-11-24 22:00,117.296,32.5944
2025-11-24 23:00,117.289,31.89335
2025-11-25 00:00,117.283,31.29245
2025-11-25 01:00,117.278,30.7917
2025-11-25 02:00,117.275,30.49125
2025-11-25 03:00,117.272,30.1908
2025-11-25 04:00,117.269,29.89035
2025-11-25 05:00,117.276,30.5914
2025-11-25 06:00,117.269,29.89035
2025-11-25 07:00,117.263,29.28945
2025-11-25 08:00,117.262,29.1893
2025-11-25 09:00,117.257,28.68855
2025-11-25 10:00,117.255,28.48825
2025-11-25 11:00,117.243,27.28645
2025-11-25 12:00,117.245,27.48675
2025-11-25 13:00,117.24,26.986
2025-11-25 14:00,117.238,26.7857
2025-11-25 15:00,117.236,26.5854
2025-11-25 16:00,117.231,26.08465
2025-11-25 17:00,117.234,26.3851
2025-11-25 18:00,117.228,25.7842
2025-11-25 19:00,117.239,26.88585
2025-11-25 20:00,117.288,31.7932
2025-11-25 21:00,117.287,31.69305
2025-11-25 22:00,117.296,32.5944
2025-11-25 23:00,117.312,34.1968
2025-11-26 00:00,117.406,43.7882
2025-11-26 01:00,117.687,82.7656
2025-11-26 02:00,117.781,97.6928
2025-11-26 03:00,117.795,99.916
2025-11-26 04:00,117.798,100.3924
2025-11-26 05:00,117.796,100.0748
2025-11-26 06:00,117.792,99.4396
2025-11-26 07:00,117.773,96.4224
2025-11-26 08:00,117.746,92.1348
2025-11-26 09:00,117.698,84.5124
2025-11-26 10:00,117.655,77.684
2025-11-26 11:00,117.625,72.92
2025-11-26 12:00,117.61,70.538
2025-11-26 13:00,117.585,67.0045
2025-11-26 14:00,117.566,64.5402
2025-11-26 15:00,117.554,62.9838
2025-11-26 16:00,117.538,60.9086
2025-11-26 17:00,117.518,58.3146
2025-11-26 18:00,117.5,55.98
2025-11-26 19:00,117.483,53.7751
2025-11-26 20:00,117.468,51.8296
2025-11-26 21:00,117.455,50.1435
2025-11-26 22:00,117.439,48.0683
2025-11-26 23:00,117.431,47.0307
2025-11-27 00:00,117.42,45.604
2025-11-27 01:00,117.41,44.307
2025-11-27 02:00,117.406,43.7882
2025-11-27 03:00,117.402,43.2694
2025-11-27 04:00,117.391,42.10865
2025-11-27 05:00,117.383,41.30745
2025-11-27 06:00,117.391,42.10865
2025-11-27 07:00,117.38,41.007
2025-11-27 08:00,117.368,39.8052
2025-11-27 09:00,117.365,39.50475
2025-11-27 10:00,117.354,38.4031
2025-11-27 11:00,117.363,39.30445
2025-11-27 12:00,117.354,38.4031
2025-11-27 13:00,117.352,38.2028
2025-11-27 14:00,117.342,37.2013
2025-11-27 15:00,117.339,36.90085
2025-11-27 16:00,117.331,36.09965
2025-11-27 17:00,117.331,36.09965
2025-11-27 18:00,117.32,34.998
2025-11-27 19:00,117.323,35.29845
2025-11-27 20:00,117.318,34.7977
2025-11-27 21:00,117.314,34.3971
2025-11-27 22:00,117.304,33.3956
2025-11-27 23:00,117.295,32.49425
2025-11-28 00:00,117.286,31.5929
2025-11-28 01:00,117.284,31.3926
2025-11-28 02:00,117.289,31.89335
2025-11-28 03:00,117.284,31.3926
2025-11-28 04:00,117.283,31.29245
2025-11-28 05:00,117.28,30.992
2025-11-28 06:00,117.275,30.49125
2025-11-28 07:00,117.269,29.89035
2025-11-28 08:00,117.271,30.09065
2025-11-28 09:00,117.27,29.9905
2025-11-28 10:00,117.263,29.28945
2025-11-28 11:00,117.268,29.7902
2025-11-28 12:00,117.271,30.09065
2025-11-28 13:00,117.277,30.69155
2025-11-28 14:00,117.273,30.29095
2025-11-28 15:00,117.278,30.7917
2025-11-28 16:00,117.277,30.69155
2025-11-28 17:00,117.281,31.09215
2025-11-28 18:00,117.284,31.3926
2025-11-28 19:00,117.285,31.49275
2025-11-28 20:00,117.284,31.3926
2025-11-28 21:00,117.293,32.29395
2025-11-28 22:00,117.296,32.5944
2025-11-28 23:00,117.299,32.89485
2025-11-29 00:00,117.305,33.49575
2025-11-29 01:00,117.309,33.89635
2025-11-29 02:00,117.322,35.1983
2025-11-29 03:00,117.333,36.29995
2025-11-29 04:00,117.347,37.70205
2025-11-29 05:00,117.361,39.10415
2025-11-29 06:00,117.373,40.30595
2025-11-29 07:00,117.379,40.90685
2025-11-29 08:00,117.375,40.50625
2025-11-29 09:00,117.381,41.10715
2025-11-29 10:00,117.382,41.2073
2025-11-29 11:00,117.377,40.70655
2025-11-29 12:00,117.377,40.70655
2025-11-29 13:00,117.371,40.10565
2025-11-29 14:00,117.362,39.2043
2025-11-29 15:00,117.359,38.90385
2025-11-29 16:00,117.348,37.8022
2025-11-29 17:00,117.339,36.90085
2025-11-29 18:00,117.334,36.4001
2025-11-29 19:00,117.324,35.3986
2025-11-29 20:00,117.324,35.3986
2025-11-29 21:00,117.317,34.69755
2025-11-29 22:00,117.318,34.7977
2025-11-29 23:00,117.31,33.9965
2025-11-30 00:00,117.31,33.9965
2025-11-30 01:00,117.306,33.5959
2025-11-30 02:00,117.302,33.1953
2025-11-30 03:00,117.305,33.49575
2025-11-30 04:00,117.295,32.49425
2025-11-30 05:00,117.296,32.5944
2025-11-30 06:00,117.288,31.7932
2025-11-30 07:00,117.286,31.5929
2025-11-30 08:00,117.283,31.29245
2025-11-30 09:00,117.285,31.49275
2025-11-30 10:00,117.285,31.49275
2025-11-30 11:00,117.281,31.09215
2025-11-30 12:00,117.274,30.3911
2025-11-30 13:00,117.277,30.69155
2025-11-30 14:00,117.273,30.29095
2025-11-30 15:00,117.271,30.09065
2025-11-30 16:00,117.268,29.7902
2025-11-30 17:00,117.265,29.48975
2025-11-30 18:00,117.261,29.08915
2025-11-30 19:00,117.255,28.48825
2025-11-30 20:00,117.256,28.5884
2025-11-30 21:00,117.252,28.1878
2025-11-30 22:00,117.245,27.48675
2025-11-30 23:00,117.246,27.5869
2025-12-01 00:00,117.244,27.3866
2025-12-01 01:00,117.24,26.986
2025-12-01 02:00,117.242,27.1863
2025-12-01 03:00,117.232,26.1848
2025-12-01 04:00,117.236,26.5854
2025-12-01 05:00,117.233,26.28495
2025-12-01 06:00,117.23,25.9845
2025-12-01 07:00,117.227,25.68405
2025-12-01 08:00,117.231,26.08465
2025-12-01 09:00,117.225,25.48375
2025-12-01 10:00,117.222,25.1833
2025-12-01 11:00,117.224,25.3836
2025-12-01 12:00,117.226,25.5839
2025-12-01 13:00,117.224,25.3836
2025-12-01 14:00,117.218,24.7827
2025-12-01 15:00,117.219,24.88285
2025-12-01 16:00,117.217,24.68255
2025-12-01 17:00,117.217,24.68255
2025-12-01 18:00,117.213,24.28195
2025-12-01 19:00,117.206,23.5809
2025-12-01 20:00,117.204,23.3806
2025-12-01 21:00,117.203,23.28045
2025-12-01 22:00,117.201,23.08015
2025-12-01 23:00,117.196,22.7008
2025-12-02 00:00,117.192,22.4216
2025-12-02 01:00,117.189,22.2122
2025-12-02 02:00,117.187,22.0726
2025-12-02 03:00,117.187,22.0726
2025-12-02 04:00,117.188,22.1424
2025-12-02 05:00,117.188,22.1424
2025-12-02 06:00,117.189,22.2122
2025-12-02 07:00,117.187,22.0726
2025-12-02 08:00,117.186,22.0028
2025-12-02 09:00,117.183,21.7934
2025-12-02 10:00,117.182,21.7236
2025-12-02 11:00,117.184,21.8632
2025-12-02 12:00,117.181,21.6538
2025-12-02 13:00,117.179,21.5142
2025-12-02 14:00,117.18,21.584
2025-12-02 15:00,117.177,21.3746
2025-12-02 16:00,117.174,21.1652
2025-12-02 17:00,117.171,20.9558
2025-12-02 18:00,117.171,20.9558
2025-12-02 19:00,117.171,20.9558
2025-12-02 20:00,117.17,20.886
2025-12-02 21:00,117.167,20.6766
2025-12-02 22:00,117.166,20.6068
2025-12-02 23:00,117.16,20.188
2025-12-03 00:00,117.164,20.4672
2025-12-03 01:00,117.161,20.2578
2025-12-03 02:00,117.156,19.9088
2025-12-03 03:00,117.155,19.839
2025-12-03 04:00,117.158,20.0484
2025-12-03 05:00,117.159,20.1182
2025-12-03 06:00,117.159,20.1182
2025-12-03 07:00,117.158,20.0484
2025-12-03 08:00,117.16,20.188
2025-12-03 09:00,117.161,20.2578
2025-12-03 10:00,117.155,19.839
2025-12-03 11:00,117.155,19.839
2025-12-03 12:00,117.155,19.839
2025-12-03 13:00,117.154,19.7692
2025-12-03 14:00,117.155,19.839
2025-12-03 15:00,117.149,19.4202
2025-12-03 16:00,117.145,19.141
2025-12-03 17:00,117.145,19.141
2025-12-03 18:00,117.144,19.0712
2025-12-03 19:00,117.139,18.7222
2025-12-03 20:00,117.14,18.792
2025-12-03 21:00,117.14,18.792
2025-12-03 22:00,117.14,18.792
2025-12-03 23:00,117.139,18.7222
2025-12-04 00:00,117.133,18.3034
2025-12-04 01:00,117.136,18.5128
2025-12-04 02:00,117.136,18.5128
2025-12-04 03:00,117.137,18.5826
2025-12-04 04:00,117.136,18.5128
2025-12-04 05:00,117.138,18.6524
2025-12-04 06:00,117.138,18.6524
2025-12-04 07:00,117.138,18.6524
2025-12-04 08:00,117.135,18.443
2025-12-04 09:00,117.13,18.094
2025-12-04 10:00,117.14,18.792
2025-12-04 11:00,117.131,18.1638
2025-12-04 12:00,117.134,18.3732
2025-12-04 13:00,117.134,18.3732
2025-12-04 14:00,117.133,18.3034
2025-12-04 15:00,117.133,18.3034
2025-12-04 16:00,117.134,18.3732
2025-12-04 17:00,117.13,18.094
2025-12-04 18:00,117.127,17.8846
2025-12-04 19:00,117.127,17.8846
2025-12-04 20:00,117.128,17.9544
2025-12-04 21:00,117.126,17.8148
2025-12-04 22:00,117.122,17.5356
2025-12-04 23:00,117.122,17.5356
2025-12-05 00:00,117.122,17.5356
2025-12-05 01:00,117.121,17.4658
2025-12-05 02:00,117.118,17.2564
2025-12-05 03:00,117.121,17.4658
2025-12-05 04:00,117.115,17.047
2025-12-05 05:00,117.123,17.6054
2025-12-05 06:00,117.115,17.047
2025-12-05 07:00,117.125,17.745
2025-12-05 08:00,117.118,17.2564
2025-12-05 09:00,117.123,17.6054
2025-12-05 10:00,117.12,17.396
2025-12-05 11:00,117.12,17.396
2025-12-05 12:00,117.119,17.3262
2025-12-05 13:00,117.119,17.3262
2025-12-05 14:00,117.118,17.2564
2025-12-05 15:00,117.12,17.396
2025-12-05 16:00,117.118,17.2564
2025-12-05 17:00,117.115,17.047
2025-12-05 18:00,117.119,17.3262
2025-12-05 19:00,117.12,17.396
2025-12-05 20:00,117.119,17.3262
2025-12-05 21:00,117.115,17.047
2025-12-05 22:00,117.115,17.047
2025-12-05 23:00,117.114,16.9772
2025-12-06 00:00,117.108,16.5584
2025-12-06 01:00,117.108,16.5584
2025-12-06 02:00,117.111,16.7678
2025-12-06 03:00,117.112,16.8376
2025-12-06 04:00,117.115,17.047
2025-12-06 05:00,117.119,17.3262
2025-12-06 06:00,117.117,17.1866
2025-12-06 07:00,117.118,17.2564
2025-12-06 08:00,117.113,16.9074
2025-12-06 09:00,117.114,16.9772
2025-12-06 10:00,117.116,17.1168
2025-12-06 11:00,117.113,16.9074
2025-12-06 12:00,117.114,16.9772
2025-12-06 13:00,117.112,16.8376
2025-12-06 14:00,117.11,16.698
2025-12-06 15:00,117.111,16.7678
2025-12-06 16:00,117.107,16.4886
2025-12-06 17:00,117.115,17.047
2025-12-06 18:00,117.114,16.9772
2025-12-06 19:00,117.109,16.6282
2025-12-06 20:00,117.103,16.2094
2025-12-06 21:00,117.103,16.2094
2025-12-06 22:00,117.103,16.2094
2025-12-06 23:00,117.103,16.2094
2025-12-07 00:00,117.101,16.0698
2025-12-07 01:00,117.103,16.2094
2025-12-07 02:00,117.097,15.7906
2025-12-07 03:00,117.101,16.0698
2025-12-07 04:00,117.099,15.9302
2025-12-07 05:00,117.099,15.9302
2025-12-07 06:00,117.101,16.0698
2025-12-07 07:00,117.097,15.7906
2025-12-07 08:00,117.1,16.0
2025-12-07 09:00,117.099,15.9302
2025-12-07 10:00,117.103,16.2094
2025-12-07 11:00,117.1,16.0
2025-12-07 12:00,117.098,15.8604
2025-12-07 13:00,117.1,16.0
2025-12-07 14:00,117.095,15.651
2025-12-07 15:00,117.093,15.5114
2025-12-07 16:00,117.094,15.5812
2025-12-07 17:00,117.093,15.5114
2025-12-07 18:00,117.09,15.302
2025-12-07 19:00,117.087,15.0926
2025-12-07 20:00,117.091,15.3718
2025-12-07 21:00,117.092,15.4416
2025-12-07 22:00,117.087,15.0926
2025-12-07 23:00,117.094,15.5812
2025-12-08 00:00,117.087,15.0926
2025-12-08 01:00,117.087,15.0926
2025-12-08 02:00,117.083,14.8134
2025-12-08 03:00,117.085,14.953
2025-12-08 04:00,117.082,14.7436
2025-12-08 05:00,117.086,15.0228
2025-12-08 06:00,117.084,14.8832
2025-12-08 07:00,117.085,14.953
2025-12-08 08:00,117.086,15.0228
2025-12-08 09:00,117.086,15.0228
2025-12-08 10:00,117.088,15.1624
2025-12-08 11:00,117.09,15.302
2025-12-08 12:00,117.09,15.302
2025-12-08 13:00,117.085,14.953
2025-12-08 14:00,117.084,14.8832
2025-12-08 15:00,117.085,14.953
2025-12-08 16:00,117.081,14.6738
2025-12-08 17:00,117.086,15.0228
2025-12-08 18:00,117.083,14.8134
2025-12-08 19:00,117.083,14.8134
2025-12-08 20:00,117.08,14.604
2025-12-08 21:00,117.082,14.7436
2025-12-08 22:00,117.08,14.604
2025-12-08 23:00,117.084,14.8832
2025-12-09 00:00,117.082,14.7436
2025-12-09 01:00,117.08,14.604
2025-12-09 02:00,117.078,14.4644
2025-12-09 03:00,117.075,14.255
2025-12-09 04:00,117.077,14.3946
2025-12-09 05:00,117.076,14.3248
2025-12-09 06:00,117.076,14.3248
2025-12-09 07:00,117.075,14.255
2025-12-09 08:00,117.079,14.5342
2025-12-09 09:00,117.071,13.9758
2025-12-09 10:00,117.077,14.3946
2025-12-09 11:00,117.078,14.4644
2025-12-09 12:00,117.07,13.906
2025-12-09 13:00,117.078,14.4644
2025-12-09 14:00,117.076,14.3248
2025-12-09 15:00,117.075,14.255
2025-12-09 16:00,117.074,14.1852
2025-12-09 17:00,117.072,14.0456
2025-12-09 18:00,117.072,14.0456
2025-12-09 19:00,117.072,14.0456
2025-12-09 20:00,117.067,13.6966
2025-12-09 21:00,117.068,13.7664
2025-12-09 22:00,117.069,13.8362
2025-12-09 23:00,117.065,13.557
2025-12-10 00:00,117.068,13.7664
2025-12-10 01:00,117.065,13.557
2025-12-10 02:00,117.065,13.557
2025-12-10 03:00,117.065,13.557
2025-12-10 04:00,117.067,13.6966
2025-12-10 05:00,117.066,13.6268
2025-12-10 06:00,117.066,13.6268
2025-12-10 07:00,117.069,13.8362
2025-12-10 08:00,117.067,13.6966
2025-12-10 09:00,117.069,13.8362
2025-12-10 10:00,117.071,13.9758
2025-12-10 11:00,117.065,13.557
2025-12-10 12:00,117.068,13.7664
2025-12-10 13:00,117.07,13.906
2025-12-10 14:00,117.069,13.8362
2025-12-10 15:00,117.068,13.7664
2025-12-10 16:00,117.065,13.557
2025-12-10 17:00,117.064,13.4872
2025-12-10 18:00,117.065,13.557
2025-12-10 19:00,117.061,13.2778
2025-12-10 20:00,117.061,13.2778
2025-12-10 21:00,117.063,13.4174
2025-12-10 22:00,117.062,13.3476
2025-12-10 23:00,117.062,13.3476
2025-12-11 00:00,117.062,13.3476
2025-12-11 01:00,117.062,13.3476
2025-12-11 02:00,117.06,13.208
2025-12-11 03:00,117.062,13.3476
2025-12-11 04:00,117.062,13.3476
2025-12-11 05:00,117.056,12.9288
2025-12-11 06:00,117.061,13.2778
2025-12-11 07:00,117.061,13.2778
2025-12-11 08:00,117.062,13.3476
2025-12-11 09:00,117.063,13.4174
2025-12-11 10:00,117.063,13.4174
2025-12-11 11:00,117.066,13.6268
2025-12-11 12:00,117.065,13.557
2025-12-11 13:00,117.064,13.4872
2025-12-11 14:00,117.062,13.3476
2025-12-11 15:00,117.064,13.4872
2025-12-11 16:00,117.06,13.208
2025-12-11 17:00,117.058,13.0684
2025-12-11 18:00,117.061,13.2778
2025-12-11 19:00,117.059,13.1382
2025-12-11 20:00,117.061,13.2778
2025-12-11 21:00,117.058,13.0684
2025-12-11 22:00,117.055,12.859
2025-12-11 23:00,117.058,13.0684
2025-12-12 00:00,117.058,13.0684
2025-12-12 01:00,117.057,12.9986
2025-12-12 02:00,117.054,12.7892
2025-12-12 03:00,117.054,12.7892
2025-12-12 04:00,117.055,12.859
2025-12-12 05:00,117.06,13.208
2025-12-12 06:00,117.063,13.4174
2025-12-12 07:00,117.064,13.4872
2025-12-12 08:00,117.063,13.4174
2025-12-12 09:00,117.065,13.557
2025-12-12 10:00,117.062,13.3476
2025-12-12 11:00,117.06,13.208
2025-12-12 12:00,117.059,13.1382
2025-12-12 13:00,117.059,13.1382
2025-12-12 14:00,117.058,13.0684
2025-12-12 15:00,117.055,12.859
2025-12-12 16:00,117.058,13.0684
2025-12-12 17:00,117.055,12.859
2025-12-12 18:00,117.056,12.9288
2025-12-12 19:00,117.063,13.4174
2025-12-12 20:00,117.094,15.5812
2025-12-12 21:00,117.103,16.2094
2025-12-12 22:00,117.115,17.047
2025-12-12 23:00,117.119,17.3262
2025-12-13 00:00,117.16,20.188
2025-12-13 01:00,117.186,22.0028
2025-12-13 02:00,117.199,22.9102
2025-12-13 03:00,117.181,21.6538
2025-12-13 04:00,117.173,21.0954
2025-12-13 05:00,117.17,20.886
2025-12-13 06:00,117.162,20.3276
2025-12-13 07:00,117.157,19.9786
2025-12-13 08:00,117.145,19.141
2025-12-13 09:00,117.134,18.3732
2025-12-13 10:00,117.124,17.6752
2025-12-13 11:00,117.114,16.9772
2025-12-13 12:00,117.106,16.4188
2025-12-13 13:00,117.101,16.0698
2025-12-13 14:00,117.09,15.302
2025-12-13 15:00,117.089,15.2322
2025-12-13 16:00,117.087,15.0926
2025-12-13 17:00,117.092,15.4416
2025-12-13 18:00,117.103,16.2094
2025-12-13 19:00,117.108,16.5584
2025-12-13 20:00,117.133,18.3034
2025-12-13 21:00,117.159,20.1182
2025-12-13 22:00,117.162,20.3276
2025-12-13 23:00,117.155,19.839
2025-12-14 00:00,117.159,20.1182
2025-12-14 01:00,117.172,21.0256
2025-12-14 02:00,117.154,19.7692
2025-12-14 03:00,117.137,18.5826
2025-12-14 04:00,117.129,18.0242
2025-12-14 05:00,117.124,17.6752
2025-12-14 06:00,117.115,17.047
2025-12-14 07:00,117.108,16.5584
2025-12-14 08:00,117.098,15.8604
2025-12-14 09:00,117.095,15.651
2025-12-14 10:00,117.091,15.3718
2025-12-14 11:00,117.091,15.3718
2025-12-14 12:00,117.104,16.2792
2025-12-14 13:00,117.113,16.9074
2025-12-14 14:00,117.128,17.9544
2025-12-14 15:00,117.158,20.0484
2025-12-14 16:00,117.193,22.4914
2025-12-14 17:00,117.197,22.7706
2025-12-14 18:00,117.194,22.5612
2025-12-14 19:00,117.183,21.7934
2025-12-14 20:00,117.174,21.1652
2025-12-14 21:00,117.179,21.5142
2025-12-14 22:00,117.175,21.235
2025-12-14 23:00,117.171,20.9558
2025-12-15 00:00,117.172,21.0256
2025-12-15 01:00,117.165,20.537
2025-12-15 02:00,117.16,20.188
2025-12-15 03:00,117.153,19.6994
2025-12-15 04:00,117.147,19.2806
2025-12-15 05:00,117.144,19.0712
2025-12-15 06:00,117.154,19.7692
2025-12-15 07:00,117.158,20.0484
2025-12-15 08:00,117.169,20.8162
2025-12-15 09:00,117.18,21.584
2025-12-15 10:00,117.182,21.7236
2025-12-15 11:00,117.181,21.6538
2025-12-15 12:00,117.18,21.584
2025-12-15 13:00,117.177,21.3746
2025-12-15 14:00,117.181,21.6538
2025-12-15 15:00,117.2,22.98
2025-12-15 16:00,117.216,24.5824
2025-12-15 17:00,117.214,24.3821
2025-12-15 18:00,117.212,24.1818
2025-12-15 19:00,117.21,23.9815
2025-12-15 20:00,117.201,23.08015
2025-12-15 21:00,117.187,22.0726
2025-12-15 22:00,117.177,21.3746
2025-12-15 23:00,117.168,20.7464
2025-12-16 00:00,117.155,19.839
2025-12-16 01:00,117.15,19.49
2025-12-16 02:00,117.145,19.141
2025-12-16 03:00,117.138,18.6524
2025-12-16 04:00,117.132,18.2336
2025-12-16 05:00,117.131,18.1638
2025-12-16 06:00,117.129,18.0242
2025-12-16 07:00,117.128,17.9544
2025-12-16 08:00,117.122,17.5356
2025-12-16 09:00,117.126,17.8148
2025-12-16 10:00,117.123,17.6054
2025-12-16 11:00,117.119,17.3262
2025-12-16 12:00,117.117,17.1866
2025-12-16 13:00,117.106,16.4188
2025-12-16 14:00,117.111,16.7678
2025-12-16 15:00,117.104,16.2792
2025-12-16 16:00,117.104,16.2792
2025-12-16 17:00,117.106,16.4188
2025-12-16 18:00,117.103,16.2094
2025-12-16 19:00,117.1,16.0
2025-12-16 20:00,117.098,15.8604
2025-12-16 21:00,117.097,15.7906
2025-12-16 22:00,117.094,15.5812
2025-12-16 23:00,117.092,15.4416
2025-12-17 00:00,117.091,15.3718
2025-12-17 01:00,117.092,15.4416
2025-12-17 02:00,117.089,15.2322
2025-12-17 03:00,117.087,15.0926
2025-12-17 04:00,117.089,15.2322
2025-12-17 05:00,117.089,15.2322
2025-12-17 06:00,117.088,15.1624
2025-12-17 07:00,117.088,15.1624
2025-12-17 08:00,117.091,15.3718
2025-12-17 09:00,117.094,15.5812
2025-12-17 10:00,117.096,15.7208
2025-12-17 11:00,117.092,15.4416
2025-12-17 12:00,117.092,15.4416
2025-12-17 13:00,117.096,15.7208
2025-12-17 14:00,117.095,15.651
2025-12-17 15:00,117.098,15.8604
2025-12-17 16:00,117.094,15.5812
2025-12-17 17:00,117.093,15.5114
2025-12-17 18:00,117.089,15.2322
2025-12-17 19:00,117.093,15.5114
2025-12-17 20:00,117.094,15.5812
2025-12-17 21:00,117.09,15.302
2025-12-17 22:00,117.092,15.4416
2025-12-17 23:00,117.091,15.3718
2025-12-18 00:00,117.094,15.5812
2025-12-18 01:00,117.091,15.3718
2025-12-18 02:00,117.087,15.0926
2025-12-18 03:00,117.085,14.953
2025-12-18 04:00,117.089,15.2322
2025-12-18 05:00,117.083,14.8134
2025-12-18 06:00,117.086,15.0228
2025-12-18 07:00,117.09,15.302
2025-12-18 08:00,117.089,15.2322
2025-12-18 09:00,117.086,15.0228
2025-12-18 10:00,117.081,14.6738
2025-12-18 11:00,117.083,14.8134
2025-12-18 12:00,117.084,14.8832
2025-12-18 13:00,117.08,14.604
2025-12-18 14:00,117.081,14.6738
2025-12-18 15:00,117.08,14.604
2025-12-18 16:00,117.082,14.7436
2025-12-18 17:00,117.08,14.604
2025-12-18 18:00,117.078,14.4644
2025-12-18 19:00,117.08,14.604
2025-12-18 20:00,117.077,14.3946
2025-12-18 21:00,117.08,14.604
2025-12-18 22:00,117.077,14.3946
2025-12-18 23:00,117.077,14.3946
2025-12-19 00:00,117.072,14.0456
2025-12-19 01:00,117.071,13.9758
2025-12-19 02:00,117.073,14.1154
2025-12-19 03:00,117.075,14.255
2025-12-19 04:00,117.071,13.9758
2025-12-19 05:00,117.074,14.1852
2025-12-19 06:00,117.071,13.9758
2025-12-19 07:00,117.072,14.0456
2025-12-19 08:00,117.067,13.6966
2025-12-19 09:00,117.069,13.8362
2025-12-19 10:00,117.068,13.7664
2025-12-19 11:00,117.07,13.906
2025-12-19 12:00,117.065,13.557
2025-12-19 13:00,117.065,13.557
2025-12-19 14:00,117.067,13.6966
2025-12-19 15:00,117.067,13.6966
2025-12-19 16:00,117.065,13.557
2025-12-19 17:00,117.063,13.4174
2025-12-19 18:00,117.061,13.2778
2025-12-19 19:00,117.063,13.4174
2025-12-19 20:00,117.062,13.3476
2025-12-19 21:00,117.062,13.3476
2025-12-19 22:00,117.06,13.208
2025-12-19 23:00,117.06,13.208
2025-12-20 00:00,117.06,13.208
2025-12-20 01:00,117.061,13.2778
2025-12-20 02:00,117.06,13.208
2025-12-20 03:00,117.063,13.4174
2025-12-20 04:00,117.059,13.1382
2025-12-20 05:00,117.058,13.0684
2025-12-20 06:00,117.061,13.2778
2025-12-20 07:00,117.059,13.1382
2025-12-20 08:00,117.06,13.208
2025-12-20 09:00,117.057,12.9986
2025-12-20 10:00,117.059,13.1382
2025-12-20 11:00,117.064,13.4872
2025-12-20 12:00,117.061,13.2778
2025-12-20 13:00,117.064,13.4872
2025-12-20 14:00,117.058,13.0684
2025-12-20 15:00,117.057,12.9986
2025-12-20 16:00,117.054,12.7892
2025-12-20 17:00,117.059,13.1382
2025-12-20 18:00,117.051,12.5798
2025-12-20 19:00,117.052,12.6496
2025-12-20 20:00,117.055,12.859
2025-12-20 21:00,117.051,12.5798
2025-12-20 22:00,117.052,12.6496
2025-12-20 23:00,117.052,12.6496
2025-12-21 00:00,117.049,12.4402
2025-12-21 01:00,117.05,12.51
2025-12-21 02:00,117.047,12.3006
2025-12-21 03:00,117.048,12.3704
2025-12-21 04:00,117.048,12.3704
2025-12-21 05:00,117.048,12.3704
2025-12-21 06:00,117.044,12.0912
2025-12-21 07:00,117.047,12.3006
2025-12-21 08:00,117.048,12.3704
2025-12-21 09:00,117.046,12.2308
2025-12-21 10:00,117.05,12.51
2025-12-21 11:00,117.049,12.4402
2025-12-21 12:00,117.05,12.51
2025-12-21 13:00,117.048,12.3704
2025-12-21 14:00,117.048,12.3704
2025-12-21 15:00,117.046,12.2308
2025-12-21 16:00,117.045,12.161
2025-12-21 17:00,117.047,12.3006
2025-12-21 18:00,117.043,12.0214
2025-12-21 19:00,117.047,12.3006
2025-12-21 20:00,117.042,11.9516
2025-12-21 21:00,117.047,12.3006
2025-12-21 22:00,117.046,12.2308
2025-12-21 23:00,117.046,12.2308
2025-12-22 00:00,117.052,12.6496
2025-12-22 01:00,117.051,12.5798
2025-12-22 02:00,117.05,12.51
2025-12-22 03:00,117.048,12.3704
2025-12-22 04:00,117.051,12.5798
2025-12-22 05:00,117.043,12.0214
2025-12-22 06:00,117.044,12.0912
2025-12-22 07:00,117.042,11.9516
2025-12-22 08:00,117.043,12.0214
2025-12-22 09:00,117.045,12.161
2025-12-22 10:00,117.046,12.2308
2025-12-22 11:00,117.045,12.161
2025-12-22 12:00,117.044,12.0912
2025-12-22 13:00,117.043,12.0214
2025-12-22 14:00,117.043,12.0214
2025-12-22 15:00,117.041,11.8818
2025-12-22 16:00,117.04,11.812
2025-12-22 17:00,117.039,11.7422
2025-12-22 18:00,117.039,11.7422
2025-12-22 19:00,117.037,11.6026
2025-12-22 20:00,117.034,11.3932
2025-12-22 21:00,117.036,11.5328
2025-12-22 22:00,117.037,11.6026
2025-12-22 23:00,117.033,11.3234
2025-12-23 00:00,117.033,11.3234
2025-12-23 01:00,117.034,11.3932
2025-12-23 02:00,117.035,11.463
2025-12-23 03:00,117.033,11.3234
2025-12-23 04:00,117.033,11.3234
2025-12-23 05:00,117.032,11.2536
2025-12-23 06:00,117.029,11.0442
2025-12-23 07:00,117.033,11.3234
2025-12-23 08:00,117.035,11.463
2025-12-23 09:00,117.031,11.1838
2025-12-23 10:00,117.037,11.6026
2025-12-23 11:00,117.036,11.5328
2025-12-23 12:00,117.034,11.3932
2025-12-23 13:00,117.034,11.3932
2025-12-23 14:00,117.033,11.3234
2025-12-23 15:00,117.035,11.463
2025-12-23 16:00,117.03,11.114
2025-12-23 17:00,117.032,11.2536
2025-12-23 18:00,117.028,10.9744
2025-12-23 19:00,117.026,10.8348
2025-12-23 20:00,117.032,11.2536
2025-12-23 21:00,117.032,11.2536
2025-12-23 22:00,117.03,11.114
2025-12-23 23:00,117.026,10.8348
2025-12-24 00:00,117.03,11.114
2025-12-24 01:00,117.03,11.114
2025-12-24 02:00,117.026,10.8348
2025-12-24 03:00,117.027,10.9046
2025-12-24 04:00,117.026,10.8348
2025-12-24 05:00,117.03,11.114
2025-12-24 06:00,117.026,10.8348
2025-12-24 07:00,117.027,10.9046
2025-12-24 08:00,117.029,11.0442
2025-12-24 09:00,117.028,10.9744
2025-12-24 10:00,117.034,11.3932
2025-12-24 11:00,117.031,11.1838
2025-12-24 12:00,117.028,10.9744
2025-12-24 13:00,117.03,11.114
2025-12-24 14:00,117.028,10.9744
2025-12-24 15:00,117.026,10.8348
2025-12-24 16:00,117.025,10.765
2025-12-24 17:00,117.028,10.9744
2025-12-24 18:00,117.025,10.765
2025-12-24 19:00,117.024,10.6952
2025-12-24 20:00,117.024,10.6952
2025-12-24 21:00,117.025,10.765
2025-12-24 22:00,117.026,10.8348
2025-12-24 23:00,117.026,10.8348
2025-12-25 00:00,117.027,10.9046
2025-12-25 01:00,117.027,10.9046
2025-12-25 02:00,117.023,10.6254
2025-12-25 03:00,117.021,10.4858
2025-12-25 04:00,117.022,10.5556
2025-12-25 05:00,117.023,10.6254
2025-12-25 06:00,117.022,10.5556
2025-12-25 07:00,117.024,10.6952
2025-12-25 08:00,117.02,10.416
2025-12-25 09:00,117.022,10.5556
2025-12-25 10:00,117.027,10.9046
2025-12-25 11:00,117.026,10.8348
2025-12-25 12:00,117.025,10.765
2025-12-25 13:00,117.025,10.765
2025-12-25 14:00,117.025,10.765
2025-12-25 15:00,117.023,10.6254
2025-12-25 16:00,117.02,10.416
2025-12-25 17:00,117.022,10.5556
2025-12-25 18:00,117.021,10.4858
2025-12-25 19:00,117.022,10.5556
2025-12-25 20:00,117.017,10.2066
2025-12-25 21:00,117.019,10.3462
2025-12-25 22:00,117.025,10.765
2025-12-25 23:00,117.022,10.5556
2025-12-26 00:00,117.024,10.6952
2025-12-26 01:00,117.023,10.6254
2025-12-26 02:00,117.018,10.2764
2025-12-26 03:00,117.025,10.765
2025-12-26 04:00,117.026,10.8348
2025-12-26 05:00,117.029,11.0442
2025-12-26 06:00,117.034,11.3932
2025-12-26 07:00,117.038,11.6724
2025-12-26 08:00,117.041,11.8818
2025-12-26 09:00,117.042,11.9516
2025-12-26 10:00,117.041,11.8818
2025-12-26 11:00,117.04,11.812
2025-12-26 12:00,117.039,11.7422
2025-12-26 13:00,117.036,11.5328
2025-12-26 14:00,117.032,11.2536
2025-12-26 15:00,117.034,11.3932
2025-12-26 16:00,117.034,11.3932
2025-12-26 17:00,117.033,11.3234
2025-12-26 18:00,117.032,11.2536
2025-12-26 19:00,117.032,11.2536
2025-12-26 20:00,117.035,11.463
2025-12-26 21:00,117.031,11.1838
2025-12-26 22:00,117.031,11.1838
2025-12-26 23:00,117.033,11.3234
2025-12-27 00:00,117.03,11.114
2025-12-27 01:00,117.03,11.114
2025-12-27 02:00,117.031,11.1838
2025-12-27 03:00,117.029,11.0442
2025-12-27 04:00,117.03,11.114
2025-12-27 05:00,117.029,11.0442
2025-12-27 06:00,117.026,10.8348
2025-12-27 07:00,117.029,11.0442
2025-12-27 08:00,117.032,11.2536
2025-12-27 09:00,117.03,11.114
2025-12-27 10:00,117.03,11.114
2025-12-27 11:00,117.038,11.6724
2025-12-27 12:00,117.038,11.6724
2025-12-27 13:00,117.041,11.8818
2025-12-27 14:00,117.04,11.812
2025-12-27 15:00,117.04,11.812
2025-12-27 16:00,117.039,11.7422
2025-12-27 17:00,117.042,11.9516
2025-12-27 18:00,117.039,11.7422
2025-12-27 19:00,117.036,11.5328
2025-12-27 20:00,117.036,11.5328
2025-12-27 21:00,117.033,11.3234
2025-12-27 22:00,117.034,11.3932
2025-12-27 23:00,117.032,11.2536
2025-12-28 00:00,117.032,11.2536
2025-12-28 01:00,117.032,11.2536
2025-12-28 02:00,117.03,11.114
2025-12-28 03:00,117.031,11.1838
2025-12-28 04:00,117.029,11.0442
2025-12-28 05:00,117.029,11.0442
2025-12-28 06:00,117.029,11.0442
2025-12-28 07:00,117.026,10.8348
2025-12-28 08:00,117.025,10.765
2025-12-28 09:00,117.024,10.6952
2025-12-28 10:00,117.026,10.8348
2025-12-28 11:00,117.026,10.8348
2025-12-28 12:00,117.028,10.9744
2025-12-28 13:00,117.023,10.6254
2025-12-28 14:00,117.022,10.5556
2025-12-28 15:00,117.02,10.416
2025-12-28 16:00,117.018,10.2764
2025-12-28 17:00,117.025,10.765
2025-12-28 18:00,117.022,10.5556
2025-12-28 19:00,117.02,10.416
2025-12-28 20:00,117.018,10.2764
2025-12-28 21:00,117.019,10.3462
2025-12-28 22:00,117.019,10.3462
2025-12-28 23:00,117.015,10.067
2025-12-29 00:00,117.018,10.2764
2025-12-29 01:00,117.018,10.2764
2025-12-29 02:00,117.016,10.1368
2025-12-29 03:00,117.015,10.067
2025-12-29 04:00,117.017,10.2066
2025-12-29 05:00,117.013,9.9274
2025-12-29 06:00,117.018,10.2764
2025-12-29 07:00,117.015,10.067
2025-12-29 08:00,117.017,10.2066
2025-12-29 09:00,117.013,9.9274
2025-12-29 10:00,117.016,10.1368
2025-12-29 11:00,117.017,10.2066
2025-12-29 12:00,117.016,10.1368
2025-12-29 13:00,117.017,10.2066
2025-12-29 14:00,117.014,9.9972
2025-12-29 15:00,117.012,9.8576
2025-12-29 16:00,117.012,9.8576
2025-12-29 17:00,117.012,9.8576
2025-12-29 18:00,117.011,9.7878
2025-12-29 19:00,117.011,9.7878
2025-12-29 20:00,117.012,9.8576
2025-12-29 21:00,117.008,9.5784
2025-12-29 22:00,117.008,9.5784
2025-12-29 23:00,117.008,9.5784
2025-12-30 00:00,117.009,9.6482
2025-12-30 01:00,117.009,9.6482
2025-12-30 02:00,117.009,9.6482
2025-12-30 03:00,117.008,9.5784
2025-12-30 04:00,117.011,9.7878
2025-12-30 05:00,117.007,9.5086
2025-12-30 06:00,117.007,9.5086
2025-12-30 07:00,117.007,9.5086
2025-12-30 08:00,117.006,9.4388
2025-12-30 09:00,117.006,9.4388
2025-12-30 10:00,117.003,9.2294
2025-12-30 11:00,117.007,9.5086
2025-12-30 12:00,117.006,9.4388
2025-12-30 13:00,117.007,9.5086
2025-12-30 14:00,117.008,9.5784
2025-12-30 15:00,117.006,9.4388
2025-12-30 16:00,117.008,9.5784
2025-12-30 17:00,117.004,9.2992
2025-12-30 18:00,117.004,9.2992
2025-12-30 19:00,117.005,9.369
2025-12-30 20:00,117.006,9.4388
2025-12-30 21:00,117.005,9.369
2025-12-30 22:00,117.002,9.1596
2025-12-30 23:00,117.003,9.2294
2025-12-31 00:00,117.001,9.0898
2025-12-31 01:00,117.003,9.2294
2025-12-31 02:00,117.002,9.1596
2025-12-31 03:00,116.999,8.9817
2025-12-31 04:00,117.004,9.2992
2025-12-31 05:00,117.003,9.2294
2025-12-31 06:00,117.0,9.02
2025-12-31 07:00,117.002,9.1596
2025-12-31 08:00,117.004,9.2992
2025-12-31 09:00,117.003,9.2294
2025-12-31 10:00,117.003,9.2294
2025-12-31 11:00,117.003,9.2294
2025-12-31 12:00,117.004,9.2992
2025-12-31 13:00,117.007,9.5086
2025-12-31 14:00,117.003,9.2294
2025-12-31 15:00,117.005,9.369
2025-12-31 16:00,117.002,9.1596
2025-12-31 17:00,117.001,9.0898
2025-12-31 18:00,117.001,9.0898
2025-12-31 19:00,117.001,9.0898
2025-12-31 20:00,116.999,8.9817
2025-12-31 21:00,116.998,8.9434
2025-12-31 22:00,117.001,9.0898
2025-12-31 23:00,117.0,9.02
2026-01-01 00:00,116.997,8.9051
2026-01-01 01:00,116.999,8.9817
2026-01-01 02:00,116.997,8.9051
2026-01-01 03:00,117.0,9.02
2026-01-01 04:00,116.996,8.8668
2026-01-01 05:00,116.995,8.8285
2026-01-01 06:00,116.995,8.8285
2026-01-01 07:00,116.999,8.9817
2026-01-01 08:00,116.998,8.9434
2026-01-01 09:00,116.998,8.9434
2026-01-01 10:00,116.995,8.8285
2026-01-01 11:00,116.999,8.9817
2026-01-01 12:00,116.999,8.9817
2026-01-01 13:00,116.999,8.9817
2026-01-01 14:00,116.998,8.9434
2026-01-01 15:00,117.0,9.02
2026-01-01 16:00,116.999,8.9817
2026-01-01 17:00,116.996,8.8668
2026-01-01 18:00,116.997,8.9051
2026-01-01 19:00,116.998,8.9434
2026-01-01 20:00,116.997,8.9051
2026-01-01 21:00,116.995,8.8285
2026-01-01 22:00,117.0,9.02
2026-01-01 23:00,116.997,8.9051
2026-01-02 00:00,116.996,8.8668
2026-01-02 01:00,116.995,8.8285
2026-01-02 02:00,116.996,8.8668
2026-01-02 03:00,116.994,8.7902
2026-01-02 04:00,116.994,8.7902
2026-01-02 05:00,116.996,8.8668
2026-01-02 06:00,116.993,8.7519
2026-01-02 07:00,116.995,8.8285
2026-01-02 08:00,116.996,8.8668
2026-01-02 09:00,116.997,8.9051
2026-01-02 10:00,116.996,8.8668
2026-01-02 11:00,116.996,8.8668
2026-01-02 12:00,116.997,8.9051
2026-01-02 13:00,116.998,8.9434
2026-01-02 14:00,116.998,8.9434
2026-01-02 15:00,116.996,8.8668
2026-01-02 16:00,116.993,8.7519
2026-01-02 17:00,116.992,8.7136
2026-01-02 18:00,116.991,8.6753
2026-01-02 19:00,116.991,8.6753
2026-01-02 20:00,116.991,8.6753
2026-01-02 21:00,116.989,8.5987
2026-01-02 22:00,116.991,8.6753
2026-01-02 23:00,116.988,8.5604
2026-01-03 00:00,116.99,8.637
2026-01-03 01:00,116.99,8.637
2026-01-03 02:00,116.989,8.5987
2026-01-03 03:00,116.991,8.6753
2026-01-03 04:00,116.99,8.637
2026-01-03 05:00,116.989,8.5987
2026-01-03 06:00,116.992,8.7136
2026-01-03 07:00,116.987,8.5221
2026-01-03 08:00,116.989,8.5987
2026-01-03 09:00,116.99,8.637
2026-01-03 10:00,116.986,8.4838
2026-01-03 11:00,116.992,8.7136
2026-01-03 12:00,116.991,8.6753
2026-01-03 13:00,116.994,8.7902
2026-01-03 14:00,116.993,8.7519
2026-01-03 15:00,116.995,8.8285
2026-01-03 16:00,116.993,8.7519
2026-01-03 17:00,116.991,8.6753
2026-01-03 18:00,116.991,8.6753
2026-01-03 19:00,116.992,8.7136
2026-01-03 20:00,116.993,8.7519
2026-01-03 21:00,116.989,8.5987
2026-01-03 22:00,116.989,8.5987
2026-01-03 23:00,116.991,8.6753
2026-01-04 00:00,116.992,8.7136
2026-01-04 01:00,116.99,8.637
2026-01-04 02:00,116.986,8.4838
2026-01-04 03:00,116.981,8.2923
2026-01-04 04:00,116.983,8.3689
2026-01-04 05:00,116.984,8.4072
2026-01-04 06:00,116.981,8.2923
2026-01-04 07:00,116.981,8.2923
2026-01-04 08:00,116.981,8.2923
2026-01-04 09:00,116.982,8.3306
2026-01-04 10:00,116.982,8.3306
2026-01-04 11:00,116.983,8.3689
2026-01-04 12:00,116.981,8.2923
2026-01-04 13:00,116.984,8.4072
2026-01-04 14:00,116.982,8.3306
2026-01-04 15:00,116.982,8.3306
2026-01-04 16:00,116.982,8.3306
2026-01-04 17:00,116.982,8.3306
2026-01-04 18:00,116.98,8.254
2026-01-04 19:00,116.98,8.254
2026-01-04 20:00,116.981,8.2923
2026-01-04 21:00,116.982,8.3306
2026-01-04 22:00,116.977,8.1391
2026-01-04 23:00,116.976,8.1008
2026-01-05 00:00,116.982,8.3306
2026-01-05 01:00,116.983,8.3689
2026-01-05 02:00,116.982,8.3306
2026-01-05 03:00,116.982,8.3306
2026-01-05 04:00,116.985,8.4455
2026-01-05 05:00,116.981,8.2923
2026-01-05 06:00,116.981,8.2923
2026-01-05 07:00,116.982,8.3306
2026-01-05 08:00,116.98,8.254
2026-01-05 09:00,116.976,8.1008
2026-01-05 10:00,116.98,8.254
2026-01-05 11:00,116.982,8.3306
2026-01-05 12:00,116.981,8.2923
2026-01-05 13:00,116.983,8.3689
2026-01-05 14:00,116.979,8.2157
2026-01-05 15:00,116.984,8.4072
2026-01-05 16:00,116.98,8.254
2026-01-05 17:00,116.976,8.1008
2026-01-05 18:00,116.976,8.1008
2026-01-05 19:00,116.978,8.1774
2026-01-05 20:00,116.974,8.0242
2026-01-05 21:00,116.973,7.9859
2026-01-05 22:00,116.975,8.0625
2026-01-05 23:00,116.975,8.0625
2026-01-06 00:00,116.976,8.1008
2026-01-06 01:00,116.977,8.1391
2026-01-06 02:00,116.976,8.1008
2026-01-06 03:00,116.975,8.0625
2026-01-06 04:00,116.976,8.1008
2026-01-06 05:00,116.979,8.2157
2026-01-06 06:00,116.971,7.9093
2026-01-06 07:00,116.973,7.9859
2026-01-06 08:00,116.976,8.1008
2026-01-06 09:00,116.978,8.1774
2026-01-06 10:00,116.977,8.1391
2026-01-06 11:00,116.976,8.1008
2026-01-06 12:00,116.976,8.1008
2026-01-06 13:00,116.977,8.1391
2026-01-06 14:00,116.974,8.0242
2026-01-06 15:00,116.977,8.1391
2026-01-06 16:00,116.976,8.1008
2026-01-06 17:00,116.975,8.0625
2026-01-06 18:00,116.973,7.9859
2026-01-06 19:00,116.972,7.9476
2026-01-06 20:00,116.972,7.9476
2026-01-06 21:00,116.972,7.9476
2026-01-06 22:00,116.975,8.0625
2026-01-06 23:00,116.973,7.9859
2026-01-07 00:00,116.976,8.1008
2026-01-07 01:00,116.976,8.1008
2026-01-07 02:00,116.978,8.1774
2026-01-07 03:00,116.971,7.9093
2026-01-07 04:00,116.973,7.9859
2026-01-07 05:00,116.973,7.9859
2026-01-07 06:00,116.976,8.1008
2026-01-07 07:00,116.973,7.9859
2026-01-07 08:00,116.971,7.9093
2026-01-07 09:00,116.973,7.9859
2026-01-07 10:00,116.975,8.0625
2026-01-07 11:00,116.977,8.1391
2026-01-07 12:00,116.98,8.254
2026-01-07 13:00,116.98,8.254
2026-01-07 14:00,116.988,8.5604
2026-01-07 15:00,116.985,8.4455
2026-01-07 16:00,116.993,8.7519
2026-01-07 17:00,116.993,8.7519
2026-01-07 18:00,117.014,9.9972
2026-01-07 19:00,117.063,13.4174
2026-01-07 20:00,117.066,13.6268
2026-01-07 21:00,117.063,13.4174
2026-01-07 22:00,117.06,13.208
2026-01-07 23:00,117.046,12.2308
2026-01-08 00:00,117.038,11.6724
2026-01-08 01:00,117.027,10.9046
2026-01-08 02:00,117.017,10.2066
2026-01-08 03:00,117.011,9.7878
2026-01-08 04:00,117.008,9.5784
2026-01-08 05:00,117.004,9.2992
2026-01-08 06:00,116.997,8.9051
2026-01-08 07:00,116.999,8.9817
2026-01-08 08:00,116.994,8.7902
2026-01-08 09:00,116.992,8.7136
2026-01-08 10:00,116.993,8.7519
2026-01-08 11:00,116.996,8.8668
2026-01-08 12:00,116.991,8.6753
2026-01-08 13:00,116.99,8.637
2026-01-08 14:00,116.984,8.4072
2026-01-08 15:00,116.984,8.4072
2026-01-08 16:00,116.983,8.3689
2026-01-08 17:00,116.981,8.2923
2026-01-08 18:00,116.978,8.1774
2026-01-08 19:00,116.981,8.2923
2026-01-08 20:00,116.978,8.1774
2026-01-08 21:00,116.977,8.1391
2026-01-08 22:00,116.979,8.2157
2026-01-08 23:00,116.979,8.2157
2026-01-09 00:00,116.981,8.2923
2026-01-09 01:00,116.978,8.1774
2026-01-09 02:00,116.973,7.9859
2026-01-09 03:00,116.975,8.0625
2026-01-09 04:00,116.974,8.0242
2026-01-09 05:00,116.976,8.1008
2026-01-09 06:00,116.978,8.1774
2026-01-09 07:00,116.977,8.1391
2026-01-09 08:00,116.979,8.2157
2026-01-09 09:00,116.974,8.0242
2026-01-09 10:00,116.977,8.1391
2026-01-09 11:00,116.976,8.1008
2026-01-09 12:00,116.978,8.1774
2026-01-09 13:00,116.98,8.254
2026-01-09 14:00,116.979,8.2157
2026-01-09 15:00,116.976,8.1008
2026-01-09 16:00,116.976,8.1008
2026-01-09 17:00,116.974,8.0242
2026-01-09 18:00,116.978,8.1774
2026-01-09 19:00,116.974,8.0242
2026-01-09 20:00,116.975,8.0625
2026-01-09 21:00,116.974,8.0242
2026-01-09 22:00,116.973,7.9859
2026-01-09 23:00,116.973,7.9859
2026-01-10 00:00,116.975,8.0625
2026-01-10 01:00,116.976,8.1008
2026-01-10 02:00,116.974,8.0242
2026-01-10 03:00,116.975,8.0625
2026-01-10 04:00,116.974,8.0242
2026-01-10 05:00,116.976,8.1008
2026-01-10 06:00,116.974,8.0242
2026-01-10 07:00,116.974,8.0242
2026-01-10 08:00,116.974,8.0242
2026-01-10 09:00,116.974,8.0242
2026-01-10 10:00,116.975,8.0625
2026-01-10 11:00,116.975,8.0625
2026-01-10 12:00,116.976,8.1008
2026-01-10 13:00,116.978,8.1774
2026-01-10 14:00,116.973,7.9859
2026-01-10 15:00,116.974,8.0242
2026-01-10 16:00,116.969,7.8327
2026-01-10 17:00,116.969,7.8327
2026-01-10 18:00,116.971,7.9093
2026-01-10 19:00,116.973,7.9859
2026-01-10 20:00,116.965,7.6795
2026-01-10 21:00,116.967,7.7561
2026-01-10 22:00,116.969,7.8327
2026-01-10 23:00,116.969,7.8327
2026-01-11 00:00,116.969,7.8327
2026-01-11 01:00,116.966,7.7178
2026-01-11 02:00,116.97,7.871
2026-01-11 03:00,116.966,7.7178
2026-01-11 04:00,116.964,7.6412
2026-01-11 05:00,116.967,7.7561
2026-01-11 06:00,116.97,7.871
2026-01-11 07:00,116.966,7.7178
2026-01-11 08:00,116.967,7.7561
2026-01-11 09:00,116.971,7.9093
2026-01-11 10:00,116.966,7.7178
2026-01-11 11:00,116.966,7.7178
2026-01-11 12:00,116.968,7.7944
2026-01-11 13:00,116.972,7.9476
2026-01-11 14:00,116.969,7.8327
2026-01-11 15:00,116.969,7.8327
2026-01-11 16:00,116.968,7.7944
2026-01-11 17:00,116.97,7.871
2026-01-11 18:00,116.967,7.7561
2026-01-11 19:00,116.969,7.8327
2026-01-11 20:00,116.966,7.7178
2026-01-11 21:00,116.967,7.7561
2026-01-11 22:00,116.966,7.7178
2026-01-11 23:00,116.968,7.7944
2026-01-12 00:00,116.965,7.6795
2026-01-12 01:00,116.969,7.8327
2026-01-12 02:00,116.963,7.6029
2026-01-12 03:00,116.963,7.6029
2026-01-12 04:00,116.964,7.6412
2026-01-12 05:00,116.966,7.7178
2026-01-12 06:00,116.963,7.6029
2026-01-12 07:00,116.966,7.7178
2026-01-12 08:00,116.965,7.6795
2026-01-12 09:00,116.963,7.6029
2026-01-12 10:00,116.966,7.7178
2026-01-12 11:00,116.965,7.6795
2026-01-12 12:00,116.965,7.6795
2026-01-12 13:00,116.965,7.6795
2026-01-12 14:00,116.961,7.5263
2026-01-12 15:00,116.965,7.6795
2026-01-12 16:00,116.964,7.6412
2026-01-12 17:00,116.966,7.7178
2026-01-12 18:00,116.959,7.4497
2026-01-12 19:00,116.962,7.5646
2026-01-12 20:00,116.96,7.488
2026-01-12 21:00,116.959,7.4497
2026-01-12 22:00,116.958,7.4114
2026-01-12 23:00,116.958,7.4114
2026-01-13 00:00,116.96,7.488
2026-01-13 01:00,116.957,7.3731
2026-01-13 02:00,116.962,7.5646
2026-01-13 03:00,116.961,7.5263
2026-01-13 04:00,116.958,7.4114
2026-01-13 05:00,116.961,7.5263
2026-01-13 06:00,116.96,7.488
2026-01-13 07:00,116.96,7.488
2026-01-13 08:00,116.958,7.4114
2026-01-13 09:00,116.959,7.4497
2026-01-13 10:00,116.959,7.4497
2026-01-13 11:00,116.965,7.6795
2026-01-13 12:00,116.963,7.6029
2026-01-13 13:00,116.961,7.5263
2026-01-13 14:00,116.96,7.488
2026-01-13 15:00,116.961,7.5263
2026-01-13 16:00,116.963,7.6029
2026-01-13 17:00,116.957,7.3731
2026-01-13 18:00,116.956,7.3348
2026-01-13 19:00,116.957,7.3731
2026-01-13 20:00,116.957,7.3731
2026-01-13 21:00,116.957,7.3731
2026-01-13 22:00,116.954,7.2582
2026-01-13 23:00,116.956,7.3348
2026-01-14 00:00,116.958,7.4114
2026-01-14 01:00,116.957,7.3731
2026-01-14 02:00,116.957,7.3731
2026-01-14 03:00,116.958,7.4114
2026-01-14 04:00,116.957,7.3731
2026-01-14 05:00,116.959,7.4497
2026-01-14 06:00,116.958,7.4114
2026-01-14 07:00,116.957,7.3731
2026-01-14 08:00,116.952,7.1816
2026-01-14 09:00,116.953,7.2199
2026-01-14 10:00,116.956,7.3348
2026-01-14 11:00,116.957,7.3731
2026-01-14 12:00,116.96,7.488
2026-01-14 13:00,116.958,7.4114
2026-01-14 14:00,116.961,7.5263
2026-01-14 15:00,116.957,7.3731
2026-01-14 16:00,116.958,7.4114
2026-01-14 17:00,116.955,7.2965
2026-01-14 18:00,116.956,7.3348
2026-01-14 19:00,116.952,7.1816
2026-01-14 20:00,116.953,7.2199
2026-01-14 21:00,116.954,7.2582
2026-01-14 22:00,116.958,7.4114
2026-01-14 23:00,116.956,7.3348
2026-01-15 00:00,116.956,7.3348
2026-01-15 01:00,116.967,7.7561
2026-01-15 02:00,116.966,7.7178
2026-01-15 03:00,116.964,7.6412
2026-01-15 04:00,116.964,7.6412
2026-01-15 05:00,116.964,7.6412
2026-01-15 06:00,116.961,7.5263
2026-01-15 07:00,116.961,7.5263
2026-01-15 08:00,116.961,7.5263
2026-01-15 09:00,116.962,7.5646
2026-01-15 10:00,116.959,7.4497
2026-01-15 11:00,116.959,7.4497
2026-01-15 12:00,116.967,7.7561
2026-01-15 13:00,116.968,7.7944
2026-01-15 14:00,116.967,7.7561
2026-01-15 15:00,116.965,7.6795
2026-01-15 16:00,116.968,7.7944
2026-01-15 17:00,116.966,7.7178
2026-01-15 18:00,116.966,7.7178
2026-01-15 19:00,116.97,7.871
2026-01-15 20:00,116.968,7.7944
2026-01-15 21:00,116.967,7.7561
2026-01-15 22:00,116.963,7.6029
2026-01-15 23:00,116.967,7.7561
2026-01-16 00:00,116.965,7.6795
2026-01-16 01:00,116.964,7.6412
2026-01-16 02:00,116.958,7.4114
2026-01-16 03:00,116.966,7.7178
2026-01-16 04:00,116.966,7.7178
2026-01-16 05:00,116.968,7.7944
2026-01-16 06:00,116.964,7.6412
2026-01-16 07:00,116.964,7.6412
2026-01-16 08:00,116.962,7.5646
2026-01-16 09:00,116.964,7.6412
2026-01-16 10:00,116.965,7.6795
2026-01-16 11:00,116.967,7.7561
2026-01-16 12:00,116.966,7.7178
2026-01-16 13:00,116.97,7.871
2026-01-16 14:00,116.975,8.0625
2026-01-16 15:00,116.973,7.9859
2026-01-16 16:00,116.965,7.6795
2026-01-16 17:00,116.967,7.7561
2026-01-16 18:00,116.968,7.7944
2026-01-16 19:00,116.965,7.6795
2026-01-16 20:00,116.967,7.7561
2026-01-16 21:00,116.968,7.7944
2026-01-16 22:00,116.966,7.7178
2026-01-16 23:00,116.964,7.6412
2026-01-17 00:00,116.967,7.7561
2026-01-17 01:00,116.964,7.6412
2026-01-17 02:00,116.967,7.7561
2026-01-17 03:00,116.964,7.6412
2026-01-17 04:00,116.964,7.6412
2026-01-17 05:00,116.961,7.5263
2026-01-17 06:00,116.964,7.6412
2026-01-17 07:00,116.963,7.6029
2026-01-17 08:00,116.964,7.6412
2026-01-17 09:00,116.965,7.6795
2026-01-17 10:00,116.966,7.7178
2026-01-17 11:00,116.965,7.6795
2026-01-17 12:00,116.963,7.6029
2026-01-17 13:00,116.965,7.6795
2026-01-17 14:00,116.967,7.7561
2026-01-17 15:00,116.964,7.6412
2026-01-17 16:00,116.965,7.6795
2026-01-17 17:00,116.961,7.5263
2026-01-17 18:00,116.961,7.5263
2026-01-17 19:00,116.961,7.5263
2026-01-17 20:00,116.956,7.3348
2026-01-17 21:00,116.958,7.4114
2026-01-17 22:00,116.961,7.5263
2026-01-17 23:00,116.956,7.3348
2026-01-18 00:00,116.963,7.6029
2026-01-18 01:00,116.959,7.4497
2026-01-18 02:00,116.965,7.6795
2026-01-18 03:00,116.963,7.6029
2026-01-18 04:00,116.961,7.5263
2026-01-18 05:00,116.961,7.5263
2026-01-18 06:00,116.962,7.5646
2026-01-18 07:00,116.964,7.6412
2026-01-18 08:00,116.962,7.5646
2026-01-18 09:00,116.961,7.5263
2026-01-18 10:00,116.959,7.4497
2026-01-18 11:00,116.962,7.5646
2026-01-18 12:00,116.962,7.5646
2026-01-18 13:00,116.962,7.5646
2026-01-18 14:00,116.963,7.6029
2026-01-18 15:00,116.959,7.4497
2026-01-18 16:00,116.962,7.5646
2026-01-18 17:00,116.958,7.4114
2026-01-18 18:00,116.96,7.488
2026-01-18 19:00,116.959,7.4497
2026-01-18 20:00,116.959,7.4497
2026-01-18 21:00,116.956,7.3348
2026-01-18 22:00,116.958,7.4114
2026-01-18 23:00,116.956,7.3348
2026-01-19 00:00,116.958,7.4114
2026-01-19 01:00,116.958,7.4114
2026-01-19 02:00,116.957,7.3731
2026-01-19 03:00,116.954,7.2582
2026-01-19 04:00,116.957,7.3731
2026-01-19 05:00,116.957,7.3731
2026-01-19 06:00,116.957,7.3731
2026-01-19 07:00,116.957,7.3731
2026-01-19 08:00,116.957,7.3731
2026-01-19 09:00,116.953,7.2199
2026-01-19 10:00,116.956,7.3348
2026-01-19 11:00,116.956,7.3348
2026-01-19 12:00,116.958,7.4114
2026-01-19 13:00,116.96,7.488
2026-01-19 14:00,116.958,7.4114
2026-01-19 15:00,116.956,7.3348
2026-01-19 16:00,116.957,7.3731
2026-01-19 17:00,116.954,7.2582
2026-01-19 18:00,116.954,7.2582
2026-01-19 19:00,116.954,7.2582
2026-01-19 20:00,116.954,7.2582
2026-01-19 21:00,116.951,7.1433
2026-01-19 22:00,116.952,7.1816
2026-01-19 23:00,116.956,7.3348
2026-01-20 00:00,116.952,7.1816
2026-01-20 01:00,116.952,7.1816
2026-01-20 02:00,116.955,7.2965
2026-01-20 03:00,116.953,7.2199
2026-01-20 04:00,116.951,7.1433
2026-01-20 05:00,116.952,7.1816
2026-01-20 06:00,116.955,7.2965
2026-01-20 07:00,116.954,7.2582
2026-01-20 08:00,116.957,7.3731
2026-01-20 09:00,116.954,7.2582
2026-01-20 10:00,116.955,7.2965
2026-01-20 11:00,116.954,7.2582
2026-01-20 12:00,116.954,7.2582
2026-01-20 13:00,116.955,7.2965
2026-01-20 14:00,116.958,7.4114
2026-01-20 15:00,116.96,7.488
2026-01-20 16:00,116.955,7.2965
2026-01-20 17:00,116.954,7.2582
2026-01-20 18:00,116.953,7.2199
2026-01-20 19:00,116.951,7.1433
2026-01-20 20:00,116.953,7.2199
2026-01-20 21:00,116.954,7.2582
2026-01-20 22:00,116.952,7.1816
2026-01-20 23:00,116.954,7.2582
2026-01-21 00:00,116.953,7.2199
2026-01-21 01:00,116.955,7.2965
2026-01-21 02:00,116.953,7.2199
2026-01-21 03:00,116.954,7.2582
2026-01-21 04:00,116.956,7.3348
2026-01-21 05:00,116.952,7.1816
2026-01-21 06:00,116.952,7.1816
2026-01-21 07:00,116.955,7.2965
2026-01-21 08:00,116.953,7.2199
2026-01-21 09:00,116.955,7.2965
2026-01-21 10:00,116.954,7.2582
2026-01-21 11:00,116.955,7.2965
2026-01-21 12:00,116.952,7.1816
2026-01-21 13:00,116.96,7.488
2026-01-21 14:00,116.954,7.2582
2026-01-21 15:00,116.956,7.3348
2026-01-21 16:00,116.952,7.1816
2026-01-21 17:00,116.949,7.0667
2026-01-21 18:00,116.95,7.105
2026-01-21 19:00,116.951,7.1433
2026-01-21 20:00,116.948,7.0284
2026-01-21 21:00,116.949,7.0667
2026-01-21 22:00,116.95,7.105
2026-01-21 23:00,116.95,7.105
2026-01-22 00:00,116.951,7.1433
2026-01-22 01:00,116.948,7.0284
2026-01-22 02:00,116.952,7.1816
2026-01-22 03:00,116.951,7.1433
2026-01-22 04:00,116.949,7.0667
2026-01-22 05:00,116.954,7.2582
2026-01-22 06:00,116.953,7.2199
2026-01-22 07:00,116.955,7.2965
2026-01-22 08:00,116.954,7.2582
2026-01-22 09:00,116.946,6.9518
2026-01-22 10:00,116.949,7.0667
2026-01-22 11:00,116.951,7.1433
2026-01-22 12:00,116.949,7.0667
2026-01-22 13:00,116.951,7.1433
2026-01-22 14:00,116.953,7.2199
2026-01-22 15:00,116.951,7.1433
2026-01-22 16:00,116.948,7.0284
2026-01-22 17:00,116.95,7.105
2026-01-22 18:00,116.949,7.0667
2026-01-22 19:00,116.947,6.9901
2026-01-22 20:00,116.948,7.0284
2026-01-22 21:00,116.948,7.0284
2026-01-22 22:00,116.948,7.0284
2026-01-22 23:00,116.947,6.9901
2026-01-23 00:00,116.95,7.105
2026-01-23 01:00,116.951,7.1433
2026-01-23 02:00,116.949,7.0667
2026-01-23 03:00,116.95,7.105
2026-01-23 04:00,116.951,7.1433
2026-01-23 05:00,116.952,7.1816
2026-01-23 06:00,116.952,7.1816
2026-01-23 07:00,116.948,7.0284
2026-01-23 08:00,116.951,7.1433
2026-01-23 09:00,116.949,7.0667
2026-01-23 10:00,116.948,7.0284
2026-01-23 11:00,116.947,6.9901
2026-01-23 12:00,116.953,7.2199
2026-01-23 13:00,116.948,7.0284
2026-01-23 14:00,116.948,7.0284
2026-01-23 15:00,116.948,7.0284
2026-01-23 16:00,116.952,7.1816
2026-01-23 17:00,116.949,7.0667
2026-01-23 18:00,116.948,7.0284
2026-01-23 19:00,116.944,6.8752
2026-01-23 20:00,116.948,7.0284
2026-01-23 21:00,116.946,6.9518
2026-01-23 22:00,116.946,6.9518
2026-01-23 23:00,116.943,6.8369
2026-01-24 00:00,116.946,6.9518
2026-01-24 01:00,116.95,7.105
2026-01-24 02:00,116.945,6.9135
2026-01-24 03:00,116.95,7.105
2026-01-24 04:00,116.948,7.0284
2026-01-24 05:00,116.948,7.0284
2026-01-24 06:00,116.949,7.0667
2026-01-24 07:00,116.949,7.0667
2026-01-24 08:00,116.952,7.1816
2026-01-24 09:00,116.95,7.105
2026-01-24 10:00,116.949,7.0667
2026-01-24 11:00,116.948,7.0284
2026-01-24 12:00,116.947,6.9901
2026-01-24 13:00,116.949,7.0667
2026-01-24 14:00,116.95,7.105
2026-01-24 15:00,116.948,7.0284
2026-01-24 16:00,116.947,6.9901
2026-01-24 17:00,116.946,6.9518
2026-01-24 18:00,116.943,6.8369
2026-01-24 19:00,116.946,6.9518
2026-01-24 20:00,116.947,6.9901
2026-01-24 21:00,116.941,6.7603
2026-01-24 22:00,116.944,6.8752
2026-01-24 23:00,116.941,6.7603
2026-01-25 00:00,116.95,7.105
2026-01-25 01:00,116.946,6.9518
2026-01-25 02:00,116.944,6.8752
2026-01-25 03:00,116.946,6.9518
2026-01-25 04:00,116.947,6.9901
2026-01-25 05:00,116.946,6.9518
2026-01-25 06:00,116.943,6.8369
2026-01-25 07:00,116.945,6.9135
2026-01-25 08:00,116.945,6.9135
2026-01-25 09:00,116.945,6.9135
2026-01-25 10:00,116.946,6.9518
2026-01-25 11:00,116.944,6.8752
2026-01-25 12:00,116.942,6.7986
2026-01-25 13:00,116.94,6.722
2026-01-25 14:00,116.944,6.8752
2026-01-25 15:00,116.945,6.9135
2026-01-25 16:00,116.944,6.8752
2026-01-25 17:00,116.945,6.9135
2026-01-25 18:00,116.942,6.7986
2026-01-25 19:00,116.94,6.722
2026-01-25 20:00,116.942,6.7986
2026-01-25 21:00,116.94,6.722
2026-01-25 22:00,116.94,6.722
2026-01-25 23:00,116.941,6.7603
2026-01-26 00:00,116.944,6.8752
2026-01-26 01:00,116.944,6.8752
2026-01-26 02:00,116.942,6.7986
2026-01-26 03:00,116.945,6.9135
2026-01-26 04:00,116.942,6.7986
2026-01-26 05:00,116.943,6.8369
2026-01-26 06:00,116.942,6.7986
2026-01-26 07:00,116.946,6.9518
2026-01-26 08:00,116.944,6.8752
2026-01-26 09:00,116.945,6.9135
2026-01-26 10:00,116.944,6.8752
2026-01-26 11:00,116.943,6.8369
2026-01-26 12:00,116.943,6.8369
2026-01-26 13:00,116.944,6.8752
2026-01-26 14:00,116.941,6.7603
2026-01-26 15:00,116.946,6.9518
2026-01-26 16:00,116.943,6.8369
2026-01-26 17:00,116.946,6.9518
2026-01-26 18:00,116.939,6.6837
2026-01-26 19:00,116.945,6.9135
2026-01-26 20:00,116.939,6.6837
2026-01-26 21:00,116.94,6.722
2026-01-26 22:00,116.94,6.722
2026-01-26 23:00,116.938,6.6454
2026-01-27 00:00,116.943,6.8369
2026-01-27 01:00,116.942,6.7986
2026-01-27 02:00,116.94,6.722
2026-01-27 03:00,116.941,6.7603
2026-01-27 04:00,116.944,6.8752
2026-01-27 05:00,116.941,6.7603
2026-01-27 06:00,116.943,6.8369
2026-01-27 07:00,116.941,6.7603
2026-01-27 08:00,116.941,6.7603
2026-01-27 09:00,116.942,6.7986
2026-01-27 10:00,116.942,6.7986
2026-01-27 11:00,116.942,6.7986
2026-01-27 12:00,116.944,6.8752
2026-01-27 13:00,116.944,6.8752
2026-01-27 14:00,116.94,6.722
2026-01-27 15:00,116.942,6.7986
2026-01-27 16:00,116.946,6.9518
2026-01-27 17:00,116.939,6.6837
2026-01-27 18:00,116.943,6.8369
2026-01-27 19:00,116.943,6.8369
2026-01-27 20:00,116.941,6.7603
2026-01-27 21:00,116.939,6.6837
2026-01-27 22:00,116.936,6.5688
2026-01-27 23:00,116.94,6.722
2026-01-28 00:00,116.942,6.7986
2026-01-28 01:00,116.941,6.7603
2026-01-28 02:00,116.945,6.9135
2026-01-28 03:00,116.945,6.9135
2026-01-28 04:00,116.941,6.7603
2026-01-28 05:00,116.946,6.9518
2026-01-28 06:00,116.944,6.8752
2026-01-28 07:00,116.944,6.8752
2026-01-28 08:00,116.942,6.7986
2026-01-28 09:00,116.942,6.7986
2026-01-28 10:00,116.942,6.7986
2026-01-28 11:00,116.944,6.8752
2026-01-28 12:00,116.944,6.8752
2026-01-28 13:00,116.943,6.8369
2026-01-28 14:00,116.941,6.7603
2026-01-28 15:00,116.94,6.722
2026-01-28 16:00,116.943,6.8369
2026-01-28 17:00,116.942,6.7986
2026-01-28 18:00,116.94,6.722
2026-01-28 19:00,116.94,6.722
2026-01-28 20:00,116.94,6.722
2026-01-28 21:00,116.942,6.7986
2026-01-28 22:00,116.942,6.7986
2026-01-28 23:00,116.942,6.7986
2026-01-29 00:00,116.94,6.722
2026-01-29 01:00,116.943,6.8369
2026-01-29 02:00,116.946,6.9518
2026-01-29 03:00,116.943,6.8369
2026-01-29 04:00,116.945,6.9135
2026-01-29 05:00,116.944,6.8752
2026-01-29 06:00,116.945,6.9135
2026-01-29 07:00,116.945,6.9135
2026-01-29 08:00,116.944,6.8752
2026-01-29 09:00,116.944,6.8752
2026-01-29 10:00,116.945,6.9135
2026-01-29 11:00,116.941,6.7603
2026-01-29 12:00,116.942,6.7986
2026-01-29 13:00,116.944,6.8752
2026-01-29 14:00,116.946,6.9518
2026-01-29 15:00,116.943,6.8369
2026-01-29 16:00,116.944,6.8752
2026-01-29 17:00,116.942,6.7986
2026-01-29 18:00,116.94,6.722
2026-01-29 19:00,116.938,6.6454
2026-01-29 20:00,116.942,6.7986
2026-01-29 21:00,116.935,6.5305
2026-01-29 22:00,116.945,6.9135
2026-01-29 23:00,116.943,6.8369
2026-01-30 00:00,116.942,6.7986
2026-01-30 01:00,116.943,6.8369
2026-01-30 02:00,116.946,6.9518
2026-01-30 03:00,116.946,6.9518
2026-01-30 04:00,116.946,6.9518
2026-01-30 05:00,116.944,6.8752
2026-01-30 06:00,116.945,6.9135
2026-01-30 07:00,116.945,6.9135
2026-01-30 08:00,116.943,6.8369
2026-01-30 09:00,116.946,6.9518
2026-01-30 10:00,116.947,6.9901
2026-01-30 11:00,116.945,6.9135
2026-01-30 12:00,116.941,6.7603
2026-01-30 13:00,116.945,6.9135
2026-01-30 14:00,116.943,6.8369
2026-01-30 15:00,116.941,6.7603
2026-01-30 16:00,116.939,6.6837
2026-01-30 17:00,116.944,6.8752
2026-01-30 18:00,116.937,6.6071
2026-01-30 19:00,116.937,6.6071
2026-01-30 20:00,116.939,6.6837
2026-01-30 21:00,116.936,6.5688
2026-01-30 22:00,116.938,6.6454
2026-01-30 23:00,116.94,6.722
2026-01-31 00:00,116.937,6.6071
2026-01-31 01:00,116.94,6.722
2026-01-31 02:00,116.939,6.6837
2026-01-31 03:00,116.939,6.6837
2026-01-31 04:00,116.939,6.6837
2026-01-31 05:00,116.94,6.722
2026-01-31 06:00,116.941,6.7603
2026-01-31 07:00,116.944,6.8752
2026-01-31 08:00,116.938,6.6454
2026-01-31 09:00,116.941,6.7603
2026-01-31 10:00,116.939,6.6837
2026-01-31 11:00,116.939,6.6837
2026-01-31 12:00,116.939,6.6837
2026-01-31 13:00,116.933,6.4539
2026-01-31 14:00,116.933,6.4539
2026-01-31 15:00,116.937,6.6071
2026-01-31 16:00,116.939,6.6837
2026-01-31 17:00,116.939,6.6837
2026-01-31 18:00,116.937,6.6071
2026-01-31 19:00,116.934,6.4922
2026-01-31 20:00,116.934,6.4922
2026-01-31 21:00,116.934,6.4922
2026-01-31 22:00,116.933,6.4539
2026-01-31 23:00,116.932,6.4156
2026-02-01 00:00,116.934,6.4922
2026-02-01 01:00,116.938,6.6454
2026-02-01 02:00,116.936,6.5688
2026-02-01 03:00,116.933,6.4539
2026-02-01 04:00,116.934,6.4922
2026-02-01 05:00,116.934,6.4922
2026-02-01 06:00,116.937,6.6071
2026-02-01 07:00,116.936,6.5688
2026-02-01 08:00,116.936,6.5688
2026-02-01 09:00,116.936,6.5688
2026-02-01 10:00,116.934,6.4922
2026-02-01 11:00,116.94,6.722
2026-02-01 12:00,116.937,6.6071
2026-02-01 13:00,116.937,6.6071
2026-02-01 14:00,116.936,6.5688
2026-02-01 15:00,116.939,6.6837
2026-02-01 16:00,116.935,6.5305
2026-02-01 17:00,116.936,6.5688
2026-02-01 18:00,116.936,6.5688
2026-02-01 19:00,116.935,6.5305
2026-02-01 20:00,116.935,6.5305
2026-02-01 21:00,116.934,6.4922
2026-02-01 22:00,116.932,6.4156
2026-02-01 23:00,116.933,6.4539
2026-02-02 00:00,116.934,6.4922
2026-02-02 01:00,116.934,6.4922
2026-02-02 02:00,116.938,6.6454
2026-02-02 03:00,116.938,6.6454
2026-02-02 04:00,116.938,6.6454
2026-02-02 05:00,116.939,6.6837
2026-02-02 06:00,116.939,6.6837
2026-02-02 07:00,116.938,6.6454
2026-02-02 08:00,116.938,6.6454
2026-02-02 09:00,116.939,6.6837
2026-02-02 10:00,116.934,6.4922
2026-02-02 11:00,116.937,6.6071
2026-02-02 12:00,116.936,6.5688
2026-02-02 13:00,116.935,6.5305
2026-02-02 14:00,116.934,6.4922
2026-02-02 15:00,116.933,6.4539
2026-02-02 16:00,116.934,6.4922
2026-02-02 17:00,116.932,6.4156
2026-02-02 18:00,116.93,6.339
2026-02-02 19:00,116.93,6.339
2026-02-02 20:00,116.929,6.3007
2026-02-02 21:00,116.925,6.1475
2026-02-02 22:00,116.927,6.2241
2026-02-02 23:00,116.932,6.4156
2026-02-03 00:00,116.928,6.2624
2026-02-03 01:00,116.932,6.4156
2026-02-03 02:00,116.934,6.4922
2026-02-03 03:00,116.933,6.4539
2026-02-03 04:00,116.929,6.3007
2026-02-03 05:00,116.931,6.3773
2026-02-03 06:00,116.936,6.5688
2026-02-03 07:00,116.931,6.3773
2026-02-03 08:00,116.936,6.5688
2026-02-03 09:00,116.935,6.5305
2026-02-03 10:00,116.934,6.4922
2026-02-03 11:00,116.931,6.3773
2026-02-03 12:00,116.931,6.3773
2026-02-03 13:00,116.93,6.339
2026-02-03 14:00,116.93,6.339
2026-02-03 15:00,116.928,6.2624
2026-02-03 16:00,116.928,6.2624
2026-02-03 17:00,116.932,6.4156
2026-02-03 18:00,116.927,6.2241
2026-02-03 19:00,116.924,6.1092
2026-02-03 20:00,116.926,6.1858
2026-02-03 21:00,116.925,6.1475
2026-02-03 22:00,116.925,6.1475
2026-02-03 23:00,116.924,6.1092
2026-02-04 00:00,116.927,6.2241
2026-02-04 01:00,116.927,6.2241
2026-02-04 02:00,116.927,6.2241
2026-02-04 03:00,116.926,6.1858
2026-02-04 04:00,116.928,6.2624
2026-02-04 05:00,116.931,6.3773
2026-02-04 06:00,116.928,6.2624
2026-02-04 07:00,116.93,6.339
2026-02-04 08:00,116.927,6.2241
2026-02-04 09:00,116.926,6.1858
2026-02-04 10:00,116.93,6.339
2026-02-04 11:00,116.931,6.3773
2026-02-04 12:00,116.929,6.3007
2026-02-04 13:00,116.929,6.3007
2026-02-04 14:00,116.926,6.1858
2026-02-04 15:00,116.925,6.1475
2026-02-04 16:00,116.925,6.1475
2026-02-04 17:00,116.927,6.2241
2026-02-04 18:00,116.927,6.2241
2026-02-04 19:00,116.924,6.1092
2026-02-04 20:00,116.928,6.2624
2026-02-04 21:00,116.924,6.1092
2026-02-04 22:00,116.925,6.1475
2026-02-04 23:00,116.926,6.1858
2026-02-05 00:00,116.926,6.1858
2026-02-05 01:00,116.931,6.3773
2026-02-05 02:00,116.93,6.339
2026-02-05 03:00,116.926,6.1858
2026-02-05 04:00,116.929,6.3007
2026-02-05 05:00,116.928,6.2624
2026-02-05 06:00,116.928,6.2624
2026-02-05 07:00,116.929,6.3007
2026-02-05 08:00,116.93,6.339
2026-02-05 09:00,116.931,6.3773
2026-02-05 10:00,116.932,6.4156
2026-02-05 11:00,116.932,6.4156
2026-02-05 12:00,116.927,6.2241
2026-02-05 13:00,116.931,6.3773
2026-02-05 14:00,116.932,6.4156
2026-02-05 15:00,116.93,6.339
2026-02-05 16:00,116.927,6.2241
2026-02-05 17:00,116.927,6.2241
2026-02-05 18:00,116.928,6.2624
2026-02-05 19:00,116.927,6.2241
2026-02-05 20:00,116.924,6.1092
2026-02-05 21:00,116.924,6.1092
2026-02-05 22:00,116.926,6.1858
2026-02-05 23:00,116.925,6.1475
2026-02-06 00:00,116.925,6.1475
2026-02-06 01:00,116.927,6.2241
2026-02-06 02:00,116.931,6.3773
2026-02-06 03:00,116.927,6.2241
2026-02-06 04:00,116.927,6.2241
2026-02-06 05:00,116.929,6.3007
2026-02-06 06:00,116.932,6.4156
2026-02-06 07:00,116.936,6.5688
2026-02-06 08:00,116.938,6.6454
2026-02-06 09:00,116.939,6.6837
2026-02-06 10:00,116.937,6.6071
2026-02-06 11:00,116.935,6.5305
2026-02-06 12:00,116.935,6.5305
2026-02-06 13:00,116.934,6.4922
2026-02-06 14:00,116.93,6.339
2026-02-06 15:00,116.929,6.3007
2026-02-06 16:00,116.934,6.4922
2026-02-06 17:00,116.933,6.4539
2026-02-06 18:00,116.934,6.4922
2026-02-06 19:00,116.936,6.5688
2026-02-06 20:00,116.933,6.4539
2026-02-06 21:00,116.926,6.1858
2026-02-06 22:00,116.926,6.1858
2026-02-06 23:00,116.926,6.1858
2026-02-07 00:00,116.929,6.3007
2026-02-07 01:00,116.929,6.3007
2026-02-07 02:00,116.929,6.3007
2026-02-07 03:00,116.924,6.1092
2026-02-07 04:00,116.929,6.3007
2026-02-07 05:00,116.932,6.4156
2026-02-07 06:00,116.931,6.3773
2026-02-07 07:00,116.938,6.6454
2026-02-07 08:00,116.94,6.722
2026-02-07 09:00,116.94,6.722
2026-02-07 10:00,116.943,6.8369
2026-02-07 11:00,116.939,6.6837
2026-02-07 12:00,116.941,6.7603
2026-02-07 13:00,116.94,6.722
2026-02-07 14:00,116.935,6.5305
2026-02-07 15:00,116.932,6.4156
2026-02-07 16:00,116.935,6.5305
2026-02-07 17:00,116.934,6.4922
2026-02-07 18:00,116.931,6.3773
2026-02-07 19:00,116.934,6.4922
2026-02-07 20:00,116.931,6.3773
2026-02-07 21:00,116.931,6.3773
2026-02-07 22:00,116.928,6.2624
2026-02-07 23:00,116.927,6.2241
2026-02-08 00:00,116.931,6.3773
2026-02-08 01:00,116.929,6.3007
2026-02-08 02:00,116.932,6.4156
2026-02-08 03:00,116.931,6.3773
2026-02-08 04:00,116.934,6.4922
2026-02-08 05:00,116.931,6.3773
2026-02-08 06:00,116.932,6.4156
2026-02-08 07:00,116.931,6.3773
2026-02-08 08:00,116.933,6.4539
2026-02-08 09:00,116.93,6.339
2026-02-08 10:00,116.931,6.3773
2026-02-08 11:00,116.932,6.4156
2026-02-08 12:00,116.931,6.3773
2026-02-08 13:00,116.932,6.4156
2026-02-08 14:00,116.929,6.3007
2026-02-08 15:00,116.931,6.3773
2026-02-08 16:00,116.929,6.3007
2026-02-08 17:00,116.921,5.9943
2026-02-08 18:00,116.929,6.3007
2026-02-08 19:00,116.925,6.1475
2026-02-08 20:00,116.927,6.2241
2026-02-08 21:00,116.924,6.1092
2026-02-08 22:00,116.924,6.1092
2026-02-08 23:00,116.922,6.0326
2026-02-09 00:00,116.923,6.0709
2026-02-09 01:00,116.925,6.1475
2026-02-09 02:00,116.927,6.2241
2026-02-09 03:00,116.926,6.1858
2026-02-09 04:00,116.925,6.1475
2026-02-09 05:00,116.927,6.2241
2026-02-09 06:00,116.93,6.339
2026-02-09 07:00,116.928,6.2624
2026-02-09 08:00,116.926,6.1858
2026-02-09 09:00,116.927,6.2241
2026-02-09 10:00,116.924,6.1092
2026-02-09 11:00,116.924,6.1092
2026-02-09 12:00,116.923,6.0709
2026-02-09 13:00,116.925,6.1475
2026-02-09 14:00,116.925,6.1475
2026-02-09 15:00,116.921,5.9943
2026-02-09 16:00,116.923,6.0709
2026-02-09 17:00,116.92,5.956
2026-02-09 18:00,116.92,5.956
2026-02-09 19:00,116.916,5.8028
2026-02-09 20:00,116.915,5.7645
2026-02-09 21:00,116.919,5.9177
2026-02-09 22:00,116.918,5.8794
2026-02-09 23:00,116.915,5.7645
2026-02-10 00:00,116.916,5.8028
2026-02-10 01:00,116.918,5.8794
2026-02-10 02:00,116.917,5.8411
2026-02-10 03:00,116.919,5.9177
2026-02-10 04:00,116.92,5.956
2026-02-10 05:00,116.917,5.8411
2026-02-10 06:00,116.92,5.956
2026-02-10 07:00,116.92,5.956
2026-02-10 08:00,116.92,5.956
2026-02-10 09:00,116.918,5.8794
2026-02-10 10:00,116.918,5.8794
2026-02-10 11:00,116.916,5.8028
2026-02-10 12:00,116.917,5.8411
2026-02-10 13:00,116.914,5.7262
2026-02-10 14:00,116.914,5.7262
2026-02-10 15:00,116.913,5.6879
2026-02-10 16:00,116.91,5.573
2026-02-10 17:00,116.912,5.6496
2026-02-10 18:00,116.912,5.6496
2026-02-10 19:00,116.911,5.6113
2026-02-10 20:00,116.914,5.7262
2026-02-10 21:00,116.913,5.6879
2026-02-10 22:00,116.912,5.6496
2026-02-10 23:00,116.914,5.7262
2026-02-11 00:00,116.911,5.6113
2026-02-11 01:00,116.913,5.6879
2026-02-11 02:00,116.911,5.6113
2026-02-11 03:00,116.914,5.7262
2026-02-11 04:00,116.913,5.6879
2026-02-11 05:00,116.916,5.8028
2026-02-11 06:00,116.917,5.8411
2026-02-11 07:00,116.915,5.7645
2026-02-11 08:00,116.917,5.8411
2026-02-11 09:00,116.917,5.8411
2026-02-11 10:00,116.917,5.8411
2026-02-11 11:00,116.915,5.7645
2026-02-11 12:00,116.916,5.8028
2026-02-11 13:00,116.914,5.7262
2026-02-11 14:00,116.919,5.9177
2026-02-11 15:00,116.917,5.8411
2026-02-11 16:00,116.915,5.7645
2026-02-11 17:00,116.917,5.8411
2026-02-11 18:00,116.916,5.8028
2026-02-11 19:00,116.916,5.8028
2026-02-11 20:00,116.919,5.9177
2026-02-11 21:00,116.918,5.8794
2026-02-11 22:00,116.918,5.8794
2026-02-11 23:00,116.92,5.956
2026-02-12 00:00,116.923,6.0709
2026-02-12 01:00,116.926,6.1858
2026-02-12 02:00,116.928,6.2624
2026-02-12 03:00,116.932,6.4156
2026-02-12 04:00,116.93,6.339
2026-02-12 05:00,116.929,6.3007
2026-02-12 06:00,116.932,6.4156
2026-02-12 07:00,116.932,6.4156
2026-02-12 08:00,116.929,6.3007
2026-02-12 09:00,116.934,6.4922
2026-02-12 10:00,116.936,6.5688
2026-02-12 11:00,116.946,6.9518
2026-02-12 12:00,116.939,6.6837
2026-02-12 13:00,116.934,6.4922
2026-02-12 14:00,116.923,6.0709
2026-02-12 15:00,116.914,5.7262
2026-02-12 16:00,116.931,6.3773
2026-02-12 17:00,116.92,5.956
2026-02-12 18:00,116.911,5.6113
2026-02-12 19:00,116.915,5.7645
2026-02-12 20:00,116.918,5.8794
2026-02-12 21:00,116.915,5.7645
2026-02-12 22:00,116.917,5.8411
2026-02-12 23:00,116.915,5.7645
2026-02-13 00:00,116.917,5.8411
2026-02-13 01:00,116.918,5.8794
2026-02-13 02:00,116.917,5.8411
2026-02-13 03:00,116.92,5.956
2026-02-13 04:00,116.919,5.9177
2026-02-13 05:00,116.917,5.8411
2026-02-13 06:00,116.92,5.956
2026-02-13 07:00,116.92,5.956
2026-02-13 08:00,116.921,5.9943
2026-02-13 09:00,116.911,5.6113
2026-02-13 10:00,116.919,5.9177
2026-02-13 11:00,116.915,5.7645
2026-02-13 12:00,116.916,5.8028
2026-02-13 13:00,116.916,5.8028
2026-02-13 14:00,116.914,5.7262
2026-02-13 15:00,116.916,5.8028
2026-02-13 16:00,116.913,5.6879
2026-02-13 17:00,116.908,5.4964
2026-02-13 18:00,116.915,5.7645
2026-02-13 19:00,116.91,5.573
2026-02-13 20:00,116.912,5.6496
2026-02-13 21:00,116.91,5.573
2026-02-13 22:00,116.911,5.6113
2026-02-13 23:00,116.91,5.573
2026-02-14 00:00,116.911,5.6113
2026-02-14 01:00,116.912,5.6496
2026-02-14 02:00,116.91,5.573
2026-02-14 03:00,116.913,5.6879
2026-02-14 04:00,116.913,5.6879
2026-02-14 05:00,116.913,5.6879
2026-02-14 06:00,116.912,5.6496
2026-02-14 07:00,116.911,5.6113
2026-02-14 08:00,116.913,5.6879
2026-02-14 09:00,116.912,5.6496
2026-02-14 10:00,116.915,5.7645
2026-02-14 11:00,116.914,5.7262
2026-02-14 12:00,116.912,5.6496
2026-02-14 13:00,116.912,5.6496
2026-02-14 14:00,116.905,5.3815
2026-02-14 15:00,116.912,5.6496
2026-02-14 16:00,116.902,5.2666
2026-02-14 17:00,116.91,5.573
2026-02-14 18:00,116.922,6.0326
2026-02-14 19:00,116.931,6.3773
2026-02-14 20:00,116.952,7.1816
2026-02-14 21:00,116.95,7.105
2026-02-14 22:00,116.952,7.1816
2026-02-14 23:00,116.958,7.4114
2026-02-15 00:00,116.963,7.6029
2026-02-15 01:00,116.967,7.7561
2026-02-15 02:00,116.962,7.5646
2026-02-15 03:00,116.957,7.3731
2026-02-15 04:00,116.948,7.0284
2026-02-15 05:00,116.944,6.8752
2026-02-15 06:00,116.938,6.6454
2026-02-15 07:00,116.936,6.5688
2026-02-15 08:00,116.933,6.4539
2026-02-15 09:00,116.934,6.4922
2026-02-15 10:00,116.933,6.4539
2026-02-15 11:00,116.936,6.5688
2026-02-15 12:00,116.937,6.6071
2026-02-15 13:00,116.935,6.5305
2026-02-15 14:00,116.936,6.5688
2026-02-15 15:00,116.941,6.7603
2026-02-15 16:00,116.941,6.7603
2026-02-15 17:00,116.932,6.4156
2026-02-15 18:00,116.932,6.4156
2026-02-15 19:00,116.93,6.339
2026-02-15 20:00,116.925,6.1475
2026-02-15 21:00,116.922,6.0326
2026-02-15 22:00,116.926,6.1858
2026-02-15 23:00,116.927,6.2241
2026-02-16 00:00,116.935,6.5305
2026-02-16 01:00,116.929,6.3007
2026-02-16 02:00,116.928,6.2624
2026-02-16 03:00,116.933,6.4539
2026-02-16 04:00,116.931,6.3773
2026-02-16 05:00,116.93,6.339
2026-02-16 06:00,116.929,6.3007
2026-02-16 07:00,116.93,6.339
2026-02-16 08:00,116.931,6.3773
2026-02-16 09:00,116.929,6.3007
2026-02-16 10:00,116.934,6.4922
2026-02-16 11:00,116.928,6.2624
2026-02-16 12:00,116.928,6.2624
2026-02-16 13:00,116.931,6.3773
2026-02-16 14:00,116.931,6.3773
2026-02-16 15:00,116.929,6.3007
2026-02-16 16:00,116.929,6.3007
2026-02-16 17:00,116.933,6.4539
2026-02-16 18:00,116.933,6.4539
2026-02-16 19:00,116.93,6.339
2026-02-16 20:00,116.93,6.339
2026-02-16 21:00,116.938,6.6454
2026-02-16 22:00,116.932,6.4156
2026-02-16 23:00,116.922,6.0326
2026-02-17 00:00,116.922,6.0326
2026-02-17 01:00,116.927,6.2241
2026-02-17 02:00,116.931,6.3773
2026-02-17 03:00,116.93,6.339
2026-02-17 04:00,116.932,6.4156
2026-02-17 05:00,116.934,6.4922
2026-02-17 06:00,116.934,6.4922
2026-02-17 07:00,116.934,6.4922
2026-02-17 08:00,116.93,6.339
2026-02-17 09:00,116.93,6.339
2026-02-17 10:00,116.928,6.2624
2026-02-17 11:00,116.933,6.4539
2026-02-17 12:00,116.929,6.3007
2026-02-17 13:00,116.929,6.3007
2026-02-17 14:00,116.929,6.3007
2026-02-17 15:00,116.93,6.339
2026-02-17 16:00,116.929,6.3007
2026-02-17 17:00,116.934,6.4922
2026-02-17 18:00,116.931,6.3773
2026-02-17 19:00,116.932,6.4156
2026-02-17 20:00,116.931,6.3773
2026-02-17 21:00,116.93,6.339
2026-02-17 22:00,116.933,6.4539
2026-02-17 23:00,116.935,6.5305
2026-02-18 00:00,116.942,6.7986
2026-02-18 01:00,116.964,7.6412
2026-02-18 02:00,116.991,8.6753
2026-02-18 03:00,116.996,8.8668
2026-02-18 04:00,116.998,8.9434
2026-02-18 05:00,117.003,9.2294
2026-02-18 06:00,117.025,10.765
2026-02-18 07:00,117.031,11.1838
2026-02-18 08:00,117.019,10.3462
2026-02-18 09:00,117.011,9.7878
2026-02-18 10:00,117.0,9.02
2026-02-18 11:00,116.995,8.8285
2026-02-18 12:00,116.989,8.5987
2026-02-18 13:00,116.988,8.5604
2026-02-18 14:00,116.982,8.3306
2026-02-18 15:00,116.978,8.1774
2026-02-18 16:00,116.972,7.9476
2026-02-18 17:00,116.964,7.6412
2026-02-18 18:00,116.966,7.7178
2026-02-18 19:00,116.961,7.5263
2026-02-18 20:00,116.955,7.2965
2026-02-18 21:00,116.952,7.1816
2026-02-18 22:00,116.952,7.1816
2026-02-18 23:00,116.951,7.1433
2026-02-19 00:00,116.947,6.9901
2026-02-19 01:00,116.95,7.105
2026-02-19 02:00,116.948,7.0284
2026-02-19 03:00,116.94,6.722
2026-02-19 04:00,116.945,6.9135
2026-02-19 05:00,116.946,6.9518
2026-02-19 06:00,116.942,6.7986
2026-02-19 07:00,116.947,6.9901
2026-02-19 08:00,116.946,6.9518
2026-02-19 09:00,116.944,6.8752
2026-02-19 10:00,116.944,6.8752
2026-02-19 11:00,116.945,6.9135
2026-02-19 12:00,116.946,6.9518
2026-02-19 13:00,116.943,6.8369
2026-02-19 14:00,116.944,6.8752
2026-02-19 15:00,116.949,7.0667
2026-02-19 16:00,116.943,6.8369
2026-02-19 17:00,116.938,6.6454
2026-02-19 18:00,116.938,6.6454
2026-02-19 19:00,116.937,6.6071
2026-02-19 20:00,116.934,6.4922
2026-02-19 21:00,116.932,6.4156
2026-02-19 22:00,116.931,6.3773
2026-02-19 23:00,116.932,6.4156
2026-02-20 00:00,116.934,6.4922
2026-02-20 01:00,116.933,6.4539
2026-02-20 02:00,116.935,6.5305
2026-02-20 03:00,116.933,6.4539
2026-02-20 04:00,116.926,6.1858
2026-02-20 05:00,116.932,6.4156
2026-02-20 06:00,116.933,6.4539
2026-02-20 07:00,116.929,6.3007
2026-02-20 08:00,116.931,6.3773
2026-02-20 09:00,116.93,6.339
2026-02-20 10:00,116.927,6.2241
2026-02-20 11:00,116.932,6.4156
2026-02-20 12:00,116.929,6.3007
2026-02-20 13:00,116.926,6.1858
2026-02-20 14:00,116.926,6.1858
2026-02-20 15:00,116.927,6.2241
2026-02-20 16:00,116.925,6.1475
2026-02-20 17:00,116.926,6.1858
2026-02-20 18:00,116.922,6.0326
2026-02-20 19:00,116.922,6.0326
2026-02-20 20:00,116.919,5.9177
2026-02-20 21:00,116.92,5.956
2026-02-20 22:00,116.916,5.8028
2026-02-20 23:00,116.916,5.8028
2026-02-21 00:00,116.916,5.8028
2026-02-21 01:00,116.913,5.6879
2026-02-21 02:00,116.911,5.6113
2026-02-21 03:00,116.914,5.7262
2026-02-21 04:00,116.919,5.9177
2026-02-21 05:00,116.918,5.8794
2026-02-21 06:00,116.915,5.7645
2026-02-21 07:00,116.917,5.8411
2026-02-21 08:00,116.914,5.7262
2026-02-21 09:00,116.916,5.8028
2026-02-21 10:00,116.914,5.7262
2026-02-21 11:00,116.91,5.573
2026-02-21 12:00,116.913,5.6879
2026-02-21 13:00,116.911,5.6113
2026-02-21 14:00,116.908,5.4964
2026-02-21 15:00,116.91,5.573
2026-02-21 16:00,116.909,5.5347
2026-02-21 17:00,116.897,5.0751
2026-02-21 18:00,116.905,5.3815
2026-02-21 19:00,116.906,5.4198
2026-02-21 20:00,116.904,5.3432
2026-02-21 21:00,116.905,5.3815
2026-02-21 22:00,116.905,5.3815
2026-02-21 23:00,116.903,5.3049
2026-02-22 00:00,116.904,5.3432
2026-02-22 01:00,116.904,5.3432
2026-02-22 02:00,116.905,5.3815
2026-02-22 03:00,116.905,5.3815
2026-02-22 04:00,116.908,5.4964
2026-02-22 05:00,116.904,5.3432
2026-02-22 06:00,116.904,5.3432
2026-02-22 07:00,116.908,5.4964
2026-02-22 08:00,116.902,5.2666
2026-02-22 09:00,116.905,5.3815
2026-02-22 10:00,116.903,5.3049
2026-02-22 11:00,116.903,5.3049
2026-02-22 12:00,116.905,5.3815
2026-02-22 13:00,116.899,5.1517
2026-02-22 14:00,116.905,5.3815
2026-02-22 15:00,116.897,5.0751
2026-02-22 16:00,116.898,5.1134
2026-02-22 17:00,116.898,5.1134
2026-02-22 18:00,116.893,4.9219
2026-02-22 19:00,116.895,4.9985
2026-02-22 20:00,116.895,4.9985
2026-02-22 21:00,116.891,4.8453
2026-02-22 22:00,116.893,4.9219
2026-02-22 23:00,116.893,4.9219
2026-02-23 00:00,116.893,4.9219
2026-02-23 01:00,116.892,4.8836
2026-02-23 02:00,116.893,4.9219
2026-02-23 03:00,116.892,4.8836
2026-02-23 04:00,116.893,4.9219
2026-02-23 05:00,116.896,5.0368
2026-02-23 06:00,116.899,5.1517
2026-02-23 07:00,116.898,5.1134
2026-02-23 08:00,116.898,5.1134
2026-02-23 09:00,116.897,5.0751
2026-02-23 10:00,116.899,5.1517
2026-02-23 11:00,116.898,5.1134
2026-02-23 12:00,116.894,4.9602
2026-02-23 13:00,116.895,4.9985
2026-02-23 14:00,116.897,5.0751
2026-02-23 15:00,116.896,5.0368
2026-02-23 16:00,116.898,5.1134
2026-02-23 17:00,116.895,4.9985
2026-02-23 18:00,116.892,4.8836
2026-02-23 19:00,116.894,4.9602
2026-02-23 20:00,116.893,4.9219
2026-02-23 21:00,116.892,4.8836
2026-02-23 22:00,116.892,4.8836
2026-02-23 23:00,116.888,4.7304
2026-02-24 00:00,116.89,4.807
2026-02-24 01:00,116.888,4.7304
2026-02-24 02:00,116.889,4.7687
2026-02-24 03:00,116.893,4.9219
2026-02-24 04:00,116.896,5.0368
2026-02-24 05:00,116.893,4.9219
2026-02-24 06:00,116.895,4.9985
2026-02-24 07:00,116.894,4.9602
2026-02-24 08:00,116.893,4.9219
2026-02-24 09:00,116.894,4.9602
2026-02-24 10:00,116.897,5.0751
2026-02-24 11:00,116.894,4.9602
2026-02-24 12:00,116.896,5.0368
2026-02-24 13:00,116.893,4.9219
2026-02-24 14:00,116.89,4.807
2026-02-24 15:00,116.892,4.8836
2026-02-24 16:00,116.889,4.7687
2026-02-24 17:00,116.892,4.8836
2026-02-24 18:00,116.889,4.7687
2026-02-24 19:00,116.891,4.8453
2026-02-24 20:00,116.89,4.807
2026-02-24 21:00,116.888,4.7304
2026-02-24 22:00,116.889,4.7687
2026-02-24 23:00,116.889,4.7687
2026-02-25 00:00,116.894,4.9602
2026-02-25 01:00,116.894,4.9602
2026-02-25 02:00,116.896,5.0368
2026-02-25 03:00,116.893,4.9219
2026-02-25 04:00,116.896,5.0368
2026-02-25 05:00,116.902,5.2666
2026-02-25 06:00,116.919,5.9177
2026-02-25 07:00,116.944,6.8752
2026-02-25 08:00,116.935,6.5305
2026-02-25 09:00,116.935,6.5305
2026-02-25 10:00,116.925,6.1475
2026-02-25 11:00,116.92,5.956
2026-02-25 12:00,116.919,5.9177
2026-02-25 13:00,116.914,5.7262
2026-02-25 14:00,116.915,5.7645
2026-02-25 15:00,116.912,5.6496
2026-02-25 16:00,116.909,5.5347
2026-02-25 17:00,116.905,5.3815
2026-02-25 18:00,116.903,5.3049
2026-02-25 19:00,116.901,5.2283
2026-02-25 20:00,116.899,5.1517
2026-02-25 21:00,116.901,5.2283
2026-02-25 22:00,116.904,5.3432
2026-02-25 23:00,116.897,5.0751
2026-02-26 00:00,116.895,4.9985
2026-02-26 01:00,116.894,4.9602
2026-02-26 02:00,116.894,4.9602
2026-02-26 03:00,116.892,4.8836
2026-02-26 04:00,116.894,4.9602
2026-02-26 05:00,116.892,4.8836
2026-02-26 06:00,116.897,5.0751
2026-02-26 07:00,116.891,4.8453
2026-02-26 08:00,116.896,5.0368
2026-02-26 09:00,116.895,4.9985
2026-02-26 10:00,116.894,4.9602
2026-02-26 11:00,116.893,4.9219
2026-02-26 12:00,116.895,4.9985
2026-02-26 13:00,116.893,4.9219
2026-02-26 14:00,116.891,4.8453
2026-02-26 15:00,116.89,4.807
2026-02-26 16:00,116.89,4.807
2026-02-26 17:00,116.887,4.6921
2026-02-26 18:00,116.888,4.7304
2026-02-26 19:00,116.885,4.6155
2026-02-26 20:00,116.887,4.6921
2026-02-26 21:00,116.888,4.7304
2026-02-26 22:00,116.886,4.6538
2026-02-26 23:00,116.886,4.6538
2026-02-27 00:00,116.883,4.5389
2026-02-27 01:00,116.885,4.6155
2026-02-27 02:00,116.887,4.6921
2026-02-27 03:00,116.888,4.7304
2026-02-27 04:00,116.885,4.6155
2026-02-27 05:00,116.887,4.6921
2026-02-27 06:00,116.889,4.7687
2026-02-27 07:00,116.889,4.7687
2026-02-27 08:00,116.887,4.6921
2026-02-27 09:00,116.904,5.3432
2026-02-27 10:00,116.911,5.6113
2026-02-27 11:00,116.904,5.3432
2026-02-27 12:00,116.905,5.3815
2026-02-27 13:00,116.908,5.4964
2026-02-27 14:00,116.906,5.4198
2026-02-27 15:00,116.903,5.3049
2026-02-27 16:00,116.904,5.3432
2026-02-27 17:00,116.908,5.4964
2026-02-27 18:00,116.913,5.6879
2026-02-27 19:00,116.904,5.3432
2026-02-27 20:00,116.901,5.2283
2026-02-27 21:00,116.904,5.3432
2026-02-27 22:00,116.903,5.3049
2026-02-27 23:00,116.904,5.3432
2026-02-28 00:00,116.903,5.3049
2026-02-28 01:00,116.907,5.4581
2026-02-28 02:00,116.909,5.5347
2026-02-28 03:00,116.912,5.6496
2026-02-28 04:00,116.912,5.6496
2026-02-28 05:00,116.911,5.6113
2026-02-28 06:00,116.904,5.3432
2026-02-28 07:00,116.906,5.4198
2026-02-28 08:00,116.904,5.3432
2026-02-28 09:00,116.901,5.2283
2026-02-28 10:00,116.903,5.3049
2026-02-28 11:00,116.898,5.1134
2026-02-28 12:00,116.89,4.807
2026-02-28 13:00,116.897,5.0751
2026-02-28 14:00,116.895,4.9985
2026-02-28 15:00,116.89,4.807
2026-02-28 16:00,116.885,4.6155
2026-02-28 17:00,116.884,4.5772
2026-02-28 18:00,116.89,4.807
2026-02-28 19:00,116.89,4.807
2026-02-28 20:00,116.888,4.7304
2026-02-28 21:00,116.888,4.7304
2026-02-28 22:00,116.886,4.6538
2026-02-28 23:00,116.885,4.6155
2026-03-01 00:00,116.886,4.6538
2026-03-01 01:00,116.885,4.6155
2026-03-01 02:00,116.889,4.7687
2026-03-01 03:00,116.89,4.807
2026-03-01 04:00,116.893,4.9219
2026-03-01 05:00,116.893,4.9219
2026-03-01 06:00,116.889,4.7687
2026-03-01 07:00,116.896,5.0368
2026-03-01 08:00,116.895,4.9985
2026-03-01 09:00,116.896,5.0368
2026-03-01 10:00,116.895,4.9985
2026-03-01 11:00,116.892,4.8836
2026-03-01 12:00,116.891,4.8453
2026-03-01 13:00,116.881,4.4623
2026-03-01 14:00,116.897,5.0751
2026-03-01 15:00,116.912,5.6496
2026-03-01 16:00,116.912,5.6496
2026-03-01 17:00,116.908,5.4964
2026-03-01 18:00,116.907,5.4581
2026-03-01 19:00,116.9,5.19
2026-03-01 20:00,116.899,5.1517
2026-03-01 21:00,116.895,4.9985
2026-03-01 22:00,116.897,5.0751
2026-03-01 23:00,116.894,4.9602
2026-03-02 00:00,116.891,4.8453
2026-03-02 01:00,116.892,4.8836
2026-03-02 02:00,116.893,4.9219
2026-03-02 03:00,116.895,4.9985
2026-03-02 04:00,116.897,5.0751
2026-03-02 05:00,116.899,5.1517
2026-03-02 06:00,116.899,5.1517
2026-03-02 07:00,116.901,5.2283
2026-03-02 08:00,116.905,5.3815
2026-03-02 09:00,116.903,5.3049
2026-03-02 10:00,116.901,5.2283
2026-03-02 11:00,116.898,5.1134
2026-03-02 12:00,116.896,5.0368
2026-03-02 13:00,116.898,5.1134
2026-03-02 14:00,116.91,5.573
2026-03-02 15:00,116.92,5.956
2026-03-02 16:00,116.923,6.0709
2026-03-02 17:00,116.915,5.7645
2026-03-02 18:00,116.912,5.6496
2026-03-02 19:00,116.909,5.5347
2026-03-02 20:00,116.906,5.4198
2026-03-02 21:00,116.906,5.4198
2026-03-02 22:00,116.904,5.3432
2026-03-02 23:00,116.903,5.3049
2026-03-03 00:00,116.903,5.3049
2026-03-03 01:00,116.902,5.2666
2026-03-03 02:00,116.901,5.2283
2026-03-03 03:00,116.904,5.3432
2026-03-03 04:00,116.906,5.4198
2026-03-03 05:00,116.905,5.3815
2026-03-03 06:00,116.902,5.2666
2026-03-03 07:00,116.908,5.4964
2026-03-03 08:00,116.911,5.6113
2026-03-03 09:00,116.933,6.4539
2026-03-03 10:00,116.998,8.9434
2026-03-03 11:00,117.017,10.2066
2026-03-03 12:00,117.005,9.369
2026-03-03 13:00,116.993,8.7519
2026-03-03 14:00,116.982,8.3306
2026-03-03 15:00,116.971,7.9093
2026-03-03 16:00,116.963,7.6029
2026-03-03 17:00,116.955,7.2965
2026-03-03 18:00,116.945,6.9135
2026-03-03 19:00,116.94,6.722
2026-03-03 20:00,116.937,6.6071
2026-03-03 21:00,116.932,6.4156
2026-03-03 22:00,116.93,6.339
2026-03-03 23:00,116.924,6.1092
2026-03-04 00:00,116.923,6.0709
2026-03-04 01:00,116.918,5.8794
2026-03-04 02:00,116.916,5.8028
2026-03-04 03:00,116.917,5.8411
2026-03-04 04:00,116.91,5.573
2026-03-04 05:00,116.912,5.6496
2026-03-04 06:00,116.922,6.0326
2026-03-04 07:00,116.925,6.1475
2026-03-04 08:00,116.921,5.9943
2026-03-04 09:00,116.917,5.8411
2026-03-04 10:00,116.917,5.8411
2026-03-04 11:00,116.922,6.0326
2026-03-04 12:00,116.93,6.339
2026-03-04 13:00,116.931,6.3773
2026-03-04 14:00,116.922,6.0326
2026-03-04 15:00,116.917,5.8411
2026-03-04 16:00,116.916,5.8028
2026-03-04 17:00,116.913,5.6879
2026-03-04 18:00,116.91,5.573
2026-03-04 19:00,116.908,5.4964
2026-03-04 20:00,116.908,5.4964
2026-03-04 21:00,116.905,5.3815
2026-03-04 22:00,116.901,5.2283
2026-03-04 23:00,116.903,5.3049
2026-03-05 00:00,116.902,5.2666
2026-03-05 01:00,116.899,5.1517
2026-03-05 02:00,116.901,5.2283
2026-03-05 03:00,116.901,5.2283
2026-03-05 04:00,116.901,5.2283
2026-03-05 05:00,116.9,5.19
2026-03-05 06:00,116.903,5.3049
2026-03-05 07:00,116.9,5.19
2026-03-05 08:00,116.9,5.19
2026-03-05 09:00,116.898,5.1134
2026-03-05 10:00,116.9,5.19
2026-03-05 11:00,116.899,5.1517
2026-03-05 12:00,116.897,5.0751
2026-03-05 13:00,116.895,4.9985
2026-03-05 14:00,116.904,5.3432
2026-03-05 15:00,116.907,5.4581
2026-03-05 16:00,116.896,5.0368
2026-03-05 17:00,116.888,4.7304
2026-03-05 18:00,116.881,4.4623
2026-03-05 19:00,116.885,4.6155
2026-03-05 20:00,116.885,4.6155
2026-03-05 21:00,116.915,5.7645
2026-03-05 22:00,117.118,17.2564
2026-03-05 23:00,117.281,31.09215
2026-03-06 00:00,117.398,42.8097
2026-03-06 01:00,117.392,42.2088
2026-03-06 02:00,117.354,38.4031
2026-03-06 03:00,117.324,35.3986
2026-03-06 04:00,117.353,38.30295
2026-03-06 05:00,117.334,36.4001
2026-03-06 06:00,117.296,32.5944
2026-03-06 07:00,117.249,27.88735
2026-03-06 08:00,117.235,26.48525
2026-03-06 09:00,117.23,25.9845
2026-03-06 10:00,117.206,23.5809
2026-03-06 11:00,117.172,21.0256
2026-03-06 12:00,117.151,19.5598
2026-03-06 13:00,117.14,18.792
2026-03-06 14:00,117.111,16.7678
2026-03-06 15:00,117.102,16.1396
2026-03-06 16:00,117.077,14.3946
2026-03-06 17:00,117.068,13.7664
2026-03-06 18:00,117.058,13.0684
2026-03-06 19:00,117.058,13.0684
2026-03-06 20:00,117.065,13.557
2026-03-06 21:00,117.056,12.9288
2026-03-06 22:00,117.058,13.0684
2026-03-06 23:00,117.04,11.812
2026-03-07 00:00,117.027,10.9046
2026-03-07 01:00,117.017,10.2066
2026-03-07 02:00,117.01,9.718
2026-03-07 03:00,117.002,9.1596
2026-03-07 04:00,116.992,8.7136
2026-03-07 05:00,116.985,8.4455
2026-03-07 06:00,116.984,8.4072
2026-03-07 07:00,116.981,8.2923
2026-03-07 08:00,116.986,8.4838
2026-03-07 09:00,116.987,8.5221
2026-03-07 10:00,116.986,8.4838
2026-03-07 11:00,116.979,8.2157
2026-03-07 12:00,116.975,8.0625
2026-03-07 13:00,116.975,8.0625
2026-03-07 14:00,116.97,7.871
2026-03-07 15:00,116.962,7.5646
2026-03-07 16:00,116.957,7.3731
2026-03-07 17:00,116.949,7.0667
2026-03-07 18:00,116.947,6.9901
2026-03-07 19:00,116.946,6.9518
2026-03-07 20:00,116.945,6.9135
2026-03-07 21:00,116.942,6.7986
2026-03-07 22:00,116.936,6.5688
2026-03-07 23:00,116.935,6.5305
2026-03-08 00:00,116.936,6.5688
2026-03-08 01:00,116.931,6.3773
2026-03-08 02:00,116.934,6.4922
2026-03-08 03:00,116.933,6.4539
2026-03-08 04:00,116.928,6.2624
2026-03-08 05:00,116.927,6.2241
2026-03-08 06:00,116.929,6.3007
2026-03-08 07:00,116.924,6.1092
2026-03-08 08:00,116.926,6.1858
2026-03-08 09:00,116.926,6.1858
2026-03-08 10:00,116.926,6.1858
2026-03-08 11:00,116.921,5.9943
2026-03-08 12:00,116.922,6.0326
2026-03-08 13:00,116.924,6.1092
2026-03-08 14:00,116.921,5.9943
2026-03-08 15:00,116.915,5.7645
2026-03-08 16:00,116.921,5.9943
2026-03-08 17:00,116.92,5.956
2026-03-08 18:00,116.914,5.7262
2026-03-08 19:00,116.914,5.7262
2026-03-08 20:00,116.914,5.7262
2026-03-08 21:00,116.91,5.573
2026-03-08 22:00,116.905,5.3815
2026-03-08 23:00,116.904,5.3432
2026-03-09 00:00,116.905,5.3815
2026-03-09 01:00,116.903,5.3049
2026-03-09 02:00,116.903,5.3049
2026-03-09 03:00,116.901,5.2283
2026-03-09 04:00,116.901,5.2283
2026-03-09 05:00,116.902,5.2666
2026-03-09 06:00,116.902,5.2666
2026-03-09 07:00,116.901,5.2283
2026-03-09 08:00,116.899,5.1517
2026-03-09 09:00,116.902,5.2666
2026-03-09 10:00,116.896,5.0368
2026-03-09 11:00,116.9,5.19
2026-03-09 12:00,116.895,4.9985
2026-03-09 13:00,116.896,5.0368
2026-03-09 14:00,116.896,5.0368
2026-03-09 15:00,116.898,5.1134
2026-03-09 16:00,116.898,5.1134
2026-03-09 17:00,116.892,4.8836
2026-03-09 18:00,116.896,5.0368
2026-03-09 19:00,116.892,4.8836
2026-03-09 20:00,116.889,4.7687
2026-03-09 21:00,116.889,4.7687
2026-03-09 22:00,116.889,4.7687
2026-03-09 23:00,116.888,4.7304
2026-03-10 00:00,116.89,4.807
2026-03-10 01:00,116.89,4.807
2026-03-10 02:00,116.889,4.7687
2026-03-10 03:00,116.891,4.8453
2026-03-10 04:00,116.888,4.7304
2026-03-10 05:00,116.889,4.7687
2026-03-10 06:00,116.888,4.7304
2026-03-10 07:00,116.891,4.8453
2026-03-10 08:00,116.891,4.8453
2026-03-10 09:00,116.886,4.6538
2026-03-10 10:00,116.888,4.7304
2026-03-10 11:00,116.889,4.7687
2026-03-10 12:00,116.887,4.6921
2026-03-10 13:00,116.887,4.6921
2026-03-10 14:00,116.889,4.7687
2026-03-10 15:00,116.889,4.7687
2026-03-10 16:00,116.882,4.5006
2026-03-10 17:00,116.881,4.4623
2026-03-10 18:00,116.879,4.3857
2026-03-10 19:00,116.874,4.1942
2026-03-10 20:00,116.876,4.2708
2026-03-10 21:00,116.873,4.1559
2026-03-10 22:00,116.873,4.1559
2026-03-10 23:00,116.871,4.0793
2026-03-11 00:00,116.869,4.0027
2026-03-11 01:00,116.872,4.1176
2026-03-11 02:00,116.875,4.2325
2026-03-11 03:00,116.871,4.0793
2026-03-11 04:00,116.873,4.1559
2026-03-11 05:00,116.873,4.1559
2026-03-11 06:00,116.873,4.1559
2026-03-11 07:00,116.877,4.3091
2026-03-11 08:00,116.873,4.1559
2026-03-11 09:00,116.874,4.1942
2026-03-11 10:00,116.873,4.1559
2026-03-11 11:00,116.875,4.2325
2026-03-11 12:00,116.875,4.2325
2026-03-11 13:00,116.875,4.2325
2026-03-11 14:00,116.873,4.1559
2026-03-11 15:00,116.873,4.1559
2026-03-11 16:00,116.871,4.0793
2026-03-11 17:00,116.87,4.041
2026-03-11 18:00,116.868,3.9644
2026-03-11 19:00,116.867,3.9261
2026-03-11 20:00,116.868,3.9644
2026-03-11 21:00,116.87,4.041
2026-03-11 22:00,116.87,4.041
2026-03-11 23:00,116.869,4.0027
2026-03-12 00:00,116.87,4.041
2026-03-12 01:00,116.874,4.1942
2026-03-12 02:00,116.878,4.3474
2026-03-12 03:00,116.882,4.5006
2026-03-12 04:00,116.882,4.5006
2026-03-12 05:00,116.882,4.5006
2026-03-12 06:00,116.879,4.3857
2026-03-12 07:00,116.878,4.3474
2026-03-12 08:00,116.88,4.424
2026-03-12 09:00,116.878,4.3474
2026-03-12 10:00,116.879,4.3857
2026-03-12 11:00,116.879,4.3857
2026-03-12 12:00,116.88,4.424
2026-03-12 13:00,116.881,4.4623
2026-03-12 14:00,116.879,4.3857
2026-03-12 15:00,116.879,4.3857
2026-03-12 16:00,116.877,4.3091
2026-03-12 17:00,116.876,4.2708
2026-03-12 18:00,116.878,4.3474
2026-03-12 19:00,116.876,4.2708
2026-03-12 20:00,116.877,4.3091
2026-03-12 21:00,116.874,4.1942
2026-03-12 22:00,116.875,4.2325
2026-03-12 23:00,116.871,4.0793
2026-03-13 00:00,116.871,4.0793
2026-03-13 01:00,116.866,3.8878
2026-03-13 02:00,116.87,4.041
2026-03-13 03:00,116.873,4.1559
2026-03-13 04:00,116.874,4.1942
2026-03-13 05:00,116.873,4.1559
2026-03-13 06:00,116.874,4.1942
2026-03-13 07:00,116.872,4.1176
2026-03-13 08:00,116.873,4.1559
2026-03-13 09:00,116.873,4.1559
2026-03-13 10:00,116.87,4.041
2026-03-13 11:00,116.871,4.0793
2026-03-13 12:00,116.87,4.041
2026-03-13 13:00,116.87,4.041
2026-03-13 14:00,116.868,3.9644
2026-03-13 15:00,116.869,4.0027
2026-03-13 16:00,116.867,3.9261
2026-03-13 17:00,116.867,3.9261
2026-03-13 18:00,116.867,3.9261
2026-03-13 19:00,116.866,3.8878
2026-03-13 20:00,116.863,3.7729
2026-03-13 21:00,116.865,3.8495
2026-03-13 22:00,116.864,3.8112
2026-03-13 23:00,116.861,3.6963
2026-03-14 00:00,116.863,3.7729
2026-03-14 01:00,116.862,3.7346
2026-03-14 02:00,116.866,3.8878
2026-03-14 03:00,116.864,3.8112
2026-03-14 04:00,116.868,3.9644
2026-03-14 05:00,116.863,3.7729
2026-03-14 06:00,116.863,3.7729
2026-03-14 07:00,116.866,3.8878
2026-03-14 08:00,116.866,3.8878
2026-03-14 09:00,116.868,3.9644
2026-03-14 10:00,116.867,3.9261
2026-03-14 11:00,116.867,3.9261
2026-03-14 12:00,116.864,3.8112
2026-03-14 13:00,116.862,3.7346
2026-03-14 14:00,116.859,3.6197
2026-03-14 15:00,116.861,3.6963
2026-03-14 16:00,116.859,3.6197
2026-03-14 17:00,116.862,3.7346
2026-03-14 18:00,116.861,3.6963
2026-03-14 19:00,116.862,3.7346
2026-03-14 20:00,116.862,3.7346
2026-03-14 21:00,116.856,3.5048
2026-03-14 22:00,116.86,3.658
2026-03-14 23:00,116.858,3.5814
2026-03-15 00:00,116.858,3.5814
2026-03-15 01:00,116.863,3.7729
2026-03-15 02:00,116.859,3.6197
2026-03-15 03:00,116.861,3.6963
2026-03-15 04:00,116.86,3.658
2026-03-15 05:00,116.859,3.6197
2026-03-15 06:00,116.863,3.7729
2026-03-15 07:00,116.86,3.658
2026-03-15 08:00,116.861,3.6963
2026-03-15 09:00,116.86,3.658
2026-03-15 10:00,116.86,3.658
2026-03-15 11:00,116.86,3.658
2026-03-15 12:00,116.863,3.7729
2026-03-15 13:00,116.863,3.7729
2026-03-15 14:00,116.859,3.6197
2026-03-15 15:00,116.858,3.5814
2026-03-15 16:00,116.859,3.6197
2026-03-15 17:00,116.859,3.6197
2026-03-15 18:00,116.854,3.4282
2026-03-15 19:00,116.855,3.4665
2026-03-15 20:00,116.857,3.5431
2026-03-15 21:00,116.856,3.5048
2026-03-15 22:00,116.855,3.4665
2026-03-15 23:00,116.851,3.3133
2026-03-16 00:00,116.849,3.2367
2026-03-16 01:00,116.853,3.3899
2026-03-16 02:00,116.849,3.2367
2026-03-16 03:00,116.852,3.3516
2026-03-16 04:00,116.853,3.3899
2026-03-16 05:00,116.857,3.5431
2026-03-16 06:00,116.857,3.5431
2026-03-16 07:00,116.856,3.5048
2026-03-16 08:00,116.856,3.5048
2026-03-16 09:00,116.858,3.5814
2026-03-16 10:00,116.858,3.5814
2026-03-16 11:00,116.859,3.6197
2026-03-16 12:00,116.856,3.5048
2026-03-16 13:00,116.855,3.4665
2026-03-16 14:00,116.852,3.3516
2026-03-16 15:00,116.852,3.3516
2026-03-16 16:00,116.851,3.3133
2026-03-16 17:00,116.849,3.2367
2026-03-16 18:00,116.847,3.1601
2026-03-16 19:00,116.849,3.2367
2026-03-16 20:00,116.849,3.2367
2026-03-16 21:00,116.852,3.3516
2026-03-16 22:00,116.849,3.2367
2026-03-16 23:00,116.849,3.2367
2026-03-17 00:00,116.846,3.1218
2026-03-17 01:00,116.848,3.1984
2026-03-17 02:00,116.848,3.1984
2026-03-17 03:00,116.848,3.1984
2026-03-17 04:00,116.848,3.1984
2026-03-17 05:00,116.854,3.4282
2026-03-17 06:00,116.854,3.4282
2026-03-17 07:00,116.853,3.3899
2026-03-17 08:00,116.852,3.3516
2026-03-17 09:00,116.855,3.4665
2026-03-17 10:00,116.855,3.4665
2026-03-17 11:00,116.852,3.3516
2026-03-17 12:00,116.851,3.3133
2026-03-17 13:00,116.852,3.3516
2026-03-17 14:00,116.851,3.3133
2026-03-17 15:00,116.85,3.275
2026-03-17 16:00,116.849,3.2367
2026-03-17 17:00,116.848,3.1984
2026-03-17 18:00,116.846,3.1218
2026-03-17 19:00,116.846,3.1218
2026-03-17 20:00,116.846,3.1218
2026-03-17 21:00,116.846,3.1218
2026-03-17 22:00,116.846,3.1218
2026-03-17 23:00,116.844,3.0452
2026-03-18 00:00,116.843,3.0069
2026-03-18 01:00,116.843,3.0069
2026-03-18 02:00,116.844,3.0452
2026-03-18 03:00,116.848,3.1984
2026-03-18 04:00,116.845,3.0835
2026-03-18 05:00,116.849,3.2367
2026-03-18 06:00,116.852,3.3516
2026-03-18 07:00,116.85,3.275
2026-03-18 08:00,116.848,3.1984
2026-03-18 09:00,116.851,3.3133
2026-03-18 10:00,116.849,3.2367
2026-03-18 11:00,116.849,3.2367
2026-03-18 12:00,116.852,3.3516
2026-03-18 13:00,116.847,3.1601
2026-03-18 14:00,116.849,3.2367
2026-03-18 15:00,116.85,3.275
2026-03-18 16:00,116.846,3.1218
2026-03-18 17:00,116.845,3.0835
2026-03-18 18:00,116.84,2.892
2026-03-18 19:00,116.842,2.9686
2026-03-18 20:00,116.842,2.9686
2026-03-18 21:00,116.844,3.0452
2026-03-18 22:00,116.845,3.0835
2026-03-18 23:00,116.843,3.0069
2026-03-19 00:00,116.844,3.0452
2026-03-19 01:00,116.839,2.8537
2026-03-19 02:00,116.844,3.0452
2026-03-19 03:00,116.842,2.9686
2026-03-19 04:00,116.843,3.0069
2026-03-19 05:00,116.841,2.9303
2026-03-19 06:00,116.843,3.0069
2026-03-19 07:00,116.843,3.0069
2026-03-19 08:00,116.846,3.1218
2026-03-19 09:00,116.845,3.0835
2026-03-19 10:00,116.849,3.2367
2026-03-19 11:00,116.846,3.1218
2026-03-19 12:00,116.845,3.0835
2026-03-19 13:00,116.848,3.1984
2026-03-19 14:00,116.845,3.0835
2026-03-19 15:00,116.843,3.0069
2026-03-19 16:00,116.842,2.9686
2026-03-19 17:00,116.838,2.8154
2026-03-19 18:00,116.844,3.0452
2026-03-19 19:00,116.842,2.9686
2026-03-19 20:00,116.841,2.9303
2026-03-19 21:00,116.841,2.9303
2026-03-19 22:00,116.839,2.8537
2026-03-19 23:00,116.837,2.7771
2026-03-20 00:00,116.836,2.7388
2026-03-20 01:00,116.838,2.8154
2026-03-20 02:00,116.838,2.8154
2026-03-20 03:00,116.839,2.8537
2026-03-20 04:00,116.839,2.8537
2026-03-20 05:00,116.84,2.892
2026-03-20 06:00,116.842,2.9686
2026-03-20 07:00,116.843,3.0069
2026-03-20 08:00,116.844,3.0452
2026-03-20 09:00,116.844,3.0452
2026-03-20 10:00,116.843,3.0069
2026-03-20 11:00,116.845,3.0835
2026-03-20 12:00,116.842,2.9686
2026-03-20 13:00,116.842,2.9686
2026-03-20 14:00,116.842,2.9686
2026-03-20 15:00,116.843,3.0069
2026-03-20 16:00,116.843,3.0069
2026-03-20 17:00,116.844,3.0452
2026-03-20 18:00,116.843,3.0069
2026-03-20 19:00,116.844,3.0452
2026-03-20 20:00,116.844,3.0452
2026-03-20 21:00,116.84,2.892
2026-03-20 22:00,116.845,3.0835
2026-03-20 23:00,116.847,3.1601
2026-03-21 00:00,116.852,3.3516
2026-03-21 01:00,116.861,3.6963
2026-03-21 02:00,116.867,3.9261
2026-03-21 03:00,116.871,4.0793
2026-03-21 04:00,116.874,4.1942
2026-03-21 05:00,116.875,4.2325
2026-03-21 06:00,116.866,3.8878
2026-03-21 07:00,116.868,3.9644
2026-03-21 08:00,116.863,3.7729
2026-03-21 09:00,116.863,3.7729
2026-03-21 10:00,116.861,3.6963
2026-03-21 11:00,116.862,3.7346
2026-03-21 12:00,116.879,4.3857
2026-03-21 13:00,116.932,6.4156
2026-03-21 14:00,116.942,6.7986
2026-03-21 15:00,116.936,6.5688
2026-03-21 16:00,116.924,6.1092
2026-03-21 17:00,116.916,5.8028
2026-03-21 18:00,116.909,5.5347
2026-03-21 19:00,116.9,5.19
2026-03-21 20:00,116.892,4.8836
2026-03-21 21:00,116.89,4.807
2026-03-21 22:00,116.883,4.5389
2026-03-21 23:00,116.88,4.424
2026-03-22 00:00,116.871,4.0793
2026-03-22 01:00,116.869,4.0027
2026-03-22 02:00,116.871,4.0793
2026-03-22 03:00,116.866,3.8878
2026-03-22 04:00,116.864,3.8112
2026-03-22 05:00,116.862,3.7346
2026-03-22 06:00,116.864,3.8112
2026-03-22 07:00,116.861,3.6963
2026-03-22 08:00,116.862,3.7346
2026-03-22 09:00,116.866,3.8878
2026-03-22 10:00,116.863,3.7729
2026-03-22 11:00,116.862,3.7346
2026-03-22 12:00,116.86,3.658
2026-03-22 13:00,116.856,3.5048
2026-03-22 14:00,116.856,3.5048
2026-03-22 15:00,116.853,3.3899
2026-03-22 16:00,116.852,3.3516
2026-03-22 17:00,116.851,3.3133
2026-03-22 18:00,116.851,3.3133
2026-03-22 19:00,116.851,3.3133
2026-03-22 20:00,116.845,3.0835
2026-03-22 21:00,116.85,3.275
2026-03-22 22:00,116.849,3.2367
2026-03-22 23:00,116.845,3.0835
2026-03-23 00:00,116.845,3.0835
2026-03-23 01:00,116.843,3.0069
2026-03-23 02:00,116.844,3.0452
2026-03-23 03:00,116.846,3.1218
2026-03-23 04:00,116.846,3.1218
2026-03-23 05:00,116.846,3.1218
2026-03-23 06:00,116.848,3.1984
2026-03-23 07:00,116.85,3.275
2026-03-23 08:00,116.851,3.3133
2026-03-23 09:00,116.847,3.1601
2026-03-23 10:00,116.848,3.1984
2026-03-23 11:00,116.845,3.0835
2026-03-23 12:00,116.851,3.3133
2026-03-23 13:00,116.846,3.1218
2026-03-23 14:00,116.846,3.1218
2026-03-23 15:00,116.845,3.0835
2026-03-23 16:00,116.844,3.0452
2026-03-23 17:00,116.841,2.9303
2026-03-23 18:00,116.84,2.892
2026-03-23 19:00,116.84,2.892
2026-03-23 20:00,116.837,2.7771
2026-03-23 21:00,116.839,2.8537
2026-03-23 22:00,116.837,2.7771
2026-03-23 23:00,116.834,2.6622
2026-03-24 00:00,116.834,2.6622
2026-03-24 01:00,116.835,2.7005
2026-03-24 02:00,116.837,2.7771
2026-03-24 03:00,116.838,2.8154
2026-03-24 04:00,116.836,2.7388
2026-03-24 05:00,116.838,2.8154
2026-03-24 06:00,116.839,2.8537
2026-03-24 07:00,116.841,2.9303
2026-03-24 08:00,116.843,3.0069
2026-03-24 09:00,116.838,2.8154
2026-03-24 10:00,116.843,3.0069
2026-03-24 11:00,116.841,2.9303
2026-03-24 12:00,116.84,2.892
2026-03-24 13:00,116.841,2.9303
2026-03-24 14:00,116.832,2.5856
2026-03-24 15:00,116.837,2.7771
2026-03-24 16:00,116.833,2.6239
2026-03-24 17:00,116.838,2.8154
2026-03-24 18:00,116.837,2.7771
2026-03-24 19:00,116.831,2.5473
2026-03-24 20:00,116.832,2.5856
2026-03-24 21:00,116.831,2.5473
2026-03-24 22:00,116.83,2.509
2026-03-24 23:00,116.827,2.3941
2026-03-25 00:00,116.829,2.4707
2026-03-25 01:00,116.828,2.4324
2026-03-25 02:00,116.827,2.3941
2026-03-25 03:00,116.829,2.4707
2026-03-25 04:00,116.834,2.6622
2026-03-25 05:00,116.834,2.6622
2026-03-25 06:00,116.836,2.7388
2026-03-25 07:00,116.835,2.7005
2026-03-25 08:00,116.836,2.7388
2026-03-25 09:00,116.836,2.7388
2026-03-25 10:00,116.836,2.7388
2026-03-25 11:00,116.834,2.6622
2026-03-25 12:00,116.834,2.6622
2026-03-25 13:00,116.836,2.7388
2026-03-25 14:00,116.835,2.7005
2026-03-25 15:00,116.828,2.4324
2026-03-25 16:00,116.833,2.6239
2026-03-25 17:00,116.829,2.4707
2026-03-25 18:00,116.83,2.509
2026-03-25 19:00,116.827,2.3941
2026-03-25 20:00,116.826,2.3558
2026-03-25 21:00,116.826,2.3558
2026-03-25 22:00,116.829,2.4707
2026-03-25 23:00,116.825,2.3175
2026-03-26 00:00,116.826,2.3558
2026-03-26 01:00,116.825,2.3175
2026-03-26 02:00,116.824,2.2792
2026-03-26 03:00,116.827,2.3941
2026-03-26 04:00,116.825,2.3175
2026-03-26 05:00,116.825,2.3175
2026-03-26 06:00,116.828,2.4324
2026-03-26 07:00,116.827,2.3941
2026-03-26 08:00,116.829,2.4707
2026-03-26 09:00,116.834,2.6622
2026-03-26 10:00,116.832,2.5856
2026-03-26 11:00,116.832,2.5856
2026-03-26 12:00,116.833,2.6239
2026-03-26 13:00,116.837,2.7771
2026-03-26 14:00,116.832,2.5856
2026-03-26 15:00,116.828,2.4324
2026-03-26 16:00,116.833,2.6239
2026-03-26 17:00,116.828,2.4324
2026-03-26 18:00,116.825,2.3175
2026-03-26 19:00,116.825,2.3175
2026-03-26 20:00,116.827,2.3941
2026-03-26 21:00,116.827,2.3941
2026-03-26 22:00,116.824,2.2792
2026-03-26 23:00,116.824,2.2792
2026-03-27 00:00,116.824,2.2792
2026-03-27 01:00,116.822,2.2026
2026-03-27 02:00,116.825,2.3175
2026-03-27 03:00,116.824,2.2792
2026-03-27 04:00,116.824,2.2792
2026-03-27 05:00,116.83,2.509
2026-03-27 06:00,116.83,2.509
2026-03-27 07:00,116.828,2.4324
2026-03-27 08:00,116.831,2.5473
2026-03-27 09:00,116.832,2.5856
2026-03-27 10:00,116.829,2.4707
2026-03-27 11:00,116.834,2.6622
2026-03-27 12:00,116.831,2.5473
2026-03-27 13:00,116.83,2.509
2026-03-27 14:00,116.83,2.509
2026-03-27 15:00,116.827,2.3941
2026-03-27 16:00,116.821,2.1643
2026-03-27 17:00,116.823,2.2409
2026-03-27 18:00,116.82,2.126
2026-03-27 19:00,116.825,2.3175
2026-03-27 20:00,116.826,2.3558
2026-03-27 21:00,116.824,2.2792
2026-03-27 22:00,116.822,2.2026
2026-03-27 23:00,116.822,2.2026
2026-03-28 00:00,116.823,2.2409
2026-03-28 01:00,116.82,2.126
2026-03-28 02:00,116.818,2.0494
2026-03-28 03:00,116.821,2.1643
2026-03-28 04:00,116.82,2.126
2026-03-28 05:00,116.818,2.0494
2026-03-28 06:00,116.82,2.126
2026-03-28 07:00,116.823,2.2409
2026-03-28 08:00,116.823,2.2409
2026-03-28 09:00,116.826,2.3558
2026-03-28 10:00,116.826,2.3558
2026-03-28 11:00,116.827,2.3941
2026-03-28 12:00,116.828,2.4324
2026-03-28 13:00,116.828,2.4324
2026-03-28 14:00,116.825,2.3175
2026-03-28 15:00,116.823,2.2409
2026-03-28 16:00,116.827,2.3941
2026-03-28 17:00,116.823,2.2409
2026-03-28 18:00,116.821,2.1643
2026-03-28 19:00,116.824,2.2792
2026-03-28 20:00,116.824,2.2792
2026-03-28 21:00,116.823,2.2409
2026-03-28 22:00,116.821,2.1643
2026-03-28 23:00,116.821,2.1643
2026-03-29 00:00,116.82,2.126
2026-03-29 01:00,116.817,2.0111
2026-03-29 02:00,116.817,2.0111
2026-03-29 03:00,116.816,1.9728
2026-03-29 04:00,116.821,2.1643
2026-03-29 05:00,116.819,2.0877
2026-03-29 06:00,116.822,2.2026
2026-03-29 07:00,116.823,2.2409
2026-03-29 08:00,116.824,2.2792
2026-03-29 09:00,116.826,2.3558
2026-03-29 10:00,116.824,2.2792
2026-03-29 11:00,116.824,2.2792
2026-03-29 12:00,116.827,2.3941
2026-03-29 13:00,116.823,2.2409
2026-03-29 14:00,116.825,2.3175
2026-03-29 15:00,116.826,2.3558
2026-03-29 16:00,116.823,2.2409
2026-03-29 17:00,116.823,2.2409
2026-03-29 18:00,116.819,2.0877
2026-03-29 19:00,116.817,2.0111
2026-03-29 20:00,116.815,1.9345
2026-03-29 21:00,116.819,2.0877
2026-03-29 22:00,116.82,2.126
2026-03-29 23:00,116.825,2.3175
2026-03-30 00:00,116.826,2.3558
2026-03-30 01:00,116.829,2.4707
2026-03-30 02:00,116.831,2.5473
2026-03-30 03:00,116.834,2.6622
2026-03-30 04:00,116.854,3.4282
2026-03-30 05:00,116.867,3.9261
2026-03-30 06:00,116.871,4.0793
2026-03-30 07:00,116.863,3.7729
2026-03-30 08:00,116.856,3.5048
2026-03-30 09:00,116.854,3.4282
2026-03-30 10:00,116.851,3.3133
2026-03-30 11:00,116.85,3.275
2026-03-30 12:00,116.86,3.658
2026-03-30 13:00,116.891,4.8453
2026-03-30 14:00,116.899,5.1517
2026-03-30 15:00,116.894,4.9602
2026-03-30 16:00,116.903,5.3049
2026-03-30 17:00,116.945,6.9135
2026-03-30 18:00,116.944,6.8752
2026-03-30 19:00,116.936,6.5688
2026-03-30 20:00,116.933,6.4539
2026-03-30 21:00,117.136,18.5128
2026-03-30 22:00,117.173,21.0954
2026-03-30 23:00,117.089,15.2322
2026-03-31 00:00,117.033,11.3234
2026-03-31 01:00,116.99,8.637
2026-03-31 02:00,116.97,7.871
2026-03-31 03:00,116.962,7.5646
2026-03-31 04:00,116.949,7.0667
2026-03-31 05:00,116.94,6.722
2026-03-31 06:00,116.945,6.9135
2026-03-31 07:00,116.976,8.1008
2026-03-31 08:00,116.988,8.5604
2026-03-31 09:00,116.995,8.8285
2026-03-31 10:00,116.986,8.4838
2026-03-31 11:00,116.99,8.637
2026-03-31 12:00,116.994,8.7902
2026-03-31 13:00,116.998,8.9434
2026-03-31 14:00,116.985,8.4455
2026-03-31 15:00,116.975,8.0625
2026-03-31 16:00,116.974,8.0242
2026-03-31 17:00,116.985,8.4455
2026-03-31 18:00,116.976,8.1008
2026-03-31 19:00,117.002,9.1596
2026-03-31 20:00,117.011,9.7878
2026-03-31 21:00,117.029,11.0442
2026-03-31 22:00,117.012,9.8576
2026-03-31 23:00,116.99,8.637
2026-04-01 00:00,116.98,8.254
2026-04-01 01:00,116.973,7.9859
2026-04-01 02:00,116.957,7.3731
2026-04-01 03:00,116.948,7.0284
2026-04-01 04:00,116.936,6.5688
2026-04-01 05:00,116.934,6.4922
2026-04-01 06:00,116.951,7.1433
2026-04-01 07:00,116.968,7.7944
2026-04-01 08:00,116.981,8.2923
2026-04-01 09:00,116.99,8.637
2026-04-01 10:00,116.989,8.5987
2026-04-01 11:00,116.978,8.1774
2026-04-01 12:00,116.972,7.9476
2026-04-01 13:00,116.959,7.4497
2026-04-01 14:00,116.953,7.2199
2026-04-01 15:00,116.949,7.0667
2026-04-01 16:00,116.937,6.6071
2026-04-01 17:00,116.935,6.5305
2026-04-01 18:00,116.929,6.3007
2026-04-01 19:00,116.922,6.0326
2026-04-01 20:00,116.914,5.7262
2026-04-01 21:00,116.912,5.6496
2026-04-01 22:00,116.912,5.6496
2026-04-01 23:00,116.908,5.4964
2026-04-02 00:00,116.904,5.3432
2026-04-02 01:00,116.901,5.2283
2026-04-02 02:00,116.902,5.2666
2026-04-02 03:00,116.897,5.0751
2026-04-02 04:00,116.895,4.9985
2026-04-02 05:00,116.892,4.8836
2026-04-02 06:00,116.89,4.807
2026-04-02 07:00,116.886,4.6538
2026-04-02 08:00,116.889,4.7687
2026-04-02 09:00,116.889,4.7687
2026-04-02 10:00,116.888,4.7304
2026-04-02 11:00,116.901,5.2283
2026-04-02 12:00,116.906,5.4198
2026-04-02 13:00,116.911,5.6113
2026-04-02 14:00,116.916,5.8028
2026-04-02 15:00,116.915,5.7645
2026-04-02 16:00,116.909,5.5347
2026-04-02 17:00,116.903,5.3049
2026-04-02 18:00,116.897,5.0751
2026-04-02 19:00,116.891,4.8453
2026-04-02 20:00,116.888,4.7304
2026-04-02 21:00,116.883,4.5389
2026-04-02 22:00,116.88,4.424
2026-04-02 23:00,116.881,4.4623
2026-04-03 00:00,116.884,4.5772
2026-04-03 01:00,116.878,4.3474
2026-04-03 02:00,116.874,4.1942
2026-04-03 03:00,116.872,4.1176
2026-04-03 04:00,116.873,4.1559
2026-04-03 05:00,116.868,3.9644
2026-04-03 06:00,116.874,4.1942
2026-04-03 07:00,116.869,4.0027
2026-04-03 08:00,116.867,3.9261
2026-04-03 09:00,116.867,3.9261
2026-04-03 10:00,116.869,4.0027
2026-04-03 11:00,116.861,3.6963
2026-04-03 12:00,116.864,3.8112
2026-04-03 13:00,116.864,3.8112
2026-04-03 14:00,116.864,3.8112
2026-04-03 15:00,116.863,3.7729
2026-04-03 16:00,116.85,3.275
2026-04-03 17:00,116.856,3.5048
2026-04-03 18:00,116.856,3.5048
2026-04-03 19:00,116.853,3.3899
2026-04-03 20:00,116.857,3.5431
2026-04-03 21:00,116.855,3.4665
2026-04-03 22:00,116.855,3.4665
2026-04-03 23:00,116.856,3.5048
2026-04-04 00:00,116.851,3.3133
2026-04-04 01:00,116.853,3.3899
2026-04-04 02:00,116.849,3.2367
2026-04-04 03:00,116.856,3.5048
2026-04-04 04:00,116.85,3.275
2026-04-04 05:00,116.854,3.4282
2026-04-04 06:00,116.854,3.4282
2026-04-04 07:00,116.853,3.3899
2026-04-04 08:00,116.859,3.6197
2026-04-04 09:00,116.85,3.275
2026-04-04 10:00,116.85,3.275
2026-04-04 11:00,116.856,3.5048
2026-04-04 12:00,116.846,3.1218
2026-04-04 13:00,116.853,3.3899
2026-04-04 14:00,116.855,3.4665
2026-04-04 15:00,116.85,3.275
2026-04-04 16:00,116.848,3.1984
2026-04-04 17:00,116.847,3.1601
2026-04-04 18:00,116.848,3.1984
2026-04-04 19:00,116.845,3.0835
2026-04-04 20:00,116.845,3.0835
2026-04-04 21:00,116.842,2.9686
2026-04-04 22:00,116.842,2.9686
2026-04-04 23:00,116.843,3.0069
2026-04-05 00:00,116.839,2.8537
2026-04-05 01:00,116.839,2.8537
2026-04-05 02:00,116.838,2.8154
2026-04-05 03:00,116.84,2.892
2026-04-05 04:00,116.842,2.9686
2026-04-05 05:00,116.843,3.0069
2026-04-05 06:00,116.839,2.8537
2026-04-05 07:00,116.847,3.1601
2026-04-05 08:00,116.845,3.0835
2026-04-05 09:00,116.845,3.0835
2026-04-05 10:00,116.842,2.9686
2026-04-05 11:00,116.843,3.0069
2026-04-05 12:00,116.845,3.0835
2026-04-05 13:00,116.845,3.0835
2026-04-05 14:00,116.845,3.0835
2026-04-05 15:00,116.845,3.0835
2026-04-05 16:00,116.844,3.0452
2026-04-05 17:00,116.842,2.9686
2026-04-05 18:00,116.841,2.9303
2026-04-05 19:00,116.839,2.8537
2026-04-05 20:00,116.842,2.9686
2026-04-05 21:00,116.841,2.9303
2026-04-05 22:00,116.839,2.8537
2026-04-05 23:00,116.836,2.7388
2026-04-06 00:00,116.836,2.7388
2026-04-06 01:00,116.837,2.7771
2026-04-06 02:00,116.838,2.8154
2026-04-06 03:00,116.837,2.7771
2026-04-06 04:00,116.841,2.9303
2026-04-06 05:00,116.84,2.892
2026-04-06 06:00,116.842,2.9686
2026-04-06 07:00,116.843,3.0069
2026-04-06 08:00,116.843,3.0069
2026-04-06 09:00,116.843,3.0069
2026-04-06 10:00,116.846,3.1218
2026-04-06 11:00,116.844,3.0452
2026-04-06 12:00,116.843,3.0069
2026-04-06 13:00,116.845,3.0835
2026-04-06 14:00,116.856,3.5048
2026-04-06 15:00,116.874,4.1942
2026-04-06 16:00,116.861,3.6963
2026-04-06 17:00,116.855,3.4665
2026-04-06 18:00,116.855,3.4665
2026-04-06 19:00,116.858,3.5814
2026-04-06 20:00,116.864,3.8112
2026-04-06 21:00,116.877,4.3091
2026-04-06 22:00,116.897,5.0751
2026-04-06 23:00,116.892,4.8836
2026-04-07 00:00,116.924,6.1092
2026-04-07 01:00,116.92,5.956
2026-04-07 02:00,116.913,5.6879
2026-04-07 03:00,117.052,12.6496
2026-04-07 04:00,117.039,11.7422
2026-04-07 05:00,117.015,10.067
2026-04-07 06:00,116.994,8.7902
2026-04-07 07:00,116.975,8.0625
2026-04-07 08:00,116.968,7.7944
2026-04-07 09:00,116.958,7.4114
2026-04-07 10:00,116.952,7.1816
2026-04-07 11:00,116.946,6.9518
2026-04-07 12:00,116.94,6.722
2026-04-07 13:00,116.93,6.339
2026-04-07 14:00,116.928,6.2624
2026-04-07 15:00,116.923,6.0709
2026-04-07 16:00,116.916,5.8028
2026-04-07 17:00,116.909,5.5347
2026-04-07 18:00,116.907,5.4581
2026-04-07 19:00,116.9,5.19
2026-04-07 20:00,116.899,5.1517
2026-04-07 21:00,116.899,5.1517
2026-04-07 22:00,116.899,5.1517
2026-04-07 23:00,116.9,5.19
2026-04-08 00:00,116.902,5.2666
2026-04-08 01:00,116.904,5.3432
2026-04-08 02:00,116.899,5.1517
2026-04-08 03:00,116.896,5.0368
2026-04-08 04:00,116.898,5.1134
2026-04-08 05:00,116.898,5.1134
2026-04-08 06:00,116.909,5.5347
2026-04-08 07:00,116.912,5.6496
2026-04-08 08:00,116.908,5.4964
2026-04-08 09:00,116.901,5.2283
2026-04-08 10:00,116.897,5.0751
2026-04-08 11:00,116.898,5.1134
2026-04-08 12:00,116.894,4.9602
2026-04-08 13:00,116.894,4.9602
2026-04-08 14:00,116.905,5.3815
2026-04-08 15:00,116.919,5.9177
2026-04-08 16:00,116.915,5.7645
2026-04-08 17:00,116.909,5.5347
2026-04-08 18:00,116.902,5.2666
2026-04-08 19:00,116.9,5.19
2026-04-08 20:00,116.894,4.9602
2026-04-08 21:00,116.896,5.0368
2026-04-08 22:00,116.895,4.9985
2026-04-08 23:00,116.898,5.1134
2026-04-09 00:00,116.908,5.4964
2026-04-09 01:00,116.923,6.0709
2026-04-09 02:00,116.93,6.339
2026-04-09 03:00,116.944,6.8752
2026-04-09 04:00,116.98,8.254
2026-04-09 05:00,116.981,8.2923
2026-04-09 06:00,117.013,9.9274
2026-04-09 07:00,117.066,13.6268
2026-04-09 08:00,117.056,12.9288
2026-04-09 09:00,117.035,11.463
2026-04-09 10:00,117.014,9.9972
2026-04-09 11:00,116.998,8.9434
2026-04-09 12:00,116.984,8.4072
2026-04-09 13:00,116.976,8.1008
2026-04-09 14:00,116.967,7.7561
2026-04-09 15:00,116.973,7.9859
2026-04-09 16:00,116.958,7.4114
2026-04-09 17:00,116.96,7.488
2026-04-09 18:00,116.965,7.6795
2026-04-09 19:00,116.964,7.6412
2026-04-09 20:00,116.971,7.9093
2026-04-09 21:00,117.016,10.1368
2026-04-09 22:00,117.029,11.0442
2026-04-09 23:00,117.04,11.812
2026-04-10 00:00,117.074,14.1852
2026-04-10 01:00,117.06,13.208
2026-04-10 02:00,117.249,27.88735
2026-04-10 03:00,117.518,58.3146
2026-04-10 04:00,117.497,55.5909
2026-04-10 05:00,117.445,48.8465
2026-04-10 06:00,117.384,41.4076
2026-04-10 07:00,117.327,35.69905
2026-04-10 08:00,117.275,30.49125
2026-04-10 09:00,117.241,27.08615
2026-04-10 10:00,117.208,23.7812
2026-04-10 11:00,117.179,21.5142
2026-04-10 12:00,117.149,19.4202
2026-04-10 13:00,117.125,17.745
2026-04-10 14:00,117.103,16.2094
2026-04-10 15:00,117.09,15.302
2026-04-10 16:00,117.07,13.906
2026-04-10 17:00,117.054,12.7892
2026-04-10 18:00,117.042,11.9516
2026-04-10 19:00,117.029,11.0442
2026-04-10 20:00,117.022,10.5556
2026-04-10 21:00,117.083,14.8134
2026-04-10 22:00,117.137,18.5826
2026-04-10 23:00,117.109,16.6282
2026-04-11 00:00,117.079,14.5342
2026-04-11 01:00,117.071,13.9758
2026-04-11 02:00,117.051,12.5798
2026-04-11 03:00,117.034,11.3932
2026-04-11 04:00,117.02,10.416
2026-04-11 05:00,117.003,9.2294
2026-04-11 06:00,116.991,8.6753
2026-04-11 07:00,116.985,8.4455
2026-04-11 08:00,116.974,8.0242
2026-04-11 09:00,116.972,7.9476
2026-04-11 10:00,116.965,7.6795
2026-04-11 11:00,116.962,7.5646
2026-04-11 12:00,116.962,7.5646
2026-04-11 13:00,116.989,8.5987
2026-04-11 14:00,116.983,8.3689
2026-04-11 15:00,116.978,8.1774
2026-04-11 16:00,116.965,7.6795
2026-04-11 17:00,116.965,7.6795
2026-04-11 18:00,116.963,7.6029
2026-04-11 19:00,116.96,7.488
2026-04-11 20:00,116.957,7.3731
2026-04-11 21:00,116.954,7.2582
2026-04-11 22:00,116.944,6.8752
2026-04-11 23:00,116.941,6.7603
2026-04-12 00:00,116.94,6.722
2026-04-12 01:00,116.936,6.5688
2026-04-12 02:00,116.934,6.4922
2026-04-12 03:00,116.93,6.339
2026-04-12 04:00,116.925,6.1475
2026-04-12 05:00,116.924,6.1092
2026-04-12 06:00,116.924,6.1092
2026-04-12 07:00,116.921,5.9943
2026-04-12 08:00,116.919,5.9177
2026-04-12 09:00,116.919,5.9177
2026-04-12 10:00,116.914,5.7262
2026-04-12 11:00,116.911,5.6113
2026-04-12 12:00,116.915,5.7645
2026-04-12 13:00,116.914,5.7262
2026-04-12 14:00,116.907,5.4581
2026-04-12 15:00,116.907,5.4581
2026-04-12 16:00,116.909,5.5347
2026-04-12 17:00,116.901,5.2283
2026-04-12 18:00,116.903,5.3049
2026-04-12 19:00,116.898,5.1134
2026-04-12 20:00,116.898,5.1134
2026-04-12 21:00,116.895,4.9985
2026-04-12 22:00,116.894,4.9602
2026-04-12 23:00,116.895,4.9985
2026-04-13 00:00,116.892,4.8836
2026-04-13 01:00,116.894,4.9602
2026-04-13 02:00,116.898,5.1134
2026-04-13 03:00,116.896,5.0368
2026-04-13 04:00,116.897,5.0751
2026-04-13 05:00,116.909,5.5347
2026-04-13 06:00,116.917,5.8411
2026-04-13 07:00,116.918,5.8794
2026-04-13 08:00,116.923,6.0709
2026-04-13 09:00,116.937,6.6071
2026-04-13 10:00,116.944,6.8752
2026-04-13 11:00,116.94,6.722
2026-04-13 12:00,116.935,6.5305
2026-04-13 13:00,116.931,6.3773
2026-04-13 14:00,116.932,6.4156
2026-04-13 15:00,116.929,6.3007
2026-04-13 16:00,116.918,5.8794
2026-04-13 17:00,116.915,5.7645
2026-04-13 18:00,116.912,5.6496
2026-04-13 19:00,116.906,5.4198
2026-04-13 20:00,116.904,5.3432
2026-04-13 21:00,116.902,5.2666
2026-04-13 22:00,116.9,5.19
2026-04-13 23:00,116.896,5.0368
2026-04-14 00:00,116.897,5.0751
2026-04-14 01:00,116.892,4.8836
2026-04-14 02:00,116.892,4.8836
2026-04-14 03:00,116.891,4.8453
2026-04-14 04:00,116.892,4.8836
2026-04-14 05:00,116.892,4.8836
2026-04-14 06:00,116.892,4.8836
2026-04-14 07:00,116.895,4.9985
2026-04-14 08:00,116.893,4.9219
2026-04-14 09:00,116.894,4.9602
2026-04-14 10:00,116.892,4.8836
2026-04-14 11:00,116.889,4.7687
2026-04-14 12:00,116.889,4.7687
2026-04-14 13:00,116.887,4.6921
2026-04-14 14:00,116.888,4.7304
2026-04-14 15:00,116.886,4.6538
2026-04-14 16:00,116.883,4.5389
2026-04-14 17:00,116.883,4.5389
2026-04-14 18:00,116.879,4.3857
2026-04-14 19:00,116.882,4.5006
2026-04-14 20:00,116.882,4.5006
2026-04-14 21:00,116.88,4.424
2026-04-14 22:00,116.883,4.5389
2026-04-14 23:00,116.882,4.5006
2026-04-15 00:00,116.883,4.5389
2026-04-15 01:00,116.882,4.5006
2026-04-15 02:00,116.886,4.6538
2026-04-15 03:00,116.889,4.7687
2026-04-15 04:00,116.892,4.8836
2026-04-15 05:00,116.896,5.0368
2026-04-15 06:00,116.893,4.9219
2026-04-15 07:00,116.895,4.9985
2026-04-15 08:00,116.901,5.2283
2026-04-15 09:00,116.928,6.2624
2026-04-15 10:00,116.93,6.339
2026-04-15 11:00,116.92,5.956
2026-04-15 12:00,116.91,5.573
2026-04-15 13:00,116.909,5.5347
2026-04-15 14:00,116.903,5.3049
2026-04-15 15:00,116.901,5.2283
2026-04-15 16:00,116.904,5.3432
2026-04-15 17:00,116.899,5.1517
2026-04-15 18:00,116.896,5.0368
2026-04-15 19:00,116.898,5.1134
2026-04-15 20:00,116.897,5.0751
2026-04-15 21:00,116.899,5.1517
2026-04-15 22:00,116.907,5.4581
2026-04-15 23:00,116.906,5.4198
2026-04-16 00:00,116.916,5.8028
2026-04-16 01:00,117.013,9.9274
2026-04-16 02:00,117.165,20.537
2026-04-16 03:00,117.137,18.5826
2026-04-16 04:00,117.104,16.2792
2026-04-16 05:00,117.078,14.4644
2026-04-16 06:00,117.054,12.7892
2026-04-16 07:00,117.043,12.0214
2026-04-16 08:00,117.021,10.4858
2026-04-16 09:00,117.014,9.9972
2026-04-16 10:00,116.998,8.9434
2026-04-16 11:00,116.988,8.5604
2026-04-16 12:00,116.979,8.2157
2026-04-16 13:00,116.97,7.871
2026-04-16 14:00,116.964,7.6412
2026-04-16 15:00,116.955,7.2965
2026-04-16 16:00,116.951,7.1433
2026-04-16 17:00,116.946,6.9518
2026-04-16 18:00,116.937,6.6071
2026-04-16 19:00,116.934,6.4922
2026-04-16 20:00,116.929,6.3007
2026-04-16 21:00,116.928,6.2624
2026-04-16 22:00,116.924,6.1092
2026-04-16 23:00,116.922,6.0326
2026-04-17 00:00,116.921,5.9943
2026-04-17 01:00,116.922,6.0326
2026-04-17 02:00,116.92,5.956
2026-04-17 03:00,116.918,5.8794
2026-04-17 04:00,116.919,5.9177
2026-04-17 05:00,116.919,5.9177
2026-04-17 06:00,116.916,5.8028
2026-04-17 07:00,116.93,6.339
2026-04-17 08:00,116.943,6.8369
2026-04-17 09:00,116.941,6.7603
2026-04-17 10:00,116.94,6.722
2026-04-17 11:00,116.95,7.105
2026-04-17 12:00,116.958,7.4114
2026-04-17 13:00,116.971,7.9093
2026-04-17 14:00,116.968,7.7944
2026-04-17 15:00,116.963,7.6029
2026-04-17 16:00,116.956,7.3348
2026-04-17 17:00,116.962,7.5646
2026-04-17 18:00,116.977,8.1391
2026-04-17 19:00,116.969,7.8327
2026-04-17 20:00,116.965,7.6795
2026-04-17 21:00,116.959,7.4497
2026-04-17 22:00,116.98,8.254
2026-04-17 23:00,117.026,10.8348
2026-04-18 00:00,117.027,10.9046
2026-04-18 01:00,117.014,9.9972
2026-04-18 02:00,117.053,12.7194
2026-04-18 03:00,117.082,14.7436
2026-04-18 04:00,117.075,14.255
2026-04-18 05:00,117.066,13.6268
2026-04-18 06:00,117.057,12.9986
2026-04-18 07:00,117.068,13.7664
2026-04-18 08:00,117.07,13.906
2026-04-18 09:00,117.053,12.7194
2026-04-18 10:00,117.041,11.8818
2026-04-18 11:00,117.029,11.0442
2026-04-18 12:00,117.012,9.8576
2026-04-18 13:00,117.006,9.4388
2026-04-18 14:00,116.994,8.7902
2026-04-18 15:00,116.992,8.7136
2026-04-18 16:00,116.978,8.1774
2026-04-18 17:00,116.974,8.0242
2026-04-18 18:00,117.001,9.0898
2026-04-18 19:00,117.034,11.3932
2026-04-18 20:00,117.036,11.5328
2026-04-18 21:00,117.022,10.5556
2026-04-18 22:00,117.01,9.718
2026-04-18 23:00,116.998,8.9434
2026-04-19 00:00,116.993,8.7519
2026-04-19 01:00,116.987,8.5221
2026-04-19 02:00,116.976,8.1008
2026-04-19 03:00,116.97,7.871
2026-04-19 04:00,116.964,7.6412
2026-04-19 05:00,116.958,7.4114
2026-04-19 06:00,116.953,7.2199
2026-04-19 07:00,116.957,7.3731
2026-04-19 08:00,116.984,8.4072
2026-04-19 09:00,116.984,8.4072
2026-04-19 10:00,116.972,7.9476
2026-04-19 11:00,116.967,7.7561
2026-04-19 12:00,116.959,7.4497
2026-04-19 13:00,116.953,7.2199
2026-04-19 14:00,116.949,7.0667
2026-04-19 15:00,116.947,6.9901
2026-04-19 16:00,116.941,6.7603
2026-04-19 17:00,116.937,6.6071
2026-04-19 18:00,116.935,6.5305
2026-04-19 19:00,116.927,6.2241
2026-04-19 20:00,116.927,6.2241
2026-04-19 21:00,116.924,6.1092
2026-04-19 22:00,116.922,6.0326
2026-04-19 23:00,116.921,5.9943
2026-04-20 00:00,116.918,5.8794
2026-04-20 01:00,116.916,5.8028
2026-04-20 02:00,116.917,5.8411
2026-04-20 03:00,116.913,5.6879
2026-04-20 04:00,116.912,5.6496
2026-04-20 05:00,116.912,5.6496
2026-04-20 06:00,116.91,5.573
2026-04-20 07:00,116.907,5.4581
2026-04-20 08:00,116.909,5.5347
2026-04-20 09:00,116.91,5.573
2026-04-20 10:00,116.908,5.4964
2026-04-20 11:00,116.904,5.3432
2026-04-20 12:00,116.903,5.3049
2026-04-20 13:00,116.902,5.2666
2026-04-20 14:00,116.9,5.19
2026-04-20 15:00,116.898,5.1134
2026-04-20 16:00,116.896,5.0368
2026-04-20 17:00,116.896,5.0368
2026-04-20 18:00,116.89,4.807
2026-04-20 19:00,116.889,4.7687
2026-04-20 20:00,116.888,4.7304
2026-04-20 21:00,116.888,4.7304
2026-04-20 22:00,116.885,4.6155
2026-04-20 23:00,116.887,4.6921
2026-04-21 00:00,116.884,4.5772
2026-04-21 01:00,116.882,4.5006
2026-04-21 02:00,116.881,4.4623
2026-04-21 03:00,116.884,4.5772
2026-04-21 04:00,116.882,4.5006
2026-04-21 05:00,116.884,4.5772
2026-04-21 06:00,116.881,4.4623
2026-04-21 07:00,116.883,4.5389
2026-04-21 08:00,116.883,4.5389
2026-04-21 09:00,116.882,4.5006
2026-04-21 10:00,116.882,4.5006
2026-04-21 11:00,116.881,4.4623
2026-04-21 12:00,116.882,4.5006
2026-04-21 13:00,116.881,4.4623
2026-04-21 14:00,116.883,4.5389
2026-04-21 15:00,116.878,4.3474
2026-04-21 16:00,116.875,4.2325
2026-04-21 17:00,116.879,4.3857
2026-04-21 18:00,116.877,4.3091
2026-04-21 19:00,116.869,4.0027
2026-04-21 20:00,116.873,4.1559
2026-04-21 21:00,116.871,4.0793
2026-04-21 22:00,116.871,4.0793
2026-04-21 23:00,116.871,4.0793
2026-04-22 00:00,116.871,4.0793
2026-04-22 01:00,116.869,4.0027
2026-04-22 02:00,116.871,4.0793
2026-04-22 03:00,116.873,4.1559
2026-04-22 04:00,116.872,4.1176
2026-04-22 05:00,116.872,4.1176
2026-04-22 06:00,116.871,4.0793
2026-04-22 07:00,116.875,4.2325
2026-04-22 08:00,116.871,4.0793
2026-04-22 09:00,116.873,4.1559
2026-04-22 10:00,116.873,4.1559
2026-04-22 11:00,116.873,4.1559
2026-04-22 12:00,116.871,4.0793
2026-04-22 13:00,116.873,4.1559
2026-04-22 14:00,116.873,4.1559
2026-04-22 15:00,116.869,4.0027
2026-04-22 16:00,116.87,4.041
2026-04-22 17:00,116.869,4.0027
2026-04-22 18:00,116.871,4.0793
2026-04-22 19:00,116.869,4.0027
2026-04-22 20:00,116.872,4.1176
2026-04-22 21:00,116.871,4.0793
2026-04-22 22:00,116.868,3.9644
2026-04-22 23:00,116.867,3.9261
2026-04-23 00:00,116.865,3.8495
2026-04-23 01:00,116.864,3.8112
2026-04-23 02:00,116.865,3.8495
2026-04-23 03:00,116.866,3.8878
2026-04-23 04:00,116.866,3.8878
2026-04-23 05:00,116.865,3.8495
2026-04-23 06:00,116.866,3.8878
2026-04-23 07:00,116.865,3.8495
2026-04-23 08:00,116.863,3.7729
2026-04-23 09:00,116.865,3.8495
2026-04-23 10:00,116.863,3.7729
2026-04-23 11:00,116.863,3.7729
2026-04-23 12:00,116.862,3.7346
2026-04-23 13:00,116.861,3.6963
2026-04-23 14:00,116.86,3.658
2026-04-23 15:00,116.862,3.7346
2026-04-23 16:00,116.861,3.6963
2026-04-23 17:00,116.869,4.0027
2026-04-23 18:00,116.873,4.1559
2026-04-23 19:00,116.875,4.2325
2026-04-23 20:00,116.872,4.1176
2026-04-23 21:00,116.871,4.0793
2026-04-23 22:00,116.871,4.0793
2026-04-23 23:00,116.869,4.0027
2026-04-24 00:00,116.868,3.9644
2026-04-24 01:00,116.867,3.9261
2026-04-24 02:00,116.866,3.8878
2026-04-24 03:00,116.863,3.7729
2026-04-24 04:00,116.856,3.5048
2026-04-24 05:00,116.856,3.5048
2026-04-24 06:00,116.853,3.3899
2026-04-24 07:00,116.855,3.4665
2026-04-24 08:00,116.857,3.5431
2026-04-24 09:00,116.857,3.5431
2026-04-24 10:00,116.855,3.4665
2026-04-24 11:00,116.853,3.3899
2026-04-24 12:00,116.854,3.4282
2026-04-24 13:00,116.852,3.3516
2026-04-24 14:00,116.855,3.4665
2026-04-24 15:00,116.852,3.3516
2026-04-24 16:00,116.853,3.3899
2026-04-24 17:00,116.85,3.275
2026-04-24 18:00,116.848,3.1984
2026-04-24 19:00,116.851,3.3133
2026-04-24 20:00,116.848,3.1984
2026-04-24 21:00,116.849,3.2367
2026-04-24 22:00,116.847,3.1601
2026-04-24 23:00,116.844,3.0452
2026-04-25 00:00,116.846,3.1218
2026-04-25 01:00,116.846,3.1218
2026-04-25 02:00,116.848,3.1984
2026-04-25 03:00,116.847,3.1601
2026-04-25 04:00,116.847,3.1601
2026-04-25 05:00,116.857,3.5431
2026-04-25 06:00,116.858,3.5814
2026-04-25 07:00,116.865,3.8495
2026-04-25 08:00,116.874,4.1942
2026-04-25 09:00,116.882,4.5006
2026-04-25 10:00,116.896,5.0368
2026-04-25 11:00,116.911,5.6113
2026-04-25 12:00,116.93,6.339
2026-04-25 13:00,116.936,6.5688
2026-04-25 14:00,116.937,6.6071
2026-04-25 15:00,116.943,6.8369
2026-04-25 16:00,116.944,6.8752
2026-04-25 17:00,116.942,6.7986
2026-04-25 18:00,116.946,6.9518
2026-04-25 19:00,116.949,7.0667
2026-04-25 20:00,116.951,7.1433
2026-04-25 21:00,116.942,6.7986
2026-04-25 22:00,116.933,6.4539
2026-04-25 23:00,116.933,6.4539
2026-04-26 00:00,116.927,6.2241
2026-04-26 01:00,116.925,6.1475
2026-04-26 02:00,116.93,6.339
2026-04-26 03:00,116.939,6.6837
2026-04-26 04:00,116.935,6.5305
2026-04-26 05:00,116.925,6.1475
2026-04-26 06:00,116.919,5.9177
2026-04-26 07:00,116.912,5.6496
2026-04-26 08:00,116.908,5.4964
2026-04-26 09:00,116.904,5.3432
2026-04-26 10:00,116.902,5.2666
2026-04-26 11:00,116.9,5.19
2026-04-26 12:00,116.898,5.1134
2026-04-26 13:00,116.896,5.0368
2026-04-26 14:00,116.894,4.9602
2026-04-26 15:00,116.891,4.8453
2026-04-26 16:00,116.889,4.7687
2026-04-26 17:00,116.888,4.7304
2026-04-26 18:00,116.885,4.6155
2026-04-26 19:00,116.883,4.5389
2026-04-26 20:00,116.884,4.5772
2026-04-26 21:00,116.882,4.5006
2026-04-26 22:00,116.878,4.3474
2026-04-26 23:00,116.879,4.3857
2026-04-27 00:00,116.876,4.2708
2026-04-27 01:00,116.876,4.2708
2026-04-27 02:00,116.873,4.1559
2026-04-27 03:00,116.874,4.1942
2026-04-27 04:00,116.873,4.1559
2026-04-27 05:00,116.874,4.1942
2026-04-27 06:00,116.87,4.041
2026-04-27 07:00,116.871,4.0793
2026-04-27 08:00,116.874,4.1942
2026-04-27 09:00,116.872,4.1176
2026-04-27 10:00,116.875,4.2325
2026-04-27 11:00,116.869,4.0027
2026-04-27 12:00,116.869,4.0027
2026-04-27 13:00,116.869,4.0027
2026-04-27 14:00,116.862,3.7346
2026-04-27 15:00,116.865,3.8495
2026-04-27 16:00,116.863,3.7729
2026-04-27 17:00,116.861,3.6963
2026-04-27 18:00,116.862,3.7346
2026-04-27 19:00,116.863,3.7729
2026-04-27 20:00,116.863,3.7729
2026-04-27 21:00,116.86,3.658
2026-04-27 22:00,116.856,3.5048
2026-04-27 23:00,116.855,3.4665
2026-04-28 00:00,116.856,3.5048
2026-04-28 01:00,116.856,3.5048
2026-04-28 02:00,116.857,3.5431
2026-04-28 03:00,116.857,3.5431
2026-04-28 04:00,116.858,3.5814
2026-04-28 05:00,116.859,3.6197
2026-04-28 06:00,116.856,3.5048
2026-04-28 07:00,116.859,3.6197
2026-04-28 08:00,116.857,3.5431
2026-04-28 09:00,116.859,3.6197
2026-04-28 10:00,116.856,3.5048
2026-04-28 11:00,116.86,3.658
2026-04-28 12:00,116.857,3.5431
2026-04-28 13:00,116.855,3.4665
2026-04-28 14:00,116.857,3.5431
2026-04-28 15:00,116.858,3.5814
2026-04-28 16:00,116.856,3.5048
2026-04-28 17:00,116.854,3.4282
2026-04-28 18:00,116.856,3.5048
2026-04-28 19:00,116.862,3.7346
2026-04-28 20:00,116.866,3.8878
2026-04-28 21:00,116.863,3.7729
2026-04-28 22:00,116.859,3.6197
2026-04-28 23:00,116.855,3.4665
2026-04-29 00:00,116.857,3.5431
2026-04-29 01:00,116.858,3.5814
2026-04-29 02:00,116.856,3.5048
2026-04-29 03:00,116.855,3.4665
2026-04-29 04:00,116.856,3.5048
2026-04-29 05:00,116.859,3.6197
2026-04-29 06:00,116.868,3.9644
2026-04-29 07:00,116.886,4.6538
2026-04-29 08:00,116.894,4.9602
2026-04-29 09:00,116.89,4.807
2026-04-29 10:00,116.888,4.7304
2026-04-29 11:00,116.884,4.5772
2026-04-29 12:00,116.879,4.3857
2026-04-29 13:00,116.877,4.3091
2026-04-29 14:00,116.876,4.2708
2026-04-29 15:00,116.87,4.041
2026-04-29 16:00,116.873,4.1559
2026-04-29 17:00,116.873,4.1559
2026-04-29 18:00,116.874,4.1942
2026-04-29 19:00,116.873,4.1559
2026-04-29 20:00,116.873,4.1559
2026-04-29 21:00,116.874,4.1942
2026-04-29 22:00,116.874,4.1942
2026-04-29 23:00,116.868,3.9644
2026-04-30 00:00,116.866,3.8878
2026-04-30 01:00,116.862,3.7346
2026-04-30 02:00,116.862,3.7346
2026-04-30 03:00,116.86,3.658
2026-04-30 04:00,116.857,3.5431
2026-04-30 05:00,116.857,3.5431
2026-04-30 06:00,116.859,3.6197
2026-04-30 07:00,116.857,3.5431
2026-04-30 08:00,116.859,3.6197
2026-04-30 09:00,116.859,3.6197
2026-04-30 10:00,116.857,3.5431
2026-04-30 11:00,116.845,3.0835
2026-04-30 12:00,116.848,3.1984
2026-04-30 13:00,116.844,3.0452
2026-04-30 14:00,116.855,3.4665
2026-04-30 15:00,116.853,3.3899
2026-04-30 16:00,116.855,3.4665
2026-04-30 17:00,116.852,3.3516
2026-04-30 18:00,116.856,3.5048
2026-04-30 19:00,116.851,3.3133
2026-04-30 20:00,116.851,3.3133
2026-04-30 21:00,116.848,3.1984
2026-04-30 22:00,116.85,3.275
2026-04-30 23:00,116.849,3.2367
2026-05-01 00:00,116.848,3.1984
2026-05-01 01:00,116.847,3.1601
2026-05-01 02:00,116.849,3.2367
2026-05-01 03:00,116.847,3.1601
2026-05-01 04:00,116.847,3.1601
2026-05-01 05:00,116.848,3.1984
2026-05-01 06:00,116.848,3.1984
2026-05-01 07:00,116.849,3.2367
2026-05-01 08:00,116.849,3.2367
2026-05-01 09:00,116.847,3.1601
2026-05-01 10:00,116.848,3.1984
2026-05-01 11:00,116.85,3.275
2026-05-01 12:00,116.845,3.0835
2026-05-01 13:00,116.845,3.0835
2026-05-01 14:00,116.848,3.1984
2026-05-01 15:00,116.843,3.0069
2026-05-01 16:00,116.844,3.0452
2026-05-01 17:00,116.887,4.6921
2026-05-01 18:00,116.895,4.9985
2026-05-01 19:00,116.884,4.5772
2026-05-01 20:00,116.873,4.1559
2026-05-01 21:00,116.87,4.041
2026-05-01 22:00,116.871,4.0793
2026-05-01 23:00,116.869,4.0027
2026-05-02 00:00,116.867,3.9261
2026-05-02 01:00,116.862,3.7346
2026-05-02 02:00,116.859,3.6197
2026-05-02 03:00,116.857,3.5431
2026-05-02 04:00,116.855,3.4665
2026-05-02 05:00,116.856,3.5048
2026-05-02 06:00,116.857,3.5431
2026-05-02 07:00,116.854,3.4282
2026-05-02 08:00,116.853,3.3899
2026-05-02 09:00,116.854,3.4282
2026-05-02 10:00,116.848,3.1984
2026-05-02 11:00,116.853,3.3899
2026-05-02 12:00,116.852,3.3516
2026-05-02 13:00,116.845,3.0835
2026-05-02 14:00,116.845,3.0835
2026-05-02 15:00,116.852,3.3516
2026-05-02 16:00,116.851,3.3133
2026-05-02 17:00,116.85,3.275
2026-05-02 18:00,116.885,4.6155
2026-05-02 19:00,116.983,8.3689
2026-05-02 20:00,116.993,8.7519
2026-05-02 21:00,117.009,9.6482
2026-05-02 22:00,116.982,8.3306
2026-05-02 23:00,116.995,8.8285
2026-05-03 00:00,117.022,10.5556
2026-05-03 01:00,117.001,9.0898
2026-05-03 02:00,116.976,8.1008
2026-05-03 03:00,116.95,7.105
2026-05-03 04:00,116.938,6.6454
2026-05-03 05:00,116.929,6.3007
2026-05-03 06:00,116.937,6.6071
2026-05-03 07:00,116.934,6.4922
2026-05-03 08:00,116.929,6.3007
2026-05-03 09:00,116.922,6.0326
2026-05-03 10:00,116.915,5.7645
2026-05-03 11:00,116.916,5.8028
2026-05-03 12:00,116.912,5.6496
2026-05-03 13:00,116.908,5.4964
2026-05-03 14:00,116.907,5.4581
2026-05-03 15:00,116.903,5.3049
2026-05-03 16:00,116.9,5.19
2026-05-03 17:00,116.898,5.1134
2026-05-03 18:00,116.893,4.9219
2026-05-03 19:00,116.897,5.0751
2026-05-03 20:00,116.905,5.3815
2026-05-03 21:00,116.916,5.8028
2026-05-03 22:00,116.924,6.1092
2026-05-03 23:00,116.926,6.1858
2026-05-04 00:00,116.925,6.1475
2026-05-04 01:00,116.921,5.9943
2026-05-04 02:00,116.922,6.0326
2026-05-04 03:00,116.923,6.0709
2026-05-04 04:00,116.947,6.9901
2026-05-04 05:00,116.96,7.488
2026-05-04 06:00,116.956,7.3348
2026-05-04 07:00,116.951,7.1433
2026-05-04 08:00,116.944,6.8752
2026-05-04 09:00,116.943,6.8369
2026-05-04 10:00,116.94,6.722
2026-05-04 11:00,116.973,7.9859
2026-05-04 12:00,116.986,8.4838
2026-05-04 13:00,116.975,8.0625
2026-05-04 14:00,116.963,7.6029
2026-05-04 15:00,116.958,7.4114
2026-05-04 16:00,116.953,7.2199
2026-05-04 17:00,116.944,6.8752
2026-05-04 18:00,116.939,6.6837
2026-05-04 19:00,116.937,6.6071
2026-05-04 20:00,116.936,6.5688
2026-05-04 21:00,116.939,6.6837
2026-05-04 22:00,116.941,6.7603
2026-05-04 23:00,116.956,7.3348
2026-05-05 00:00,116.96,7.488
2026-05-05 01:00,116.965,7.6795
2026-05-05 02:00,116.96,7.488
2026-05-05 03:00,116.958,7.4114
2026-05-05 04:00,116.952,7.1816
2026-05-05 05:00,116.97,7.871
2026-05-05 06:00,117.014,9.9972
2026-05-05 07:00,117.019,10.3462
2026-05-05 08:00,117.017,10.2066
2026-05-05 09:00,117.009,9.6482
2026-05-05 10:00,116.999,8.9817
2026-05-05 11:00,116.991,8.6753
2026-05-05 12:00,116.99,8.637
2026-05-05 13:00,116.987,8.5221
2026-05-05 14:00,116.995,8.8285
2026-05-05 15:00,116.986,8.4838
2026-05-05 16:00,116.976,8.1008
2026-05-05 17:00,116.966,7.7178
2026-05-05 18:00,116.959,7.4497
2026-05-05 19:00,116.958,7.4114
2026-05-05 20:00,116.957,7.3731
2026-05-05 21:00,116.955,7.2965
2026-05-05 22:00,116.954,7.2582
2026-05-05 23:00,116.959,7.4497
2026-05-06 00:00,116.953,7.2199
2026-05-06 01:00,116.951,7.1433
2026-05-06 02:00,116.952,7.1816
2026-05-06 03:00,116.955,7.2965
2026-05-06 04:00,116.96,7.488
2026-05-06 05:00,116.96,7.488
2026-05-06 06:00,116.99,8.637
2026-05-06 07:00,117.069,13.8362
2026-05-06 08:00,117.055,12.859
2026-05-06 09:00,117.031,11.1838
2026-05-06 10:00,117.014,9.9972
2026-05-06 11:00,117.0,9.02
2026-05-06 12:00,116.996,8.8668
2026-05-06 13:00,116.978,8.1774
2026-05-06 14:00,116.974,8.0242
2026-05-06 15:00,116.967,7.7561
2026-05-06 16:00,116.971,7.9093
2026-05-06 17:00,116.971,7.9093
2026-05-06 18:00,116.979,8.2157
2026-05-06 19:00,116.975,8.0625
2026-05-06 20:00,116.977,8.1391
2026-05-06 21:00,116.976,8.1008
2026-05-06 22:00,116.974,8.0242
2026-05-06 23:00,116.983,8.3689
2026-05-07 00:00,117.005,9.369
2026-05-07 01:00,117.014,9.9972
2026-05-07 02:00,117.008,9.5784
2026-05-07 03:00,117.006,9.4388
2026-05-07 04:00,116.987,8.5221
2026-05-07 05:00,116.977,8.1391
2026-05-07 06:00,116.98,8.254
2026-05-07 07:00,116.979,8.2157
2026-05-07 08:00,116.968,7.7944
2026-05-07 09:00,116.964,7.6412
2026-05-07 10:00,116.965,7.6795
2026-05-07 11:00,116.981,8.2923
2026-05-07 12:00,116.979,8.2157
2026-05-07 13:00,116.976,8.1008
2026-05-07 14:00,116.969,7.8327
2026-05-07 15:00,116.959,7.4497
2026-05-07 16:00,116.957,7.3731
2026-05-07 17:00,116.953,7.2199
2026-05-07 18:00,116.952,7.1816
2026-05-07 19:00,116.949,7.0667
2026-05-07 20:00,116.956,7.3348
2026-05-07 21:00,116.963,7.6029
2026-05-07 22:00,116.994,8.7902
2026-05-07 23:00,117.091,15.3718
2026-05-08 00:00,117.118,17.2564
2026-05-08 01:00,117.109,16.6282
2026-05-08 02:00,117.103,16.2094
2026-05-08 03:00,117.09,15.302
2026-05-08 04:00,117.09,15.302
2026-05-08 05:00,117.089,15.2322
2026-05-08 06:00,117.074,14.1852
2026-05-08 07:00,117.059,13.1382
2026-05-08 08:00,117.044,12.0912
2026-05-08 09:00,117.029,11.0442
2026-05-08 10:00,117.013,9.9274
2026-05-08 11:00,117.006,9.4388
2026-05-08 12:00,116.993,8.7519
2026-05-08 13:00,116.989,8.5987
2026-05-08 14:00,116.986,8.4838
2026-05-08 15:00,116.983,8.3689
2026-05-08 16:00,116.999,8.9817
2026-05-08 17:00,117.014,9.9972
2026-05-08 18:00,117.005,9.369
2026-05-08 19:00,117.005,9.369
2026-05-08 20:00,117.069,13.8362
2026-05-08 21:00,117.043,12.0214
2026-05-08 22:00,117.021,10.4858
2026-05-08 23:00,117.006,9.4388
2026-05-09 00:00,116.995,8.8285
2026-05-09 01:00,116.989,8.5987
2026-05-09 02:00,117.03,11.114
2026-05-09 03:00,117.173,21.0954
2026-05-09 04:00,117.289,31.89335
2026-05-09 05:00,117.492,54.9424
2026-05-09 06:00,117.456,50.2732
2026-05-09 07:00,117.392,42.2088
2026-05-09 08:00,117.354,38.4031
2026-05-09 09:00,117.32,34.998
2026-05-09 10:00,117.313,34.29695
2026-05-09 11:00,117.298,32.7947
2026-05-09 12:00,117.27,29.9905
2026-05-09 13:00,117.243,27.28645
2026-05-09 14:00,117.217,24.68255
2026-05-09 15:00,117.195,22.631
2026-05-09 16:00,117.171,20.9558
2026-05-09 17:00,117.15,19.49
2026-05-09 18:00,117.136,18.5128
2026-05-09 19:00,117.118,17.2564
2026-05-09 20:00,117.106,16.4188
2026-05-09 21:00,117.093,15.5114
2026-05-09 22:00,117.078,14.4644
2026-05-09 23:00,117.072,14.0456
2026-05-10 00:00,117.064,13.4872
2026-05-10 01:00,117.054,12.7892
2026-05-10 02:00,117.053,12.7194
2026-05-10 03:00,117.099,15.9302
2026-05-10 04:00,117.116,17.1168
2026-05-10 05:00,117.104,16.2792
2026-05-10 06:00,117.108,16.5584
2026-05-10 07:00,117.107,16.4886
2026-05-10 08:00,117.113,16.9074
2026-05-10 09:00,117.108,16.5584
2026-05-10 10:00,117.1,16.0
2026-05-10 11:00,117.087,15.0926
2026-05-10 12:00,117.074,14.1852
2026-05-10 13:00,117.066,13.6268
2026-05-10 14:00,117.061,13.2778
2026-05-10 15:00,117.049,12.4402
2026-05-10 16:00,117.046,12.2308
2026-05-10 17:00,117.062,13.3476
2026-05-10 18:00,117.129,18.0242
2026-05-10 19:00,117.339,36.90085
2026-05-10 20:00,117.469,51.9593
2026-05-10 21:00,117.551,62.5947
2026-05-10 22:00,117.599,68.8203
2026-05-10 23:00,117.641,75.4608
2026-05-11 00:00,117.645,76.096
2026-05-11 01:00,117.625,72.92
2026-05-11 02:00,117.585,67.0045
2026-05-11 03:00,117.534,60.3898
2026-05-11 04:00,117.491,54.8127
2026-05-11 05:00,117.444,48.7168
2026-05-11 06:00,117.407,43.9179
2026-05-11 07:00,117.365,39.50475
2026-05-11 08:00,117.342,37.2013
2026-05-11 09:00,117.312,34.1968
2026-05-11 10:00,117.285,31.49275
2026-05-11 11:00,117.263,29.28945
2026-05-11 12:00,117.251,28.08765
2026-05-11 13:00,117.225,25.48375
2026-05-11 14:00,117.216,24.5824
2026-05-11 15:00,117.194,22.5612
2026-05-11 16:00,117.185,21.933
2026-05-11 17:00,117.172,21.0256
2026-05-11 18:00,117.161,20.2578
2026-05-11 19:00,117.148,19.3504
2026-05-11 20:00,117.14,18.792
2026-05-11 21:00,117.136,18.5128
2026-05-11 22:00,117.165,20.537
2026-05-11 23:00,117.185,21.933
2026-05-12 00:00,117.174,21.1652
2026-05-12 01:00,117.162,20.3276
2026-05-12 02:00,117.15,19.49
2026-05-12 03:00,117.136,18.5128
2026-05-12 04:00,117.125,17.745
2026-05-12 05:00,117.112,16.8376
2026-05-12 06:00,117.103,16.2094
2026-05-12 07:00,117.095,15.651
2026-05-12 08:00,117.091,15.3718
2026-05-12 09:00,117.084,14.8832
2026-05-12 10:00,117.072,14.0456
2026-05-12 11:00,117.071,13.9758
2026-05-12 12:00,117.065,13.557
2026-05-12 13:00,117.058,13.0684
2026-05-12 14:00,117.063,13.4174
2026-05-12 15:00,117.061,13.2778
2026-05-12 16:00,117.054,12.7892
2026-05-12 17:00,117.046,12.2308
2026-05-12 18:00,117.042,11.9516
2026-05-12 19:00,117.047,12.3006
2026-05-12 20:00,117.073,14.1154
2026-05-12 21:00,117.103,16.2094
2026-05-12 22:00,117.116,17.1168
2026-05-12 23:00,117.124,17.6752
2026-05-13 00:00,117.133,18.3034
2026-05-13 01:00,117.147,19.2806
2026-05-13 02:00,117.17,20.886
2026-05-13 03:00,117.169,20.8162
2026-05-13 04:00,117.165,20.537
2026-05-13 05:00,117.162,20.3276
2026-05-13 06:00,117.153,19.6994
2026-05-13 07:00,117.136,18.5128
2026-05-13 08:00,117.124,17.6752
2026-05-13 09:00,117.11,16.698
2026-05-13 10:00,117.101,16.0698
2026-05-13 11:00,117.091,15.3718
2026-05-13 12:00,117.083,14.8134
2026-05-13 13:00,117.076,14.3248
2026-05-13 14:00,117.07,13.906
2026-05-13 15:00,117.06,13.208
2026-05-13 16:00,117.055,12.859
2026-05-13 17:00,117.052,12.6496
2026-05-13 18:00,117.046,12.2308
2026-05-13 19:00,117.043,12.0214
2026-05-13 20:00,117.044,12.0912
2026-05-13 21:00,117.037,11.6026
2026-05-13 22:00,117.032,11.2536
2026-05-13 23:00,117.029,11.0442
2026-05-14 00:00,117.024,10.6952
2026-05-14 01:00,117.027,10.9046
2026-05-14 02:00,117.029,11.0442
2026-05-14 03:00,117.029,11.0442
2026-05-14 04:00,117.027,10.9046
2026-05-14 05:00,117.027,10.9046
2026-05-14 06:00,117.03,11.114
2026-05-14 07:00,117.037,11.6026
2026-05-14 08:00,117.042,11.9516
2026-05-14 09:00,117.044,12.0912
2026-05-14 10:00,117.049,12.4402
2026-05-14 11:00,117.047,12.3006
2026-05-14 12:00,117.047,12.3006
2026-05-14 13:00,117.041,11.8818
2026-05-14 14:00,117.036,11.5328
2026-05-14 15:00,117.033,11.3234
2026-05-14 16:00,117.03,11.114
2026-05-14 17:00,117.022,10.5556
2026-05-14 18:00,117.023,10.6254
2026-05-14 19:00,117.016,10.1368
2026-05-14 20:00,117.015,10.067
2026-05-14 21:00,117.015,10.067
2026-05-14 22:00,117.013,9.9274
2026-05-14 23:00,117.008,9.5784
2026-05-15 00:00,117.0,9.02
2026-05-15 01:00,117.001,9.0898
2026-05-15 02:00,116.997,8.9051
2026-05-15 03:00,117.039,11.7422
2026-05-15 04:00,117.04,11.812
2026-05-15 05:00,117.041,11.8818
2026-05-15 06:00,117.041,11.8818
2026-05-15 07:00,117.079,14.5342
2026-05-15 08:00,117.101,16.0698
2026-05-15 09:00,117.101,16.0698
2026-05-15 10:00,117.091,15.3718
2026-05-15 11:00,117.08,14.604
2026-05-15 12:00,117.08,14.604
2026-05-15 13:00,117.069,13.8362
2026-05-15 14:00,117.06,13.208
2026-05-15 15:00,117.059,13.1382
2026-05-15 16:00,117.053,12.7194
2026-05-15 17:00,117.055,12.859
2026-05-15 18:00,117.049,12.4402
2026-05-15 19:00,117.044,12.0912
2026-05-15 20:00,117.043,12.0214
2026-05-15 21:00,117.04,11.812
2026-05-15 22:00,117.045,12.161
2026-05-15 23:00,117.068,13.7664
2026-05-16 00:00,117.1,16.0
2026-05-16 01:00,117.139,18.7222
2026-05-16 02:00,117.354,38.4031
2026-05-16 03:00,117.509,57.1473
2026-05-16 04:00,117.609,70.3792
2026-05-16 05:00,117.695,84.036
2026-05-16 06:00,117.724,88.6412
2026-05-16 07:00,117.71,86.418
2026-05-16 08:00,117.69,83.242
2026-05-16 09:00,117.646,76.2548
2026-05-16 10:00,117.594,68.1718
2026-05-16 11:00,117.546,61.9462
2026-05-16 12:00,117.5,55.98
2026-05-16 13:00,117.462,51.0514
2026-05-16 14:00,117.43,46.901
2026-05-16 15:00,117.4,43.01
2026-05-16 16:00,117.373,40.30595
2026-05-16 17:00,117.356,38.6034
2026-05-16 18:00,117.335,36.50025
2026-05-16 19:00,117.319,34.89785
2026-05-16 20:00,117.304,33.3956
2026-05-16 21:00,117.281,31.09215
2026-05-16 22:00,117.272,30.1908
2026-05-16 23:00,117.262,29.1893
2026-05-17 00:00,117.244,27.3866
2026-05-17 01:00,117.235,26.48525
2026-05-17 02:00,117.225,25.48375
2026-05-17 03:00,117.212,24.1818
2026-05-17 04:00,117.202,23.1803
2026-05-17 05:00,117.195,22.631
2026-05-17 06:00,117.183,21.7934
2026-05-17 07:00,117.178,21.4444
2026-05-17 08:00,117.171,20.9558
2026-05-17 09:00,117.164,20.4672
2026-05-17 10:00,117.163,20.3974
2026-05-17 11:00,117.15,19.49
2026-05-17 12:00,117.15,19.49
2026-05-17 13:00,117.14,18.792
2026-05-17 14:00,117.14,18.792
2026-05-17 15:00,117.13,18.094
2026-05-17 16:00,117.125,17.745
2026-05-17 17:00,117.12,17.396
2026-05-17 18:00,117.114,16.9772
2026-05-17 19:00,117.105,16.349
2026-05-17 20:00,117.101,16.0698
2026-05-17 21:00,117.097,15.7906
2026-05-17 22:00,117.092,15.4416
2026-05-17 23:00,117.085,14.953
2026-05-18 00:00,117.082,14.7436
2026-05-18 01:00,117.077,14.3946
2026-05-18 02:00,117.073,14.1154
2026-05-18 03:00,117.07,13.906
2026-05-18 04:00,117.064,13.4872
2026-05-18 05:00,117.069,13.8362
2026-05-18 06:00,117.063,13.4174
2026-05-18 07:00,117.058,13.0684
2026-05-18 08:00,117.057,12.9986
2026-05-18 09:00,117.053,12.7194
2026-05-18 10:00,117.05,12.51
2026-05-18 11:00,117.048,12.3704
2026-05-18 12:00,117.042,11.9516
2026-05-18 13:00,117.043,12.0214
2026-05-18 14:00,117.039,11.7422
2026-05-18 15:00,117.038,11.6724
2026-05-18 16:00,117.032,11.2536
2026-05-18 17:00,117.031,11.1838
2026-05-18 18:00,117.026,10.8348
2026-05-18 19:00,117.028,10.9744
2026-05-18 20:00,117.02,10.416
2026-05-18 21:00,117.013,9.9274
2026-05-18 22:00,117.019,10.3462
2026-05-18 23:00,117.016,10.1368
2026-05-19 00:00,117.013,9.9274
2026-05-19 01:00,117.007,9.5086
2026-05-19 02:00,117.01,9.718
2026-05-19 03:00,117.009,9.6482
2026-05-19 04:00,117.009,9.6482
2026-05-19 05:00,117.01,9.718
2026-05-19 06:00,117.008,9.5784
2026-05-19 07:00,117.007,9.5086
2026-05-19 08:00,117.011,9.7878
2026-05-19 09:00,117.011,9.7878
2026-05-19 10:00,117.012,9.8576
2026-05-19 11:00,117.012,9.8576
2026-05-19 12:00,117.01,9.718
2026-05-19 13:00,117.01,9.718
2026-05-19 14:00,117.013,9.9274
2026-05-19 15:00,117.017,10.2066
2026-05-19 16:00,117.02,10.416
2026-05-19 17:00,117.016,10.1368
2026-05-19 18:00,117.019,10.3462
2026-05-19 19:00,117.025,10.765
2026-05-19 20:00,117.021,10.4858
2026-05-19 21:00,117.011,9.7878
2026-05-19 22:00,117.007,9.5086
2026-05-19 23:00,117.01,9.718
2026-05-20 00:00,117.005,9.369
2026-05-20 01:00,117.003,9.2294
2026-05-20 02:00,117.006,9.4388
2026-05-20 03:00,117.002,9.1596
2026-05-20 04:00,117.005,9.369
2026-05-20 05:00,117.0,9.02
2026-05-20 06:00,117.002,9.1596
2026-05-20 07:00,116.998,8.9434
2026-05-20 08:00,116.995,8.8285
2026-05-20 09:00,116.995,8.8285
2026-05-20 10:00,116.997,8.9051
2026-05-20 11:00,116.992,8.7136
2026-05-20 12:00,116.998,8.9434
2026-05-20 13:00,116.99,8.637
2026-05-20 14:00,116.993,8.7519
2026-05-20 15:00,116.993,8.7519
2026-05-20 16:00,116.988,8.5604
2026-05-20 17:00,116.99,8.637
2026-05-20 18:00,116.997,8.9051
2026-05-20 19:00,117.009,9.6482
2026-05-20 20:00,117.014,9.9972
2026-05-20 21:00,117.032,11.2536
2026-05-20 22:00,117.051,12.5798
2026-05-20 23:00,117.057,12.9986
2026-05-21 00:00,117.05,12.51
2026-05-21 01:00,117.045,12.161
2026-05-21 02:00,117.074,14.1852
2026-05-21 03:00,117.094,15.5812
2026-05-21 04:00,117.089,15.2322
2026-05-21 05:00,117.089,15.2322
2026-05-21 06:00,117.084,14.8832
2026-05-21 07:00,117.069,13.8362
2026-05-21 08:00,117.061,13.2778
2026-05-21 09:00,117.048,12.3704
2026-05-21 10:00,117.042,11.9516
2026-05-21 11:00,117.038,11.6724
2026-05-21 12:00,117.028,10.9744
2026-05-21 13:00,117.026,10.8348
2026-05-21 14:00,117.026,10.8348
2026-05-21 15:00,117.023,10.6254
2026-05-21 16:00,117.017,10.2066
2026-05-21 17:00,117.019,10.3462
2026-05-21 18:00,117.012,9.8576
2026-05-21 19:00,117.012,9.8576
2026-05-21 20:00,117.009,9.6482
2026-05-21 21:00,117.007,9.5086
2026-05-21 22:00,117.001,9.0898
2026-05-21 23:00,117.014,9.9972
2026-05-22 00:00,117.028,10.9744
2026-05-22 01:00,117.017,10.2066
2026-05-22 02:00,117.003,9.2294
2026-05-22 03:00,116.998,8.9434
2026-05-22 04:00,116.995,8.8285
2026-05-22 05:00,116.99,8.637
2026-05-22 06:00,116.991,8.6753
2026-05-22 07:00,116.988,8.5604
2026-05-22 08:00,116.983,8.3689
2026-05-22 09:00,116.985,8.4455
2026-05-22 10:00,116.98,8.254
2026-05-22 11:00,116.979,8.2157
2026-05-22 12:00,116.981,8.2923
2026-05-22 13:00,116.979,8.2157
2026-05-22 14:00,116.977,8.1391
2026-05-22 15:00,116.977,8.1391
2026-05-22 16:00,116.973,7.9859
2026-05-22 17:00,116.969,7.8327
2026-05-22 18:00,116.97,7.871
2026-05-22 19:00,116.966,7.7178
2026-05-22 20:00,116.965,7.6795
2026-05-22 21:00,116.962,7.5646
2026-05-22 22:00,116.968,7.7944
2026-05-22 23:00,116.965,7.6795
2026-05-23 00:00,116.961,7.5263
2026-05-23 01:00,116.96,7.488
2026-05-23 02:00,116.963,7.6029
2026-05-23 03:00,116.958,7.4114
2026-05-23 04:00,116.958,7.4114
2026-05-23 05:00,116.954,7.2582
2026-05-23 06:00,116.956,7.3348
2026-05-23 07:00,116.954,7.2582
2026-05-23 08:00,116.957,7.3731
2026-05-23 09:00,116.955,7.2965
2026-05-23 10:00,116.953,7.2199
2026-05-23 11:00,116.959,7.4497
2026-05-23 12:00,116.949,7.0667
2026-05-23 13:00,116.952,7.1816
2026-05-23 14:00,116.95,7.105
2026-05-23 15:00,116.951,7.1433
2026-05-23 16:00,116.95,7.105
2026-05-23 17:00,116.95,7.105
2026-05-23 18:00,116.946,6.9518
2026-05-23 19:00,116.95,7.105
2026-05-23 20:00,116.941,6.7603
2026-05-23 21:00,116.941,6.7603
2026-05-23 22:00,116.941,6.7603
2026-05-23 23:00,116.945,6.9135
2026-05-24 00:00,116.942,6.7986
2026-05-24 01:00,116.941,6.7603
2026-05-24 02:00,116.941,6.7603
2026-05-24 03:00,116.941,6.7603
2026-05-24 04:00,116.942,6.7986
2026-05-24 05:00,116.944,6.8752
2026-05-24 06:00,116.94,6.722
2026-05-24 07:00,116.938,6.6454
2026-05-24 08:00,116.938,6.6454
2026-05-24 09:00,116.936,6.5688
2026-05-24 10:00,116.94,6.722
2026-05-24 11:00,116.937,6.6071
2026-05-24 12:00,116.937,6.6071
2026-05-24 13:00,116.939,6.6837
2026-05-24 14:00,116.939,6.6837
2026-05-24 15:00,116.942,6.7986
2026-05-24 16:00,116.938,6.6454
2026-05-24 17:00,116.938,6.6454
2026-05-24 18:00,116.933,6.4539
2026-05-24 19:00,116.936,6.5688
2026-05-24 20:00,116.933,6.4539
2026-05-24 21:00,116.931,6.3773
2026-05-24 22:00,116.934,6.4922
2026-05-24 23:00,116.933,6.4539
2026-05-25 00:00,116.935,6.5305
2026-05-25 01:00,116.933,6.4539
2026-05-25 02:00,116.936,6.5688
2026-05-25 03:00,116.93,6.339
2026-05-25 04:00,116.932,6.4156
2026-05-25 05:00,116.932,6.4156
2026-05-25 06:00,116.93,6.339
2026-05-25 07:00,116.931,6.3773
2026-05-25 08:00,116.93,6.339
2026-05-25 09:00,116.932,6.4156
2026-05-25 10:00,116.931,6.3773
2026-05-25 11:00,116.931,6.3773
2026-05-25 12:00,116.933,6.4539
2026-05-25 13:00,116.931,6.3773
2026-05-25 14:00,116.934,6.4922
2026-05-25 15:00,116.951,7.1433
2026-05-25 16:00,116.967,7.7561
2026-05-25 17:00,116.965,7.6795
2026-05-25 18:00,116.963,7.6029
2026-05-25 19:00,116.958,7.4114
2026-05-25 20:00,116.964,7.6412
2026-05-25 21:00,116.978,8.1774
2026-05-25 22:00,116.991,8.6753
2026-05-25 23:00,116.992,8.7136
2026-05-26 00:00,116.991,8.6753
2026-05-26 01:00,116.99,8.637
2026-05-26 02:00,116.977,8.1391
2026-05-26 03:00,116.981,8.2923
2026-05-26 04:00,116.972,7.9476
2026-05-26 05:00,116.972,7.9476
2026-05-26 06:00,116.967,7.7561
2026-05-26 07:00,116.965,7.6795
2026-05-26 08:00,116.962,7.5646
2026-05-26 09:00,116.96,7.488
2026-05-26 10:00,116.959,7.4497
2026-05-26 11:00,116.959,7.4497
2026-05-26 12:00,116.963,7.6029
2026-05-26 13:00,116.964,7.6412
2026-05-26 14:00,116.964,7.6412
2026-05-26 15:00,116.973,7.9859
2026-05-26 16:00,116.973,7.9859
2026-05-26 17:00,116.971,7.9093
2026-05-26 18:00,116.97,7.871
2026-05-26 19:00,116.973,7.9859
2026-05-26 20:00,116.971,7.9093
2026-05-26 21:00,116.967,7.7561
2026-05-26 22:00,116.973,7.9859
2026-05-26 23:00,116.976,8.1008
2026-05-27 00:00,116.972,7.9476
2026-05-27 01:00,116.969,7.8327
2026-05-27 02:00,116.963,7.6029
2026-05-27 03:00,116.967,7.7561
2026-05-27 04:00,116.967,7.7561
2026-05-27 05:00,116.964,7.6412
2026-05-27 06:00,116.96,7.488
2026-05-27 07:00,116.957,7.3731
2026-05-27 08:00,116.962,7.5646
2026-05-27 09:00,116.957,7.3731
2026-05-27 10:00,116.96,7.488
2026-05-27 11:00,116.96,7.488
2026-05-27 12:00,116.96,7.488
2026-05-27 13:00,116.959,7.4497
2026-05-27 14:00,116.96,7.488
2026-05-27 15:00,116.959,7.4497
2026-05-27 16:00,116.959,7.4497
2026-05-27 17:00,116.957,7.3731
2026-05-27 18:00,116.953,7.2199
2026-05-27 19:00,116.955,7.2965
2026-05-27 20:00,116.954,7.2582
2026-05-27 21:00,116.952,7.1816
2026-05-27 22:00,116.952,7.1816
2026-05-27 23:00,116.951,7.1433
2026-05-28 00:00,116.95,7.105
2026-05-28 01:00,116.947,6.9901
2026-05-28 02:00,116.948,7.0284
2026-05-28 03:00,116.948,7.0284
2026-05-28 04:00,116.952,7.1816
2026-05-28 05:00,116.952,7.1816
2026-05-28 06:00,116.953,7.2199
2026-05-28 07:00,116.95,7.105
2026-05-28 08:00,116.951,7.1433
2026-05-28 09:00,116.953,7.2199
2026-05-28 10:00,116.953,7.2199
2026-05-28 11:00,116.948,7.0284
2026-05-28 12:00,116.951,7.1433
2026-05-28 13:00,116.949,7.0667
2026-05-28 14:00,116.947,6.9901
2026-05-28 15:00,116.946,6.9518
2026-05-28 16:00,116.947,6.9901
2026-05-28 17:00,116.943,6.8369
2026-05-28 18:00,116.943,6.8369
2026-05-28 19:00,116.942,6.7986
2026-05-28 20:00,116.945,6.9135
2026-05-28 21:00,116.943,6.8369
2026-05-28 22:00,116.943,6.8369
2026-05-28 23:00,116.942,6.7986
2026-05-29 00:00,116.939,6.6837
2026-05-29 01:00,116.94,6.722
2026-05-29 02:00,116.941,6.7603
2026-05-29 03:00,116.938,6.6454
2026-05-29 04:00,116.924,6.1092
2026-05-29 05:00,116.92,5.956
2026-05-29 06:00,116.912,5.6496
2026-05-29 07:00,116.91,5.573
2026-05-29 08:00,116.91,5.573
2026-05-29 09:00,116.912,5.6496
2026-05-29 10:00,116.908,5.4964
2026-05-29 11:00,116.909,5.5347
2026-05-29 12:00,116.911,5.6113
2026-05-29 13:00,116.908,5.4964
2026-05-29 14:00,116.909,5.5347
2026-05-29 15:00,116.911,5.6113
2026-05-29 16:00,116.91,5.573
2026-05-29 17:00,116.909,5.5347
2026-05-29 18:00,116.906,5.4198
2026-05-29 19:00,116.904,5.3432
2026-05-29 20:00,116.906,5.4198
2026-05-29 21:00,116.908,5.4964
2026-05-29 22:00,116.91,5.573
2026-05-29 23:00,116.915,5.7645
2026-05-30 00:00,116.911,5.6113
2026-05-30 01:00,116.915,5.7645
2026-05-30 02:00,116.916,5.8028
2026-05-30 03:00,116.913,5.6879
2026-05-30 04:00,116.919,5.9177
2026-05-30 05:00,116.918,5.8794
2026-05-30 06:00,116.921,5.9943
2026-05-30 07:00,116.919,5.9177
2026-05-30 08:00,116.922,6.0326
2026-05-30 09:00,116.921,5.9943
2026-05-30 10:00,116.92,5.956
2026-05-30 11:00,116.922,6.0326
2026-05-30 12:00,116.922,6.0326
2026-05-30 13:00,116.918,5.8794
2026-05-30 14:00,116.917,5.8411
2026-05-30 15:00,116.918,5.8794
2026-05-30 16:00,116.909,5.5347
2026-05-30 17:00,116.909,5.5347
2026-05-30 18:00,116.904,5.3432
2026-05-30 19:00,116.899,5.1517
2026-05-30 20:00,116.903,5.3049
2026-05-30 21:00,116.901,5.2283
2026-05-30 22:00,116.898,5.1134
2026-05-30 23:00,116.898,5.1134
2026-05-31 00:00,116.897,5.0751
2026-05-31 01:00,116.9,5.19
2026-05-31 02:00,116.899,5.1517
2026-05-31 03:00,116.896,5.0368
2026-05-31 04:00,116.896,5.0368
2026-05-31 05:00,116.899,5.1517
2026-05-31 06:00,116.898,5.1134
2026-05-31 07:00,116.896,5.0368
2026-05-31 08:00,116.898,5.1134
2026-05-31 09:00,116.897,5.0751
2026-05-31 10:00,116.895,4.9985
2026-05-31 11:00,116.901,5.2283
2026-05-31 12:00,116.9,5.19
2026-05-31 13:00,116.897,5.0751
2026-05-31 14:00,116.894,4.9602
2026-05-31 15:00,116.893,4.9219
2026-05-31 16:00,116.893,4.9219
2026-05-31 17:00,116.898,5.1134
2026-05-31 18:00,116.899,5.1517
2026-05-31 19:00,116.89,4.807
2026-05-31 20:00,116.892,4.8836
2026-05-31 21:00,116.892,4.8836
2026-05-31 22:00,116.892,4.8836
2026-05-31 23:00,116.886,4.6538
2026-06-01 00:00,116.889,4.7687
2026-06-01 01:00,116.89,4.807
2026-06-01 02:00,116.891,4.8453
2026-06-01 03:00,116.887,4.6921
2026-06-01 04:00,116.89,4.807
2026-06-01 05:00,116.892,4.8836
2026-06-01 06:00,116.892,4.8836
2026-06-01 07:00,116.888,4.7304
2026-06-01 08:00,116.889,4.7687
2026-06-01 09:00,116.885,4.6155
2026-06-01 10:00,116.887,4.6921
2026-06-01 11:00,116.889,4.7687
2026-06-01 12:00,116.889,4.7687
2026-06-01 13:00,116.89,4.807
2026-06-01 14:00,116.887,4.6921
2026-06-01 15:00,116.89,4.807
2026-06-01 16:00,116.89,4.807
2026-06-01 17:00,116.885,4.6155
2026-06-01 18:00,116.889,4.7687
2026-06-01 19:00,116.889,4.7687
2026-06-01 20:00,116.892,4.8836
2026-06-01 21:00,116.897,5.0751
2026-06-01 22:00,116.898,5.1134
2026-06-01 23:00,116.897,5.0751
2026-06-02 00:00,116.898,5.1134
2026-06-02 01:00,116.899,5.1517
2026-06-02 02:00,116.899,5.1517
2026-06-02 03:00,116.898,5.1134
2026-06-02 04:00,116.902,5.2666
2026-06-02 05:00,116.897,5.0751
2026-06-02 06:00,116.902,5.2666
2026-06-02 07:00,116.905,5.3815
2026-06-02 08:00,116.906,5.4198
2026-06-02 09:00,116.912,5.6496
2026-06-02 10:00,116.928,6.2624
2026-06-02 11:00,116.954,7.2582
2026-06-02 12:00,117.004,9.2992
2026-06-02 13:00,117.058,13.0684
2026-06-02 14:00,117.106,16.4188
2026-06-02 15:00,117.128,17.9544
2026-06-02 16:00,117.124,17.6752
2026-06-02 17:00,117.129,18.0242
2026-06-02 18:00,117.173,21.0954
2026-06-02 19:00,117.235,26.48525
2026-06-02 20:00,117.271,30.09065
2026-06-02 21:00,117.241,27.08615
2026-06-02 22:00,117.195,22.631
2026-06-02 23:00,117.156,19.9088
2026-06-03 00:00,117.124,17.6752
2026-06-03 01:00,117.108,16.5584
2026-06-03 02:00,117.085,14.953
2026-06-03 03:00,117.065,13.557
2026-06-03 04:00,117.05,12.51
2026-06-03 05:00,117.042,11.9516
2026-06-03 06:00,117.031,11.1838
2026-06-03 07:00,117.025,10.765
2026-06-03 08:00,117.013,9.9274
2026-06-03 09:00,117.015,10.067
2026-06-03 10:00,117.01,9.718
2026-06-03 11:00,117.01,9.718
2026-06-03 12:00,117.007,9.5086
2026-06-03 13:00,117.007,9.5086
2026-06-03 14:00,117.0,9.02
2026-06-03 15:00,116.993,8.7519
2026-06-03 16:00,116.992,8.7136
2026-06-03 17:00,116.988,8.5604
2026-06-03 18:00,116.982,8.3306
2026-06-03 19:00,116.982,8.3306
2026-06-03 20:00,116.973,7.9859
2026-06-03 21:00,116.968,7.7944
2026-06-03 22:00,116.959,7.4497
2026-06-03 23:00,116.958,7.4114
2026-06-04 00:00,116.957,7.3731
2026-06-04 01:00,116.953,7.2199
2026-06-04 02:00,116.952,7.1816
2026-06-04 03:00,116.95,7.105
2026-06-04 04:00,116.95,7.105
2026-06-04 05:00,116.944,6.8752
2026-06-04 06:00,116.947,6.9901
2026-06-04 07:00,116.945,6.9135
2026-06-04 08:00,116.946,6.9518
2026-06-04 09:00,116.942,6.7986
2026-06-04 10:00,116.941,6.7603
2026-06-04 11:00,116.939,6.6837
2026-06-04 12:00,116.94,6.722
2026-06-04 13:00,116.938,6.6454
2026-06-04 14:00,116.938,6.6454
2026-06-04 16:00,116.932,6.4156
2026-06-04 17:00,116.923,6.0709
2026-06-04 18:00,116.923,6.0709
2026-06-04 19:00,116.925,6.1475
2026-06-04 20:00,116.924,6.1092
2026-06-04 21:00,116.926,6.1858
2026-06-04 22:00,116.929,6.3007
2026-06-04 23:00,116.924,6.1092
2026-06-05 00:00,116.919,5.9177
2026-06-05 01:00,116.924,6.1092
2026-06-05 02:00,116.921,5.9943
2026-06-05 03:00,116.924,6.1092
2026-06-05 04:00,116.924,6.1092
2026-06-05 05:00,116.928,6.2624
2026-06-05 06:00,116.924,6.1092
2026-06-05 07:00,116.924,6.1092
2026-06-05 08:00,116.923,6.0709
2026-06-05 09:00,116.924,6.1092
2026-06-05 10:00,116.93,6.339
2026-06-05 11:00,116.939,6.6837
2026-06-05 12:00,116.944,6.8752
2026-06-05 13:00,116.938,6.6454
2026-06-05 14:00,116.937,6.6071
2026-06-05 15:00,116.932,6.4156
2026-06-05 16:00,116.927,6.2241
2026-06-05 17:00,116.929,6.3007
2026-06-05 18:00,116.93,6.339
2026-06-05 19:00,116.927,6.2241
2026-06-05 20:00,116.925,6.1475
2026-06-05 21:00,116.923,6.0709
2026-06-05 22:00,116.921,5.9943
2026-06-05 23:00,116.919,5.9177
2026-06-06 00:00,116.916,5.8028
2026-06-06 01:00,116.922,6.0326
2026-06-06 02:00,116.918,5.8794
2026-06-06 03:00,116.918,5.8794
2026-06-06 04:00,116.916,5.8028
2026-06-06 05:00,116.911,5.6113
2026-06-06 06:00,116.916,5.8028
2026-06-06 07:00,116.912,5.6496
2026-06-06 08:00,116.912,5.6496
2026-06-06 09:00,116.91,5.573
2026-06-06 10:00,116.912,5.6496
2026-06-06 11:00,116.911,5.6113
2026-06-06 12:00,116.911,5.6113
2026-06-06 13:00,116.908,5.4964
2026-06-06 14:00,116.907,5.4581
2026-06-06 15:00,116.914,5.7262
2026-06-06 16:00,116.915,5.7645
2026-06-06 17:00,116.915,5.7645
2026-06-06 18:00,116.921,5.9943
2026-06-06 19:00,116.916,5.8028
2026-06-06 20:00,116.917,5.8411
2026-06-06 21:00,116.917,5.8411
2026-06-06 22:00,116.922,6.0326
2026-06-06 23:00,116.915,5.7645
2026-06-07 00:00,116.921,5.9943
2026-06-07 01:00,116.915,5.7645
2026-06-07 02:00,116.917,5.8411
2026-06-07 03:00,116.914,5.7262
2026-06-07 04:00,116.915,5.7645
2026-06-07 05:00,116.912,5.6496
2026-06-07 06:00,116.909,5.5347
2026-06-07 07:00,116.909,5.5347
2026-06-07 08:00,116.909,5.5347
2026-06-07 09:00,116.911,5.6113
2026-06-07 10:00,116.908,5.4964
2026-06-07 11:00,116.908,5.4964
2026-06-07 12:00,116.907,5.4581
2026-06-07 13:00,116.907,5.4581
2026-06-07 14:00,116.904,5.3432
2026-06-07 15:00,116.904,5.3432
2026-06-07 16:00,116.902,5.2666
2026-06-07 17:00,116.9,5.19
2026-06-07 18:00,116.903,5.3049
2026-06-07 19:00,116.897,5.0751
2026-06-07 20:00,116.898,5.1134
2026-06-07 21:00,116.897,5.0751
2026-06-07 22:00,116.895,4.9985
2026-06-07 23:00,116.9,5.19
2026-06-08 00:00,116.899,5.1517
2026-06-08 01:00,116.892,4.8836
2026-06-08 02:00,116.901,5.2283
2026-06-08 03:00,116.898,5.1134
2026-06-08 04:00,116.899,5.1517
2026-06-08 05:00,116.902,5.2666
2026-06-08 06:00,116.898,5.1134
2026-06-08 07:00,116.9,5.19
2026-06-08 08:00,116.9,5.19
2026-06-08 09:00,116.903,5.3049
2026-06-08 10:00,116.904,5.3432
2026-06-08 11:00,116.921,5.9943
2026-06-08 12:00,116.924,6.1092
2026-06-08 13:00,116.922,6.0326
2026-06-08 14:00,116.918,5.8794
2026-06-08 15:00,116.911,5.6113
2026-06-08 16:00,116.909,5.5347
2026-06-08 17:00,116.913,5.6879
2026-06-08 18:00,116.904,5.3432
2026-06-08 19:00,116.906,5.4198
2026-06-08 20:00,116.905,5.3815
2026-06-08 21:00,116.905,5.3815
2026-06-08 22:00,116.904,5.3432
2026-06-08 23:00,116.904,5.3432
2026-06-09 00:00,116.903,5.3049
2026-06-09 01:00,116.901,5.2283
2026-06-09 02:00,116.896,5.0368
2026-06-09 03:00,116.901,5.2283
2026-06-09 04:00,116.902,5.2666
2026-06-09 05:00,116.904,5.3432
2026-06-09 06:00,116.902,5.2666
2026-06-09 07:00,116.902,5.2666
2026-06-09 08:00,116.898,5.1134
2026-06-09 09:00,116.898,5.1134
2026-06-09 10:00,116.897,5.0751
2026-06-09 11:00,116.895,4.9985
2026-06-09 12:00,116.892,4.8836
2026-06-09 13:00,116.894,4.9602
2026-06-09 14:00,116.892,4.8836
2026-06-09 15:00,116.893,4.9219
2026-06-09 16:00,116.891,4.8453
2026-06-09 17:00,116.889,4.7687
2026-06-09 18:00,116.89,4.807
2026-06-09 19:00,116.892,4.8836
2026-06-09 20:00,116.898,5.1134
2026-06-09 21:00,116.902,5.2666
2026-06-09 22:00,116.913,5.6879
2026-06-09 23:00,116.91,5.573
2026-06-10 00:00,116.91,5.573
2026-06-10 01:00,116.901,5.2283
2026-06-10 02:00,116.897,5.0751
2026-06-10 03:00,116.895,4.9985
2026-06-10 04:00,116.893,4.9219
2026-06-10 05:00,116.895,4.9985
2026-06-10 06:00,116.891,4.8453
2026-06-10 07:00,116.89,4.807
2026-06-10 08:00,116.894,4.9602
2026-06-10 09:00,116.89,4.807
2026-06-10 10:00,116.892,4.8836
2026-06-10 11:00,116.891,4.8453
2026-06-10 12:00,116.887,4.6921
2026-06-10 13:00,116.89,4.807
2026-06-10 14:00,116.889,4.7687
2026-06-10 15:00,116.89,4.807
2026-06-10 16:00,116.892,4.8836
2026-06-10 17:00,116.89,4.807
2026-06-10 18:00,116.894,4.9602
2026-06-10 19:00,116.896,5.0368
2026-06-10 20:00,116.902,5.2666
2026-06-10 21:00,116.919,5.9177
2026-06-10 22:00,116.971,7.9093
2026-06-10 23:00,116.985,8.4455
2026-06-11 00:00,116.964,7.6412
2026-06-11 01:00,116.942,6.7986
2026-06-11 02:00,116.926,6.1858
2026-06-11 03:00,116.92,5.956
2026-06-11 04:00,116.911,5.6113
2026-06-11 05:00,116.907,5.4581
2026-06-11 06:00,116.902,5.2666
2026-06-11 07:00,116.897,5.0751
2026-06-11 08:00,116.901,5.2283
2026-06-11 09:00,116.898,5.1134
2026-06-11 10:00,116.897,5.0751
2026-06-11 11:00,116.901,5.2283
2026-06-11 12:00,116.901,5.2283
2026-06-11 13:00,116.899,5.1517
2026-06-11 14:00,116.901,5.2283
2026-06-11 15:00,116.897,5.0751
2026-06-11 16:00,116.895,4.9985
2026-06-11 17:00,116.894,4.9602
2026-06-11 18:00,116.891,4.8453
2026-06-11 19:00,116.89,4.807
2026-06-11 20:00,116.892,4.8836
2026-06-11 21:00,116.89,4.807
2026-06-11 22:00,116.892,4.8836
2026-06-11 23:00,116.891,4.8453
2026-06-12 00:00,116.892,4.8836
2026-06-12 01:00,116.888,4.7304
2026-06-12 02:00,116.89,4.807
2026-06-12 03:00,116.888,4.7304
2026-06-12 04:00,116.889,4.7687
2026-06-12 05:00,116.888,4.7304
2026-06-12 06:00,116.889,4.7687
2026-06-12 07:00,116.886,4.6538
2026-06-12 08:00,116.886,4.6538
2026-06-12 09:00,116.887,4.6921
2026-06-12 10:00,116.89,4.807
2026-06-12 11:00,116.886,4.6538
2026-06-12 12:00,116.884,4.5772
2026-06-12 13:00,116.886,4.6538
2026-06-12 14:00,116.882,4.5006
2026-06-12 15:00,116.885,4.6155
2026-06-12 16:00,116.886,4.6538
2026-06-12 17:00,116.922,6.0326
2026-06-12 18:00,116.949,7.0667
2026-06-12 19:00,116.97,7.871
2026-06-12 20:00,116.991,8.6753
2026-06-12 21:00,117.024,10.6952
2026-06-12 22:00,117.01,9.718
2026-06-12 23:00,116.982,8.3306
2026-06-13 00:00,116.968,7.7944
2026-06-13 01:00,116.951,7.1433
2026-06-13 02:00,117.099,15.9302
2026-06-13 03:00,117.136,18.5128
2026-06-13 04:00,117.115,17.047
2026-06-13 05:00,117.104,16.2792
2026-06-13 06:00,117.085,14.953
2026-06-13 07:00,117.069,13.8362
2026-06-13 08:00,117.046,12.2308
2026-06-13 09:00,117.032,11.2536
2026-06-13 10:00,117.023,10.6254
2026-06-13 11:00,117.003,9.2294
2026-06-13 12:00,116.997,8.9051
2026-06-13 13:00,116.988,8.5604
2026-06-13 14:00,116.978,8.1774
2026-06-13 15:00,116.974,8.0242
2026-06-13 16:00,116.966,7.7178
2026-06-13 17:00,116.958,7.4114
2026-06-13 18:00,116.955,7.2965
2026-06-13 19:00,116.949,7.0667
2026-06-13 20:00,116.95,7.105
2026-06-13 21:00,116.948,7.0284
2026-06-13 22:00,116.943,6.8369
2026-06-13 23:00,116.947,6.9901
2026-06-14 00:00,116.942,6.7986
2026-06-14 01:00,116.94,6.722
2026-06-14 02:00,116.937,6.6071
2026-06-14 03:00,116.934,6.4922
2026-06-14 04:00,116.937,6.6071
2026-06-14 05:00,116.945,6.9135
2026-06-14 06:00,116.949,7.0667
2026-06-14 07:00,116.945,6.9135
2026-06-14 08:00,116.964,7.6412
2026-06-14 09:00,116.993,8.7519
2026-06-14 10:00,116.988,8.5604
2026-06-14 11:00,116.978,8.1774
2026-06-14 12:00,116.965,7.6795
2026-06-14 13:00,116.96,7.488
2026-06-14 14:00,116.953,7.2199
2026-06-14 15:00,116.959,7.4497
2026-06-14 16:00,116.968,7.7944
2026-06-14 17:00,116.964,7.6412
2026-06-14 18:00,116.964,7.6412
2026-06-14 19:00,116.966,7.7178
2026-06-14 20:00,117.002,9.1596
2026-06-14 21:00,117.155,19.839
2026-06-14 22:00,117.175,21.235
2026-06-14 23:00,117.265,29.48975
2026-06-15 00:00,117.288,31.7932
2026-06-15 01:00,117.254,28.3881
2026-06-15 02:00,117.206,23.5809
2026-06-15 03:00,117.173,21.0954
2026-06-15 04:00,117.147,19.2806
2026-06-15 05:00,117.137,18.5826
2026-06-15 06:00,117.145,19.141
2026-06-15 07:00,117.158,20.0484
2026-06-15 08:00,117.155,19.839
2026-06-15 09:00,117.147,19.2806
2026-06-15 10:00,117.13,18.094
2026-06-15 11:00,117.113,16.9074
2026-06-15 12:00,117.1,16.0
2026-06-15 13:00,117.082,14.7436
2026-06-15 14:00,117.075,14.255
2026-06-15 15:00,117.06,13.208
2026-06-15 16:00,117.055,12.859
2026-06-15 17:00,117.043,12.0214
2026-06-15 18:00,117.04,11.812
2026-06-15 19:00,117.094,15.5812
2026-06-15 20:00,117.079,14.5342
2026-06-15 21:00,117.075,14.255
2026-06-15 22:00,117.058,13.0684
2026-06-15 23:00,117.045,12.161
2026-06-16 00:00,117.044,12.0912
2026-06-16 01:00,117.05,12.51
2026-06-16 02:00,117.051,12.5798
2026-06-16 03:00,117.051,12.5798
2026-06-16 04:00,117.047,12.3006
2026-06-16 05:00,117.045,12.161
2026-06-16 06:00,117.039,11.7422
2026-06-16 07:00,117.032,11.2536
2026-06-16 08:00,117.028,10.9744
2026-06-16 09:00,117.024,10.6952
2026-06-16 10:00,117.021,10.4858
2026-06-16 11:00,117.016,10.1368
2026-06-16 12:00,117.017,10.2066
2026-06-16 13:00,117.016,10.1368
2026-06-16 14:00,117.014,9.9972
2026-06-16 15:00,117.016,10.1368
2026-06-16 16:00,117.006,9.4388
2026-06-16 17:00,117.005,9.369
2026-06-16 18:00,117.001,9.0898
2026-06-16 19:00,117.063,13.4174
2026-06-16 20:00,117.05,12.51
2026-06-16 21:00,117.032,11.2536
2026-06-16 22:00,117.017,10.2066
2026-06-16 23:00,117.017,10.2066
2026-06-17 00:00,117.018,10.2764
2026-06-17 01:00,117.019,10.3462
2026-06-17 02:00,117.007,9.5086
2026-06-17 03:00,117.002,9.1596
2026-06-17 04:00,116.999,8.9817
2026-06-17 05:00,116.996,8.8668
2026-06-17 06:00,116.994,8.7902
2026-06-17 07:00,116.992,8.7136
2026-06-17 08:00,116.992,8.7136
2026-06-17 09:00,116.984,8.4072
2026-06-17 10:00,116.984,8.4072
2026-06-17 11:00,116.984,8.4072
2026-06-17 12:00,116.984,8.4072
2026-06-17 13:00,116.98,8.254
2026-06-17 14:00,116.976,8.1008
2026-06-17 15:00,116.977,8.1391
2026-06-17 16:00,116.971,7.9093
2026-06-17 17:00,116.986,8.4838
2026-06-17 18:00,116.992,8.7136
2026-06-17 19:00,116.988,8.5604
2026-06-17 20:00,116.988,8.5604
2026-06-17 21:00,116.992,8.7136
2026-06-17 22:00,116.994,8.7902
2026-06-17 23:00,116.99,8.637
2026-06-18 00:00,116.988,8.5604
2026-06-18 01:00,116.985,8.4455
2026-06-18 02:00,116.984,8.4072
2026-06-18 03:00,116.98,8.254
2026-06-18 04:00,116.979,8.2157
2026-06-18 05:00,116.977,8.1391
2026-06-18 06:00,116.977,8.1391
2026-06-18 07:00,116.973,7.9859
2026-06-18 08:00,116.979,8.2157
2026-06-18 09:00,116.98,8.254
2026-06-18 10:00,116.987,8.5221
2026-06-18 11:00,117.019,10.3462
2026-06-18 12:00,117.058,13.0684
2026-06-18 13:00,117.073,14.1154
2026-06-18 14:00,117.069,13.8362
2026-06-18 15:00,117.068,13.7664
2026-06-18 16:00,117.066,13.6268
2026-06-18 17:00,117.05,12.51
2026-06-18 18:00,117.041,11.8818
2026-06-18 19:00,117.03,11.114
2026-06-18 20:00,117.025,10.765
2026-06-18 21:00,117.021,10.4858
2026-06-18 22:00,117.021,10.4858
2026-06-18 23:00,117.011,9.7878
2026-06-19 00:00,117.007,9.5086
2026-06-19 01:00,117.0,9.02
2026-06-19 02:00,116.999,8.9817
2026-06-19 03:00,116.999,8.9817
2026-06-19 04:00,116.996,8.8668
2026-06-19 05:00,116.992,8.7136
2026-06-19 06:00,116.99,8.637
2026-06-19 07:00,116.986,8.4838
2026-06-19 08:00,116.981,8.2923
2026-06-19 09:00,116.985,8.4455
2026-06-19 10:00,116.978,8.1774
2026-06-19 11:00,116.979,8.2157
2026-06-19 12:00,116.977,8.1391
2026-06-19 13:00,116.974,8.0242
2026-06-19 14:00,116.972,7.9476
2026-06-19 15:00,116.972,7.9476
2026-06-19 16:00,116.969,7.8327
2026-06-19 17:00,116.966,7.7178
2026-06-19 18:00,116.967,7.7561
2026-06-19 19:00,116.965,7.6795
2026-06-19 20:00,116.965,7.6795
2026-06-19 21:00,117.004,9.2992
2026-06-19 22:00,117.056,12.9288
2026-06-19 23:00,117.064,13.4872
2026-06-20 00:00,117.064,13.4872
2026-06-20 01:00,117.085,14.953
2026-06-20 02:00,117.129,18.0242
2026-06-20 03:00,117.157,19.9786
2026-06-20 04:00,117.173,21.0954
2026-06-20 05:00,117.172,21.0256
2026-06-20 06:00,117.154,19.7692
2026-06-20 07:00,117.135,18.443
2026-06-20 08:00,117.12,17.396
2026-06-20 09:00,117.109,16.6282
2026-06-20 10:00,117.097,15.7906
2026-06-20 11:00,117.088,15.1624
2026-06-20 12:00,117.078,14.4644
2026-06-20 13:00,117.069,13.8362
2026-06-20 14:00,117.058,13.0684
2026-06-20 15:00,117.044,12.0912
2026-06-20 16:00,117.034,11.3932
2026-06-20 17:00,117.032,11.2536
2026-06-20 18:00,117.038,11.6724
2026-06-20 19:00,117.078,14.4644
2026-06-20 20:00,117.077,14.3946
2026-06-20 21:00,117.089,15.2322
2026-06-20 22:00,117.101,16.0698
2026-06-20 23:00,117.083,14.8134
2026-06-21 00:00,117.067,13.6966
2026-06-21 01:00,117.054,12.7892
2026-06-21 02:00,117.059,13.1382
2026-06-21 03:00,117.069,13.8362
2026-06-21 04:00,117.077,14.3946
2026-06-21 05:00,117.136,18.5128
2026-06-21 06:00,117.153,19.6994
2026-06-21 07:00,117.126,17.8148
2026-06-21 08:00,117.097,15.7906
2026-06-21 09:00,117.103,16.2094
2026-06-21 10:00,117.161,20.2578
2026-06-21 11:00,117.145,19.141
2026-06-21 12:00,117.131,18.1638
2026-06-21 13:00,117.111,16.7678
2026-06-21 14:00,117.095,15.651
2026-06-21 15:00,117.088,15.1624
2026-06-21 16:00,117.08,14.604
2026-06-21 17:00,117.065,13.557
2026-06-21 18:00,117.075,14.255
2026-06-21 19:00,117.085,14.953
2026-06-21 20:00,117.516,58.0552
2026-06-21 21:00,117.641,75.4608
2026-06-21 22:00,117.538,60.9086
2026-06-21 23:00,117.459,50.6623
2026-06-22 00:00,117.389,41.90835
2026-06-22 01:00,117.343,37.30145
2026-06-22 02:00,117.299,32.89485
2026-06-22 03:00,117.262,29.1893
2026-06-22 04:00,117.237,26.68555
2026-06-22 05:00,117.222,25.1833
2026-06-22 06:00,117.198,22.8404
2026-06-22 07:00,117.188,22.1424
2026-06-22 08:00,117.172,21.0256
2026-06-22 09:00,117.163,20.3974
2026-06-22 10:00,117.159,20.1182
2026-06-22 11:00,117.14,18.792
2026-06-22 12:00,117.134,18.3732
2026-06-22 13:00,117.131,18.1638
2026-06-22 14:00,117.118,17.2564
2026-06-22 15:00,117.113,16.9074
2026-06-22 16:00,117.111,16.7678
2026-06-22 17:00,117.109,16.6282
2026-06-22 18:00,117.107,16.4886
2026-06-22 19:00,117.102,16.1396
2026-06-22 20:00,117.101,16.0698
2026-06-22 21:00,117.099,15.9302
2026-06-22 22:00,117.094,15.5812
2026-06-22 23:00,117.086,15.0228
2026-06-23 00:00,117.08,14.604
2026-06-23 01:00,117.072,14.0456
2026-06-23 02:00,117.068,13.7664
2026-06-23 03:00,117.061,13.2778
2026-06-23 04:00,117.058,13.0684
2026-06-23 05:00,117.051,12.5798
2026-06-23 06:00,117.051,12.5798
2026-06-23 07:00,117.048,12.3704
2026-06-23 08:00,117.043,12.0214
2026-06-23 09:00,117.042,11.9516
2026-06-23 10:00,117.037,11.6026
2026-06-23 11:00,117.036,11.5328
2026-06-23 12:00,117.031,11.1838
2026-06-23 13:00,117.035,11.463
2026-06-23 14:00,117.028,10.9744
2026-06-23 15:00,117.03,11.114
2026-06-23 16:00,117.036,11.5328
2026-06-23 17:00,117.036,11.5328
2026-06-23 18:00,117.04,11.812
2026-06-23 19:00,117.071,13.9758
2026-06-23 20:00,117.083,14.8134
2026-06-23 21:00,117.084,14.8832
2026-06-23 22:00,117.076,14.3248
2026-06-23 23:00,117.063,13.4174
2026-06-24 00:00,117.062,13.3476
2026-06-24 01:00,117.059,13.1382
2026-06-24 02:00,117.054,12.7892
2026-06-24 03:00,117.054,12.7892
2026-06-24 04:00,117.045,12.161
2026-06-24 05:00,117.042,11.9516
2026-06-24 06:00,117.042,11.9516
2026-06-24 07:00,117.037,11.6026
2026-06-24 08:00,117.033,11.3234
2026-06-24 09:00,117.035,11.463
2026-06-24 10:00,117.038,11.6724
2026-06-24 11:00,117.04,11.812
2026-06-24 12:00,117.038,11.6724
2026-06-24 13:00,117.035,11.463
2026-06-24 14:00,117.049,12.4402
2026-06-24 15:00,117.06,13.208
2026-06-24 16:00,117.045,12.161
2026-06-24 17:00,117.038,11.6724
2026-06-24 18:00,117.038,11.6724
2026-06-24 19:00,117.053,12.7194
2026-06-24 20:00,117.061,13.2778
2026-06-24 21:00,117.081,14.6738
2026-06-24 22:00,117.133,18.3034
2026-06-24 23:00,117.174,21.1652
2026-06-25 00:00,117.174,21.1652
2026-06-25 01:00,117.155,19.839
2026-06-25 02:00,117.137,18.5826
2026-06-25 03:00,117.121,17.4658
2026-06-25 04:00,117.107,16.4886
2026-06-25 05:00,117.095,15.651
2026-06-25 06:00,117.085,14.953
2026-06-25 07:00,117.078,14.4644
2026-06-25 08:00,117.071,13.9758
2026-06-25 09:00,117.065,13.557
2026-06-25 10:00,117.062,13.3476
2026-06-25 11:00,117.057,12.9986
2026-06-25 12:00,117.053,12.7194
2026-06-25 13:00,117.048,12.3704
2026-06-25 14:00,117.04,11.812
2026-06-25 15:00,117.036,11.5328
2026-06-25 16:00,117.036,11.5328
2026-06-25 17:00,117.043,12.0214
2026-06-25 18:00,117.071,13.9758
2026-06-25 19:00,117.11,16.698
2026-06-25 20:00,117.112,16.8376
2026-06-25 21:00,117.106,16.4188
2026-06-25 22:00,117.108,16.5584
2026-06-25 23:00,117.091,15.3718
2026-06-26 00:00,117.078,14.4644
2026-06-26 01:00,117.064,13.4872
2026-06-26 02:00,117.072,14.0456
2026-06-26 03:00,117.106,16.4188
2026-06-26 04:00,117.104,16.2792
2026-06-26 05:00,117.089,15.2322
2026-06-26 06:00,117.096,15.7208
2026-06-26 07:00,117.1,16.0
2026-06-26 08:00,117.092,15.4416
2026-06-26 09:00,117.074,14.1852
2026-06-26 10:00,117.071,13.9758
2026-06-26 11:00,117.061,13.2778
2026-06-26 12:00,117.053,12.7194
2026-06-26 13:00,117.05,12.51
2026-06-26 14:00,117.04,11.812
2026-06-26 15:00,117.038,11.6724
2026-06-26 16:00,117.031,11.1838
2026-06-26 17:00,117.028,10.9744
2026-06-26 18:00,117.02,10.416
2026-06-26 19:00,117.019,10.3462
2026-06-26 20:00,117.015,10.067
2026-06-26 21:00,117.014,9.9972
2026-06-26 22:00,117.013,9.9274
2026-06-26 23:00,117.008,9.5784
2026-06-27 00:00,117.004,9.2992
2026-06-27 01:00,117.002,9.1596
2026-06-27 02:00,117.001,9.0898
2026-06-27 03:00,117.002,9.1596
2026-06-27 04:00,116.999,8.9817
2026-06-27 05:00,116.997,8.9051
2026-06-27 06:00,116.998,8.9434
2026-06-27 07:00,116.997,8.9051
2026-06-27 08:00,116.996,8.8668
2026-06-27 09:00,116.992,8.7136
2026-06-27 10:00,116.99,8.637
2026-06-27 11:00,116.989,8.5987
2026-06-27 12:00,116.987,8.5221
2026-06-27 13:00,116.988,8.5604
2026-06-27 14:00,116.993,8.7519
2026-06-27 15:00,117.006,9.4388
2026-06-27 16:00,117.013,9.9274
2026-06-27 17:00,117.003,9.2294
2026-06-27 18:00,117.009,9.6482
2026-06-27 19:00,117.102,16.1396
2026-06-27 20:00,117.058,13.0684
2026-06-27 21:00,117.03,11.114
2026-06-27 22:00,117.016,10.1368
2026-06-27 23:00,117.002,9.1596
2026-06-28 00:00,116.999,8.9817
2026-06-28 01:00,116.994,8.7902
2026-06-28 02:00,116.993,8.7519
2026-06-28 03:00,116.99,8.637
2026-06-28 04:00,116.985,8.4455
2026-06-28 05:00,116.985,8.4455
2026-06-28 06:00,116.987,8.5221
2026-06-28 07:00,116.989,8.5987
2026-06-28 08:00,116.992,8.7136
2026-06-28 09:00,116.99,8.637
2026-06-28 10:00,116.986,8.4838
2026-06-28 11:00,116.98,8.254
2026-06-28 12:00,116.978,8.1774
2026-06-28 13:00,116.976,8.1008
2026-06-28 14:00,116.972,7.9476
2026-06-28 15:00,116.975,8.0625
2026-06-28 16:00,116.971,7.9093
2026-06-28 17:00,117.0,9.02
2026-06-28 18:00,116.991,8.6753
2026-06-28 19:00,116.983,8.3689
2026-06-28 20:00,116.987,8.5221
2026-06-28 21:00,116.985,8.4455
2026-06-28 22:00,116.982,8.3306
2026-06-28 23:00,116.986,8.4838
2026-06-29 00:00,116.994,8.7902
2026-06-29 01:00,116.983,8.3689
2026-06-29 02:00,116.988,8.5604
2026-06-29 03:00,116.998,8.9434
2026-06-29 04:00,116.99,8.637
2026-06-29 05:00,117.005,9.369
2026-06-29 06:00,117.195,22.631
2026-06-29 07:00,117.218,24.7827
2026-06-29 08:00,117.197,22.7706
2026-06-29 09:00,117.179,21.5142
2026-06-29 10:00,117.15,19.49
2026-06-29 11:00,117.137,18.5826
2026-06-29 12:00,117.132,18.2336
2026-06-29 13:00,117.125,17.745
2026-06-29 14:00,117.127,17.8846
2026-06-29 15:00,117.108,16.5584
2026-06-29 16:00,117.104,16.2792
2026-06-29 17:00,117.12,17.396
2026-06-29 18:00,117.124,17.6752
2026-06-29 19:00,117.119,17.3262
2026-06-29 20:00,117.109,16.6282
2026-06-29 21:00,117.094,15.5812
2026-06-29 22:00,117.097,15.7906
2026-06-29 23:00,117.095,15.651
2026-06-30 00:00,117.088,15.1624
2026-06-30 01:00,117.083,14.8134
2026-06-30 02:00,117.076,14.3248
2026-06-30 03:00,117.065,13.557
2026-06-30 04:00,117.056,12.9288
2026-06-30 05:00,117.047,12.3006
2026-06-30 06:00,117.045,12.161
2026-06-30 07:00,117.042,11.9516
2026-06-30 08:00,117.036,11.5328
2026-06-30 09:00,117.033,11.3234
2026-06-30 10:00,117.034,11.3932
2026-06-30 11:00,117.027,10.9046
2026-06-30 12:00,117.024,10.6952
2026-06-30 13:00,117.017,10.2066
2026-06-30 14:00,117.015,10.067
2026-06-30 15:00,117.013,9.9274
2026-06-30 16:00,117.011,9.7878
2026-06-30 17:00,117.013,9.9274
2026-06-30 18:00,117.011,9.7878
2026-06-30 19:00,117.014,9.9972
2026-06-30 20:00,117.006,9.4388
2026-06-30 21:00,117.002,9.1596
2026-06-30 22:00,117.002,9.1596
2026-06-30 23:00,117.004,9.2992
2026-07-01 00:00,117.002,9.1596
2026-07-01 01:00,117.001,9.0898
2026-07-01 02:00,117.004,9.2992
2026-07-01 03:00,116.994,8.7902
2026-07-01 04:00,116.99,8.637
2026-07-01 05:00,116.989,8.5987
2026-07-01 06:00,116.987,8.5221
2026-07-01 07:00,116.991,8.6753
2026-07-01 08:00,116.986,8.4838
2026-07-01 09:00,116.99,8.637
2026-07-01 10:00,116.986,8.4838
2026-07-01 11:00,116.984,8.4072
2026-07-01 12:00,116.982,8.3306
2026-07-01 13:00,116.983,8.3689
2026-07-01 14:00,116.981,8.2923
2026-07-01 15:00,116.976,8.1008
2026-07-01 16:00,116.973,7.9859
2026-07-01 17:00,116.97,7.871
2026-07-01 18:00,116.97,7.871
2026-07-01 19:00,116.975,8.0625
2026-07-01 20:00,116.969,7.8327
2026-07-01 21:00,116.974,8.0242
2026-07-01 22:00,116.963,7.6029
2026-07-01 23:00,116.967,7.7561
2026-07-02 00:00,116.964,7.6412
2026-07-02 01:00,116.968,7.7944
2026-07-02 02:00,116.967,7.7561
2026-07-02 03:00,116.963,7.6029
2026-07-02 04:00,116.96,7.488
2026-07-02 05:00,116.963,7.6029
2026-07-02 06:00,116.962,7.5646
2026-07-02 07:00,116.963,7.6029
2026-07-02 08:00,116.964,7.6412
2026-07-02 09:00,116.967,7.7561
2026-07-02 10:00,116.961,7.5263
2026-07-02 11:00,116.966,7.7178
2026-07-02 12:00,116.966,7.7178
2026-07-02 13:00,116.966,7.7178
2026-07-02 14:00,116.961,7.5263
2026-07-02 15:00,116.964,7.6412
2026-07-02 16:00,116.963,7.6029
2026-07-02 17:00,116.96,7.488
2026-07-02 18:00,116.965,7.6795
2026-07-02 19:00,116.971,7.9093
2026-07-02 20:00,116.97,7.871
2026-07-02 21:00,116.964,7.6412
2026-07-02 22:00,116.967,7.7561
2026-07-02 23:00,116.964,7.6412
2026-07-03 00:00,116.958,7.4114
2026-07-03 01:00,116.956,7.3348
2026-07-03 02:00,116.959,7.4497
2026-07-03 03:00,116.956,7.3348
2026-07-03 04:00,116.951,7.1433
2026-07-03 05:00,116.954,7.2582
2026-07-03 06:00,116.956,7.3348
2026-07-03 07:00,116.954,7.2582
2026-07-03 08:00,116.956,7.3348
2026-07-03 09:00,116.952,7.1816
2026-07-03 10:00,116.953,7.2199
2026-07-03 11:00,116.951,7.1433
2026-07-03 12:00,116.953,7.2199
2026-07-03 13:00,116.953,7.2199
2026-07-03 14:00,116.953,7.2199
2026-07-03 15:00,116.954,7.2582
2026-07-03 16:00,116.948,7.0284
2026-07-03 17:00,116.948,7.0284
2026-07-03 18:00,116.953,7.2199
2026-07-03 19:00,116.944,6.8752
2026-07-03 20:00,116.949,7.0667
2026-07-03 21:00,116.947,6.9901
2026-07-03 22:00,116.939,6.6837
2026-07-03 23:00,116.947,6.9901
2026-07-04 00:00,116.946,6.9518
2026-07-04 01:00,116.944,6.8752
2026-07-04 02:00,116.943,6.8369
2026-07-04 03:00,116.944,6.8752
2026-07-04 04:00,116.945,6.9135
2026-07-04 05:00,116.943,6.8369
2026-07-04 06:00,116.946,6.9518
2026-07-04 07:00,116.945,6.9135
2026-07-04 08:00,116.942,6.7986
2026-07-04 09:00,116.946,6.9518
2026-07-04 10:00,116.942,6.7986
2026-07-04 11:00,116.946,6.9518
2026-07-04 12:00,116.941,6.7603
2026-07-04 13:00,116.941,6.7603
2026-07-04 14:00,116.942,6.7986
2026-07-04 15:00,116.945,6.9135
2026-07-04 16:00,116.943,6.8369
2026-07-04 17:00,116.942,6.7986
2026-07-04 18:00,116.946,6.9518
2026-07-04 19:00,116.946,6.9518
2026-07-04 20:00,116.941,6.7603
2026-07-04 21:00,116.945,6.9135
2026-07-04 22:00,116.939,6.6837
2026-07-04 23:00,116.939,6.6837
2026-07-05 00:00,116.941,6.7603
2026-07-05 01:00,116.94,6.722
2026-07-05 02:00,116.94,6.722
2026-07-05 03:00,116.935,6.5305
2026-07-05 04:00,116.936,6.5688
2026-07-05 05:00,116.949,7.0667
2026-07-05 06:00,116.952,7.1816
2026-07-05 07:00,116.953,7.2199
2026-07-05 08:00,116.954,7.2582
2026-07-05 09:00,116.951,7.1433
2026-07-05 10:00,116.943,6.8369
2026-07-05 11:00,116.949,7.0667
2026-07-05 12:00,116.95,7.105
2026-07-05 13:00,116.95,7.105
2026-07-05 14:00,116.94,6.722
2026-07-05 15:00,116.941,6.7603
2026-07-05 16:00,116.937,6.6071
2026-07-05 17:00,116.94,6.722
2026-07-05 18:00,116.939,6.6837
2026-07-05 19:00,116.937,6.6071
2026-07-05 20:00,116.935,6.5305
2026-07-05 21:00,116.937,6.6071
2026-07-05 22:00,116.931,6.3773
2026-07-05 23:00,116.934,6.4922
2026-07-06 00:00,116.932,6.4156
2026-07-06 01:00,116.932,6.4156
2026-07-06 02:00,116.933,6.4539
2026-07-06 03:00,116.932,6.4156
2026-07-06 04:00,116.933,6.4539
2026-07-06 05:00,116.932,6.4156
2026-07-06 06:00,116.934,6.4922
2026-07-06 07:00,116.934,6.4922
2026-07-06 08:00,116.929,6.3007
2026-07-06 09:00,116.933,6.4539
2026-07-06 10:00,116.928,6.2624
2026-07-06 11:00,116.927,6.2241
2026-07-06 12:00,116.929,6.3007
2026-07-06 13:00,116.931,6.3773
2026-07-06 14:00,116.932,6.4156
2026-07-06 15:00,116.932,6.4156
2026-07-06 16:00,116.925,6.1475
2026-07-06 17:00,116.927,6.2241
2026-07-06 18:00,116.925,6.1475
2026-07-06 19:00,116.921,5.9943
2026-07-06 20:00,116.923,6.0709
2026-07-06 21:00,116.923,6.0709
2026-07-06 22:00,116.924,6.1092
2026-07-06 23:00,116.922,6.0326
2026-07-07 00:00,116.927,6.2241
2026-07-07 01:00,116.917,5.8411
2026-07-07 02:00,116.93,6.339
2026-07-07 03:00,116.94,6.722
2026-07-07 04:00,116.956,7.3348
2026-07-07 05:00,116.985,8.4455
2026-07-07 06:00,116.969,7.8327
2026-07-07 07:00,116.957,7.3731
2026-07-07 08:00,116.952,7.1816
2026-07-07 09:00,116.942,6.7986
2026-07-07 10:00,116.944,6.8752
2026-07-07 11:00,116.942,6.7986
2026-07-07 12:00,116.94,6.722
2026-07-07 13:00,116.938,6.6454
2026-07-07 14:00,116.936,6.5688
2026-07-07 15:00,116.929,6.3007
2026-07-07 16:00,116.931,6.3773
2026-07-07 17:00,116.933,6.4539
2026-07-07 18:00,116.932,6.4156
2026-07-07 19:00,116.936,6.5688
2026-07-07 20:00,116.937,6.6071
2026-07-07 21:00,116.94,6.722
2026-07-07 22:00,116.937,6.6071
2026-07-07 23:00,116.94,6.722
2026-07-08 00:00,116.941,6.7603
2026-07-08 01:00,116.939,6.6837
2026-07-08 02:00,116.936,6.5688
2026-07-08 03:00,116.936,6.5688
2026-07-08 04:00,116.935,6.5305
2026-07-08 05:00,116.927,6.2241
2026-07-08 06:00,116.924,6.1092
2026-07-08 07:00,116.918,5.8794
2026-07-08 08:00,116.921,5.9943
2026-07-08 09:00,116.921,5.9943
2026-07-08 10:00,116.921,5.9943
2026-07-08 11:00,116.924,6.1092
2026-07-08 12:00,116.916,5.8028
2026-07-08 13:00,116.914,5.7262
2026-07-08 14:00,116.915,5.7645
2026-07-08 15:00,116.924,6.1092
2026-07-08 16:00,116.923,6.0709
2026-07-08 17:00,116.924,6.1092
2026-07-08 18:00,116.923,6.0709
2026-07-08 19:00,116.921,5.9943
2026-07-08 20:00,116.916,5.8028
2026-07-08 21:00,116.92,5.956
2026-07-08 22:00,116.921,5.9943
2026-07-08 23:00,116.922,6.0326
2026-07-09 00:00,116.921,5.9943
2026-07-09 01:00,116.918,5.8794
2026-07-09 02:00,116.918,5.8794
2026-07-09 03:00,116.925,6.1475
2026-07-09 04:00,116.92,5.956
2026-07-09 05:00,116.916,5.8028
2026-07-09 06:00,116.92,5.956
2026-07-09 07:00,116.922,6.0326
2026-07-09 08:00,116.92,5.956
2026-07-09 09:00,116.919,5.9177
2026-07-09 10:00,116.918,5.8794
2026-07-09 11:00,116.919,5.9177
2026-07-09 12:00,116.919,5.9177
2026-07-09 13:00,116.921,5.9943
2026-07-09 14:00,116.92,5.956
2026-07-09 15:00,116.919,5.9177
2026-07-09 16:00,116.946,6.9518
2026-07-09 17:00,116.936,6.5688
2026-07-09 18:00,116.931,6.3773
2026-07-09 19:00,116.932,6.4156
2026-07-09 20:00,116.93,6.339
2026-07-09 21:00,116.929,6.3007
2026-07-09 22:00,116.93,6.339
2026-07-09 23:00,116.926,6.1858
2026-07-10 00:00,116.921,5.9943
2026-07-10 01:00,116.919,5.9177
2026-07-10 02:00,116.92,5.956
2026-07-10 03:00,116.921,5.9943
2026-07-10 04:00,116.923,6.0709
2026-07-10 05:00,116.921,5.9943
2026-07-10 06:00,116.917,5.8411
2026-07-10 07:00,116.916,5.8028
2026-07-10 08:00,116.914,5.7262
2026-07-10 09:00,116.918,5.8794
2026-07-10 10:00,116.916,5.8028
2026-07-10 11:00,116.919,5.9177
2026-07-10 12:00,116.917,5.8411
2026-07-10 13:00,116.918,5.8794
2026-07-10 14:00,116.916,5.8028
2026-07-10 15:00,116.917,5.8411
2026-07-10 16:00,116.919,5.9177
2026-07-10 17:00,116.917,5.8411
2026-07-10 18:00,116.917,5.8411
2026-07-10 19:00,116.916,5.8028
2026-07-10 20:00,116.915,5.7645
2026-07-10 21:00,116.914,5.7262
2026-07-10 22:00,116.914,5.7262
2026-07-10 23:00,116.916,5.8028
2026-07-11 00:00,116.909,5.5347
2026-07-11 01:00,116.912,5.6496
2026-07-11 02:00,116.912,5.6496
2026-07-11 03:00,116.912,5.6496
2026-07-11 04:00,116.909,5.5347
2026-07-11 05:00,116.906,5.4198
2026-07-11 06:00,116.909,5.5347
2026-07-11 07:00,116.908,5.4964
2026-07-11 08:00,116.91,5.573
2026-07-11 09:00,116.909,5.5347
2026-07-11 10:00,116.91,5.573
2026-07-11 11:00,116.912,5.6496
2026-07-11 12:00,116.914,5.7262
2026-07-11 13:00,116.92,5.956
2026-07-11 14:00,116.918,5.8794
2026-07-11 15:00,116.922,6.0326
2026-07-11 16:00,116.92,5.956
2026-07-11 17:00,116.923,6.0709
2026-07-11 18:00,116.929,6.3007
2026-07-11 19:00,116.936,6.5688
2026-07-11 20:00,116.945,6.9135
2026-07-11 21:00,116.941,6.7603
2026-07-11 22:00,116.939,6.6837
2026-07-11 23:00,116.934,6.4922
2026-07-12 00:00,116.931,6.3773
2026-07-12 01:00,116.927,6.2241
2026-07-12 02:00,116.924,6.1092
2026-07-12 03:00,116.928,6.2624
2026-07-12 04:00,116.928,6.2624
2026-07-12 05:00,116.933,6.4539
2026-07-12 06:00,116.935,6.5305
2026-07-12 07:00,116.934,6.4922
2026-07-12 08:00,116.928,6.2624
2026-07-12 09:00,116.928,6.2624
2026-07-12 10:00,116.929,6.3007
2026-07-12 11:00,116.931,6.3773
2026-07-12 12:00,116.931,6.3773
2026-07-12 13:00,116.937,6.6071
2026-07-12 14:00,116.942,6.7986
2026-07-12 15:00,116.942,6.7986
2026-07-12 16:00,116.938,6.6454
2026-07-12 17:00,116.941,6.7603
2026-07-12 18:00,116.94,6.722
2026-07-12 19:00,116.937,6.6071
2026-07-12 20:00,116.934,6.4922
2026-07-12 21:00,116.934,6.4922
2026-07-12 22:00,116.931,6.3773
2026-07-12 23:00,116.93,6.339
2026-07-13 00:00,116.928,6.2624
2026-07-13 01:00,116.925,6.1475
2026-07-13 02:00,116.929,6.3007
2026-07-13 03:00,116.921,5.9943
2026-07-13 04:00,116.921,5.9943
2026-07-13 05:00,116.92,5.956
2026-07-13 06:00,116.92,5.956
2026-07-13 07:00,116.922,6.0326
2026-07-13 08:00,116.917,5.8411
2026-07-13 09:00,116.917,5.8411
2026-07-13 10:00,116.917,5.8411
2026-07-13 11:00,116.92,5.956
2026-07-13 12:00,116.914,5.7262
2026-07-13 13:00,116.918,5.8794
2026-07-13 14:00,116.914,5.7262
2026-07-13 15:00,116.918,5.8794
2026-07-13 16:00,116.915,5.7645
2026-07-13 17:00,116.917,5.8411
2026-07-13 18:00,116.914,5.7262
2026-07-13 19:00,116.913,5.6879
2026-07-13 20:00,116.914,5.7262
2026-07-13 21:00,116.915,5.7645
2026-07-13 22:00,116.913,5.6879
2026-07-13 23:00,116.914,5.7262
2026-07-14 00:00,116.914,5.7262
2026-07-14 01:00,116.913,5.6879
2026-07-14 02:00,116.914,5.7262
2026-07-14 03:00,116.914,5.7262
2026-07-14 04:00,116.912,5.6496
2026-07-14 05:00,116.911,5.6113
2026-07-14 06:00,116.912,5.6496
2026-07-14 07:00,116.906,5.4198
2026-07-14 08:00,116.907,5.4581
2026-07-14 09:00,116.908,5.4964
2026-07-14 10:00,116.909,5.5347
2026-07-14 11:00,116.911,5.6113
2026-07-14 12:00,116.912,5.6496
2026-07-14 13:00,116.91,5.573
2026-07-14 14:00,116.91,5.573
2026-07-14 15:00,116.912,5.6496
2026-07-14 16:00,116.91,5.573
2026-07-14 17:00,116.908,5.4964
2026-07-14 18:00,116.91,5.573
2026-07-14 19:00,116.912,5.6496
2026-07-14 20:00,116.909,5.5347
2026-07-14 21:00,116.916,5.8028
2026-07-14 22:00,116.951,7.1433
2026-07-14 23:00,116.978,8.1774
2026-07-15 00:00,116.971,7.9093
2026-07-15 01:00,116.962,7.5646
2026-07-15 02:00,116.952,7.1816
2026-07-15 03:00,116.941,6.7603
2026-07-15 04:00,116.938,6.6454
2026-07-15 05:00,116.93,6.339
2026-07-15 06:00,116.924,6.1092
2026-07-15 07:00,116.92,5.956
2026-07-15 08:00,116.915,5.7645
2026-07-15 09:00,116.918,5.8794
2026-07-15 10:00,116.917,5.8411
2026-07-15 11:00,116.918,5.8794
2026-07-15 12:00,116.917,5.8411
2026-07-15 13:00,116.915,5.7645
2026-07-15 14:00,116.919,5.9177
2026-07-15 15:00,116.914,5.7262
2026-07-15 16:00,116.92,5.956
2026-07-15 17:00,116.923,6.0709
2026-07-15 18:00,116.924,6.1092
2026-07-15 19:00,116.926,6.1858
2026-07-15 20:00,116.92,5.956
2026-07-15 21:00,116.92,5.956
2026-07-15 22:00,116.921,5.9943
2026-07-15 23:00,116.921,5.9943
2026-07-16 00:00,116.917,5.8411
2026-07-16 01:00,116.919,5.9177
2026-07-16 02:00,116.918,5.8794
2026-07-16 03:00,116.918,5.8794
2026-07-16 04:00,116.917,5.8411
2026-07-16 05:00,116.919,5.9177
2026-07-16 06:00,116.919,5.9177
2026-07-16 07:00,116.917,5.8411
2026-07-16 08:00,116.917,5.8411
2026-07-16 09:00,116.919,5.9177
2026-07-16 10:00,116.922,6.0326
2026-07-16 11:00,116.923,6.0709
2026-07-16 12:00,116.922,6.0326
2026-07-16 13:00,116.92,5.956
2026-07-16 14:00,116.92,5.956
2026-07-16 15:00,116.918,5.8794
2026-07-16 16:00,116.916,5.8028
2026-07-16 17:00,116.917,5.8411
2026-07-16 18:00,116.915,5.7645
2026-07-16 19:00,116.916,5.8028
2026-07-16 20:00,116.915,5.7645
2026-07-16 21:00,116.914,5.7262
2026-07-16 22:00,116.915,5.7645
2026-07-16 23:00,116.914,5.7262
2026-07-17 00:00,116.915,5.7645
2026-07-17 01:00,116.915,5.7645
2026-07-17 02:00,116.914,5.7262
2026-07-17 03:00,116.914,5.7262
2026-07-17 04:00,116.915,5.7645
2026-07-17 05:00,116.914,5.7262
2026-07-17 06:00,116.914,5.7262
2026-07-17 07:00,116.921,5.9943
2026-07-17 08:00,116.944,6.8752
2026-07-17 09:00,116.964,7.6412
2026-07-17 10:00,116.967,7.7561
2026-07-17 11:00,116.968,7.7944
2026-07-17 12:00,116.968,7.7944
2026-07-17 13:00,116.978,8.1774
2026-07-17 14:00,116.981,8.2923
2026-07-17 15:00,116.975,8.0625
2026-07-17 16:00,117.005,9.369
2026-07-17 17:00,117.044,12.0912
2026-07-17 18:00,117.036,11.5328
2026-07-17 19:00,117.057,12.9986
2026-07-17 20:00,117.062,13.3476
2026-07-17 21:00,117.093,15.5114
2026-07-17 22:00,117.1,16.0
2026-07-17 23:00,117.107,16.4886
2026-07-18 00:00,117.287,31.69305
2026-07-18 01:00,117.358,38.8037
2026-07-18 02:00,117.335,36.50025
2026-07-18 03:00,117.294,32.3941
2026-07-18 04:00,117.259,28.88885
2026-07-18 05:00,117.243,27.28645
2026-07-18 06:00,117.218,24.7827
2026-07-18 07:00,117.198,22.8404
2026-07-18 08:00,117.179,21.5142
2026-07-18 09:00,117.168,20.7464
2026-07-18 10:00,117.151,19.5598
2026-07-18 11:00,117.138,18.6524
2026-07-18 12:00,117.126,17.8148
2026-07-18 13:00,117.115,17.047
2026-07-18 14:00,117.103,16.2094
2026-07-18 15:00,117.09,15.302
2026-07-18 16:00,117.09,15.302
2026-07-18 17:00,117.089,15.2322
2026-07-18 18:00,117.087,15.0926
2026-07-18 19:00,117.078,14.4644
2026-07-18 20:00,117.064,13.4872
2026-07-18 21:00,117.057,12.9986
2026-07-18 22:00,117.053,12.7194
2026-07-18 23:00,117.051,12.5798
2026-07-19 00:00,117.051,12.5798
2026-07-19 01:00,117.063,13.4174
2026-07-19 02:00,117.066,13.6268
2026-07-19 03:00,117.071,13.9758
2026-07-19 04:00,117.062,13.3476
2026-07-19 05:00,117.057,12.9986
2026-07-19 06:00,117.048,12.3704
2026-07-19 07:00,117.041,11.8818
2026-07-19 08:00,117.035,11.463
2026-07-19 09:00,117.031,11.1838
2026-07-19 10:00,117.031,11.1838
2026-07-19 11:00,117.025,10.765
2026-07-19 12:00,117.023,10.6254
2026-07-19 13:00,117.018,10.2764
2026-07-19 14:00,117.014,9.9972
2026-07-19 15:00,117.008,9.5784
2026-07-19 16:00,117.006,9.4388
2026-07-19 17:00,116.998,8.9434
2026-07-19 18:00,117.011,9.7878
2026-07-19 19:00,117.007,9.5086
2026-07-19 20:00,117.001,9.0898
2026-07-19 21:00,116.992,8.7136
2026-07-19 22:00,116.993,8.7519
2026-07-19 23:00,116.983,8.3689
2026-07-20 00:00,116.984,8.4072
2026-07-20 01:00,116.988,8.5604
2026-07-20 02:00,116.983,8.3689
2026-07-20 03:00,116.972,7.9476
2026-07-20 04:00,116.971,7.9093
2026-07-20 05:00,116.965,7.6795
2026-07-20 06:00,116.961,7.5263
2026-07-20 07:00,116.963,7.6029
2026-07-20 08:00,116.959,7.4497
2026-07-20 09:00,116.963,7.6029
2026-07-20 10:00,116.958,7.4114
2026-07-20 11:00,116.959,7.4497
2026-07-20 12:00,116.957,7.3731
2026-07-20 13:00,116.959,7.4497
2026-07-20 14:00,116.959,7.4497
2026-07-20 15:00,116.979,8.2157
2026-07-20 16:00,117.005,9.369
2026-07-20 17:00,117.008,9.5784
2026-07-20 18:00,117.027,10.9046
2026-07-20 19:00,117.091,15.3718
2026-07-20 20:00,117.103,16.2094
2026-07-20 21:00,117.111,16.7678
2026-07-20 22:00,117.101,16.0698
2026-07-20 23:00,117.082,14.7436
2026-07-21 00:00,117.061,13.2778
2026-07-21 01:00,117.049,12.4402
2026-07-21 02:00,117.041,11.8818
2026-07-21 03:00,117.036,11.5328
2026-07-21 04:00,117.023,10.6254
2026-07-21 05:00,117.019,10.3462
2026-07-21 06:00,117.005,9.369
2026-07-21 07:00,117.006,9.4388
2026-07-21 08:00,116.999,8.9817
2026-07-21 09:00,116.995,8.8285
2026-07-21 10:00,116.99,8.637
2026-07-21 11:00,116.985,8.4455
2026-07-21 12:00,116.978,8.1774
2026-07-21 13:00,116.981,8.2923
2026-07-21 14:00,116.976,8.1008
2026-07-21 15:00,116.972,7.9476
2026-07-21 16:00,116.971,7.9093
2026-07-21 17:00,116.963,7.6029
2026-07-21 18:00,116.959,7.4497
2026-07-21 19:00,116.955,7.2965
2026-07-21 20:00,116.962,7.5646
2026-07-21 21:00,116.963,7.6029
2026-07-21 22:00,116.974,8.0242
2026-07-21 23:00,116.991,8.6753
2026-07-22 00:00,117.008,9.5784
2026-07-22 01:00,117.01,9.718
2026-07-22 02:00,116.999,8.9817
2026-07-22 03:00,116.991,8.6753
2026-07-22 04:00,116.982,8.3306
2026-07-22 05:00,116.976,8.1008
2026-07-22 06:00,116.991,8.6753
2026-07-22 07:00,117.001,9.0898
2026-07-22 08:00,117.004,9.2992
2026-07-22 09:00,117.0,9.02
2026-07-22 10:00,116.999,8.9817
2026-07-22 11:00,116.992,8.7136
2026-07-22 12:00,116.982,8.3306
2026-07-22 13:00,116.979,8.2157
2026-07-22 14:00,116.976,8.1008
2026-07-22 15:00,116.984,8.4072
2026-07-22 16:00,116.989,8.5987
2026-07-22 17:00,117.007,9.5086
2026-07-22 18:00,117.024,10.6952
2026-07-22 19:00,117.008,9.5784
2026-07-22 20:00,117.005,9.369
2026-07-22 21:00,117.001,9.0898
2026-07-22 22:00,117.002,9.1596
2026-07-22 23:00,116.999,8.9817
2026-07-23 00:00,116.999,8.9817
2026-07-23 01:00,116.988,8.5604
2026-07-23 02:00,116.979,8.2157
2026-07-23 03:00,116.975,8.0625
2026-07-23 04:00,116.967,7.7561
2026-07-23 05:00,116.964,7.6412
2026-07-23 06:00,116.965,7.6795
2026-07-23 07:00,116.966,7.7178
2026-07-23 08:00,116.96,7.488
2026-07-23 09:00,116.964,7.6412
2026-07-23 10:00,116.961,7.5263
2026-07-23 11:00,116.956,7.3348
2026-07-23 12:00,116.952,7.1816
2026-07-23 13:00,116.95,7.105
2026-07-23 14:00,116.954,7.2582
2026-07-23 15:00,116.958,7.4114
2026-07-23 16:00,116.96,7.488
2026-07-23 17:00,116.964,7.6412
2026-07-23 18:00,116.963,7.6029
2026-07-23 19:00,116.96,7.488
2026-07-23 20:00,116.966,7.7178
2026-07-23 21:00,116.959,7.4497
2026-07-23 22:00,116.957,7.3731
2026-07-23 23:00,116.953,7.2199
2026-07-24 00:00,116.947,6.9901
2026-07-24 01:00,116.942,6.7986
2026-07-24 02:00,116.936,6.5688
2026-07-24 03:00,116.931,6.3773
2026-07-24 04:00,116.936,6.5688
2026-07-24 05:00,116.931,6.3773
2026-07-24 06:00,116.934,6.4922
2026-07-24 07:00,116.932,6.4156
2026-07-24 08:00,116.93,6.339
2026-07-24 09:00,116.936,6.5688
2026-07-24 10:00,116.937,6.6071
2026-07-24 11:00,116.934,6.4922
2026-07-24 12:00,116.935,6.5305
2026-07-24 13:00,116.944,6.8752
2026-07-24 14:00,116.954,7.2582
2026-07-24 15:00,116.982,8.3306
2026-07-24 16:00,117.004,9.2992
2026-07-24 17:00,117.02,10.416
2026-07-24 18:00,117.035,11.463
2026-07-24 19:00,117.029,11.0442
2026-07-24 20:00,117.034,11.3932
2026-07-24 21:00,117.031,11.1838
2026-07-24 22:00,117.02,10.416
2026-07-24 23:00,117.012,9.8576
2026-07-25 00:00,116.999,8.9817
2026-07-25 01:00,117.0,9.02
2026-07-25 02:00,117.002,9.1596
2026-07-25 03:00,116.995,8.8285
2026-07-25 04:00,116.984,8.4072
2026-07-25 05:00,116.981,8.2923
2026-07-25 06:00,116.974,8.0242
2026-07-25 07:00,116.974,8.0242
2026-07-25 08:00,116.973,7.9859
2026-07-25 09:00,116.971,7.9093
2026-07-25 10:00,116.967,7.7561
2026-07-25 11:00,116.965,7.6795
2026-07-25 12:00,116.962,7.5646
2026-07-25 13:00,116.961,7.5263
2026-07-25 14:00,116.958,7.4114
2026-07-25 15:00,116.956,7.3348
2026-07-25 16:00,116.956,7.3348
2026-07-25 17:00,116.947,6.9901
2026-07-25 18:00,116.95,7.105
2026-07-25 19:00,116.945,6.9135
2026-07-25 20:00,116.944,6.8752
2026-07-25 21:00,116.949,7.0667
2026-07-25 22:00,116.946,6.9518
2026-07-25 23:00,116.947,6.9901
2026-07-26 00:00,116.946,6.9518
2026-07-26 01:00,116.945,6.9135
2026-07-26 02:00,116.943,6.8369
2026-07-26 03:00,116.948,7.0284
2026-07-26 04:00,116.95,7.105
2026-07-26 05:00,116.946,6.9518
2026-07-26 06:00,116.942,6.7986
2026-07-26 07:00,116.945,6.9135
2026-07-26 08:00,116.943,6.8369
2026-07-26 09:00,116.94,6.722
2026-07-26 10:00,116.941,6.7603
2026-07-26 11:00,116.944,6.8752
2026-07-26 12:00,116.938,6.6454
2026-07-26 13:00,116.938,6.6454
2026-07-26 14:00,116.945,6.9135
2026-07-26 15:00,116.952,7.1816
2026-07-26 16:00,116.952,7.1816
2026-07-26 17:00,116.952,7.1816
2026-07-26 18:00,116.948,7.0284
2026-07-26 19:00,116.944,6.8752
2026-07-26 20:00,116.952,7.1816
2026-07-26 21:00,116.948,7.0284
2026-07-26 22:00,116.948,7.0284
2026-07-26 23:00,116.949,7.0667
2026-07-27 00:00,116.947,6.9901
2026-07-27 01:00,116.943,6.8369
2026-07-27 02:00,116.941,6.7603
2026-07-27 03:00,116.945,6.9135
2026-07-27 04:00,116.945,6.9135
2026-07-27 05:00,116.948,7.0284
2026-07-27 06:00,116.955,7.2965
2026-07-27 07:00,116.959,7.4497
2026-07-27 08:00,116.953,7.2199
2026-07-27 09:00,116.955,7.2965
2026-07-27 10:00,116.947,6.9901
2026-07-27 11:00,116.946,6.9518
2026-07-27 12:00,116.939,6.6837
2026-07-27 13:00,116.938,6.6454
2026-07-27 14:00,116.935,6.5305
2026-07-27 15:00,116.936,6.5688
2026-07-27 16:00,116.936,6.5688
2026-07-27 17:00,116.933,6.4539
2026-07-27 18:00,116.93,6.339
2026-07-27 19:00,116.932,6.4156
2026-07-27 20:00,116.928,6.2624
2026-07-27 21:00,116.925,6.1475
2026-07-27 22:00,116.93,6.339
2026-07-27 23:00,116.934,6.4922
2026-07-28 00:00,116.926,6.1858
2026-07-28 01:00,116.926,6.1858
2026-07-28 02:00,116.921,5.9943
2026-07-28 03:00,116.924,6.1092
2026-07-28 04:00,116.921,5.9943
2026-07-28 05:00,116.922,6.0326
2026-07-28 06:00,116.918,5.8794
2026-07-28 07:00,116.922,6.0326
2026-07-28 08:00,116.923,6.0709
2026-07-28 09:00,116.921,5.9943
2026-07-28 10:00,116.919,5.9177
2026-07-28 11:00,116.921,5.9943
2026-07-28 12:00,116.923,6.0709
2026-07-28 13:00,116.922,6.0326
2026-07-28 14:00,116.92,5.956
2026-07-28 15:00,116.919,5.9177
2026-07-28 16:00,116.919,5.9177
2026-07-28 17:00,116.92,5.956
2026-07-28 18:00,116.914,5.7262
2026-07-28 19:00,116.917,5.8411
2026-07-28 20:00,116.916,5.8028
2026-07-28 21:00,116.916,5.8028
2026-07-28 22:00,116.921,5.9943
2026-07-28 23:00,116.914,5.7262
2026-07-29 00:00,116.909,5.5347
2026-07-29 01:00,116.912,5.6496
2026-07-29 02:00,116.914,5.7262
2026-07-29 03:00,116.916,5.8028
2026-07-29 04:00,116.91,5.573
2026-07-29 05:00,116.916,5.8028
2026-07-29 06:00,116.921,5.9943
2026-07-29 07:00,116.926,6.1858
2026-07-29 08:00,116.931,6.3773
2026-07-29 09:00,116.942,6.7986
2026-07-29 10:00,116.941,6.7603
2026-07-29 11:00,116.95,7.105
2026-07-29 12:00,116.953,7.2199
2026-07-29 13:00,116.952,7.1816
2026-07-29 14:00,116.946,6.9518
2026-07-29 15:00,116.947,6.9901
2026-07-29 16:00,116.946,6.9518
2026-07-29 17:00,116.95,7.105
2026-07-29 18:00,116.958,7.4114
2026-07-29 19:00,116.968,7.7944
2026-07-29 20:00,116.971,7.9093
2026-07-29 21:00,116.97,7.871
2026-07-29 22:00,116.964,7.6412
2026-07-29 23:00,116.958,7.4114
2026-07-30 00:00,116.956,7.3348
2026-07-30 01:00,116.959,7.4497
2026-07-30 02:00,116.963,7.6029
2026-07-30 03:00,116.96,7.488
2026-07-30 04:00,116.95,7.105
2026-07-30 05:00,116.954,7.2582
2026-07-30 06:00,116.959,7.4497
2026-07-30 07:00,116.955,7.2965
2026-07-30 08:00,116.955,7.2965
2026-07-30 09:00,116.952,7.1816
2026-07-30 10:00,116.953,7.2199
2026-07-30 11:00,116.947,6.9901
2026-07-30 12:00,116.946,6.9518
2026-07-30 13:00,116.944,6.8752
2026-07-30 14:00,116.946,6.9518
2026-07-30 15:00,116.945,6.9135
2026-07-30 16:00,116.941,6.7603
2026-07-30 17:00,116.936,6.5688
2026-07-30 18:00,116.935,6.5305
2026-07-30 19:00,116.93,6.339
2026-07-30 20:00,116.932,6.4156
2026-07-30 21:00,116.937,6.6071
2026-07-30 22:00,116.945,6.9135
2026-07-30 23:00,116.963,7.6029
2026-07-31 00:00,116.969,7.8327
2026-07-31 01:00,116.97,7.871
2026-07-31 02:00,116.964,7.6412
2026-07-31 03:00,116.966,7.7178
2026-07-31 04:00,116.953,7.2199
2026-07-31 05:00,116.943,6.8369
2026-07-31 06:00,116.939,6.6837
2026-07-31 07:00,116.935,6.5305
2026-07-31 08:00,116.933,6.4539
2026-07-31 09:00,116.93,6.339
2026-07-31 10:00,116.924,6.1092
2026-07-31 11:00,116.927,6.2241
2026-07-31 12:00,116.927,6.2241
2026-07-31 13:00,116.927,6.2241
2026-07-31 14:00,116.94,6.722
2026-07-31 15:00,116.954,7.2582
2026-07-31 16:00,116.95,7.105
2026-07-31 17:00,116.948,7.0284
2026-07-31 18:00,116.95,7.105
2026-07-31 19:00,116.955,7.2965
2026-07-31 20:00,116.95,7.105
2026-07-31 21:00,116.953,7.2199
2026-07-31 22:00,116.948,7.0284
2026-07-31 23:00,116.946,6.9518
2026-08-01 00:00,116.945,6.9135
2026-08-01 01:00,116.965,7.6795
2026-08-01 02:00,116.99,8.637
2026-08-01 03:00,116.987,8.5221
2026-08-01 04:00,116.969,7.8327
2026-08-01 05:00,116.964,7.6412
2026-08-01 06:00,116.956,7.3348
2026-08-01 07:00,116.954,7.2582
2026-08-01 08:00,116.946,6.9518
2026-08-01 09:00,116.947,6.9901
2026-08-01 10:00,116.943,6.8369
2026-08-01 11:00,116.939,6.6837
2026-08-01 12:00,116.938,6.6454
2026-08-01 13:00,116.937,6.6071
2026-08-01 14:00,116.933,6.4539
2026-08-01 15:00,116.927,6.2241
2026-08-01 16:00,116.931,6.3773
2026-08-01 17:00,116.926,6.1858
2026-08-01 18:00,116.927,6.2241
2026-08-01 19:00,116.919,5.9177
2026-08-01 20:00,116.951,7.1433
2026-08-01 21:00,117.243,27.28645
2026-08-01 22:00,117.603,69.4264
2026-08-01 23:00,117.57,65.059
2026-08-02 00:00,117.502,56.2394
2026-08-02 01:00,117.602,69.2676
2026-08-02 02:00,117.632,74.0316
2026-08-02 03:00,117.663,78.9544
2026-08-02 04:00,117.71,86.418
2026-08-02 05:00,117.623,72.6024
2026-08-02 06:00,117.543,61.5571
2026-08-02 07:00,117.5,55.98
2026-08-02 08:00,117.461,50.9217
2026-08-02 09:00,117.417,45.2149
2026-08-02 10:00,117.389,41.90835
2026-08-02 11:00,117.355,38.50325
2026-08-02 12:00,117.323,35.29845
2026-08-02 13:00,117.286,31.5929
2026-08-02 14:00,117.264,29.3896
2026-08-02 15:00,117.239,26.88585
2026-08-02 16:00,117.223,25.28345
2026-08-02 17:00,117.193,22.4914
2026-08-02 18:00,117.249,27.88735
2026-08-02 19:00,117.354,38.4031
2026-08-02 20:00,117.251,28.08765
2026-08-02 21:00,117.209,23.88135
2026-08-02 22:00,117.187,22.0726
2026-08-02 23:00,117.239,26.88585
2026-08-03 00:00,117.2,22.98
2026-08-03 01:00,117.202,23.1803
2026-08-03 02:00,117.2,22.98
2026-08-03 03:00,117.367,39.70505
2026-08-03 04:00,117.587,67.2639
2026-08-03 05:00,117.528,59.6116
2026-08-03 06:00,117.579,66.2263
2026-08-03 07:00,117.58,66.356
2026-08-03 08:00,117.591,67.7827
2026-08-03 09:00,117.67,80.066
2026-08-03 10:00,117.757,93.8816
2026-08-03 11:00,117.718,87.6884
2026-08-03 12:00,117.657,78.0016
2026-08-03 13:00,117.583,66.7451
2026-08-03 14:00,117.529,59.7413
2026-08-03 15:00,117.483,53.7751
2026-08-03 16:00,117.431,47.0307
2026-08-03 17:00,117.39,42.0085
2026-08-03 18:00,117.359,38.90385
2026-08-03 19:00,117.387,41.70805
2026-08-03 20:00,117.585,67.0045
2026-08-03 21:00,117.613,71.0144
2026-08-03 22:00,117.553,62.8541
2026-08-03 23:00,117.503,56.3691
2026-08-04 00:00,117.456,50.2732
2026-08-04 01:00,117.418,45.3446
2026-08-04 02:00,117.437,47.8089
2026-08-04 03:00,117.515,57.9255
2026-08-04 04:00,117.567,64.6699
2026-08-04 05:00,117.548,62.2056
2026-08-04 06:00,117.51,57.277
2026-08-04 07:00,117.468,51.8296
2026-08-04 08:00,117.43,46.901
2026-08-04 09:00,117.403,43.3991
2026-08-04 10:00,117.385,41.50775
2026-08-04 11:00,117.369,39.90535
2026-08-04 12:00,117.347,37.70205
2026-08-04 13:00,117.332,36.1998
2026-08-04 14:00,117.311,34.09665
2026-08-04 15:00,117.3,32.995
2026-08-04 16:00,117.291,32.09365
2026-08-04 17:00,117.278,30.7917
2026-08-04 18:00,117.267,29.69005
2026-08-04 19:00,117.258,28.7887
2026-08-04 20:00,117.243,27.28645
2026-08-04 21:00,117.236,26.5854
2026-08-04 22:00,117.249,27.88735
2026-08-04 23:00,117.241,27.08615
2026-08-05 00:00,117.24,26.986
2026-08-05 01:00,117.242,27.1863
2026-08-05 02:00,117.232,26.1848
2026-08-05 03:00,117.218,24.7827
2026-08-05 04:00,117.214,24.3821
2026-08-05 05:00,117.196,22.7008
2026-08-05 06:00,117.198,22.8404
2026-08-05 07:00,117.19,22.282
2026-08-05 08:00,117.186,22.0028
2026-08-05 09:00,117.178,21.4444
2026-08-05 10:00,117.168,20.7464
2026-08-05 11:00,117.161,20.2578
2026-08-05 12:00,117.164,20.4672
2026-08-05 13:00,117.156,19.9088
2026-08-05 14:00,117.151,19.5598
2026-08-05 15:00,117.148,19.3504
2026-08-05 16:00,117.144,19.0712
2026-08-05 17:00,117.136,18.5128
2026-08-05 18:00,117.133,18.3034
2026-08-05 19:00,117.129,18.0242
2026-08-05 20:00,117.124,17.6752
2026-08-05 21:00,117.117,17.1866
2026-08-05 22:00,117.113,16.9074
2026-08-05 23:00,117.112,16.8376
2026-08-06 00:00,117.11,16.698
2026-08-06 01:00,117.103,16.2094
2026-08-06 02:00,117.1,16.0
2026-08-06 03:00,117.097,15.7906
2026-08-06 04:00,117.095,15.651
2026-08-06 05:00,117.092,15.4416
2026-08-06 06:00,117.093,15.5114
2026-08-06 07:00,117.086,15.0228
2026-08-06 08:00,117.093,15.5114
2026-08-06 09:00,117.087,15.0926
2026-08-06 10:00,117.082,14.7436
2026-08-06 11:00,117.081,14.6738
2026-08-06 12:00,117.081,14.6738
2026-08-06 13:00,117.079,14.5342
2026-08-06 14:00,117.072,14.0456
2026-08-06 15:00,117.073,14.1154
2026-08-06 16:00,117.072,14.0456
2026-08-06 17:00,117.066,13.6268
2026-08-06 18:00,117.066,13.6268
2026-08-06 19:00,117.067,13.6966
2026-08-06 20:00,117.058,13.0684
2026-08-06 21:00,117.059,13.1382
2026-08-06 22:00,117.057,12.9986
2026-08-06 23:00,117.051,12.5798
2026-08-07 00:00,117.053,12.7194
2026-08-07 01:00,117.063,13.4174
2026-08-07 02:00,117.049,12.4402
2026-08-07 03:00,117.049,12.4402
2026-08-07 04:00,117.047,12.3006
2026-08-07 05:00,117.048,12.3704
2026-08-07 06:00,117.043,12.0214
2026-08-07 07:00,117.042,11.9516
2026-08-07 08:00,117.045,12.161
2026-08-07 09:00,117.045,12.161
2026-08-07 10:00,117.046,12.2308
2026-08-07 11:00,117.05,12.51
2026-08-07 12:00,117.044,12.0912
2026-08-07 13:00,117.049,12.4402
2026-08-07 14:00,117.037,11.6026
2026-08-07 15:00,117.039,11.7422
2026-08-07 16:00,117.037,11.6026
2026-08-07 17:00,117.03,11.114
2026-08-07 18:00,117.03,11.114
2026-08-07 19:00,117.024,10.6952
2026-08-07 20:00,117.026,10.8348
2026-08-07 21:00,117.02,10.416
2026-08-07 22:00,117.023,10.6254
2026-08-07 23:00,117.018,10.2764
2026-08-08 00:00,117.019,10.3462
2026-08-08 01:00,117.018,10.2764
2026-08-08 02:00,117.015,10.067
2026-08-08 03:00,117.016,10.1368
2026-08-08 04:00,117.013,9.9274
2026-08-08 05:00,117.014,9.9972
2026-08-08 06:00,117.012,9.8576
2026-08-08 07:00,117.009,9.6482
2026-08-08 08:00,117.009,9.6482
2026-08-08 09:00,117.007,9.5086
2026-08-08 10:00,117.015,10.067
2026-08-08 11:00,117.009,9.6482
2026-08-08 12:00,117.01,9.718
2026-08-08 13:00,117.009,9.6482
2026-08-08 14:00,117.005,9.369
2026-08-08 15:00,117.003,9.2294
2026-08-08 16:00,117.004,9.2992
2026-08-08 17:00,116.997,8.9051
2026-08-08 18:00,116.997,8.9051
2026-08-08 19:00,116.999,8.9817
2026-08-08 20:00,116.997,8.9051
2026-08-08 21:00,116.995,8.8285
2026-08-08 22:00,116.994,8.7902
2026-08-08 23:00,116.994,8.7902
2026-08-09 00:00,116.994,8.7902
2026-08-09 01:00,116.993,8.7519
2026-08-09 02:00,116.991,8.6753
2026-08-09 03:00,116.994,8.7902
2026-08-09 04:00,116.992,8.7136
2026-08-09 05:00,116.989,8.5987
2026-08-09 06:00,116.987,8.5221
2026-08-09 07:00,116.987,8.5221
2026-08-09 08:00,116.984,8.4072
2026-08-09 09:00,116.985,8.4455
2026-08-09 10:00,116.98,8.254
2026-08-09 11:00,116.984,8.4072
2026-08-09 12:00,116.98,8.254
2026-08-09 13:00,116.982,8.3306
2026-08-09 14:00,116.983,8.3689
2026-08-09 15:00,116.98,8.254
2026-08-09 16:00,116.98,8.254
2026-08-09 17:00,116.976,8.1008
2026-08-09 18:00,116.979,8.2157
2026-08-09 19:00,116.978,8.1774
2026-08-09 20:00,116.974,8.0242
2026-08-09 21:00,116.975,8.0625
2026-08-09 22:00,116.974,8.0242
2026-08-09 23:00,116.975,8.0625
2026-08-10 00:00,116.97,7.871
2026-08-10 01:00,116.973,7.9859
2026-08-10 02:00,116.976,8.1008
2026-08-10 03:00,116.976,8.1008
2026-08-10 04:00,116.972,7.9476
2026-08-10 05:00,116.972,7.9476
2026-08-10 06:00,116.971,7.9093
2026-08-10 07:00,116.97,7.871
2026-08-10 08:00,116.974,8.0242
2026-08-10 09:00,116.971,7.9093
2026-08-10 10:00,116.969,7.8327
2026-08-10 11:00,116.974,8.0242
2026-08-10 12:00,116.975,8.0625
2026-08-10 13:00,116.985,8.4455
2026-08-10 14:00,117.007,9.5086
2026-08-10 15:00,117.008,9.5784
2026-08-10 16:00,117.003,9.2294
2026-08-10 17:00,117.0,9.02
2026-08-10 18:00,117.0,9.02
2026-08-10 19:00,116.997,8.9051
2026-08-10 20:00,116.996,8.8668
2026-08-10 21:00,117.002,9.1596
2026-08-10 22:00,117.001,9.0898
2026-08-10 23:00,117.002,9.1596
2026-08-11 00:00,117.02,10.416
2026-08-11 01:00,117.031,11.1838
2026-08-11 02:00,117.028,10.9744
2026-08-11 03:00,117.021,10.4858
2026-08-11 04:00,117.01,9.718
2026-08-11 05:00,117.005,9.369
2026-08-11 06:00,116.998,8.9434
2026-08-11 07:00,116.995,8.8285
2026-08-11 08:00,116.995,8.8285
2026-08-11 09:00,116.992,8.7136
2026-08-11 10:00,116.989,8.5987
2026-08-11 11:00,116.989,8.5987
2026-08-11 12:00,116.987,8.5221
2026-08-11 13:00,116.985,8.4455
2026-08-11 14:00,116.982,8.3306
2026-08-11 15:00,116.978,8.1774
2026-08-11 16:00,116.978,8.1774
2026-08-11 17:00,116.976,8.1008
2026-08-11 18:00,116.975,8.0625
2026-08-11 19:00,116.972,7.9476
2026-08-11 20:00,116.972,7.9476
2026-08-11 21:00,116.971,7.9093
2026-08-11 22:00,116.972,7.9476
2026-08-11 23:00,116.969,7.8327
2026-08-12 00:00,116.971,7.9093
2026-08-12 01:00,116.963,7.6029
2026-08-12 02:00,116.967,7.7561
2026-08-12 03:00,116.963,7.6029
2026-08-12 04:00,116.961,7.5263
2026-08-12 05:00,116.96,7.488
2026-08-12 06:00,116.96,7.488
2026-08-12 07:00,116.959,7.4497
2026-08-12 08:00,116.966,7.7178
2026-08-12 09:00,116.96,7.488
2026-08-12 10:00,116.964,7.6412
2026-08-12 11:00,116.957,7.3731
2026-08-12 12:00,116.962,7.5646
2026-08-12 13:00,116.955,7.2965
2026-08-12 14:00,116.96,7.488
2026-08-12 15:00,116.964,7.6412
2026-08-12 16:00,116.961,7.5263
2026-08-12 17:00,116.965,7.6795
2026-08-12 18:00,116.963,7.6029
2026-08-12 19:00,116.962,7.5646
2026-08-12 20:00,116.957,7.3731
2026-08-12 21:00,116.96,7.488
2026-08-12 22:00,116.959,7.4497
2026-08-12 23:00,116.957,7.3731
2026-08-13 00:00,116.954,7.2582
2026-08-13 01:00,116.955,7.2965
2026-08-13 02:00,116.96,7.488
2026-08-13 03:00,116.962,7.5646
2026-08-13 04:00,116.962,7.5646
2026-08-13 05:00,116.961,7.5263
2026-08-13 06:00,116.959,7.4497
2026-08-13 07:00,116.952,7.1816
2026-08-13 08:00,116.952,7.1816
2026-08-13 09:00,116.953,7.2199
2026-08-13 10:00,116.952,7.1816
2026-08-13 11:00,116.953,7.2199
2026-08-13 12:00,116.951,7.1433
2026-08-13 13:00,116.949,7.0667
2026-08-13 14:00,116.95,7.105
2026-08-13 15:00,116.951,7.1433
2026-08-13 16:00,116.956,7.3348
2026-08-13 17:00,116.948,7.0284
2026-08-13 18:00,116.948,7.0284
2026-08-13 19:00,116.945,6.9135
2026-08-13 20:00,116.948,7.0284
2026-08-13 21:00,116.954,7.2582
2026-08-13 22:00,116.947,6.9901
2026-08-13 23:00,116.946,6.9518
2026-08-14 00:00,116.939,6.6837
2026-08-14 01:00,116.941,6.7603
2026-08-14 02:00,116.944,6.8752
2026-08-14 03:00,116.944,6.8752
2026-08-14 04:00,116.943,6.8369
2026-08-14 05:00,116.945,6.9135
2026-08-14 06:00,116.946,6.9518
2026-08-14 07:00,116.948,7.0284
2026-08-14 08:00,116.951,7.1433
2026-08-14 09:00,116.95,7.105
2026-08-14 10:00,116.955,7.2965
2026-08-14 11:00,116.971,7.9093
2026-08-14 12:00,116.992,8.7136
2026-08-14 13:00,117.054,12.7892
2026-08-14 14:00,117.103,16.2094
2026-08-14 15:00,117.127,17.8846
2026-08-14 16:00,117.119,17.3262
2026-08-14 17:00,117.112,16.8376
2026-08-14 18:00,117.11,16.698
2026-08-14 19:00,117.179,21.5142
2026-08-14 20:00,117.366,39.6049
2026-08-14 21:00,117.367,39.70505
2026-08-14 22:00,117.33,35.9995
2026-08-14 23:00,117.304,33.3956
2026-08-15 00:00,117.275,30.49125
2026-08-15 01:00,117.251,28.08765
2026-08-15 02:00,117.222,25.1833
2026-08-15 03:00,117.196,22.7008
2026-08-15 04:00,117.176,21.3048
2026-08-15 05:00,117.157,19.9786
2026-08-15 06:00,117.138,18.6524
2026-08-15 07:00,117.122,17.5356
2026-08-15 08:00,117.111,16.7678
2026-08-15 09:00,117.102,16.1396
2026-08-15 10:00,117.098,15.8604
2026-08-15 11:00,117.086,15.0228
2026-08-15 12:00,117.082,14.7436
2026-08-15 13:00,117.074,14.1852
2026-08-15 14:00,117.065,13.557
2026-08-15 15:00,117.062,13.3476
2026-08-15 16:00,117.054,12.7892
2026-08-15 17:00,117.052,12.6496
2026-08-15 18:00,117.045,12.161
2026-08-15 19:00,117.042,11.9516
2026-08-15 20:00,117.038,11.6724
2026-08-15 21:00,117.032,11.2536
2026-08-15 22:00,117.033,11.3234
2026-08-15 23:00,117.028,10.9744
2026-08-16 00:00,117.026,10.8348
2026-08-16 01:00,117.027,10.9046
2026-08-16 02:00,117.019,10.3462
2026-08-16 03:00,117.018,10.2764
2026-08-16 04:00,117.012,9.8576
2026-08-16 05:00,117.011,9.7878
2026-08-16 06:00,117.006,9.4388
2026-08-16 07:00,117.009,9.6482
2026-08-16 08:00,117.007,9.5086
2026-08-16 09:00,117.004,9.2992
2026-08-16 10:00,117.001,9.0898
2026-08-16 11:00,117.007,9.5086
2026-08-16 12:00,117.0,9.02
2026-08-16 13:00,116.999,8.9817
2026-08-16 14:00,117.014,9.9972
2026-08-16 15:00,117.016,10.1368
2026-08-16 16:00,117.007,9.5086
2026-08-16 17:00,116.998,8.9434
2026-08-16 18:00,116.996,8.8668
2026-08-16 19:00,116.998,8.9434
2026-08-16 20:00,116.994,8.7902
2026-08-16 21:00,116.992,8.7136
2026-08-16 22:00,116.995,8.8285
2026-08-16 23:00,117.003,9.2294
2026-08-17 00:00,117.01,9.718
2026-08-17 01:00,117.004,9.2992
2026-08-17 02:00,116.996,8.8668
2026-08-17 03:00,116.997,8.9051
2026-08-17 04:00,116.989,8.5987
2026-08-17 05:00,116.983,8.3689
2026-08-17 06:00,116.983,8.3689
2026-08-17 07:00,116.982,8.3306
2026-08-17 08:00,116.979,8.2157
2026-08-17 09:00,116.981,8.2923
2026-08-17 10:00,116.98,8.254
2026-08-17 11:00,116.98,8.254
2026-08-17 12:00,116.984,8.4072
2026-08-17 13:00,116.979,8.2157
2026-08-17 14:00,116.975,8.0625
2026-08-17 15:00,116.976,8.1008
2026-08-17 16:00,116.981,8.2923
2026-08-17 17:00,116.97,7.871
2026-08-17 18:00,116.963,7.6029
2026-08-17 19:00,116.964,7.6412
2026-08-17 20:00,116.968,7.7944
2026-08-17 21:00,116.968,7.7944
2026-08-17 22:00,116.971,7.9093
2026-08-17 23:00,116.966,7.7178
2026-08-18 00:00,116.96,7.488
2026-08-18 01:00,116.962,7.5646
2026-08-18 02:00,116.963,7.6029
2026-08-18 03:00,116.96,7.488
2026-08-18 04:00,116.962,7.5646
2026-08-18 05:00,116.962,7.5646
2026-08-18 06:00,116.96,7.488
2026-08-18 07:00,116.955,7.2965
2026-08-18 08:00,116.956,7.3348
2026-08-18 09:00,116.959,7.4497
2026-08-18 10:00,116.955,7.2965
2026-08-18 11:00,116.956,7.3348
2026-08-18 12:00,116.954,7.2582
2026-08-18 13:00,116.954,7.2582
2026-08-18 14:00,116.957,7.3731
2026-08-18 15:00,116.998,8.9434
2026-08-18 16:00,116.997,8.9051
2026-08-18 17:00,116.978,8.1774
2026-08-18 18:00,116.97,7.871
2026-08-18 19:00,116.962,7.5646
2026-08-18 20:00,116.964,7.6412
2026-08-18 21:00,116.962,7.5646
2026-08-18 22:00,116.962,7.5646
2026-08-18 23:00,116.96,7.488
2026-08-19 00:00,116.964,7.6412
2026-08-19 01:00,116.966,7.7178
2026-08-19 02:00,116.987,8.5221
2026-08-19 03:00,117.028,10.9744
2026-08-19 04:00,117.048,12.3704
2026-08-19 05:00,117.05,12.51
2026-08-19 06:00,117.035,11.463
2026-08-19 07:00,117.03,11.114
2026-08-19 08:00,117.022,10.5556
2026-08-19 09:00,117.015,10.067
2026-08-19 10:00,117.009,9.6482
2026-08-19 11:00,117.005,9.369
2026-08-19 12:00,117.004,9.2992
2026-08-19 13:00,117.001,9.0898
2026-08-19 14:00,116.996,8.8668
2026-08-19 15:00,116.992,8.7136
2026-08-19 16:00,116.991,8.6753
2026-08-19 17:00,116.987,8.5221
2026-08-19 18:00,116.985,8.4455
2026-08-19 19:00,116.987,8.5221
2026-08-19 20:00,116.984,8.4072
2026-08-19 21:00,116.985,8.4455
2026-08-19 22:00,116.979,8.2157
2026-08-19 23:00,116.98,8.254
2026-08-20 00:00,116.976,8.1008
2026-08-20 01:00,116.981,8.2923
2026-08-20 02:00,116.987,8.5221
2026-08-20 03:00,116.99,8.637
2026-08-20 04:00,116.982,8.3306
2026-08-20 05:00,116.978,8.1774
2026-08-20 06:00,116.975,8.0625
2026-08-20 07:00,116.973,7.9859
2026-08-20 08:00,116.968,7.7944
2026-08-20 09:00,116.967,7.7561
2026-08-20 10:00,116.965,7.6795
2026-08-20 11:00,116.966,7.7178
2026-08-20 12:00,116.964,7.6412
2026-08-20 13:00,116.968,7.7944
2026-08-20 14:00,116.962,7.5646
2026-08-20 15:00,116.958,7.4114
2026-08-20 16:00,116.958,7.4114
2026-08-20 17:00,116.955,7.2965
2026-08-20 18:00,116.958,7.4114
2026-08-20 19:00,116.953,7.2199
2026-08-20 20:00,116.949,7.0667
2026-08-20 21:00,116.953,7.2199
2026-08-20 22:00,116.954,7.2582
2026-08-20 23:00,116.953,7.2199
2026-08-21 00:00,116.954,7.2582
2026-08-21 01:00,116.956,7.3348
2026-08-21 02:00,116.959,7.4497
2026-08-21 03:00,116.953,7.2199
2026-08-21 04:00,116.954,7.2582
2026-08-21 05:00,116.947,6.9901
2026-08-21 06:00,116.95,7.105
2026-08-21 07:00,116.949,7.0667
2026-08-21 08:00,116.947,6.9901
2026-08-21 09:00,116.941,6.7603
2026-08-21 10:00,116.943,6.8369
2026-08-21 11:00,116.951,7.1433
2026-08-21 12:00,116.945,6.9135
2026-08-21 13:00,116.946,6.9518
2026-08-21 14:00,116.948,7.0284
2026-08-21 15:00,116.944,6.8752
2026-08-21 16:00,116.942,6.7986
2026-08-21 17:00,116.941,6.7603
2026-08-21 18:00,116.939,6.6837
2026-08-21 19:00,116.94,6.722
2026-08-21 20:00,116.938,6.6454
2026-08-21 21:00,116.936,6.5688
2026-08-21 22:00,116.938,6.6454
2026-08-21 23:00,116.937,6.6071
2026-08-22 00:00,116.94,6.722
2026-08-22 01:00,116.938,6.6454
2026-08-22 02:00,116.939,6.6837
2026-08-22 03:00,116.941,6.7603
2026-08-22 04:00,116.943,6.8369
2026-08-22 05:00,116.937,6.6071
2026-08-22 06:00,116.938,6.6454
2026-08-22 07:00,116.94,6.722
2026-08-22 08:00,116.937,6.6071
2026-08-22 09:00,116.94,6.722
2026-08-22 10:00,116.935,6.5305
2026-08-22 11:00,116.933,6.4539
2026-08-22 12:00,116.932,6.4156
2026-08-22 13:00,116.936,6.5688
2026-08-22 14:00,116.938,6.6454
2026-08-22 15:00,116.934,6.4922
2026-08-22 16:00,116.937,6.6071
2026-08-22 17:00,116.936,6.5688
2026-08-22 18:00,116.933,6.4539
2026-08-22 19:00,116.928,6.2624
2026-08-22 20:00,116.93,6.339
2026-08-22 21:00,116.929,6.3007
2026-08-22 22:00,116.927,6.2241
2026-08-22 23:00,116.929,6.3007
2026-08-23 00:00,116.924,6.1092
2026-08-23 01:00,116.93,6.339
2026-08-23 02:00,116.929,6.3007
2026-08-23 03:00,116.924,6.1092
2026-08-23 04:00,116.927,6.2241
2026-08-23 05:00,116.922,6.0326
2026-08-23 06:00,116.928,6.2624
2026-08-23 07:00,116.926,6.1858
2026-08-23 08:00,116.926,6.1858
2026-08-23 09:00,116.929,6.3007
2026-08-23 10:00,116.929,6.3007
2026-08-23 11:00,116.926,6.1858
2026-08-23 12:00,116.929,6.3007
2026-08-23 13:00,116.926,6.1858
2026-08-23 14:00,116.927,6.2241
2026-08-23 15:00,116.922,6.0326
2026-08-23 16:00,116.923,6.0709
2026-08-23 17:00,116.926,6.1858
2026-08-23 18:00,116.926,6.1858
2026-08-23 19:00,116.92,5.956
2026-08-23 20:00,116.92,5.956
2026-08-23 21:00,116.918,5.8794
2026-08-23 22:00,116.918,5.8794
2026-08-23 23:00,116.921,5.9943
2026-08-24 00:00,116.922,6.0326
2026-08-24 01:00,116.92,5.956
2026-08-24 02:00,116.919,5.9177
2026-08-24 03:00,116.918,5.8794
2026-08-24 04:00,116.918,5.8794
2026-08-24 05:00,116.923,6.0709
2026-08-24 06:00,116.921,5.9943
2026-08-24 07:00,116.923,6.0709
2026-08-24 08:00,116.922,6.0326
2026-08-24 09:00,116.923,6.0709
2026-08-24 10:00,116.921,5.9943
2026-08-24 11:00,116.924,6.1092
2026-08-24 12:00,116.918,5.8794
2026-08-24 13:00,116.92,5.956
2026-08-24 14:00,116.917,5.8411
2026-08-24 15:00,116.921,5.9943
2026-08-24 16:00,116.917,5.8411
2026-08-24 17:00,116.916,5.8028
2026-08-24 18:00,116.914,5.7262
2026-08-24 19:00,116.918,5.8794
2026-08-24 20:00,116.917,5.8411
2026-08-24 21:00,116.92,5.956
2026-08-24 22:00,116.916,5.8028
2026-08-24 23:00,116.918,5.8794
2026-08-25 00:00,116.917,5.8411
2026-08-25 01:00,116.915,5.7645
2026-08-25 02:00,116.914,5.7262
2026-08-25 03:00,116.912,5.6496
2026-08-25 04:00,116.914,5.7262
2026-08-25 05:00,116.915,5.7645
2026-08-25 06:00,116.914,5.7262
2026-08-25 07:00,116.916,5.8028
2026-08-25 08:00,116.914,5.7262
2026-08-25 09:00,116.916,5.8028
2026-08-25 10:00,116.915,5.7645
2026-08-25 11:00,116.916,5.8028
2026-08-25 12:00,116.916,5.8028
2026-08-25 13:00,116.914,5.7262
2026-08-25 14:00,116.921,5.9943
2026-08-25 15:00,116.927,6.2241
2026-08-25 16:00,116.97,7.871
2026-08-25 17:00,117.023,10.6254
2026-08-25 18:00,117.033,11.3234
2026-08-25 19:00,117.04,11.812
2026-08-25 20:00,117.017,10.2066
2026-08-25 21:00,117.002,9.1596
2026-08-25 22:00,116.997,8.9051
2026-08-25 23:00,116.987,8.5221
2026-08-26 00:00,116.983,8.3689
2026-08-26 01:00,116.986,8.4838
2026-08-26 02:00,116.988,8.5604
2026-08-26 03:00,116.991,8.6753
2026-08-26 04:00,116.993,8.7519
2026-08-26 05:00,117.01,9.718
2026-08-26 06:00,117.015,10.067
2026-08-26 07:00,117.005,9.369
2026-08-26 08:00,116.999,8.9817
2026-08-26 09:00,116.996,8.8668
2026-08-26 10:00,116.989,8.5987
2026-08-26 11:00,116.983,8.3689
2026-08-26 12:00,116.977,8.1391
2026-08-26 13:00,116.973,7.9859
2026-08-26 14:00,116.967,7.7561
2026-08-26 15:00,116.963,7.6029
2026-08-26 16:00,116.96,7.488
2026-08-26 17:00,116.956,7.3348
2026-08-26 18:00,116.955,7.2965
2026-08-26 19:00,116.954,7.2582
2026-08-26 20:00,116.951,7.1433
2026-08-26 21:00,116.949,7.0667
2026-08-26 22:00,116.945,6.9135
2026-08-26 23:00,116.946,6.9518
2026-08-27 00:00,116.94,6.722
2026-08-27 01:00,116.941,6.7603
2026-08-27 02:00,116.932,6.4156
2026-08-27 03:00,116.933,6.4539
2026-08-27 04:00,116.931,6.3773
2026-08-27 05:00,116.931,6.3773
2026-08-27 06:00,116.927,6.2241
2026-08-27 07:00,116.925,6.1475
2026-08-27 08:00,116.926,6.1858
2026-08-27 09:00,116.927,6.2241
2026-08-27 10:00,116.923,6.0709
2026-08-27 11:00,116.921,5.9943
2026-08-27 12:00,116.921,5.9943
2026-08-27 13:00,116.92,5.956
2026-08-27 14:00,116.922,6.0326
2026-08-27 15:00,116.924,6.1092
2026-08-27 16:00,116.918,5.8794
2026-08-27 17:00,116.922,6.0326
2026-08-27 18:00,116.915,5.7645
2026-08-27 19:00,116.919,5.9177
2026-08-27 20:00,116.919,5.9177
2026-08-27 21:00,116.916,5.8028
2026-08-27 22:00,116.919,5.9177
2026-08-27 23:00,116.918,5.8794
2026-08-28 00:00,116.917,5.8411
2026-08-28 01:00,116.913,5.6879
2026-08-28 02:00,116.917,5.8411
2026-08-28 03:00,116.922,6.0326
2026-08-28 04:00,116.924,6.1092
2026-08-28 05:00,116.923,6.0709
2026-08-28 06:00,116.919,5.9177
2026-08-28 07:00,116.92,5.956
2026-08-28 08:00,116.914,5.7262
2026-08-28 09:00,116.925,6.1475
2026-08-28 10:00,116.931,6.3773
2026-08-28 11:00,116.937,6.6071
2026-08-28 12:00,116.94,6.722
2026-08-28 13:00,116.942,6.7986
2026-08-28 14:00,116.934,6.4922
2026-08-28 15:00,116.932,6.4156
2026-08-28 16:00,116.934,6.4922
2026-08-28 17:00,116.928,6.2624
2026-08-28 18:00,116.924,6.1092
2026-08-28 19:00,116.922,6.0326
2026-08-28 20:00,116.917,5.8411
2026-08-28 21:00,116.912,5.6496
2026-08-28 22:00,116.918,5.8794
2026-08-28 23:00,116.915,5.7645
2026-08-29 00:00,116.918,5.8794
2026-08-29 01:00,116.916,5.8028
2026-08-29 02:00,116.913,5.6879
2026-08-29 03:00,116.91,5.573
2026-08-29 04:00,116.909,5.5347
2026-08-29 05:00,116.911,5.6113
2026-08-29 06:00,116.91,5.573
2026-08-29 07:00,116.912,5.6496
2026-08-29 08:00,116.916,5.8028
2026-08-29 09:00,116.916,5.8028
2026-08-29 10:00,116.919,5.9177
2026-08-29 11:00,116.922,6.0326
2026-08-29 12:00,116.923,6.0709
2026-08-29 13:00,116.923,6.0709
2026-08-29 14:00,116.921,5.9943
2026-08-29 15:00,116.93,6.339
2026-08-29 16:00,116.93,6.339
2026-08-29 17:00,116.923,6.0709
2026-08-29 18:00,116.927,6.2241
2026-08-29 19:00,116.935,6.5305
2026-08-29 20:00,116.937,6.6071
2026-08-29 21:00,116.936,6.5688
2026-08-29 22:00,116.933,6.4539
2026-08-29 23:00,116.932,6.4156
2026-08-30 00:00,116.929,6.3007
2026-08-30 01:00,116.928,6.2624
2026-08-30 02:00,116.923,6.0709
2026-08-30 03:00,116.919,5.9177
2026-08-30 04:00,116.917,5.8411
2026-08-30 05:00,116.915,5.7645
2026-08-30 06:00,116.921,5.9943
2026-08-30 07:00,116.919,5.9177
2026-08-30 08:00,116.924,6.1092
2026-08-30 09:00,116.929,6.3007
2026-08-30 10:00,116.936,6.5688
2026-08-30 11:00,116.946,6.9518
2026-08-30 12:00,116.943,6.8369
2026-08-30 13:00,116.942,6.7986
2026-08-30 14:00,116.935,6.5305
2026-08-30 15:00,116.937,6.6071
2026-08-30 16:00,116.93,6.339
2026-08-30 17:00,116.927,6.2241
2026-08-30 18:00,116.926,6.1858
2026-08-30 19:00,116.924,6.1092
2026-08-30 20:00,116.922,6.0326
2026-08-30 21:00,116.922,6.0326
2026-08-30 22:00,116.923,6.0709
2026-08-30 23:00,116.92,5.956
2026-08-31 00:00,116.919,5.9177
2026-08-31 01:00,116.919,5.9177
2026-08-31 02:00,116.914,5.7262
2026-08-31 03:00,116.911,5.6113
2026-08-31 04:00,116.919,5.9177
2026-08-31 05:00,116.906,5.4198
2026-08-31 06:00,116.912,5.6496
2026-08-31 07:00,116.908,5.4964
2026-08-31 08:00,116.911,5.6113
2026-08-31 09:00,116.908,5.4964
2026-08-31 10:00,116.908,5.4964
2026-08-31 11:00,116.911,5.6113
2026-08-31 12:00,116.906,5.4198
2026-08-31 13:00,116.91,5.573
2026-08-31 14:00,116.91,5.573
2026-08-31 15:00,116.908,5.4964
2026-08-31 16:00,116.91,5.573
2026-08-31 17:00,116.908,5.4964
2026-08-31 18:00,116.907,5.4581
2026-08-31 19:00,116.905,5.3815
2026-08-31 20:00,116.904,5.3432
2026-08-31 21:00,116.906,5.4198
2026-08-31 22:00,116.901,5.2283
2026-08-31 23:00,116.902,5.2666
2026-09-01 00:00,116.903,5.3049
2026-09-01 01:00,116.899,5.1517
2026-09-01 02:00,116.9,5.19
2026-09-01 03:00,116.902,5.2666
2026-09-01 04:00,116.905,5.3815
2026-09-01 05:00,116.903,5.3049
2026-09-01 06:00,116.901,5.2283
2026-09-01 07:00,116.897,5.0751
2026-09-01 08:00,116.901,5.2283
2026-09-01 09:00,116.899,5.1517
2026-09-01 10:00,116.903,5.3049
2026-09-01 11:00,116.903,5.3049
2026-09-01 12:00,116.903,5.3049
2026-09-01 13:00,116.906,5.4198
2026-09-01 14:00,116.899,5.1517
2026-09-01 15:00,116.902,5.2666
2026-09-01 16:00,116.902,5.2666
2026-09-01 17:00,116.9,5.19
2026-09-01 18:00,116.902,5.2666
2026-09-01 19:00,116.897,5.0751
2026-09-01 20:00,116.897,5.0751
2026-09-01 21:00,116.9,5.19
2026-09-01 22:00,116.894,4.9602
2026-09-01 23:00,116.895,4.9985
2026-09-02 00:00,116.894,4.9602
2026-09-02 01:00,116.896,5.0368
2026-09-02 02:00,116.897,5.0751
2026-09-02 03:00,116.898,5.1134
2026-09-02 04:00,116.897,5.0751
2026-09-02 05:00,116.898,5.1134
2026-09-02 06:00,116.897,5.0751
2026-09-02 07:00,116.898,5.1134
2026-09-02 08:00,116.896,5.0368
2026-09-02 09:00,116.896,5.0368
2026-09-02 10:00,116.896,5.0368
2026-09-02 11:00,116.897,5.0751
2026-09-02 12:00,116.896,5.0368
2026-09-02 13:00,116.897,5.0751
2026-09-02 14:00,116.896,5.0368
2026-09-02 15:00,116.896,5.0368
2026-09-02 16:00,116.895,4.9985
2026-09-02 17:00,116.901,5.2283
2026-09-02 18:00,116.98,8.254
2026-09-02 19:00,117.133,18.3034
2026-09-02 20:00,117.203,23.28045
2026-09-02 21:00,117.396,42.6094
2026-09-02 22:00,117.543,61.5571
2026-09-02 23:00,117.448,49.2356
2026-09-03 00:00,117.354,38.4031
2026-09-03 01:00,117.26,28.989
2026-09-03 02:00,117.224,25.3836
2026-09-03 03:00,117.258,28.7887
2026-09-03 04:00,117.234,26.3851
2026-09-03 05:00,117.198,22.8404
2026-09-03 06:00,117.164,20.4672
2026-09-03 07:00,117.131,18.1638
2026-09-03 08:00,117.115,17.047
2026-09-03 09:00,117.106,16.4188
2026-09-03 10:00,117.097,15.7906
2026-09-03 11:00,117.082,14.7436
2026-09-03 12:00,117.072,14.0456
2026-09-03 13:00,117.059,13.1382
2026-09-03 14:00,117.054,12.7892
2026-09-03 15:00,117.068,13.7664
2026-09-03 16:00,117.111,16.7678
2026-09-03 17:00,117.098,15.8604
2026-09-03 18:00,117.077,14.3946
2026-09-03 19:00,117.069,13.8362
2026-09-03 20:00,117.085,14.953
2026-09-03 21:00,117.078,14.4644
2026-09-03 22:00,117.059,13.1382
2026-09-03 23:00,117.044,12.0912
2026-09-04 00:00,117.04,11.812
2026-09-04 01:00,117.03,11.114
2026-09-04 02:00,117.018,10.2764
2026-09-04 03:00,117.009,9.6482
2026-09-04 04:00,117.018,10.2764
2026-09-04 05:00,117.017,10.2066
2026-09-04 06:00,117.014,9.9972
2026-09-04 07:00,117.009,9.6482
2026-09-04 08:00,117.003,9.2294
2026-09-04 09:00,117.001,9.0898
2026-09-04 10:00,116.997,8.9051
2026-09-04 11:00,116.995,8.8285
2026-09-04 12:00,116.988,8.5604
2026-09-04 13:00,116.991,8.6753
2026-09-04 14:00,116.986,8.4838
2026-09-04 15:00,116.981,8.2923
2026-09-04 16:00,116.979,8.2157
2026-09-04 17:00,116.973,7.9859
2026-09-04 18:00,116.968,7.7944
2026-09-04 19:00,116.968,7.7944
2026-09-04 20:00,116.963,7.6029
2026-09-04 21:00,116.963,7.6029
2026-09-04 22:00,116.957,7.3731
2026-09-04 23:00,116.96,7.488
2026-09-05 00:00,116.955,7.2965
2026-09-05 01:00,116.952,7.1816
2026-09-05 02:00,116.957,7.3731
2026-09-05 03:00,116.953,7.2199
2026-09-05 04:00,116.951,7.1433
2026-09-05 05:00,116.949,7.0667
2026-09-05 06:00,116.947,6.9901
2026-09-05 07:00,116.944,6.8752
2026-09-05 08:00,116.944,6.8752
2026-09-05 09:00,116.944,6.8752
2026-09-05 10:00,116.946,6.9518
2026-09-05 11:00,116.938,6.6454
2026-09-05 12:00,116.942,6.7986
2026-09-05 13:00,116.933,6.4539
2026-09-05 14:00,116.934,6.4922
2026-09-05 15:00,116.934,6.4922
2026-09-05 16:00,116.935,6.5305
2026-09-05 17:00,116.936,6.5688
2026-09-05 18:00,116.929,6.3007
2026-09-05 19:00,116.927,6.2241
2026-09-05 20:00,116.928,6.2624
2026-09-05 21:00,116.928,6.2624
2026-09-05 22:00,116.928,6.2624
2026-09-05 23:00,116.928,6.2624
2026-09-06 00:00,116.926,6.1858
2026-09-06 01:00,116.927,6.2241
2026-09-06 02:00,116.924,6.1092
2026-09-06 03:00,116.92,5.956
2026-09-06 04:00,116.924,6.1092
2026-09-06 05:00,116.929,6.3007
2026-09-06 06:00,116.923,6.0709
2026-09-06 07:00,116.925,6.1475
2026-09-06 08:00,116.924,6.1092
2026-09-06 09:00,116.926,6.1858
2026-09-06 10:00,116.924,6.1092
2026-09-06 11:00,116.919,5.9177
2026-09-06 12:00,116.921,5.9943
2026-09-06 13:00,116.924,6.1092
2026-09-06 14:00,116.922,6.0326
2026-09-06 15:00,116.92,5.956
2026-09-06 16:00,116.92,5.956
2026-09-06 17:00,116.917,5.8411
2026-09-06 18:00,116.919,5.9177
2026-09-06 19:00,116.918,5.8794
2026-09-06 20:00,116.915,5.7645
2026-09-06 21:00,116.914,5.7262
2026-09-06 22:00,116.909,5.5347
2026-09-06 23:00,116.913,5.6879
2026-09-07 00:00,116.912,5.6496
2026-09-07 01:00,116.914,5.7262
2026-09-07 02:00,116.918,5.8794
2026-09-07 03:00,116.913,5.6879
2026-09-07 04:00,116.912,5.6496
2026-09-07 05:00,116.912,5.6496
2026-09-07 06:00,116.913,5.6879
2026-09-07 07:00,116.916,5.8028
2026-09-07 08:00,116.917,5.8411
2026-09-07 09:00,116.912,5.6496
2026-09-07 10:00,116.91,5.573
2026-09-07 11:00,116.911,5.6113
2026-09-07 12:00,116.91,5.573
2026-09-07 13:00,116.911,5.6113
2026-09-07 14:00,116.91,5.573
2026-09-07 15:00,116.911,5.6113
2026-09-07 16:00,116.91,5.573
2026-09-07 17:00,116.909,5.5347
2026-09-07 18:00,116.914,5.7262
2026-09-07 19:00,116.914,5.7262
2026-09-07 20:00,116.908,5.4964
2026-09-07 21:00,116.908,5.4964
2026-09-07 22:00,116.91,5.573
2026-09-07 23:00,116.909,5.5347
2026-09-08 00:00,116.905,5.3815
2026-09-08 01:00,116.903,5.3049
2026-09-08 02:00,116.908,5.4964
2026-09-08 03:00,116.905,5.3815
2026-09-08 04:00,116.908,5.4964
2026-09-08 05:00,116.908,5.4964
2026-09-08 06:00,116.908,5.4964
2026-09-08 07:00,116.906,5.4198
2026-09-08 08:00,116.905,5.3815
2026-09-08 09:00,116.906,5.4198
2026-09-08 10:00,116.905,5.3815
2026-09-08 11:00,116.905,5.3815
2026-09-08 12:00,116.905,5.3815
2026-09-08 13:00,116.904,5.3432
2026-09-08 14:00,116.903,5.3049
2026-09-08 15:00,116.904,5.3432
2026-09-08 16:00,116.906,5.4198
2026-09-08 17:00,116.904,5.3432
2026-09-08 18:00,116.904,5.3432
2026-09-08 19:00,116.906,5.4198
2026-09-08 20:00,116.904,5.3432
2026-09-08 21:00,116.906,5.4198
2026-09-08 22:00,116.9,5.19
2026-09-08 23:00,116.901,5.2283
2026-09-09 00:00,116.903,5.3049
2026-09-09 01:00,116.895,4.9985
2026-09-09 02:00,116.899,5.1517
2026-09-09 03:00,116.898,5.1134
2026-09-09 04:00,116.9,5.19
2026-09-09 05:00,116.902,5.2666
2026-09-09 06:00,116.898,5.1134
2026-09-09 07:00,116.9,5.19
2026-09-09 08:00,116.899,5.1517
2026-09-09 09:00,116.901,5.2283
2026-09-09 10:00,116.895,4.9985
2026-09-09 11:00,116.9,5.19
2026-09-09 12:00,116.897,5.0751
2026-09-09 13:00,116.894,4.9602
2026-09-09 14:00,116.896,5.0368
2026-09-09 15:00,116.895,4.9985
2026-09-09 16:00,116.894,4.9602
2026-09-09 17:00,116.9,5.19
2026-09-09 18:00,116.897,5.0751
2026-09-09 19:00,116.897,5.0751
2026-09-09 20:00,116.895,4.9985
2026-09-09 21:00,116.895,4.9985
2026-09-09 22:00,116.892,4.8836
2026-09-09 23:00,116.892,4.8836
2026-09-10 00:00,116.888,4.7304
2026-09-10 01:00,116.892,4.8836
2026-09-10 02:00,116.896,5.0368
2026-09-10 03:00,116.896,5.0368
2026-09-10 04:00,116.891,4.8453
2026-09-10 05:00,116.893,4.9219
2026-09-10 06:00,116.894,4.9602
2026-09-10 07:00,116.896,5.0368
2026-09-10 08:00,116.893,4.9219
2026-09-10 09:00,116.896,5.0368
2026-09-10 10:00,116.899,5.1517
2026-09-10 11:00,116.896,5.0368
2026-09-10 12:00,116.891,4.8453
2026-09-10 13:00,116.905,5.3815
2026-09-10 14:00,116.905,5.3815
2026-09-10 15:00,116.9,5.19
2026-09-10 16:00,116.9,5.19
2026-09-10 17:00,116.898,5.1134
2026-09-10 18:00,116.903,5.3049
2026-09-10 19:00,116.906,5.4198
2026-09-10 20:00,116.902,5.2666
2026-09-10 21:00,116.901,5.2283
2026-09-10 22:00,116.901,5.2283
2026-09-10 23:00,116.899,5.1517
2026-09-11 00:00,116.903,5.3049
2026-09-11 01:00,116.905,5.3815
2026-09-11 02:00,116.917,5.8411
2026-09-11 03:00,116.972,7.9476
2026-09-11 04:00,117.014,9.9972
2026-09-11 05:00,116.996,8.8668
2026-09-11 06:00,116.98,8.254
2026-09-11 07:00,116.971,7.9093
2026-09-11 08:00,116.963,7.6029
2026-09-11 09:00,116.957,7.3731
2026-09-11 10:00,116.968,7.7944
2026-09-11 11:00,116.961,7.5263
2026-09-11 12:00,116.961,7.5263
2026-09-11 13:00,116.952,7.1816
2026-09-11 14:00,116.958,7.4114
2026-09-11 15:00,116.965,7.6795
2026-09-11 16:00,116.991,8.6753
2026-09-11 17:00,117.036,11.5328
2026-09-11 18:00,117.048,12.3704
2026-09-11 19:00,117.089,15.2322
2026-09-11 20:00,117.105,16.349
2026-09-11 21:00,117.091,15.3718
2026-09-11 22:00,117.082,14.7436
2026-09-11 23:00,117.075,14.255
2026-09-12 00:00,117.072,14.0456
2026-09-12 01:00,117.096,15.7208
2026-09-12 02:00,117.111,16.7678
2026-09-12 03:00,117.114,16.9772
2026-09-12 04:00,117.102,16.1396
2026-09-12 05:00,117.089,15.2322
2026-09-12 06:00,117.073,14.1154
2026-09-12 07:00,117.062,13.3476
2026-09-12 08:00,117.048,12.3704
2026-09-12 09:00,117.037,11.6026
2026-09-12 10:00,117.029,11.0442
2026-09-12 11:00,117.021,10.4858
2026-09-12 12:00,117.013,9.9274
2026-09-12 13:00,117.009,9.6482
2026-09-12 14:00,117.002,9.1596
2026-09-12 15:00,116.998,8.9434
2026-09-12 16:00,116.996,8.8668
2026-09-12 17:00,116.989,8.5987
2026-09-12 18:00,116.985,8.4455
2026-09-12 19:00,116.98,8.254
2026-09-12 20:00,116.977,8.1391
2026-09-12 21:00,116.973,7.9859
2026-09-12 22:00,116.972,7.9476
2026-09-12 23:00,116.969,7.8327
2026-09-13 00:00,116.964,7.6412
2026-09-13 01:00,116.961,7.5263
2026-09-13 02:00,116.953,7.2199
2026-09-13 03:00,116.952,7.1816
2026-09-13 04:00,116.953,7.2199
2026-09-13 05:00,116.951,7.1433
2026-09-13 06:00,116.946,6.9518
2026-09-13 07:00,116.942,6.7986
2026-09-13 08:00,116.941,6.7603
2026-09-13 09:00,116.942,6.7986
2026-09-13 10:00,116.939,6.6837
2026-09-13 11:00,116.943,6.8369
2026-09-13 12:00,116.938,6.6454
2026-09-13 13:00,116.938,6.6454
2026-09-13 14:00,116.942,6.7986
2026-09-13 15:00,116.938,6.6454
2026-09-13 16:00,116.935,6.5305
2026-09-13 17:00,116.936,6.5688
2026-09-13 18:00,116.932,6.4156
2026-09-13 19:00,116.935,6.5305
2026-09-13 20:00,116.939,6.6837
2026-09-13 21:00,116.943,6.8369
2026-09-13 22:00,116.933,6.4539
2026-09-13 23:00,116.933,6.4539
2026-09-14 00:00,116.974,8.0242
2026-09-14 01:00,116.983,8.3689
2026-09-14 02:00,116.973,7.9859
2026-09-14 03:00,116.966,7.7178
2026-09-14 04:00,116.968,7.7944
2026-09-14 05:00,116.994,8.7902
2026-09-14 06:00,117.52,58.574
2026-09-14 07:00,117.578,66.0966
2026-09-14 08:00,117.516,58.0552
2026-09-14 09:00,117.449,49.3653
2026-09-14 10:00,117.408,44.0476
2026-09-14 11:00,117.374,40.4061
2026-09-14 12:00,117.331,36.09965
2026-09-14 13:00,117.296,32.5944
2026-09-14 14:00,117.267,29.69005
2026-09-14 15:00,117.232,26.1848
2026-09-14 16:00,117.219,24.88285
2026-09-14 17:00,117.192,22.4216
2026-09-14 18:00,117.177,21.3746
2026-09-14 19:00,117.169,20.8162
2026-09-14 20:00,117.159,20.1182
2026-09-14 21:00,117.161,20.2578
2026-09-14 22:00,117.162,20.3276
2026-09-14 23:00,117.164,20.4672
2026-09-15 00:00,117.145,19.141
2026-09-15 01:00,117.123,17.6054
2026-09-15 02:00,117.11,16.698
2026-09-15 03:00,117.1,16.0
2026-09-15 04:00,117.089,15.2322
2026-09-15 05:00,117.077,14.3946
2026-09-15 06:00,117.068,13.7664
2026-09-15 07:00,117.062,13.3476
2026-09-15 08:00,117.053,12.7194
2026-09-15 09:00,117.047,12.3006
2026-09-15 10:00,117.051,12.5798
2026-09-15 11:00,117.041,11.8818
2026-09-15 12:00,117.036,11.5328
2026-09-15 13:00,117.03,11.114
2026-09-15 14:00,117.028,10.9744
2026-09-15 15:00,117.024,10.6952
2026-09-15 16:00,117.02,10.416
2026-09-15 17:00,117.014,9.9972
2026-09-15 18:00,117.017,10.2066
2026-09-15 19:00,117.015,10.067
2026-09-15 20:00,117.01,9.718
2026-09-15 21:00,117.003,9.2294
2026-09-15 22:00,117.017,10.2066
2026-09-15 23:00,117.011,9.7878
2026-09-16 00:00,117.008,9.5784
2026-09-16 01:00,117.001,9.0898
2026-09-16 02:00,116.997,8.9051
2026-09-16 03:00,116.996,8.8668
2026-09-16 04:00,116.995,8.8285
2026-09-16 05:00,116.989,8.5987
2026-09-16 06:00,116.99,8.637
2026-09-16 07:00,116.984,8.4072
2026-09-16 08:00,116.984,8.4072
2026-09-16 09:00,116.986,8.4838
2026-09-16 10:00,116.977,8.1391
2026-09-16 11:00,116.98,8.254
2026-09-16 12:00,116.979,8.2157
2026-09-16 13:00,116.978,8.1774
2026-09-16 14:00,116.974,8.0242
2026-09-16 15:00,116.971,7.9093
2026-09-16 16:00,116.973,7.9859
2026-09-16 17:00,116.967,7.7561
2026-09-16 18:00,116.963,7.6029
2026-09-16 19:00,116.964,7.6412
2026-09-16 20:00,116.967,7.7561
2026-09-16 21:00,116.963,7.6029
2026-09-16 22:00,116.961,7.5263
2026-09-16 23:00,116.96,7.488
2026-09-17 00:00,116.958,7.4114
2026-09-17 01:00,116.957,7.3731
2026-09-17 02:00,116.96,7.488
2026-09-17 03:00,116.975,8.0625
2026-09-17 04:00,117.009,9.6482
2026-09-17 05:00,117.012,9.8576
2026-09-17 06:00,116.998,8.9434
2026-09-17 07:00,116.991,8.6753
2026-09-17 08:00,116.99,8.637
2026-09-17 09:00,116.984,8.4072
2026-09-17 10:00,116.982,8.3306
2026-09-17 11:00,116.978,8.1774
2026-09-17 12:00,116.978,8.1774
2026-09-17 13:00,116.975,8.0625
2026-09-17 14:00,116.968,7.7944
2026-09-17 15:00,116.968,7.7944
2026-09-17 16:00,116.956,7.3348
2026-09-17 17:00,116.955,7.2965
2026-09-17 18:00,116.959,7.4497
2026-09-17 19:00,116.953,7.2199
2026-09-17 20:00,116.952,7.1816
2026-09-17 21:00,116.954,7.2582
2026-09-17 22:00,116.952,7.1816
2026-09-17 23:00,116.945,6.9135
2026-09-18 00:00,116.946,6.9518
2026-09-18 01:00,116.942,6.7986
2026-09-18 02:00,116.946,6.9518
2026-09-18 03:00,116.943,6.8369
2026-09-18 04:00,116.946,6.9518
2026-09-18 05:00,116.944,6.8752
2026-09-18 06:00,116.947,6.9901
2026-09-18 07:00,116.946,6.9518
2026-09-18 08:00,116.941,6.7603
2026-09-18 09:00,116.943,6.8369
2026-09-18 10:00,116.95,7.105
2026-09-18 11:00,116.979,8.2157
2026-09-18 12:00,116.979,8.2157
2026-09-18 13:00,116.978,8.1774
2026-09-18 14:00,116.99,8.637
2026-09-18 15:00,116.99,8.637
2026-09-18 16:00,117.017,10.2066
2026-09-18 17:00,117.012,9.8576
2026-09-18 18:00,117.015,10.067
2026-09-18 19:00,117.037,11.6026
2026-09-18 20:00,117.051,12.5798
2026-09-18 21:00,117.049,12.4402
2026-09-18 22:00,117.066,13.6268
2026-09-18 23:00,117.104,16.2792
2026-09-19 00:00,117.104,16.2792
2026-09-19 01:00,117.1,16.0
2026-09-19 02:00,117.101,16.0698
2026-09-19 03:00,117.1,16.0
2026-09-19 04:00,117.1,16.0
2026-09-19 05:00,117.093,15.5114
2026-09-19 06:00,117.083,14.8134
2026-09-19 07:00,117.07,13.906
2026-09-19 08:00,117.06,13.208
2026-09-19 09:00,117.046,12.2308
2026-09-19 10:00,117.041,11.8818
2026-09-19 11:00,117.034,11.3932
2026-09-19 12:00,117.025,10.765
2026-09-19 13:00,117.016,10.1368
2026-09-19 14:00,117.011,9.7878
2026-09-19 15:00,117.009,9.6482
2026-09-19 16:00,117.003,9.2294
2026-09-19 17:00,117.0,9.02
2026-09-19 18:00,116.996,8.8668
2026-09-19 19:00,117.011,9.7878
2026-09-19 20:00,117.088,15.1624
2026-09-19 21:00,117.122,17.5356
2026-09-19 22:00,117.121,17.4658
2026-09-19 23:00,117.092,15.4416
2026-09-20 00:00,117.089,15.2322
2026-09-20 01:00,117.083,14.8134
2026-09-20 02:00,117.079,14.5342
2026-09-20 03:00,117.078,14.4644
2026-09-20 04:00,117.077,14.3946
2026-09-20 05:00,117.137,18.5826
2026-09-20 06:00,117.144,19.0712
2026-09-20 07:00,117.117,17.1866
2026-09-20 08:00,117.106,16.4188
2026-09-20 09:00,117.104,16.2792
2026-09-20 10:00,117.092,15.4416
2026-09-20 11:00,117.081,14.6738
2026-09-20 12:00,117.074,14.1852
2026-09-20 13:00,117.067,13.6966
2026-09-20 14:00,117.05,12.51
2026-09-20 15:00,117.046,12.2308
2026-09-20 16:00,117.041,11.8818
2026-09-20 17:00,117.037,11.6026
2026-09-20 18:00,117.03,11.114
2026-09-20 19:00,117.024,10.6952
2026-09-20 20:00,117.019,10.3462
2026-09-20 21:00,117.027,10.9046
2026-09-20 22:00,117.043,12.0214
2026-09-20 23:00,117.04,11.812
2026-09-21 00:00,117.033,11.3234
2026-09-21 01:00,117.022,10.5556
2026-09-21 02:00,117.021,10.4858
2026-09-21 03:00,117.017,10.2066
2026-09-21 04:00,117.016,10.1368
2026-09-21 05:00,117.01,9.718
2026-09-21 06:00,117.009,9.6482
2026-09-21 07:00,117.006,9.4388
2026-09-21 08:00,117.0,9.02
2026-09-21 09:00,116.999,8.9817
2026-09-21 10:00,116.995,8.8285
2026-09-21 11:00,116.999,8.9817
2026-09-21 12:00,116.99,8.637
2026-09-21 13:00,116.988,8.5604
2026-09-21 14:00,116.988,8.5604
2026-09-21 15:00,116.987,8.5221
2026-09-21 16:00,116.983,8.3689
2026-09-21 17:00,116.991,8.6753
2026-09-21 18:00,116.986,8.4838
2026-09-21 19:00,116.984,8.4072
2026-09-21 20:00,116.986,8.4838
2026-09-21 21:00,116.987,8.5221
2026-09-21 22:00,116.995,8.8285
2026-09-21 23:00,117.003,9.2294
2026-09-22 00:00,116.999,8.9817
2026-09-22 01:00,117.006,9.4388
2026-09-22 02:00,117.005,9.369
2026-09-22 03:00,116.991,8.6753
2026-09-22 04:00,116.993,8.7519
2026-09-22 05:00,117.008,9.5784
2026-09-22 06:00,117.052,12.6496
2026-09-22 07:00,117.057,12.9986
2026-09-22 08:00,117.056,12.9288
2026-09-22 09:00,117.046,12.2308
2026-09-22 10:00,117.049,12.4402
2026-09-22 11:00,117.041,11.8818
2026-09-22 12:00,117.038,11.6724
2026-09-22 13:00,117.03,11.114
2026-09-22 14:00,117.028,10.9744
2026-09-22 15:00,117.017,10.2066
2026-09-22 16:00,117.019,10.3462
2026-09-22 17:00,117.016,10.1368
2026-09-22 18:00,117.016,10.1368
2026-09-22 19:00,117.012,9.8576
2026-09-22 20:00,117.015,10.067
2026-09-22 21:00,117.028,10.9744
2026-09-22 22:00,117.022,10.5556
2026-09-22 23:00,117.022,10.5556
2026-09-23 00:00,117.022,10.5556
2026-09-23 01:00,117.049,12.4402
2026-09-23 02:00,117.083,14.8134
2026-09-23 03:00,117.112,16.8376
2026-09-23 04:00,117.126,17.8148
2026-09-23 05:00,117.128,17.9544
2026-09-23 06:00,117.125,17.745
2026-09-23 07:00,117.108,16.5584
2026-09-23 08:00,117.097,15.7906
2026-09-23 09:00,117.085,14.953
2026-09-23 10:00,117.075,14.255
2026-09-23 11:00,117.064,13.4872
2026-09-23 12:00,117.056,12.9288
2026-09-23 13:00,117.05,12.51
2026-09-23 14:00,117.045,12.161
2026-09-23 15:00,117.047,12.3006
2026-09-23 16:00,117.041,11.8818
2026-09-23 17:00,117.044,12.0912
2026-09-23 18:00,117.044,12.0912
2026-09-23 19:00,117.045,12.161
2026-09-23 20:00,117.039,11.7422
2026-09-23 21:00,117.046,12.2308
2026-09-23 22:00,117.061,13.2778
2026-09-23 23:00,117.074,14.1852
2026-09-24 00:00,117.082,14.7436
2026-09-24 01:00,117.072,14.0456
2026-09-24 02:00,117.07,13.906
2026-09-24 03:00,117.064,13.4872
2026-09-24 04:00,117.062,13.3476
2026-09-24 05:00,117.061,13.2778
2026-09-24 06:00,117.062,13.3476
2026-09-24 07:00,117.056,12.9288
2026-09-24 08:00,117.048,12.3704
2026-09-24 09:00,117.042,11.9516
2026-09-24 10:00,117.043,12.0214
2026-09-24 11:00,117.038,11.6724
2026-09-24 12:00,117.029,11.0442
2026-09-24 13:00,117.03,11.114
2026-09-24 14:00,117.026,10.8348
2026-09-24 15:00,117.023,10.6254
2026-09-24 16:00,117.016,10.1368
2026-09-24 17:00,117.016,10.1368
2026-09-24 18:00,117.01,9.718
2026-09-24 19:00,117.023,10.6254
2026-09-24 20:00,117.026,10.8348
2026-09-24 21:00,117.029,11.0442
2026-09-24 22:00,117.036,11.5328
2026-09-24 23:00,117.049,12.4402
2026-09-25 00:00,117.045,12.161
2026-09-25 01:00,117.037,11.6026
2026-09-25 02:00,117.025,10.765
2026-09-25 03:00,117.015,10.067
2026-09-25 04:00,117.011,9.7878
2026-09-25 05:00,117.006,9.4388
2026-09-25 06:00,117.003,9.2294
2026-09-25 07:00,116.999,8.9817
2026-09-25 08:00,117.002,9.1596
2026-09-25 09:00,116.996,8.8668
2026-09-25 10:00,116.997,8.9051
2026-09-25 11:00,116.996,8.8668
2026-09-25 12:00,116.993,8.7519
2026-09-25 13:00,116.99,8.637
2026-09-25 14:00,116.992,8.7136
2026-09-25 15:00,116.989,8.5987
2026-09-25 16:00,116.991,8.6753
2026-09-25 17:00,116.987,8.5221
2026-09-25 18:00,116.986,8.4838
2026-09-25 19:00,116.983,8.3689
2026-09-25 20:00,116.986,8.4838
2026-09-25 21:00,116.982,8.3306
2026-09-25 22:00,116.99,8.637
2026-09-25 23:00,116.999,8.9817
2026-09-26 00:00,116.996,8.8668
2026-09-26 01:00,116.997,8.9051
2026-09-26 02:00,116.989,8.5987
2026-09-26 03:00,116.986,8.4838
2026-09-26 04:00,116.985,8.4455
2026-09-26 05:00,116.987,8.5221
2026-09-26 06:00,116.983,8.3689
2026-09-26 07:00,116.981,8.2923
2026-09-26 08:00,116.981,8.2923
2026-09-26 09:00,116.98,8.254
2026-09-26 10:00,116.983,8.3689
2026-09-26 11:00,116.982,8.3306
2026-09-26 12:00,116.98,8.254
2026-09-26 13:00,116.977,8.1391
2026-09-26 14:00,116.987,8.5221
2026-09-26 15:00,116.994,8.7902
2026-09-26 16:00,117.018,10.2764
2026-09-26 17:00,117.014,9.9972
2026-09-26 18:00,117.016,10.1368
2026-09-26 19:00,117.008,9.5784
2026-09-26 20:00,116.992,8.7136
2026-09-26 21:00,116.992,8.7136
2026-09-26 22:00,116.985,8.4455
2026-09-26 23:00,116.981,8.2923
2026-09-27 00:00,116.981,8.2923
2026-09-27 01:00,116.985,8.4455
2026-09-27 02:00,116.99,8.637
2026-09-27 03:00,116.986,8.4838
2026-09-27 04:00,116.987,8.5221
2026-09-27 05:00,116.983,8.3689
2026-09-27 06:00,116.985,8.4455
2026-09-27 07:00,116.986,8.4838
2026-09-27 08:00,116.984,8.4072
2026-09-27 09:00,116.984,8.4072
2026-09-27 10:00,116.989,8.5987
2026-09-27 11:00,116.99,8.637
2026-09-27 12:00,116.989,8.5987
2026-09-27 13:00,116.983,8.3689
2026-09-27 14:00,116.983,8.3689
2026-09-27 15:00,116.98,8.254
2026-09-27 16:00,116.976,8.1008
2026-09-27 17:00,116.973,7.9859
2026-09-27 18:00,116.972,7.9476
2026-09-27 19:00,116.971,7.9093
2026-09-27 20:00,116.967,7.7561
2026-09-27 21:00,116.964,7.6412
2026-09-27 22:00,116.968,7.7944
2026-09-27 23:00,116.967,7.7561
2026-09-28 00:00,116.962,7.5646
2026-09-28 01:00,116.959,7.4497
2026-09-28 02:00,116.955,7.2965
2026-09-28 03:00,116.956,7.3348
2026-09-28 04:00,116.953,7.2199
2026-09-28 05:00,116.958,7.4114
2026-09-28 06:00,116.953,7.2199
2026-09-28 07:00,116.955,7.2965
2026-09-28 08:00,116.956,7.3348
2026-09-28 09:00,116.952,7.1816
2026-09-28 10:00,116.954,7.2582
2026-09-28 11:00,116.953,7.2199
2026-09-28 12:00,116.952,7.1816
2026-09-28 13:00,116.954,7.2582
2026-09-28 14:00,116.95,7.105
2026-09-28 15:00,116.95,7.105
2026-09-28 16:00,116.948,7.0284
2026-09-28 17:00,116.947,6.9901
2026-09-28 18:00,116.95,7.105
2026-09-28 19:00,116.946,6.9518
2026-09-28 20:00,116.941,6.7603
2026-09-28 21:00,116.947,6.9901
2026-09-28 22:00,116.937,6.6071
2026-09-28 23:00,116.939,6.6837
2026-09-29 00:00,116.94,6.722
2026-09-29 01:00,116.937,6.6071
2026-09-29 02:00,116.939,6.6837
2026-09-29 03:00,116.945,6.9135
2026-09-29 04:00,117.014,9.9972
2026-09-29 05:00,117.028,10.9744
2026-09-29 06:00,117.014,9.9972
2026-09-29 07:00,117.002,9.1596
2026-09-29 08:00,116.99,8.637
2026-09-29 09:00,116.978,8.1774
2026-09-29 10:00,116.968,7.7944
2026-09-29 11:00,116.966,7.7178
2026-09-29 12:00,116.96,7.488
2026-09-29 13:00,116.953,7.2199
2026-09-29 14:00,116.964,7.6412
2026-09-29 15:00,116.975,8.0625
2026-09-29 16:00,116.97,7.871
2026-09-29 17:00,116.971,7.9093
2026-09-29 18:00,116.996,8.8668
2026-09-29 19:00,117.088,15.1624
2026-09-29 20:00,117.088,15.1624
2026-09-29 21:00,117.058,13.0684
2026-09-29 22:00,117.033,11.3234
2026-09-29 23:00,117.017,10.2066
2026-09-30 00:00,117.001,9.0898
2026-09-30 01:00,116.994,8.7902
2026-09-30 02:00,116.986,8.4838
2026-09-30 03:00,116.978,8.1774
2026-09-30 04:00,116.972,7.9476
2026-09-30 05:00,116.961,7.5263
2026-09-30 06:00,116.956,7.3348
2026-09-30 07:00,116.956,7.3348
2026-09-30 08:00,116.956,7.3348
2026-09-30 09:00,116.953,7.2199
2026-09-30 10:00,116.952,7.1816
2026-09-30 11:00,116.953,7.2199
2026-09-30 12:00,116.946,6.9518
2026-09-30 13:00,116.947,6.9901
2026-09-30 14:00,116.947,6.9901
2026-09-30 15:00,116.969,7.8327
2026-09-30 16:00,117.073,14.1154
2026-09-30 17:00,117.077,14.3946
2026-09-30 18:00,117.118,17.2564
2026-09-30 19:00,117.133,18.3034
2026-09-30 20:00,117.129,18.0242
2026-09-30 21:00,117.109,16.6282
2026-09-30 22:00,117.096,15.7208
2026-09-30 23:00,117.097,15.7906
2026-10-01 00:00,117.077,14.3946
2026-10-01 01:00,117.054,12.7892
2026-10-01 02:00,117.04,11.812
2026-10-01 03:00,117.024,10.6952
2026-10-01 04:00,117.013,9.9274
2026-10-01 05:00,117.029,11.0442
2026-10-01 06:00,117.034,11.3932
2026-10-01 07:00,117.039,11.7422
2026-10-01 08:00,117.042,11.9516
2026-10-01 09:00,117.044,12.0912
2026-10-01 10:00,117.034,11.3932
2026-10-01 11:00,117.028,10.9744
2026-10-01 12:00,117.02,10.416
2026-10-01 13:00,117.012,9.8576
2026-10-01 14:00,117.012,9.8576
2026-10-01 15:00,117.002,9.1596
2026-10-01 16:00,116.989,8.5987
2026-10-01 17:00,116.997,8.9051
2026-10-01 18:00,116.992,8.7136
2026-10-01 19:00,116.995,8.8285
2026-10-01 20:00,117.007,9.5086
2026-10-01 21:00,117.025,10.765
2026-10-01 22:00,117.027,10.9046
2026-10-01 23:00,117.026,10.8348
2026-10-02 00:00,117.025,10.765
2026-10-02 01:00,117.023,10.6254
2026-10-02 02:00,117.014,9.9972
2026-10-02 03:00,117.01,9.718
2026-10-02 04:00,117.007,9.5086
2026-10-02 05:00,116.999,8.9817
2026-10-02 06:00,116.993,8.7519
2026-10-02 07:00,116.993,8.7519
2026-10-02 08:00,116.991,8.6753
2026-10-02 09:00,116.987,8.5221
2026-10-02 10:00,116.982,8.3306
2026-10-02 11:00,116.981,8.2923
2026-10-02 12:00,116.98,8.254
2026-10-02 13:00,116.977,8.1391
2026-10-02 14:00,116.983,8.3689
2026-10-02 15:00,116.975,8.0625
2026-10-02 16:00,116.981,8.2923
2026-10-02 17:00,117.003,9.2294
2026-10-02 18:00,117.092,15.4416
2026-10-02 19:00,117.116,17.1168
2026-10-02 20:00,117.16,20.188
2026-10-02 21:00,117.157,19.9786
2026-10-02 22:00,117.131,18.1638
2026-10-02 23:00,117.113,16.9074
2026-10-03 00:00,117.138,18.6524
2026-10-03 01:00,117.153,19.6994
2026-10-03 02:00,117.148,19.3504
2026-10-03 03:00,117.154,19.7692
2026-10-03 04:00,117.164,20.4672
2026-10-03 05:00,117.175,21.235
2026-10-03 06:00,117.165,20.537
2026-10-03 07:00,117.143,19.0014
2026-10-03 08:00,117.14,18.792
2026-10-03 09:00,117.122,17.5356
2026-10-03 10:00,117.11,16.698
2026-10-03 11:00,117.097,15.7906
2026-10-03 12:00,117.089,15.2322
2026-10-03 13:00,117.081,14.6738
2026-10-03 14:00,117.072,14.0456
2026-10-03 15:00,117.073,14.1154
2026-10-03 16:00,117.083,14.8134
2026-10-03 17:00,117.071,13.9758
2026-10-03 18:00,117.112,16.8376
2026-10-03 19:00,117.273,30.29095
2026-10-03 20:00,117.245,27.48675
2026-10-03 21:00,117.217,24.68255
2026-10-03 22:00,117.218,24.7827
2026-10-03 23:00,117.203,23.28045
2026-10-04 00:00,117.178,21.4444
2026-10-04 01:00,117.163,20.3974
2026-10-04 02:00,117.159,20.1182
2026-10-04 03:00,117.18,21.584
2026-10-04 04:00,117.233,26.28495
2026-10-04 05:00,117.213,24.28195
2026-10-04 06:00,117.179,21.5142
2026-10-04 07:00,117.155,19.839
2026-10-04 08:00,117.15,19.49
2026-10-04 09:00,117.136,18.5128
2026-10-04 10:00,117.133,18.3034
2026-10-04 11:00,117.119,17.3262
2026-10-04 12:00,117.111,16.7678
2026-10-04 13:00,117.104,16.2792
2026-10-04 14:00,117.096,15.7208
2026-10-04 15:00,117.09,15.302
2026-10-04 16:00,117.081,14.6738
2026-10-04 17:00,117.079,14.5342
2026-10-04 18:00,117.076,14.3248
2026-10-04 19:00,117.072,14.0456
2026-10-04 20:00,117.066,13.6268
2026-10-04 21:00,117.06,13.208
2026-10-04 22:00,117.054,12.7892
2026-10-04 23:00,117.051,12.5798
2026-10-05 00:00,117.049,12.4402
2026-10-05 01:00,117.05,12.51
2026-10-05 02:00,117.049,12.4402
2026-10-05 03:00,117.045,12.161
2026-10-05 04:00,117.038,11.6724
2026-10-05 05:00,117.037,11.6026
2026-10-05 06:00,117.039,11.7422
2026-10-05 07:00,117.035,11.463
2026-10-05 08:00,117.036,11.5328
2026-10-05 09:00,117.034,11.3932
2026-10-05 10:00,117.037,11.6026
2026-10-05 11:00,117.027,10.9046
2026-10-05 12:00,117.034,11.3932
2026-10-05 13:00,117.033,11.3234
2026-10-05 14:00,117.031,11.1838
2026-10-05 15:00,117.026,10.8348
2026-10-05 16:00,117.017,10.2066
2026-10-05 17:00,117.019,10.3462
2026-10-05 18:00,117.018,10.2764
2026-10-05 19:00,117.021,10.4858
2026-10-05 20:00,117.018,10.2764
2026-10-05 21:00,117.017,10.2066
2026-10-05 22:00,117.013,9.9274
2026-10-05 23:00,117.015,10.067
2026-10-06 00:00,117.01,9.718
2026-10-06 01:00,117.009,9.6482
2026-10-06 02:00,117.008,9.5784
2026-10-06 03:00,117.01,9.718
2026-10-06 04:00,117.007,9.5086
2026-10-06 05:00,117.01,9.718
2026-10-06 06:00,117.005,9.369
2026-10-06 07:00,117.003,9.2294
2026-10-06 08:00,117.005,9.369
2026-10-06 09:00,117.005,9.369
2026-10-06 10:00,117.004,9.2992
2026-10-06 11:00,117.003,9.2294
2026-10-06 12:00,117.001,9.0898
2026-10-06 13:00,117.006,9.4388
2026-10-06 14:00,117.006,9.4388
2026-10-06 15:00,116.999,8.9817
2026-10-06 16:00,117.0,9.02
2026-10-06 17:00,117.065,13.557
2026-10-06 18:00,117.059,13.1382
2026-10-06 19:00,117.032,11.2536
2026-10-06 20:00,117.022,10.5556
2026-10-06 21:00,117.016,10.1368
2026-10-06 22:00,117.01,9.718
2026-10-06 23:00,117.007,9.5086
2026-10-07 00:00,117.006,9.4388
2026-10-07 01:00,117.01,9.718
2026-10-07 02:00,117.013,9.9274
2026-10-07 03:00,117.015,10.067
2026-10-07 04:00,117.013,9.9274
2026-10-07 05:00,117.006,9.4388
2026-10-07 06:00,117.01,9.718
2026-10-07 07:00,117.017,10.2066
2026-10-07 08:00,117.013,9.9274
2026-10-07 09:00,117.01,9.718
2026-10-07 10:00,117.005,9.369
2026-10-07 11:00,117.001,9.0898
2026-10-07 12:00,116.994,8.7902
2026-10-07 13:00,116.997,8.9051
2026-10-07 14:00,116.993,8.7519
2026-10-07 15:00,116.992,8.7136
2026-10-07 16:00,116.994,8.7902
2026-10-07 17:00,117.044,12.0912
2026-10-07 18:00,117.214,24.3821
2026-10-07 19:00,117.324,35.3986
2026-10-07 20:00,117.364,39.4046
2026-10-07 21:00,117.303,33.29545
2026-10-07 22:00,117.25,27.9875
2026-10-07 23:00,117.214,24.3821
2026-10-08 00:00,117.205,23.48075
2026-10-08 01:00,117.203,23.28045
2026-10-08 02:00,117.191,22.3518
2026-10-08 03:00,117.18,21.584
2026-10-08 04:00,117.158,20.0484
2026-10-08 05:00,117.136,18.5128
2026-10-08 06:00,117.129,18.0242
2026-10-08 07:00,117.115,17.047
2026-10-08 08:00,117.109,16.6282
2026-10-08 09:00,117.098,15.8604
2026-10-08 10:00,117.092,15.4416
2026-10-08 11:00,117.088,15.1624
2026-10-08 12:00,117.081,14.6738
2026-10-08 13:00,117.086,15.0228
2026-10-08 14:00,117.083,14.8134
2026-10-08 15:00,117.099,15.9302
2026-10-08 16:00,117.137,18.5826
2026-10-08 17:00,117.124,17.6752
2026-10-08 18:00,117.112,16.8376
2026-10-08 19:00,117.1,16.0
2026-10-08 20:00,117.085,14.953
2026-10-08 21:00,117.098,15.8604
2026-10-08 22:00,117.121,17.4658
2026-10-08 23:00,117.106,16.4188
2026-10-09 00:00,117.097,15.7906
2026-10-09 01:00,117.097,15.7906
2026-10-09 02:00,117.084,14.8832
2026-10-09 03:00,117.075,14.255
2026-10-09 04:00,117.066,13.6268
2026-10-09 05:00,117.065,13.557
2026-10-09 06:00,117.072,14.0456
2026-10-09 07:00,117.074,14.1852
2026-10-09 08:00,117.069,13.8362
2026-10-09 09:00,117.065,13.557
2026-10-09 10:00,117.061,13.2778
2026-10-09 11:00,117.059,13.1382
2026-10-09 12:00,117.054,12.7892
2026-10-09 13:00,117.049,12.4402
2026-10-09 14:00,117.057,12.9986
2026-10-09 15:00,117.088,15.1624
2026-10-09 16:00,117.117,17.1866
