datetime,value,discharge
2025-10-17 12:00,42.477,37.009249
2025-10-17 13:00,42.476,36.923201
2025-10-17 14:00,42.476,36.923201
2025-10-17 15:00,42.475,36.837153
2025-10-17 16:00,42.475,36.837153
2025-10-17 17:00,42.474,36.751105
2025-10-17 18:00,42.474,36.751105
2025-10-17 19:00,42.473,36.665056
2025-10-17 20:00,42.473,36.665056
2025-10-17 21:00,42.472,36.579008
2025-10-17 22:00,42.472,36.579008
2025-10-17 23:00,42.471,36.49296
2025-10-18 00:00,42.471,36.49296
2025-10-18 01:00,42.47,36.406912
2025-10-18 02:00,42.47,36.406912
2025-10-18 03:00,42.469,36.320863
2025-10-18 04:00,42.469,36.320863
2025-10-18 05:00,42.468,36.234815
2025-10-18 06:00,42.468,36.234815
2025-10-18 07:00,42.467,36.148767
2025-10-18 08:00,42.467,36.148767
2025-10-18 09:00,42.466,36.062719
2025-10-18 10:00,42.466,36.062719
2025-10-18 11:00,42.499,38.909885
2025-10-18 12:00,42.518,40.559295
2025-10-18 13:00,42.522,40.907362
2025-10-18 14:00,42.523,40.994565
2025-10-18 15:00,42.519,40.646126
2025-10-18 16:00,42.524,41.081767
2025-10-18 17:00,42.528,41.430577
2025-10-18 18:00,42.501,39.083163
2025-10-18 19:00,42.465,35.97667
2025-10-18 20:00,42.429,32.896504
2025-10-18 21:00,42.393,29.844577
2025-10-18 22:00,42.357,26.823117
2025-10-18 23:00,42.321,23.835321
2025-10-19 00:00,42.285,20.885832
2025-10-19 01:00,42.249,17.977163
2025-10-19 02:00,42.213,15.114449
2025-10-19 03:00,42.178,12.381259
2025-10-19 04:00,42.142,9.633104
2025-10-19 05:00,42.106,6.963893
2025-10-19 06:00,42.071,4.465185
2025-10-19 07:00,42.036,2.104427
2025-10-19 08:00,42.0,
2025-10-19 09:00,42.282,20.641148
2025-10-19 10:00,42.45,34.690086
2025-10-19 11:00,42.502,39.169994
2025-10-19 12:00,42.51,39.864644
2025-10-19 13:00,42.516,40.385632
2025-10-19 14:00,42.521,40.82016
2025-10-19 15:00,42.519,40.646126
2025-10-19 16:00,42.52,40.732957
2025-10-19 17:00,42.519,40.646126
2025-10-19 18:00,42.496,38.650544
2025-10-19 19:00,42.462,35.718526
2025-10-19 20:00,42.428,32.811301
2025-10-19 21:00,42.394,29.928863
2025-10-19 22:00,42.36,27.072958
2025-10-19 23:00,42.326,24.249013
2025-10-20 00:00,42.292,21.456759
2025-10-20 01:00,42.258,18.699226
2025-10-20 02:00,42.224,15.983255
2025-10-20 03:00,42.19,13.313224
2025-10-20 04:00,42.155,10.618599
2025-10-20 05:00,42.121,8.063861
2025-10-20 06:00,42.086,5.521732
2025-10-20 07:00,42.052,3.162505
2025-10-20 08:00,42.017,0.927863
2025-10-20 09:00,42.217,15.429217
2025-10-20 10:00,42.447,34.433184
2025-10-20 11:00,42.492,38.304757
2025-10-20 12:00,42.517,40.472463
2025-10-20 13:00,42.518,40.559295
2025-10-20 14:00,42.518,40.559295
2025-10-20 15:00,42.521,40.82016
2025-10-20 16:00,42.521,40.82016
2025-10-20 17:00,42.519,40.646126
2025-10-20 18:00,42.878,72.889521
2025-10-20 19:00,42.809,66.554919
2025-10-20 20:00,42.74,60.27899
2025-10-20 21:00,42.671,54.069054
2025-10-20 22:00,42.602,47.928478
2025-10-20 23:00,42.533,41.866589
2025-10-21 00:00,42.464,35.890622
2025-10-21 01:00,42.395,30.013149
2025-10-21 02:00,42.326,24.249013
2025-10-21 03:00,42.257,18.618997
2025-10-21 04:00,42.188,13.157578
2025-10-21 05:00,42.12,7.989249
2025-10-21 06:00,42.051,3.095432
2025-10-21 07:00,42.0,
2025-10-21 08:00,42.269,19.587938
2025-10-21 09:00,42.447,34.433184
2025-10-21 10:00,42.501,39.083163
2025-10-21 11:00,42.511,39.951476
2025-10-21 12:00,42.517,40.472463
2025-10-21 13:00,42.907,75.569152
2025-10-21 14:00,43.132,96.661782
2025-10-21 15:00,43.179,101.129926
2025-10-21 16:00,43.189,102.083605
2025-10-21 17:00,43.191,102.274377
2025-10-21 18:00,43.192,102.369762
2025-10-21 19:00,43.192,102.369762
2025-10-21 20:00,43.192,102.369762
2025-10-21 21:00,43.192,102.369762
2025-10-21 22:00,43.192,102.369762
2025-10-21 23:00,43.192,102.369762
2025-10-22 00:00,43.192,102.369762
2025-10-22 01:00,43.192,102.369762
2025-10-22 02:00,43.192,102.369762
2025-10-22 03:00,43.192,102.369762
2025-10-22 04:00,43.192,102.369762
2025-10-22 05:00,43.192,102.369762
2025-10-22 06:00,43.193,102.465148
2025-10-22 07:00,43.193,102.465148
2025-10-22 08:00,43.194,102.560534
2025-10-22 09:00,43.194,102.560534
2025-10-22 10:00,43.195,102.65592
2025-10-22 11:00,43.196,102.751306
2025-10-22 12:00,43.195,102.65592
2025-10-22 13:00,43.196,102.751306
2025-10-22 14:00,43.196,102.751306
2025-10-22 15:00,43.197,102.846691
2025-10-22 16:00,43.198,102.942077
2025-10-22 17:00,43.197,102.846691
2025-10-22 18:00,43.197,102.846691
2025-10-22 19:00,43.197,102.846691
2025-10-22 20:00,43.197,102.846691
2025-10-22 21:00,43.197,102.846691
2025-10-22 22:00,43.197,102.846691
2025-10-22 23:00,43.196,102.751306
2025-10-23 00:00,43.196,102.751306
2025-10-23 01:00,43.195,102.65592
2025-10-23 02:00,43.195,102.65592
2025-10-23 03:00,43.194,102.560534
2025-10-23 04:00,43.194,102.560534
2025-10-23 05:00,43.193,102.465148
2025-10-23 06:00,43.193,102.465148
2025-10-23 07:00,43.192,102.369762
2025-10-23 08:00,43.192,102.369762
2025-10-23 09:00,43.191,102.274377
2025-10-23 10:00,43.191,102.274377
2025-10-23 11:00,43.02,86.097221
2025-10-23 12:00,42.0,
2025-10-23 13:00,43.035,87.50528
2025-10-23 14:00,43.152,98.560801
2025-10-23 15:00,43.177,100.939513
2025-10-23 16:00,43.243,107.24654
2025-10-23 17:00,43.243,107.24654
2025-10-23 18:00,43.244,107.342447
2025-10-23 19:00,43.23,106.001455
2025-10-23 20:00,43.216,104.661845
2025-10-23 21:00,43.202,103.323973
2025-10-23 22:00,43.188,101.988219
2025-10-23 23:00,43.174,100.653893
2025-10-24 00:00,43.16,99.320999
2025-10-24 01:00,43.146,97.990652
2025-10-24 02:00,43.132,96.661782
2025-10-24 03:00,43.118,95.334396
2025-10-24 04:00,43.104,94.009261
2025-10-24 05:00,43.09,92.686032
2025-10-24 06:00,43.076,91.364342
2025-10-24 07:00,43.061,89.950321
2025-10-24 08:00,42.904,75.291382
2025-10-24 09:00,43.131,96.566942
2025-10-24 10:00,43.189,102.083605
2025-10-24 11:00,43.198,102.942077
2025-10-24 12:00,43.203,103.419536
2025-10-24 13:00,43.197,102.846691
2025-10-24 14:00,42.108,7.110373
2025-10-24 15:00,42.795,65.276551
2025-10-24 16:00,42.818,67.37754
2025-10-24 17:00,42.841,69.485236
2025-10-24 18:00,42.864,71.599708
2025-10-24 19:00,42.887,73.720315
2025-10-24 20:00,42.91,75.846922
2025-10-24 21:00,42.933,77.979396
2025-10-24 22:00,42.956,80.117614
2025-10-24 23:00,42.979,82.261455
2025-10-25 00:00,43.002,84.41122
2025-10-25 01:00,43.025,86.566574
2025-10-25 02:00,43.048,88.727201
2025-10-25 03:00,43.071,90.893001
2025-10-25 04:00,43.094,93.06388
2025-10-25 05:00,43.117,95.239743
2025-10-25 06:00,43.139,97.325663
2025-10-25 07:00,43.162,99.511413
2025-10-25 08:00,43.184,101.606676
2025-10-25 09:00,43.197,102.846691
2025-10-25 10:00,43.269,109.741656
2025-10-25 11:00,43.229,105.905719
2025-10-25 12:00,43.22,105.044094
2025-10-25 13:00,43.215,104.566283
2025-10-25 14:00,43.231,106.097192
2025-10-25 15:00,43.213,104.375158
2025-10-25 16:00,43.289,111.664686
2025-10-25 17:00,43.299,112.627117
2025-10-25 18:00,43.282,110.990984
2025-10-25 19:00,43.265,109.35735
2025-10-25 20:00,43.248,107.726077
2025-10-25 21:00,43.231,106.097192
2025-10-25 22:00,43.214,104.47072
2025-10-25 23:00,43.197,102.846691
2025-10-26 00:00,43.18,101.225133
2025-10-26 01:00,43.163,99.606619
2025-10-26 02:00,43.146,97.990652
2025-10-26 03:00,43.129,96.377262
2025-10-26 04:00,43.112,94.766481
2025-10-26 05:00,43.095,93.158341
2025-10-26 06:00,43.079,91.647146
2025-10-26 07:00,43.067,90.515929
2025-10-26 08:00,43.058,89.667911
2025-10-26 09:00,43.153,98.655826
2025-10-26 10:00,43.177,100.939513
2025-10-26 11:00,43.191,102.274377
2025-10-26 12:00,43.192,102.369762
2025-10-26 13:00,43.229,105.905719
2025-10-26 14:00,43.275,110.318115
2025-10-26 15:00,43.244,107.342447
2025-10-26 16:00,43.223,105.331302
2025-10-26 17:00,43.265,109.35735
2025-10-26 18:00,43.205,103.61066
2025-10-26 19:00,43.205,103.61066
2025-10-26 20:00,43.204,103.515098
2025-10-26 21:00,43.203,103.419536
2025-10-26 22:00,43.202,103.323973
2025-10-26 23:00,43.201,103.228411
2025-10-27 00:00,43.2,103.132849
2025-10-27 01:00,43.199,103.037463
2025-10-27 02:00,43.198,102.942077
2025-10-27 03:00,43.197,102.846691
2025-10-27 04:00,43.197,102.846691
2025-10-27 05:00,43.196,102.751306
2025-10-27 06:00,43.196,102.751306
2025-10-27 07:00,43.195,102.65592
2025-10-27 08:00,43.192,102.369762
2025-10-27 09:00,43.197,102.846691
2025-10-27 10:00,43.168,100.082653
2025-10-27 11:00,43.166,99.892239
2025-10-27 12:00,43.131,96.566942
2025-10-27 13:00,43.069,90.704465
2025-10-27 14:00,43.329,115.520636
2025-10-27 15:00,43.355,118.033845
2025-10-27 16:00,43.303,113.012583
2025-10-27 17:00,43.445,126.774526
2025-10-27 18:00,43.42,124.340049
2025-10-27 19:00,43.391,121.522717
2025-10-27 20:00,43.362,118.711267
2025-10-27 21:00,43.333,115.906914
2025-10-27 22:00,43.304,113.10899
2025-10-27 23:00,43.275,110.318115
2025-10-28 00:00,43.246,107.534262
2025-10-28 01:00,43.217,104.757407
2025-10-28 02:00,43.188,101.988219
2025-10-28 03:00,43.159,99.225974
2025-10-28 04:00,43.13,96.472102
2025-10-28 05:00,43.1,93.630651
2025-10-28 06:00,43.071,90.893001
2025-10-28 07:00,43.061,89.950321
2025-10-28 08:00,43.06,89.856053
2025-10-28 09:00,43.222,105.235566
2025-10-28 10:00,42.866,71.783967
2025-10-28 11:00,42.9,74.921022
2025-10-28 12:00,42.68,54.874545
2025-10-28 13:00,42.074,4.674121
2025-10-28 14:00,42.0,
2025-10-28 15:00,42.794,65.185402
2025-10-28 16:00,43.158,99.13095
2025-10-28 17:00,43.455,127.749517
2025-10-28 18:00,43.6,141.967958
2025-10-28 19:00,43.562,138.227416
2025-10-28 20:00,43.524,134.49693
2025-10-28 21:00,43.486,130.776722
2025-10-28 22:00,43.448,127.067023
2025-10-28 23:00,43.41,123.368078
2025-10-29 00:00,43.372,119.680142
2025-10-29 01:00,43.335,116.100053
2025-10-29 02:00,43.297,112.434631
2025-10-29 03:00,43.26,108.876968
2025-10-29 04:00,43.222,105.235566
2025-10-29 05:00,43.185,101.702062
2025-10-29 06:00,43.147,98.085677
2025-10-29 07:00,43.11,94.577176
2025-10-29 08:00,43.072,90.987269
2025-10-29 09:00,43.481,130.287753
2025-10-29 10:00,43.586,140.588948
2025-10-29 11:00,43.61,142.954332
2025-10-29 12:00,43.612,143.151607
2025-10-29 13:00,43.686,150.470065
2025-10-29 14:00,43.381,120.552284
2025-10-29 15:00,43.269,109.741656
2025-10-29 16:00,43.256,108.493337
2025-10-29 17:00,43.325,115.134357
2025-10-29 18:00,43.389,121.32863
2025-10-29 19:00,43.32,114.65151
2025-10-29 20:00,43.251,108.0138
2025-10-29 21:00,43.182,101.415904
2025-10-29 22:00,43.113,94.861133
2025-10-29 23:00,43.044,88.350917
2025-10-30 00:00,42.975,81.888463
2025-10-30 01:00,42.906,75.476562
2025-10-30 02:00,42.837,69.118394
2025-10-30 03:00,42.768,62.818626
2025-10-30 04:00,42.7,56.670374
2025-10-30 05:00,42.631,50.500578
2025-10-30 06:00,42.563,44.491963
2025-10-30 07:00,42.51,39.864644
2025-10-30 08:00,43.014,85.53522
2025-10-30 09:00,43.131,96.566942
2025-10-30 10:00,43.157,99.035925
2025-10-30 11:00,43.161,99.416206
2025-10-30 12:00,43.163,99.606619
2025-10-30 13:00,43.174,100.653893
2025-10-30 14:00,43.165,99.797033
2025-10-30 15:00,43.198,102.942077
2025-10-30 16:00,43.191,102.274377
2025-10-30 17:00,43.192,102.369762
2025-10-30 18:00,43.167,99.987446
2025-10-30 19:00,43.122,95.713381
2025-10-30 20:00,43.077,91.45861
2025-10-30 21:00,43.032,87.223668
2025-10-30 22:00,42.987,83.008917
2025-10-30 23:00,42.942,78.815156
2025-10-31 00:00,42.897,74.643936
2025-10-31 01:00,42.852,70.496051
2025-10-31 02:00,42.807,66.372114
2025-10-31 03:00,42.762,62.273283
2025-10-31 04:00,42.717,58.201674
2025-10-31 05:00,42.672,54.158553
2025-10-31 06:00,42.627,50.145017
2025-10-31 07:00,42.582,46.162907
2025-10-31 08:00,42.537,42.215399
2025-10-31 09:00,42.519,40.646126
2025-10-31 10:00,42.514,40.211969
2025-10-31 11:00,42.527,41.343375
2025-10-31 12:00,42.516,40.385632
2025-10-31 13:00,42.571,45.195235
2025-10-31 14:00,43.075,91.270074
2025-10-31 15:00,43.145,97.895627
2025-10-31 16:00,43.162,99.511413
2025-10-31 17:00,43.163,99.606619
2025-10-31 18:00,43.422,124.534747
2025-10-31 19:00,43.494,131.559072
2025-10-31 20:00,43.383,120.746371
2025-10-31 21:00,43.272,110.029886
2025-10-31 22:00,43.161,99.416206
2025-10-31 23:00,43.05,88.915343
2025-11-01 00:00,42.939,78.536277
2025-11-01 01:00,42.829,68.385195
2025-11-01 02:00,42.718,58.29175
2025-11-01 03:00,42.608,48.459914
2025-11-01 04:00,42.497,38.736991
2025-11-01 05:00,42.387,29.338862
2025-11-01 06:00,42.276,20.154358
2025-11-01 07:00,42.166,11.458843
2025-11-01 08:00,42.055,3.363723
2025-11-01 09:00,42.302,22.273581
2025-11-01 10:00,42.451,34.775721
2025-11-01 11:00,42.497,38.736991
2025-11-01 12:00,42.508,39.690982
2025-11-01 13:00,42.515,40.298801
2025-11-01 14:00,43.522,134.300767
2025-11-01 15:00,43.679,149.776011
2025-11-01 16:00,43.718,153.645811
2025-11-01 17:00,43.719,153.74511
2025-11-01 18:00,43.728,154.639824
2025-11-01 19:00,43.666,148.488511
2025-11-01 20:00,43.538,135.870071
2025-11-01 21:00,43.41,123.368078
2025-11-01 22:00,43.282,110.990984
2025-11-01 23:00,43.154,98.75085
2025-11-02 00:00,43.026,86.660444
2025-11-02 01:00,42.898,74.736298
2025-11-02 02:00,42.77,63.000407
2025-11-02 03:00,42.642,51.478986
2025-11-02 04:00,42.514,40.211969
2025-11-02 05:00,42.385,29.17029
2025-11-02 06:00,42.257,18.618997
2025-11-02 07:00,42.129,8.660758
2025-11-02 08:00,42.0,
2025-11-02 09:00,42.366,27.575729
2025-11-02 10:00,42.469,36.320863
2025-11-02 11:00,42.495,38.564097
2025-11-02 12:00,42.503,39.256826
2025-11-02 13:00,42.503,39.256826
2025-11-02 14:00,43.518,133.908727
2025-11-02 15:00,43.664,148.290434
2025-11-02 16:00,43.698,151.660096
2025-11-02 17:00,43.71,152.851422
2025-11-02 18:00,43.718,153.645811
2025-11-02 19:00,43.681,149.974218
2025-11-02 20:00,43.552,137.244908
2025-11-02 21:00,43.423,124.632096
2025-11-02 22:00,43.294,112.145901
2025-11-02 23:00,43.165,99.797033
2025-11-03 00:00,43.036,87.59915
2025-11-03 01:00,42.907,75.569152
2025-11-03 02:00,42.777,63.63664
2025-11-03 03:00,42.648,52.014179
2025-11-03 04:00,42.518,40.559295
2025-11-03 05:00,42.388,29.423148
2025-11-03 06:00,42.259,18.779455
2025-11-03 07:00,42.13,8.73537
2025-11-03 08:00,42.0,
2025-11-03 09:00,42.354,26.573276
2025-11-03 10:00,42.457,35.289526
2025-11-03 11:00,42.5,38.996332
2025-11-03 12:00,42.512,40.038307
2025-11-03 13:00,42.542,42.65213
2025-11-03 14:00,43.539,135.968153
2025-11-03 15:00,43.681,149.974218
2025-11-03 16:00,43.716,153.447214
2025-11-03 17:00,43.714,153.248617
2025-11-03 18:00,43.716,153.447214
2025-11-03 19:00,43.624,144.335796
2025-11-03 20:00,43.494,131.559072
2025-11-03 21:00,43.364,118.905042
2025-11-03 22:00,43.234,106.3844
2025-11-03 23:00,43.104,94.009261
2025-11-04 00:00,42.974,81.795215
2025-11-04 01:00,42.844,69.760913
2025-11-04 02:00,42.714,57.931444
2025-11-04 03:00,42.584,46.339399
2025-11-04 04:00,42.454,35.032623
2025-11-04 05:00,42.324,24.083536
2025-11-04 06:00,42.194,13.624516
2025-11-04 07:00,42.065,4.047313
2025-11-04 08:00,42.0,
2025-11-04 09:00,42.0,
2025-11-04 10:00,42.0,
2025-11-04 11:00,42.0,
2025-11-04 12:00,43.38,120.455241
2025-11-04 13:00,43.644,146.311781
2025-11-04 14:00,43.705,152.354928
2025-11-04 15:00,43.72,153.844409
2025-11-04 16:00,43.727,154.540397
2025-11-04 17:00,43.727,154.540397
2025-11-04 18:00,43.723,154.142689
2025-11-04 19:00,43.733,155.136958
2025-11-04 20:00,43.731,154.938104
2025-11-04 21:00,43.725,154.341543
2025-11-04 22:00,43.319,114.555102
2025-11-04 23:00,43.205,103.61066
2025-11-05 00:00,42.662,53.263562
2025-11-05 01:00,42.559,44.140674
2025-11-05 02:00,42.542,42.65213
2025-11-05 03:00,42.537,42.215399
2025-11-05 04:00,42.522,40.907362
2025-11-05 05:00,42.521,40.82016
2025-11-05 06:00,42.516,40.385632
2025-11-05 07:00,42.521,40.82016
2025-11-05 08:00,42.525,41.16897
2025-11-05 09:00,43.081,91.835876
2025-11-05 10:00,43.153,98.655826
2025-11-05 11:00,43.168,100.082653
2025-11-05 12:00,43.174,100.653893
2025-11-05 13:00,43.178,101.03472
2025-11-05 14:00,43.18,101.225133
2025-11-05 15:00,43.285,111.279713
2025-11-05 16:00,43.198,102.942077
2025-11-05 17:00,43.186,101.797448
2025-11-05 18:00,43.186,101.797448
2025-11-05 19:00,43.185,101.702062
2025-11-05 20:00,43.185,101.702062
2025-11-05 21:00,42.705,57.120756
2025-11-05 22:00,42.571,45.195235
2025-11-05 23:00,42.0,
2025-11-06 00:00,42.0,
2025-11-06 01:00,42.0,
2025-11-06 02:00,42.0,
2025-11-06 03:00,42.0,
2025-11-06 04:00,42.0,
2025-11-06 05:00,42.0,
2025-11-06 06:00,42.0,
2025-11-06 07:00,42.0,
2025-11-06 08:00,42.0,
2025-11-06 09:00,42.0,
2025-11-06 10:00,42.0,
2025-11-06 11:00,42.0,
2025-11-06 12:00,42.0,
2025-11-06 13:00,42.0,
2025-11-06 14:00,42.352,26.406716
2025-11-06 15:00,42.463,35.804574
2025-11-06 16:00,42.798,65.549999
2025-11-06 17:00,43.605,142.461145
2025-11-06 18:00,43.737,155.534665
2025-11-06 19:00,43.761,157.923698
2025-11-06 20:00,43.771,158.92049
2025-11-06 21:00,43.779,159.717924
2025-11-06 22:00,43.771,158.92049
2025-11-06 23:00,43.09,92.686032
2025-11-07 00:00,42.0,
2025-11-07 01:00,42.0,
2025-11-07 02:00,42.0,
2025-11-07 03:00,42.0,
2025-11-07 04:00,42.0,
2025-11-07 05:00,42.0,
2025-11-07 06:00,42.0,
2025-11-07 07:00,42.0,
2025-11-07 08:00,42.0,
2025-11-07 09:00,42.0,
2025-11-07 10:00,42.0,
2025-11-07 11:00,42.0,
2025-11-07 12:00,42.0,
2025-11-07 13:00,42.0,
2025-11-07 14:00,42.394,29.928863
2025-11-07 15:00,42.473,36.665056
2025-11-07 16:00,42.62,49.522786
2025-11-07 17:00,43.587,140.687448
2025-11-07 18:00,43.721,153.943836
2025-11-07 19:00,43.748,156.629375
2025-11-07 20:00,43.756,157.425805
2025-11-07 21:00,43.764,158.222736
2025-11-07 22:00,43.762,158.023378
2025-11-07 23:00,42.98,82.354703
2025-11-08 00:00,42.0,
2025-11-08 01:00,42.0,
2025-11-08 02:00,42.0,
2025-11-08 03:00,42.0,
2025-11-08 04:00,42.0,
2025-11-08 05:00,42.0,
2025-11-08 06:00,42.0,
2025-11-08 07:00,42.0,
2025-11-08 08:00,42.0,
2025-11-08 09:00,42.0,
2025-11-08 10:00,42.0,
2025-11-08 11:00,42.0,
2025-11-08 12:00,42.0,
2025-11-08 13:00,42.0,
2025-11-08 14:00,42.366,27.575729
2025-11-08 15:00,42.496,38.650544
2025-11-08 16:00,42.689,55.682668
2025-11-08 17:00,43.625,144.434569
2025-11-08 18:00,43.741,155.9325
2025-11-08 19:00,43.761,157.923698
2025-11-08 20:00,43.769,158.721132
2025-11-08 21:00,43.765,158.322415
2025-11-08 22:00,43.76,157.824019
2025-11-08 23:00,43.005,84.69222
2025-11-09 00:00,42.0,
2025-11-09 01:00,42.0,
2025-11-09 02:00,42.0,
2025-11-09 03:00,42.0,
2025-11-09 04:00,42.0,
2025-11-09 05:00,42.0,
2025-11-09 06:00,42.0,
2025-11-09 07:00,42.0,
2025-11-09 08:00,42.0,
2025-11-09 09:00,42.0,
2025-11-09 10:00,42.0,
2025-11-09 11:00,42.0,
2025-11-09 12:00,42.0,
2025-11-09 13:00,42.0,
2025-11-09 14:00,42.368,27.743319
2025-11-09 15:00,42.472,36.579008
2025-11-09 16:00,42.783,64.18276
2025-11-09 17:00,43.58,139.997943
2025-11-09 18:00,43.71,152.851422
2025-11-09 19:00,43.734,155.236385
2025-11-09 20:00,43.741,155.9325
2025-11-09 21:00,43.752,157.02759
2025-11-09 22:00,43.753,157.127144
2025-11-09 23:00,43.277,110.510268
2025-11-10 00:00,42.007,0.382061
2025-11-10 01:00,42.0,
2025-11-10 02:00,42.0,
2025-11-10 03:00,42.0,
2025-11-10 04:00,42.0,
2025-11-10 05:00,42.0,
2025-11-10 06:00,42.0,
2025-11-10 07:00,42.0,
2025-11-10 08:00,42.0,
2025-11-10 09:00,42.0,
2025-11-10 10:00,42.0,
2025-11-10 11:00,42.0,
2025-11-10 12:00,42.0,
2025-11-10 13:00,42.017,0.927863
2025-11-10 14:00,42.379,28.665066
2025-11-10 15:00,42.479,37.181346
2025-11-10 16:00,42.556,43.87799
2025-11-10 17:00,43.573,139.309405
2025-11-10 18:00,43.705,152.354928
2025-11-10 19:00,43.735,155.335812
2025-11-10 20:00,43.74,155.832946
2025-11-10 21:00,43.749,156.728929
2025-11-10 22:00,43.75,156.828483
2025-11-10 23:00,43.309,113.591027
2025-11-11 00:00,42.016,0.873282
2025-11-11 01:00,42.0,
2025-11-11 02:00,42.0,
2025-11-11 03:00,42.0,
2025-11-11 04:00,42.0,
2025-11-11 05:00,42.0,
2025-11-11 06:00,42.0,
2025-11-11 07:00,42.0,
2025-11-11 08:00,42.0,
2025-11-11 09:00,42.0,
2025-11-11 10:00,42.0,
2025-11-11 11:00,42.0,
2025-11-11 12:00,42.0,
2025-11-11 13:00,42.008,0.436641
2025-11-11 14:00,42.364,27.408138
2025-11-11 15:00,42.466,36.062719
2025-11-11 16:00,42.597,47.486595
2025-11-11 17:00,43.588,140.785949
2025-11-11 18:00,43.725,154.341543
2025-11-11 19:00,43.753,157.127144
2025-11-11 20:00,43.759,157.724466
2025-11-11 21:00,43.762,158.023378
2025-11-11 22:00,43.757,157.525358
2025-11-11 23:00,43.305,113.205398
2025-11-12 00:00,42.024,1.344809
2025-11-12 01:00,42.0,
2025-11-12 02:00,42.0,
2025-11-12 03:00,42.0,
2025-11-12 04:00,42.0,
2025-11-12 05:00,42.0,
2025-11-12 06:00,42.0,
2025-11-12 07:00,42.0,
2025-11-12 08:00,42.0,
2025-11-12 09:00,42.0,
2025-11-12 10:00,42.0,
2025-11-12 11:00,42.0,
2025-11-12 12:00,42.0,
2025-11-12 13:00,42.0,
2025-11-12 14:00,42.059,3.632014
2025-11-12 15:00,42.39,29.59172
2025-11-12 16:00,42.48,37.267394
2025-11-12 17:00,42.512,40.038307
2025-11-12 18:00,42.521,40.82016
2025-11-12 19:00,43.463,128.529954
2025-11-12 20:00,43.67,148.884665
2025-11-12 21:00,43.726,154.44097
2025-11-12 22:00,43.741,155.9325
2025-11-12 23:00,43.204,103.515098
2025-11-13 00:00,42.017,0.927863
2025-11-13 01:00,42.0,
2025-11-13 02:00,42.0,
2025-11-13 03:00,42.0,
2025-11-13 04:00,42.0,
2025-11-13 05:00,42.0,
2025-11-13 06:00,42.0,
2025-11-13 07:00,42.0,
2025-11-13 08:00,42.0,
2025-11-13 09:00,42.0,
2025-11-13 10:00,42.0,
2025-11-13 11:00,42.0,
2025-11-13 12:00,42.0,
2025-11-13 13:00,42.0,
2025-11-13 14:00,42.076,4.813412
2025-11-13 15:00,42.384,29.086005
2025-11-13 16:00,42.475,36.837153
2025-11-13 17:00,42.492,38.304757
2025-11-13 18:00,42.506,39.517319
2025-11-13 19:00,43.427,125.021492
2025-11-13 20:00,43.66,147.894281
2025-11-13 21:00,43.72,153.844409
2025-11-13 22:00,43.73,154.838677
2025-11-13 23:00,43.234,106.3844
2025-11-14 00:00,42.024,1.344809
2025-11-14 01:00,42.0,
2025-11-14 02:00,42.0,
2025-11-14 03:00,42.0,
2025-11-14 04:00,42.0,
2025-11-14 05:00,42.0,
2025-11-14 06:00,42.0,
2025-11-14 07:00,42.0,
2025-11-14 08:00,42.0,
2025-11-14 09:00,42.0,
2025-11-14 10:00,42.0,
2025-11-14 11:00,42.0,
2025-11-14 12:00,42.0,
2025-11-14 13:00,42.0,
2025-11-14 14:00,42.0,
2025-11-14 15:00,42.366,27.575729
2025-11-14 16:00,42.486,37.786075
2025-11-14 17:00,42.534,41.953792
2025-11-14 18:00,42.552,43.527744
2025-11-14 19:00,43.591,141.081451
2025-11-14 20:00,43.727,154.540397
2025-11-14 21:00,43.758,157.624912
2025-11-14 22:00,43.768,158.621453
2025-11-14 23:00,42.871,72.244614
2025-11-15 00:00,42.0,
2025-11-15 01:00,42.0,
2025-11-15 02:00,42.0,
2025-11-15 03:00,42.0,
2025-11-15 04:00,42.0,
2025-11-15 05:00,42.0,
2025-11-15 06:00,42.0,
2025-11-15 07:00,42.0,
2025-11-15 08:00,42.0,
2025-11-15 09:00,42.0,
2025-11-15 10:00,42.0,
2025-11-15 11:00,42.0,
2025-11-15 12:00,42.0,
2025-11-15 13:00,42.0,
2025-11-15 14:00,42.084,5.378485
2025-11-15 15:00,42.375,28.329885
2025-11-15 16:00,42.47,36.406912
2025-11-15 17:00,42.498,38.823438
2025-11-15 18:00,42.507,39.604151
2025-11-15 19:00,43.475,129.701723
2025-11-15 20:00,43.709,152.752123
2025-11-15 21:00,43.758,157.624912
2025-11-15 22:00,43.775,159.319207
2025-11-15 23:00,43.175,100.749099
2025-11-16 00:00,42.105,6.890654
2025-11-16 01:00,42.0,
2025-11-16 02:00,42.0,
2025-11-16 03:00,42.0,
2025-11-16 04:00,42.0,
2025-11-16 05:00,42.0,
2025-11-16 06:00,42.0,
2025-11-16 07:00,42.0,
2025-11-16 08:00,42.0,
2025-11-16 09:00,42.0,
2025-11-16 10:00,42.0,
2025-11-16 11:00,42.0,
2025-11-16 12:00,42.0,
2025-11-16 13:00,42.0,
2025-11-16 14:00,42.063,3.908022
2025-11-16 15:00,42.374,28.24609
2025-11-16 16:00,42.471,36.49296
2025-11-16 17:00,42.496,38.650544
2025-11-16 18:00,42.729,59.285092
2025-11-16 19:00,43.608,142.757057
2025-11-16 20:00,43.74,155.832946
2025-11-16 21:00,43.765,158.322415
2025-11-16 22:00,43.778,159.618245
2025-11-16 23:00,42.727,59.104384
2025-11-17 00:00,42.0,
2025-11-17 01:00,42.0,
2025-11-17 02:00,42.0,
2025-11-17 03:00,42.0,
2025-11-17 04:00,42.0,
2025-11-17 05:00,42.0,
2025-11-17 06:00,42.0,
2025-11-17 07:00,42.0,
2025-11-17 08:00,42.0,
2025-11-17 09:00,42.0,
2025-11-17 10:00,42.0,
2025-11-17 11:00,42.0,
2025-11-17 12:00,42.0,
2025-11-17 13:00,42.0,
2025-11-17 14:00,42.0,
2025-11-17 15:00,42.37,27.910909
2025-11-17 16:00,42.487,37.872522
2025-11-17 17:00,42.523,40.994565
2025-11-17 18:00,42.75,61.185246
2025-11-17 19:00,43.555,137.539577
2025-11-17 20:00,43.682,150.073388
2025-11-17 21:00,43.721,153.943836
2025-11-17 22:00,43.725,154.341543
2025-11-17 23:00,42.703,56.940604
2025-11-18 00:00,42.0,
2025-11-18 01:00,42.0,
2025-11-18 02:00,42.0,
2025-11-18 03:00,42.0,
2025-11-18 04:00,42.0,
2025-11-18 05:00,42.0,
2025-11-18 06:00,42.0,
2025-11-18 07:00,42.0,
2025-11-18 08:00,42.0,
2025-11-18 09:00,42.0,
2025-11-18 10:00,42.0,
2025-11-18 11:00,42.0,
2025-11-18 12:00,42.0,
2025-11-18 13:00,42.0,
2025-11-18 14:00,42.044,2.625924
2025-11-18 15:00,42.375,28.329885
2025-11-18 16:00,42.478,37.095298
2025-11-18 17:00,42.507,39.604151
2025-11-18 18:00,42.569,45.019417
2025-11-18 19:00,43.764,158.222736
2025-11-18 20:00,43.872,169.020013
2025-11-18 21:00,43.845,166.314015
2025-11-18 22:00,43.824,164.212396
2025-11-18 23:00,42.78,63.909312
2025-11-19 00:00,42.19,13.313224
2025-11-19 01:00,42.063,3.908022
2025-11-19 02:00,42.0,
2025-11-19 03:00,42.0,
2025-11-19 04:00,42.0,
2025-11-19 05:00,42.0,
2025-11-19 06:00,42.0,
2025-11-19 07:00,42.0,
2025-11-19 08:00,42.0,
2025-11-19 09:00,42.0,
2025-11-19 10:00,42.0,
2025-11-19 11:00,42.0,
2025-11-19 12:00,42.0,
2025-11-19 13:00,42.052,3.162505
2025-11-19 14:00,42.156,10.694406
2025-11-19 15:00,42.26,18.859684
2025-11-19 16:00,42.364,27.408138
2025-11-19 17:00,42.468,36.234815
2025-11-19 18:00,42.635,50.856138
2025-11-19 19:00,42.994,83.663131
2025-11-19 20:00,43.354,117.937115
2025-11-19 21:00,43.713,153.149318
2025-11-19 22:00,43.262,109.069121
2025-11-19 23:00,42.541,42.564568
2025-11-20 00:00,42.0,
2025-11-20 01:00,42.0,
2025-11-20 02:00,42.0,
2025-11-20 03:00,42.0,
2025-11-20 04:00,42.0,
2025-11-20 05:00,42.0,
2025-11-20 06:00,42.0,
2025-11-20 07:00,42.0,
2025-11-20 08:00,42.0,
2025-11-20 09:00,42.0,
2025-11-20 10:00,42.022,1.218206
2025-11-20 11:00,42.052,3.162505
2025-11-20 12:00,42.082,5.235239
2025-11-20 13:00,42.112,7.403332
2025-11-20 14:00,42.141,9.557297
2025-11-20 15:00,42.171,11.843183
2025-11-20 16:00,42.2,14.091453
2025-11-20 17:00,42.23,16.460197
2025-11-20 18:00,42.259,18.779455
2025-11-20 19:00,42.289,21.212076
2025-11-20 20:00,42.318,23.588249
2025-11-20 21:00,42.348,26.073594
2025-11-20 22:00,42.377,28.497476
2025-11-20 23:00,42.36,27.072958
2025-11-21 00:00,42.2,14.091453
2025-11-21 01:00,42.04,2.357633
2025-11-21 02:00,42.025,1.408111
2025-11-21 03:00,42.058,3.564941
2025-11-21 04:00,42.091,5.879847
2025-11-21 05:00,42.124,8.287697
2025-11-21 06:00,42.157,10.770213
2025-11-21 07:00,42.19,13.313224
2025-11-21 08:00,42.222,15.824274
2025-11-21 09:00,42.255,18.458538
2025-11-21 10:00,42.287,21.048954
2025-11-21 11:00,42.32,23.752582
2025-11-21 12:00,42.352,26.406716
2025-11-21 13:00,42.385,29.17029
2025-11-21 14:00,42.417,31.875408
2025-11-21 15:00,42.45,34.690086
2025-11-21 16:00,42.482,37.440288
2025-11-21 17:00,42.515,40.298801
2025-11-21 18:00,42.916,76.402461
2025-11-21 19:00,43.317,114.362287
2025-11-21 20:00,43.718,153.645811
2025-11-21 21:00,43.473,129.506428
2025-11-21 22:00,43.228,105.809983
2025-11-21 23:00,42.982,82.541621
2025-11-22 00:00,42.737,60.007927
2025-11-22 01:00,42.491,38.21831
2025-11-22 02:00,42.245,17.656247
2025-11-22 03:00,42.0,
2025-11-22 04:00,42.0,
2025-11-22 05:00,42.0,
2025-11-22 06:00,42.0,
2025-11-22 07:00,42.0,
2025-11-22 08:00,42.0,
2025-11-22 09:00,42.0,
2025-11-22 10:00,42.0,
2025-11-22 11:00,42.0,
2025-11-22 12:00,42.0,
2025-11-22 13:00,42.0,
2025-11-22 14:00,42.0,
2025-11-22 15:00,42.0,
2025-11-22 16:00,42.0,
2025-11-22 17:00,42.0,
2025-11-22 18:00,42.0,
2025-11-22 19:00,42.0,
2025-11-22 20:00,42.0,
2025-11-22 21:00,42.0,
2025-11-22 22:00,42.0,
2025-11-22 23:00,42.0,
2025-11-23 00:00,42.0,
2025-11-23 01:00,42.0,
2025-11-23 02:00,42.0,
2025-11-23 03:00,42.0,
2025-11-23 04:00,42.0,
2025-11-23 05:00,42.0,
2025-11-23 06:00,42.0,
2025-11-23 07:00,42.0,
2025-11-23 08:00,42.0,
2025-11-23 09:00,42.0,
2025-11-23 10:00,42.0,
2025-11-23 11:00,42.0,
2025-11-23 12:00,42.0,
2025-11-23 13:00,42.0,
2025-11-23 14:00,42.0,
2025-11-23 15:00,42.0,
2025-11-23 16:00,42.0,
2025-11-23 17:00,42.0,
2025-11-23 18:00,42.0,
2025-11-23 19:00,42.0,
2025-11-23 20:00,42.0,
2025-11-23 21:00,42.0,
2025-11-23 22:00,42.0,
2025-11-23 23:00,42.0,
2025-11-24 00:00,42.0,
2025-11-24 01:00,42.0,
2025-11-24 02:00,42.0,
2025-11-24 03:00,42.0,
2025-11-24 04:00,42.0,
2025-11-24 05:00,42.0,
2025-11-24 06:00,42.0,
2025-11-24 07:00,42.0,
2025-11-24 08:00,42.0,
2025-11-24 09:00,42.0,
2025-11-24 10:00,42.0,
2025-11-24 11:00,42.0,
2025-11-24 12:00,42.0,
2025-11-24 13:00,42.0,
2025-11-24 14:00,42.0,
2025-11-24 15:00,42.0,
2025-11-24 16:00,42.0,
2025-11-24 17:00,42.0,
2025-11-24 18:00,42.0,
2025-11-24 19:00,42.0,
2025-11-24 20:00,42.0,
2025-11-24 21:00,42.0,
2025-11-24 22:00,42.0,
2025-11-24 23:00,42.0,
2025-11-25 00:00,42.0,
2025-11-25 01:00,42.0,
2025-11-25 02:00,42.016,0.873282
2025-11-25 03:00,42.036,2.104427
2025-11-25 04:00,42.036,2.104427
2025-11-25 05:00,42.0,
2025-11-25 06:00,42.0,
2025-11-25 07:00,42.0,
2025-11-25 08:00,42.0,
2025-11-25 09:00,42.0,
2025-11-25 10:00,42.0,
2025-11-25 11:00,42.0,
2025-11-25 12:00,42.0,
2025-11-25 13:00,42.0,
2025-11-25 14:00,42.0,
2025-11-25 15:00,42.0,
2025-11-25 16:00,42.0,
2025-11-25 17:00,42.0,
2025-11-25 18:00,42.0,
2025-11-25 19:00,42.0,
2025-11-25 20:00,42.0,
2025-11-25 21:00,42.0,
2025-11-25 22:00,42.0,
2025-11-25 23:00,42.0,
2025-11-26 00:00,42.0,
2025-11-26 01:00,42.0,
2025-11-26 02:00,42.0,
2025-11-26 03:00,42.0,
2025-11-26 04:00,42.0,
2025-11-26 05:00,42.0,
2025-11-26 06:00,42.0,
2025-11-26 07:00,42.0,
2025-11-26 08:00,42.0,
2025-11-26 09:00,42.0,
2025-11-26 10:00,42.0,
2025-11-26 11:00,42.0,
2025-11-26 12:00,42.0,
2025-11-26 13:00,42.0,
2025-11-26 14:00,42.0,
2025-11-26 15:00,42.0,
2025-11-26 16:00,42.0,
2025-11-26 17:00,42.0,
2025-11-26 18:00,42.0,
2025-11-26 19:00,42.0,
2025-11-26 20:00,42.0,
2025-11-26 21:00,42.0,
2025-11-26 22:00,42.0,
2025-11-26 23:00,42.0,
2025-11-27 00:00,42.0,
2025-11-27 01:00,42.0,
2025-11-27 02:00,42.0,
2025-11-27 03:00,42.0,
2025-11-27 04:00,42.0,
2025-11-27 05:00,42.0,
2025-11-27 06:00,42.0,
2025-11-27 07:00,42.0,
2025-11-27 08:00,42.0,
2025-11-27 09:00,42.0,
2025-11-27 10:00,42.0,
2025-11-27 11:00,42.0,
2025-11-27 12:00,42.0,
2025-11-27 13:00,42.0,
2025-11-27 14:00,42.0,
2025-11-27 15:00,42.0,
2025-11-27 16:00,42.0,
2025-11-27 17:00,42.0,
2025-11-27 18:00,42.0,
2025-11-27 19:00,42.0,
2025-11-27 20:00,42.0,
2025-11-27 21:00,42.0,
2025-11-27 22:00,42.0,
2025-11-27 23:00,42.0,
2025-11-28 00:00,42.0,
2025-11-28 01:00,42.0,
2025-11-28 02:00,42.0,
2025-11-28 03:00,42.0,
2025-11-28 04:00,42.0,
2025-11-28 05:00,42.0,
2025-11-28 06:00,42.0,
2025-11-28 07:00,42.0,
2025-11-28 08:00,42.0,
2025-11-28 09:00,42.0,
2025-11-28 10:00,42.0,
2025-11-28 11:00,42.0,
2025-11-28 12:00,42.0,
2025-11-28 13:00,42.0,
2025-11-28 14:00,42.0,
2025-11-28 15:00,42.0,
2025-11-28 16:00,42.0,
2025-11-28 17:00,42.0,
2025-11-28 18:00,42.0,
2025-11-28 19:00,42.0,
2025-11-28 20:00,42.0,
2025-11-28 21:00,42.0,
2025-11-28 22:00,42.0,
2025-11-28 23:00,42.0,
2025-11-29 00:00,42.0,
2025-11-29 01:00,42.0,
2025-11-29 02:00,42.0,
2025-11-29 03:00,42.0,
2025-11-29 04:00,42.0,
2025-11-29 05:00,42.0,
2025-11-29 06:00,42.0,
2025-11-29 07:00,42.0,
2025-11-29 08:00,42.0,
2025-11-29 09:00,42.0,
2025-11-29 10:00,42.0,
2025-11-29 11:00,42.0,
2025-11-29 12:00,42.0,
2025-11-29 13:00,42.0,
2025-11-29 14:00,42.0,
2025-11-29 15:00,42.0,
2025-11-29 16:00,42.0,
2025-11-29 17:00,42.0,
2025-11-29 18:00,42.0,
2025-11-29 19:00,42.0,
2025-11-29 20:00,42.0,
2025-11-29 21:00,42.0,
2025-11-29 22:00,42.0,
2025-11-29 23:00,42.0,
2025-11-30 00:00,42.0,
2025-11-30 01:00,42.0,
2025-11-30 02:00,42.0,
2025-11-30 03:00,42.0,
2025-11-30 04:00,42.0,
2025-11-30 05:00,42.0,
2025-11-30 06:00,42.0,
2025-11-30 07:00,42.0,
2025-11-30 08:00,42.0,
2025-11-30 09:00,42.0,
2025-11-30 10:00,42.0,
2025-11-30 11:00,42.0,
2025-11-30 12:00,42.0,
2025-11-30 13:00,42.0,
2025-11-30 14:00,42.0,
2025-11-30 15:00,42.0,
2025-11-30 16:00,42.0,
2025-11-30 17:00,42.0,
2025-11-30 18:00,42.0,
2025-11-30 19:00,42.0,
2025-11-30 20:00,42.0,
2025-11-30 21:00,42.0,
2025-11-30 22:00,42.0,
2025-11-30 23:00,42.0,
2025-12-01 00:00,42.0,
2025-12-01 01:00,42.0,
2025-12-01 02:00,42.0,
2025-12-01 03:00,42.0,
2025-12-01 04:00,42.0,
2025-12-01 05:00,42.0,
2025-12-01 06:00,42.0,
2025-12-01 07:00,42.0,
2025-12-01 08:00,42.0,
2025-12-01 09:00,42.0,
2025-12-01 10:00,42.0,
2025-12-01 11:00,42.0,
2025-12-01 12:00,42.0,
2025-12-01 13:00,42.0,
2025-12-01 14:00,42.0,
2025-12-01 15:00,42.0,
2025-12-01 16:00,42.0,
2025-12-01 17:00,42.0,
2025-12-01 18:00,42.0,
2025-12-01 19:00,42.0,
2025-12-01 20:00,42.0,
2025-12-01 21:00,42.0,
2025-12-01 22:00,42.0,
2025-12-01 23:00,42.0,
2025-12-02 00:00,42.0,
2025-12-02 01:00,42.0,
2025-12-02 02:00,42.0,
2025-12-02 03:00,42.0,
2025-12-02 04:00,42.0,
2025-12-02 05:00,42.0,
2025-12-02 06:00,42.0,
2025-12-02 07:00,42.0,
2025-12-02 08:00,42.0,
2025-12-02 09:00,42.0,
2025-12-02 10:00,42.0,
2025-12-02 11:00,42.0,
2025-12-02 12:00,42.0,
2025-12-02 13:00,42.0,
2025-12-02 14:00,42.0,
2025-12-02 15:00,42.0,
2025-12-02 16:00,42.0,
2025-12-02 17:00,42.0,
2025-12-02 18:00,42.0,
2025-12-02 19:00,42.0,
2025-12-02 20:00,42.0,
2025-12-02 21:00,42.0,
2025-12-02 22:00,42.0,
2025-12-02 23:00,42.0,
2025-12-03 00:00,42.0,
2025-12-03 01:00,42.0,
2025-12-03 02:00,42.0,
2025-12-03 03:00,42.0,
2025-12-03 04:00,42.0,
2025-12-03 05:00,42.0,
2025-12-03 06:00,42.0,
2025-12-03 07:00,42.0,
2025-12-03 08:00,42.0,
2025-12-03 09:00,42.0,
2025-12-03 10:00,42.0,
2025-12-03 11:00,42.0,
2025-12-03 12:00,42.0,
2025-12-03 13:00,42.0,
2025-12-03 14:00,42.0,
2025-12-03 15:00,42.0,
2025-12-03 16:00,42.0,
2025-12-03 17:00,42.0,
2025-12-03 18:00,42.0,
2025-12-03 19:00,42.0,
2025-12-03 20:00,42.0,
2025-12-03 21:00,42.0,
2025-12-03 22:00,42.0,
2025-12-03 23:00,42.0,
2025-12-04 00:00,42.0,
2025-12-04 01:00,42.0,
2025-12-04 02:00,42.0,
2025-12-04 03:00,42.0,
2025-12-04 04:00,42.0,
2025-12-04 05:00,42.0,
2025-12-04 06:00,42.0,
2025-12-04 07:00,42.25,18.057393
2025-12-04 08:00,42.358,26.906397
2025-12-04 09:00,42.406,30.943107
2025-12-04 10:00,42.423,32.385283
2025-12-04 11:00,42.432,33.152115
2025-12-04 12:00,42.449,34.604452
2025-12-04 13:00,42.435,33.407726
2025-12-04 14:00,42.432,33.152115
2025-12-04 15:00,42.431,33.066911
2025-12-04 16:00,42.43,32.981708
2025-12-04 17:00,42.433,33.237319
2025-12-04 18:00,42.437,33.578133
2025-12-04 19:00,42.577,45.722688
2025-12-04 20:00,42.624,49.878347
2025-12-04 21:00,42.634,50.767248
2025-12-04 22:00,42.637,51.033918
2025-12-04 23:00,42.638,51.122809
2025-12-05 00:00,42.596,47.398349
2025-12-05 01:00,42.455,35.118258
2025-12-05 02:00,42.433,33.237319
2025-12-05 03:00,42.431,33.066911
2025-12-05 04:00,42.431,33.066911
2025-12-05 05:00,42.431,33.066911
2025-12-05 06:00,42.429,32.896504
2025-12-05 07:00,42.433,33.237319
2025-12-05 08:00,42.434,33.322522
2025-12-05 09:00,42.432,33.152115
2025-12-05 10:00,42.425,32.55569
2025-12-05 11:00,42.427,32.726097
2025-12-05 12:00,42.429,32.896504
2025-12-05 13:00,42.427,32.726097
2025-12-05 14:00,42.427,32.726097
2025-12-05 15:00,42.0,
2025-12-05 16:00,42.0,
2025-12-05 17:00,42.0,
2025-12-05 18:00,42.0,
2025-12-05 19:00,42.31,22.930915
2025-12-05 20:00,42.41,31.282125
2025-12-05 21:00,42.431,33.066911
2025-12-05 22:00,42.436,33.492929
2025-12-05 23:00,42.435,33.407726
2025-12-06 00:00,42.568,44.931508
2025-12-06 01:00,42.934,78.07221
2025-12-06 02:00,42.992,83.476213
2025-12-06 03:00,43.011,85.25422
2025-12-06 04:00,43.014,85.53522
2025-12-06 05:00,43.015,85.628887
2025-12-06 06:00,43.016,85.722554
2025-12-06 07:00,43.015,85.628887
2025-12-06 08:00,42.535,42.040994
2025-12-06 09:00,42.446,34.347549
2025-12-06 10:00,42.43,32.981708
2025-12-06 11:00,42.425,32.55569
2025-12-06 12:00,42.425,32.55569
2025-12-06 13:00,42.424,32.470486
2025-12-06 14:00,42.424,32.470486
2025-12-06 15:00,42.424,32.470486
2025-12-06 16:00,42.79,64.820805
2025-12-06 17:00,42.975,81.888463
2025-12-06 18:00,43.008,84.97322
2025-12-06 19:00,43.26,108.876968
2025-12-06 20:00,43.327,115.327497
2025-12-06 21:00,43.134,96.851462
2025-12-06 22:00,43.048,88.727201
2025-12-06 23:00,43.026,86.660444
2025-12-07 00:00,43.026,86.660444
2025-12-07 01:00,43.021,86.191091
2025-12-07 02:00,43.02,86.097221
2025-12-07 03:00,43.022,86.284962
2025-12-07 04:00,43.024,86.472703
2025-12-07 05:00,43.022,86.284962
2025-12-07 06:00,43.022,86.284962
2025-12-07 07:00,43.027,86.754315
2025-12-07 08:00,42.599,47.663086
2025-12-07 09:00,42.454,35.032623
2025-12-07 10:00,42.432,33.152115
2025-12-07 11:00,42.426,32.640894
2025-12-07 12:00,42.428,32.811301
2025-12-07 13:00,42.426,32.640894
2025-12-07 14:00,42.426,32.640894
2025-12-07 15:00,42.423,32.385283
2025-12-07 16:00,42.446,34.347549
2025-12-07 17:00,42.939,78.536277
2025-12-07 18:00,43.009,85.066887
2025-12-07 19:00,43.022,86.284962
2025-12-07 20:00,43.027,86.754315
2025-12-07 21:00,43.031,87.129797
2025-12-07 22:00,43.028,86.848185
2025-12-07 23:00,43.028,86.848185
2025-12-08 00:00,43.029,86.942056
2025-12-08 01:00,43.03,87.035927
2025-12-08 02:00,43.033,87.317538
2025-12-08 03:00,43.033,87.317538
2025-12-08 04:00,43.033,87.317538
2025-12-08 05:00,43.035,87.50528
2025-12-08 06:00,43.032,87.223668
2025-12-08 07:00,43.033,87.317538
2025-12-08 08:00,43.033,87.317538
2025-12-08 09:00,43.029,86.942056
2025-12-08 10:00,43.028,86.848185
2025-12-08 11:00,43.031,87.129797
2025-12-08 12:00,43.029,86.942056
2025-12-08 13:00,43.024,86.472703
2025-12-08 14:00,43.028,86.848185
2025-12-08 15:00,43.025,86.566574
2025-12-08 16:00,43.258,108.685153
2025-12-08 17:00,43.344,116.969819
2025-12-08 18:00,43.361,118.61438
2025-12-08 19:00,43.362,118.711267
2025-12-08 20:00,43.367,119.195704
2025-12-08 21:00,43.371,119.583254
2025-12-08 22:00,43.368,119.292592
2025-12-08 23:00,43.364,118.905042
2025-12-09 00:00,43.31,113.687435
2025-12-09 01:00,43.091,92.780494
2025-12-09 02:00,43.04,87.974633
2025-12-09 03:00,43.03,87.035927
2025-12-09 04:00,43.027,86.754315
2025-12-09 05:00,43.029,86.942056
2025-12-09 06:00,43.027,86.754315
2025-12-09 07:00,43.028,86.848185
2025-12-09 08:00,43.029,86.942056
2025-12-09 09:00,43.037,87.693021
2025-12-09 10:00,43.03,87.035927
2025-12-09 11:00,43.027,86.754315
2025-12-09 12:00,43.028,86.848185
2025-12-09 13:00,43.024,86.472703
2025-12-09 14:00,43.028,86.848185
2025-12-09 15:00,43.029,86.942056
2025-12-09 16:00,43.275,110.318115
2025-12-09 17:00,43.325,115.134357
2025-12-09 18:00,43.34,116.582901
2025-12-09 19:00,43.341,116.679631
2025-12-09 20:00,43.345,117.066549
2025-12-09 21:00,43.351,117.646926
2025-12-09 22:00,43.35,117.550197
2025-12-09 23:00,43.355,118.033845
2025-12-10 00:00,43.3,112.72336
2025-12-10 01:00,43.091,92.780494
2025-12-10 02:00,43.044,88.350917
2025-12-10 03:00,43.038,87.786891
2025-12-10 04:00,43.033,87.317538
2025-12-10 05:00,43.032,87.223668
2025-12-10 06:00,43.034,87.411409
2025-12-10 07:00,43.034,87.411409
2025-12-10 08:00,43.034,87.411409
2025-12-10 09:00,43.031,87.129797
2025-12-10 10:00,43.036,87.59915
2025-12-10 11:00,43.03,87.035927
2025-12-10 12:00,43.027,86.754315
2025-12-10 13:00,43.025,86.566574
2025-12-10 14:00,43.028,86.848185
2025-12-10 15:00,43.024,86.472703
2025-12-10 16:00,43.227,105.714247
2025-12-10 17:00,43.335,116.100053
2025-12-10 18:00,43.354,117.937115
2025-12-10 19:00,43.362,118.711267
2025-12-10 20:00,43.362,118.711267
2025-12-10 21:00,43.363,118.808155
2025-12-10 22:00,43.364,118.905042
2025-12-10 23:00,43.365,119.00193
2025-12-11 00:00,43.282,110.990984
2025-12-11 01:00,43.072,90.987269
2025-12-11 02:00,43.028,86.848185
2025-12-11 03:00,43.021,86.191091
2025-12-11 04:00,43.019,86.003554
2025-12-11 05:00,43.02,86.097221
2025-12-11 06:00,43.02,86.097221
2025-12-11 07:00,43.015,85.628887
2025-12-11 08:00,43.018,85.909887
2025-12-11 09:00,43.019,86.003554
2025-12-11 10:00,43.048,88.727201
2025-12-11 11:00,43.047,88.63313
2025-12-11 12:00,43.045,88.444988
2025-12-11 13:00,43.047,88.63313
2025-12-11 14:00,43.044,88.350917
2025-12-11 15:00,43.105,94.103913
2025-12-11 16:00,43.311,113.783842
2025-12-11 17:00,43.369,119.389479
2025-12-11 18:00,43.375,119.970804
2025-12-11 19:00,43.375,119.970804
2025-12-11 20:00,43.38,120.455241
2025-12-11 21:00,43.381,120.552284
2025-12-11 22:00,43.382,120.649328
2025-12-11 23:00,43.384,120.843414
2025-12-12 00:00,43.165,99.797033
2025-12-12 01:00,42.598,47.57484
2025-12-12 02:00,42.47,36.406912
2025-12-12 03:00,42.445,34.261915
2025-12-12 04:00,42.444,34.176281
2025-12-12 05:00,42.44,33.833744
2025-12-12 06:00,42.438,33.663336
2025-12-12 07:00,42.441,33.919378
2025-12-12 08:00,42.439,33.74854
2025-12-12 09:00,42.438,33.663336
2025-12-12 10:00,42.444,34.176281
2025-12-12 11:00,42.433,33.237319
2025-12-12 12:00,42.44,33.833744
2025-12-12 13:00,42.434,33.322522
2025-12-12 14:00,42.596,47.398349
2025-12-12 15:00,42.626,50.056127
2025-12-12 16:00,42.628,50.233907
2025-12-12 17:00,42.631,50.500578
2025-12-12 18:00,42.632,50.589468
2025-12-12 19:00,43.674,149.280819
2025-12-12 20:00,43.838,165.613074
2025-12-12 21:00,43.882,170.023136
2025-12-12 22:00,43.897,171.52924
2025-12-12 23:00,43.904,172.232557
2025-12-13 00:00,43.285,111.279713
2025-12-13 01:00,42.784,64.273909
2025-12-13 02:00,42.667,53.711057
2025-12-13 03:00,42.638,51.122809
2025-12-13 04:00,42.636,50.945028
2025-12-13 05:00,42.637,51.033918
2025-12-13 06:00,42.632,50.589468
2025-12-13 07:00,42.632,50.589468
2025-12-13 08:00,42.635,50.856138
2025-12-13 09:00,42.63,50.411687
2025-12-13 10:00,42.632,50.589468
2025-12-13 11:00,42.633,50.678358
2025-12-13 12:00,42.631,50.500578
2025-12-13 13:00,42.629,50.322797
2025-12-13 14:00,42.634,50.767248
2025-12-13 15:00,42.631,50.500578
2025-12-13 16:00,42.629,50.322797
2025-12-13 17:00,42.631,50.500578
2025-12-13 18:00,42.913,76.124691
2025-12-13 19:00,43.754,157.226697
2025-12-13 20:00,43.866,168.418282
2025-12-13 21:00,43.891,170.926798
2025-12-13 22:00,43.488,130.972309
2025-12-13 23:00,43.195,102.65592
2025-12-14 00:00,42.77,63.000407
2025-12-14 01:00,42.677,54.606048
2025-12-14 02:00,42.656,52.727769
2025-12-14 03:00,42.655,52.63857
2025-12-14 04:00,42.653,52.460173
2025-12-14 05:00,42.654,52.549371
2025-12-14 06:00,42.656,52.727769
2025-12-14 07:00,42.651,52.281775
2025-12-14 08:00,42.657,52.816968
2025-12-14 09:00,42.654,52.549371
2025-12-14 10:00,42.469,36.320863
2025-12-14 11:00,42.445,34.261915
2025-12-14 12:00,42.445,34.261915
2025-12-14 13:00,42.46,35.546429
2025-12-14 14:00,42.467,36.148767
2025-12-14 15:00,42.46,35.546429
2025-12-14 16:00,42.45,34.690086
2025-12-14 17:00,42.442,34.005012
2025-12-14 18:00,42.439,33.74854
2025-12-14 19:00,42.921,76.865635
2025-12-14 20:00,43.004,84.598553
2025-12-14 21:00,42.537,42.215399
2025-12-14 22:00,42.452,34.861355
2025-12-14 23:00,42.438,33.663336
2025-12-15 00:00,42.431,33.066911
2025-12-15 01:00,42.441,33.919378
2025-12-15 02:00,42.444,34.176281
2025-12-15 03:00,42.446,34.347549
2025-12-15 04:00,42.444,34.176281
2025-12-15 05:00,42.44,33.833744
2025-12-15 06:00,42.439,33.74854
2025-12-15 07:00,42.438,33.663336
2025-12-15 08:00,42.438,33.663336
2025-12-15 09:00,42.435,33.407726
2025-12-15 10:00,42.435,33.407726
2025-12-15 11:00,42.433,33.237319
2025-12-15 12:00,42.431,33.066911
2025-12-15 13:00,42.433,33.237319
2025-12-15 14:00,42.424,32.470486
2025-12-15 15:00,42.433,33.237319
2025-12-15 16:00,42.428,32.811301
2025-12-15 17:00,42.428,32.811301
2025-12-15 18:00,42.43,32.981708
2025-12-15 19:00,42.899,74.82866
2025-12-15 20:00,42.989,83.195836
2025-12-15 21:00,42.731,59.465801
2025-12-15 22:00,42.493,38.391204
2025-12-15 23:00,42.447,34.433184
2025-12-16 00:00,42.444,34.176281
2025-12-16 01:00,42.437,33.578133
2025-12-16 02:00,42.441,33.919378
2025-12-16 03:00,42.444,34.176281
2025-12-16 04:00,42.441,33.919378
2025-12-16 05:00,42.444,34.176281
2025-12-16 06:00,42.433,33.237319
2025-12-16 07:00,42.444,34.176281
2025-12-16 08:00,42.44,33.833744
2025-12-16 09:00,42.44,33.833744
2025-12-16 10:00,42.442,34.005012
2025-12-16 11:00,42.441,33.919378
2025-12-16 12:00,42.438,33.663336
2025-12-16 13:00,42.436,33.492929
2025-12-16 14:00,42.433,33.237319
2025-12-16 15:00,42.439,33.74854
2025-12-16 16:00,42.434,33.322522
2025-12-16 17:00,42.433,33.237319
2025-12-16 18:00,42.438,33.663336
2025-12-16 19:00,42.889,73.905039
2025-12-16 20:00,42.988,83.102376
2025-12-16 21:00,42.701,56.760451
2025-12-16 22:00,42.472,36.579008
2025-12-16 23:00,42.439,33.74854
2025-12-17 00:00,42.427,32.726097
2025-12-17 01:00,42.425,32.55569
2025-12-17 02:00,42.426,32.640894
2025-12-17 03:00,42.426,32.640894
2025-12-17 04:00,42.428,32.811301
2025-12-17 05:00,42.433,33.237319
2025-12-17 06:00,42.434,33.322522
2025-12-17 07:00,42.432,33.152115
2025-12-17 08:00,42.433,33.237319
2025-12-17 09:00,42.431,33.066911
2025-12-17 10:00,42.439,33.74854
2025-12-17 11:00,42.443,34.090646
2025-12-17 12:00,42.424,32.470486
2025-12-17 13:00,42.433,33.237319
2025-12-17 14:00,42.435,33.407726
2025-12-17 15:00,42.431,33.066911
2025-12-17 16:00,42.426,32.640894
2025-12-17 17:00,42.428,32.811301
2025-12-17 18:00,42.432,33.152115
2025-12-17 19:00,42.933,77.979396
2025-12-17 20:00,43.004,84.598553
2025-12-17 21:00,42.695,56.221417
2025-12-17 22:00,42.477,37.009249
2025-12-17 23:00,42.456,35.203892
2025-12-18 00:00,42.439,33.74854
2025-12-18 01:00,42.439,33.74854
2025-12-18 02:00,42.438,33.663336
2025-12-18 03:00,42.441,33.919378
2025-12-18 04:00,42.44,33.833744
2025-12-18 05:00,42.447,34.433184
2025-12-18 06:00,42.443,34.090646
2025-12-18 07:00,42.444,34.176281
2025-12-18 08:00,42.441,33.919378
2025-12-18 09:00,42.443,34.090646
2025-12-18 10:00,42.437,33.578133
2025-12-18 11:00,42.429,32.896504
2025-12-18 12:00,42.429,32.896504
2025-12-18 13:00,42.439,33.74854
2025-12-18 14:00,42.437,33.578133
2025-12-18 15:00,42.436,33.492929
2025-12-18 16:00,42.436,33.492929
2025-12-18 17:00,42.441,33.919378
2025-12-18 18:00,42.435,33.407726
2025-12-18 19:00,42.909,75.754332
2025-12-18 20:00,43.001,84.317553
2025-12-18 21:00,42.749,61.094621
2025-12-18 22:00,42.493,38.391204
2025-12-18 23:00,42.447,34.433184
2025-12-19 00:00,42.441,33.919378
2025-12-19 01:00,42.438,33.663336
2025-12-19 02:00,42.439,33.74854
2025-12-19 03:00,42.431,33.066911
2025-12-19 04:00,42.435,33.407726
2025-12-19 05:00,42.441,33.919378
2025-12-19 06:00,42.435,33.407726
2025-12-19 07:00,42.439,33.74854
2025-12-19 08:00,42.43,32.981708
2025-12-19 09:00,42.437,33.578133
2025-12-19 10:00,42.436,33.492929
2025-12-19 11:00,42.434,33.322522
2025-12-19 12:00,42.432,33.152115
2025-12-19 13:00,42.433,33.237319
2025-12-19 14:00,42.433,33.237319
2025-12-19 15:00,42.434,33.322522
2025-12-19 16:00,42.436,33.492929
2025-12-19 17:00,42.435,33.407726
2025-12-19 18:00,42.435,33.407726
2025-12-19 19:00,42.922,76.958448
2025-12-19 20:00,42.989,83.195836
2025-12-19 21:00,42.696,56.311208
2025-12-19 22:00,42.473,36.665056
2025-12-19 23:00,42.436,33.492929
2025-12-20 00:00,42.426,32.640894
2025-12-20 01:00,42.423,32.385283
2025-12-20 02:00,42.427,32.726097
2025-12-20 03:00,42.431,33.066911
2025-12-20 04:00,42.424,32.470486
2025-12-20 05:00,42.425,32.55569
2025-12-20 06:00,42.424,32.470486
2025-12-20 07:00,42.421,32.214876
2025-12-20 08:00,42.422,32.300079
2025-12-20 09:00,42.416,31.790653
2025-12-20 10:00,42.418,31.960163
2025-12-20 11:00,42.422,32.300079
2025-12-20 12:00,42.424,32.470486
2025-12-20 13:00,42.421,32.214876
2025-12-20 14:00,42.422,32.300079
2025-12-20 15:00,42.418,31.960163
2025-12-20 16:00,42.419,32.044917
2025-12-20 17:00,42.421,32.214876
2025-12-20 18:00,42.425,32.55569
2025-12-20 19:00,42.916,76.402461
2025-12-20 20:00,42.993,83.569672
2025-12-20 21:00,42.701,56.760451
2025-12-20 22:00,42.483,37.526735
2025-12-20 23:00,42.443,34.090646
2025-12-21 00:00,42.436,33.492929
2025-12-21 01:00,42.433,33.237319
2025-12-21 02:00,42.436,33.492929
2025-12-21 03:00,42.439,33.74854
2025-12-21 04:00,42.43,32.981708
2025-12-21 05:00,42.427,32.726097
2025-12-21 06:00,42.429,32.896504
2025-12-21 07:00,42.433,33.237319
2025-12-21 08:00,42.432,33.152115
2025-12-21 09:00,42.431,33.066911
2025-12-21 10:00,42.43,32.981708
2025-12-21 11:00,42.425,32.55569
2025-12-21 12:00,42.423,32.385283
2025-12-21 13:00,42.421,32.214876
2025-12-21 14:00,42.42,32.129672
2025-12-21 15:00,42.422,32.300079
2025-12-21 16:00,42.428,32.811301
2025-12-21 17:00,42.439,33.74854
2025-12-21 18:00,42.447,34.433184
2025-12-21 19:00,42.919,76.680231
2025-12-21 20:00,43.015,85.628887
2025-12-21 21:00,43.032,87.223668
2025-12-21 22:00,42.546,43.002376
2025-12-21 23:00,42.463,35.804574
2025-12-22 00:00,42.444,34.176281
2025-12-22 01:00,42.435,33.407726
2025-12-22 02:00,42.432,33.152115
2025-12-22 03:00,42.433,33.237319
2025-12-22 04:00,42.435,33.407726
2025-12-22 05:00,42.436,33.492929
2025-12-22 06:00,42.429,32.896504
2025-12-22 07:00,42.433,33.237319
2025-12-22 08:00,42.433,33.237319
2025-12-22 09:00,42.437,33.578133
2025-12-22 10:00,42.43,32.981708
2025-12-22 11:00,42.432,33.152115
2025-12-22 12:00,42.43,32.981708
2025-12-22 13:00,42.429,32.896504
2025-12-22 14:00,42.43,32.981708
2025-12-22 15:00,42.426,32.640894
2025-12-22 16:00,42.434,33.322522
2025-12-22 17:00,42.431,33.066911
2025-12-22 18:00,42.431,33.066911
2025-12-22 19:00,42.9,74.921022
2025-12-22 20:00,42.987,83.008917
2025-12-22 21:00,43.0,84.223887
2025-12-22 22:00,42.534,41.953792
2025-12-22 23:00,42.441,33.919378
2025-12-23 00:00,42.428,32.811301
2025-12-23 01:00,42.422,32.300079
2025-12-23 02:00,42.424,32.470486
2025-12-23 03:00,42.424,32.470486
2025-12-23 04:00,42.422,32.300079
2025-12-23 05:00,42.421,32.214876
2025-12-23 06:00,42.424,32.470486
2025-12-23 07:00,42.421,32.214876
2025-12-23 08:00,42.423,32.385283
2025-12-23 09:00,42.422,32.300079
2025-12-23 10:00,42.422,32.300079
2025-12-23 11:00,42.416,31.790653
2025-12-23 12:00,42.42,32.129672
2025-12-23 13:00,42.419,32.044917
2025-12-23 14:00,42.414,31.621144
2025-12-23 15:00,42.441,33.919378
2025-12-23 16:00,42.422,32.300079
2025-12-23 17:00,42.42,32.129672
2025-12-23 18:00,42.421,32.214876
2025-12-23 19:00,42.894,74.36685
2025-12-23 20:00,42.986,82.915458
2025-12-23 21:00,43.004,84.598553
2025-12-23 22:00,42.535,42.040994
2025-12-23 23:00,42.444,34.176281
2025-12-24 00:00,42.43,32.981708
2025-12-24 01:00,42.412,31.451635
2025-12-24 02:00,42.424,32.470486
2025-12-24 03:00,42.422,32.300079
2025-12-24 04:00,42.42,32.129672
2025-12-24 05:00,42.421,32.214876
2025-12-24 06:00,42.42,32.129672
2025-12-24 07:00,42.421,32.214876
2025-12-24 08:00,42.423,32.385283
2025-12-24 09:00,42.418,31.960163
2025-12-24 10:00,42.417,31.875408
2025-12-24 11:00,42.419,32.044917
2025-12-24 12:00,42.42,32.129672
2025-12-24 13:00,42.419,32.044917
2025-12-24 14:00,42.417,31.875408
2025-12-24 15:00,42.418,31.960163
2025-12-24 16:00,42.415,31.705899
2025-12-24 17:00,42.424,32.470486
2025-12-24 18:00,42.421,32.214876
2025-12-24 19:00,42.42,32.129672
2025-12-24 20:00,42.418,31.960163
2025-12-24 21:00,42.0,
2025-12-24 22:00,42.0,
2025-12-24 23:00,42.0,
2025-12-25 00:00,42.0,
2025-12-25 01:00,42.284,20.804271
2025-12-25 02:00,42.39,29.59172
2025-12-25 03:00,42.411,31.36688
2025-12-25 04:00,42.421,32.214876
2025-12-25 05:00,42.426,32.640894
2025-12-25 06:00,42.428,32.811301
2025-12-25 07:00,42.429,32.896504
2025-12-25 08:00,42.426,32.640894
2025-12-25 09:00,42.427,32.726097
2025-12-25 10:00,42.423,32.385283
2025-12-25 11:00,42.424,32.470486
2025-12-25 12:00,42.425,32.55569
2025-12-25 13:00,42.428,32.811301
2025-12-25 14:00,42.423,32.385283
2025-12-25 15:00,42.423,32.385283
2025-12-25 16:00,42.423,32.385283
2025-12-25 17:00,42.427,32.726097
2025-12-25 18:00,42.429,32.896504
2025-12-25 19:00,42.428,32.811301
2025-12-25 20:00,42.427,32.726097
2025-12-25 21:00,42.0,
2025-12-25 22:00,42.0,
2025-12-25 23:00,42.0,
2025-12-26 00:00,42.0,
2025-12-26 01:00,42.286,20.967393
2025-12-26 02:00,42.39,29.59172
2025-12-26 03:00,42.414,31.621144
2025-12-26 04:00,42.426,32.640894
2025-12-26 05:00,42.425,32.55569
2025-12-26 06:00,42.426,32.640894
2025-12-26 07:00,42.426,32.640894
2025-12-26 08:00,42.423,32.385283
2025-12-26 09:00,42.42,32.129672
2025-12-26 10:00,42.427,32.726097
2025-12-26 11:00,42.422,32.300079
2025-12-26 12:00,42.422,32.300079
2025-12-26 13:00,42.419,32.044917
2025-12-26 14:00,42.416,31.790653
2025-12-26 15:00,42.421,32.214876
2025-12-26 16:00,42.419,32.044917
2025-12-26 17:00,42.415,31.705899
2025-12-26 18:00,42.421,32.214876
2025-12-26 19:00,42.422,32.300079
2025-12-26 20:00,42.421,32.214876
2025-12-26 21:00,42.0,
2025-12-26 22:00,42.0,
2025-12-26 23:00,42.0,
2025-12-27 00:00,42.0,
2025-12-27 01:00,42.311,23.013082
2025-12-27 02:00,42.412,31.451635
2025-12-27 03:00,42.415,31.705899
2025-12-27 04:00,42.42,32.129672
2025-12-27 05:00,42.426,32.640894
2025-12-27 06:00,42.42,32.129672
2025-12-27 07:00,42.423,32.385283
2025-12-27 08:00,42.426,32.640894
2025-12-27 09:00,42.429,32.896504
2025-12-27 10:00,42.425,32.55569
2025-12-27 11:00,42.43,32.981708
2025-12-27 12:00,42.42,32.129672
2025-12-27 13:00,42.424,32.470486
2025-12-27 14:00,42.423,32.385283
2025-12-27 15:00,42.423,32.385283
2025-12-27 16:00,42.42,32.129672
2025-12-27 17:00,42.429,32.896504
2025-12-27 18:00,42.426,32.640894
2025-12-27 19:00,42.423,32.385283
2025-12-27 20:00,42.423,32.385283
2025-12-27 21:00,42.0,
2025-12-27 22:00,42.0,
2025-12-27 23:00,42.0,
2025-12-28 00:00,42.0,
2025-12-28 01:00,42.282,20.641148
2025-12-28 02:00,42.39,29.59172
2025-12-28 03:00,42.415,31.705899
2025-12-28 04:00,42.422,32.300079
2025-12-28 05:00,42.427,32.726097
2025-12-28 06:00,42.427,32.726097
2025-12-28 07:00,42.424,32.470486
2025-12-28 08:00,42.431,33.066911
2025-12-28 09:00,42.425,32.55569
2025-12-28 10:00,42.428,32.811301
2025-12-28 11:00,42.423,32.385283
2025-12-28 12:00,42.429,32.896504
2025-12-28 13:00,42.427,32.726097
2025-12-28 14:00,42.43,32.981708
2025-12-28 15:00,42.427,32.726097
2025-12-28 16:00,42.429,32.896504
2025-12-28 17:00,42.425,32.55569
2025-12-28 18:00,42.431,33.066911
2025-12-28 19:00,42.421,32.214876
2025-12-28 20:00,42.426,32.640894
2025-12-28 21:00,42.0,
2025-12-28 22:00,42.0,
2025-12-28 23:00,42.0,
2025-12-29 00:00,42.0,
2025-12-29 01:00,42.203,14.327529
2025-12-29 02:00,42.358,26.906397
2025-12-29 03:00,42.403,30.688843
2025-12-29 04:00,42.413,31.536389
2025-12-29 05:00,42.418,31.960163
2025-12-29 06:00,42.42,32.129672
2025-12-29 07:00,42.414,31.621144
2025-12-29 08:00,42.416,31.790653
2025-12-29 09:00,42.417,31.875408
2025-12-29 10:00,42.416,31.790653
2025-12-29 11:00,42.421,32.214876
2025-12-29 12:00,42.419,32.044917
2025-12-29 13:00,42.417,31.875408
2025-12-29 14:00,42.0,
2025-12-29 15:00,42.0,
2025-12-29 16:00,42.0,
2025-12-29 17:00,42.197,13.857984
2025-12-29 18:00,42.358,26.906397
2025-12-29 19:00,42.453,34.946989
2025-12-29 20:00,42.486,37.786075
2025-12-29 21:00,42.489,38.045416
2025-12-29 22:00,42.438,33.663336
2025-12-29 23:00,42.418,31.960163
2025-12-30 00:00,42.417,31.875408
2025-12-30 01:00,42.418,31.960163
2025-12-30 02:00,42.422,32.300079
2025-12-30 03:00,42.416,31.790653
2025-12-30 04:00,42.415,31.705899
2025-12-30 05:00,42.419,32.044917
2025-12-30 06:00,42.415,31.705899
2025-12-30 07:00,42.419,32.044917
2025-12-30 08:00,42.416,31.790653
2025-12-30 09:00,42.419,32.044917
2025-12-30 10:00,42.317,23.506082
2025-12-30 11:00,42.0,
2025-12-30 12:00,42.0,
2025-12-30 13:00,42.0,
2025-12-30 14:00,42.0,
2025-12-30 15:00,42.0,
2025-12-30 16:00,42.0,
2025-12-30 17:00,42.0,
2025-12-30 18:00,42.229,16.380707
2025-12-30 19:00,42.852,70.496051
2025-12-30 20:00,42.969,81.328976
2025-12-30 21:00,42.991,83.382754
2025-12-30 22:00,42.997,83.943509
2025-12-30 23:00,42.662,53.263562
2025-12-31 00:00,42.461,35.632477
2025-12-31 01:00,42.423,32.385283
2025-12-31 02:00,42.418,31.960163
2025-12-31 03:00,42.419,32.044917
2025-12-31 04:00,42.42,32.129672
2025-12-31 05:00,42.418,31.960163
2025-12-31 06:00,42.416,31.790653
2025-12-31 07:00,42.423,32.385283
2025-12-31 08:00,42.42,32.129672
2025-12-31 09:00,42.416,31.790653
2025-12-31 10:00,42.423,32.385283
2025-12-31 11:00,42.0,
2025-12-31 12:00,42.0,
2025-12-31 13:00,42.0,
2025-12-31 14:00,42.0,
2025-12-31 15:00,42.0,
2025-12-31 16:00,42.0,
2025-12-31 17:00,42.0,
2025-12-31 18:00,42.0,
2025-12-31 19:00,42.79,64.820805
2025-12-31 20:00,42.939,78.536277
2025-12-31 21:00,42.984,82.72854
2025-12-31 22:00,42.991,83.382754
2025-12-31 23:00,42.993,83.569672
2026-01-01 00:00,42.556,43.87799
2026-01-01 01:00,42.446,34.347549
2026-01-01 02:00,42.427,32.726097
2026-01-01 03:00,42.444,34.176281
2026-01-01 04:00,42.707,57.300909
2026-01-01 05:00,42.476,36.923201
2026-01-01 06:00,42.435,33.407726
2026-01-01 07:00,42.426,32.640894
2026-01-01 08:00,42.829,68.385195
2026-01-01 09:00,42.959,80.396712
2026-01-01 10:00,42.984,82.72854
2026-01-01 11:00,42.601,47.839905
2026-01-01 12:00,42.445,34.261915
2026-01-01 13:00,42.42,32.129672
2026-01-01 14:00,42.0,
2026-01-01 15:00,42.0,
2026-01-01 16:00,42.0,
2026-01-01 17:00,42.0,
2026-01-01 18:00,42.0,
2026-01-01 19:00,42.269,19.587938
2026-01-01 20:00,42.374,28.24609
2026-01-01 21:00,42.401,30.519333
2026-01-01 22:00,42.408,31.112616
2026-01-01 23:00,42.0,
2026-01-02 00:00,42.0,
2026-01-02 01:00,42.088,5.664978
2026-01-02 02:00,42.33,24.579967
2026-01-02 03:00,42.391,29.676006
2026-01-02 04:00,42.406,30.943107
2026-01-02 05:00,42.415,31.705899
2026-01-02 06:00,42.415,31.705899
2026-01-02 07:00,42.408,31.112616
2026-01-02 08:00,42.902,75.106202
2026-01-02 09:00,42.973,81.701968
2026-01-02 10:00,42.123,8.213085
2026-01-02 11:00,42.821,67.651995
2026-01-02 12:00,42.961,80.582993
2026-01-02 13:00,42.989,83.195836
2026-01-02 14:00,42.042,2.491779
2026-01-02 15:00,42.0,
2026-01-02 16:00,42.0,
2026-01-02 17:00,42.0,
2026-01-02 18:00,42.0,
2026-01-02 19:00,42.429,32.896504
2026-01-02 20:00,42.556,43.87799
2026-01-02 21:00,42.587,46.604136
2026-01-02 22:00,42.116,7.696291
2026-01-02 23:00,42.0,
2026-01-03 00:00,42.0,
2026-01-03 01:00,42.0,
2026-01-03 02:00,42.0,
2026-01-03 03:00,42.122,8.138473
2026-01-03 04:00,42.333,24.828183
2026-01-03 05:00,42.399,30.350293
2026-01-03 06:00,42.409,31.197371
2026-01-03 07:00,42.411,31.36688
2026-01-03 08:00,42.42,32.129672
2026-01-03 09:00,42.423,32.385283
2026-01-03 10:00,42.414,31.621144
2026-01-03 11:00,42.411,31.36688
2026-01-03 12:00,42.411,31.36688
2026-01-03 13:00,42.417,31.875408
2026-01-03 14:00,42.413,31.536389
2026-01-03 15:00,42.413,31.536389
2026-01-03 16:00,42.417,31.875408
2026-01-03 17:00,42.418,31.960163
2026-01-03 18:00,42.412,31.451635
2026-01-03 19:00,42.417,31.875408
2026-01-03 20:00,42.414,31.621144
2026-01-03 21:00,42.419,32.044917
2026-01-03 22:00,42.406,30.943107
2026-01-03 23:00,42.419,32.044917
2026-01-04 00:00,42.0,
2026-01-04 01:00,42.0,
2026-01-04 02:00,42.0,
2026-01-04 03:00,42.0,
2026-01-04 04:00,42.0,
2026-01-04 05:00,42.0,
2026-01-04 06:00,42.0,
2026-01-04 07:00,42.0,
2026-01-04 08:00,42.273,19.911606
2026-01-04 09:00,42.369,27.827114
2026-01-04 10:00,42.403,30.688843
2026-01-04 11:00,42.399,30.350293
2026-01-04 12:00,42.407,31.027861
2026-01-04 13:00,42.406,30.943107
2026-01-04 14:00,42.405,30.858352
2026-01-04 15:00,42.409,31.197371
2026-01-04 16:00,42.406,30.943107
2026-01-04 17:00,42.407,31.027861
2026-01-04 18:00,42.413,31.536389
2026-01-04 19:00,42.884,73.443229
2026-01-04 20:00,42.977,82.074959
2026-01-04 21:00,42.995,83.756591
2026-01-04 22:00,43.004,84.598553
2026-01-04 23:00,42.829,68.385195
2026-01-05 00:00,42.003,0.16374
2026-01-05 01:00,42.06,3.699086
2026-01-05 02:00,42.325,24.166275
2026-01-05 03:00,42.616,49.168495
2026-01-05 04:00,42.937,78.35065
2026-01-05 05:00,42.987,83.008917
2026-01-05 06:00,43.0,84.223887
2026-01-05 07:00,42.996,83.85005
2026-01-05 08:00,43.001,84.317553
2026-01-05 09:00,42.088,5.664978
2026-01-05 10:00,42.0,
2026-01-05 11:00,42.0,
2026-01-05 12:00,42.0,
2026-01-05 13:00,42.0,
2026-01-05 14:00,42.0,
2026-01-05 15:00,42.0,
2026-01-05 16:00,42.0,
2026-01-05 17:00,42.0,
2026-01-05 18:00,42.0,
2026-01-05 19:00,42.737,60.007927
2026-01-05 20:00,42.932,77.886583
2026-01-05 21:00,42.976,81.981711
2026-01-05 22:00,42.53,41.604982
2026-01-05 23:00,42.429,32.896504
2026-01-06 00:00,42.415,31.705899
2026-01-06 01:00,42.41,31.282125
2026-01-06 02:00,42.41,31.282125
2026-01-06 03:00,42.409,31.197371
2026-01-06 04:00,42.411,31.36688
2026-01-06 05:00,42.408,31.112616
2026-01-06 06:00,42.412,31.451635
2026-01-06 07:00,42.41,31.282125
2026-01-06 08:00,42.408,31.112616
2026-01-06 09:00,42.408,31.112616
2026-01-06 10:00,42.0,
2026-01-06 11:00,42.0,
2026-01-06 12:00,42.0,
2026-01-06 13:00,42.0,
2026-01-06 14:00,42.0,
2026-01-06 15:00,42.0,
2026-01-06 16:00,42.0,
2026-01-06 17:00,42.0,
2026-01-06 18:00,42.0,
2026-01-06 19:00,42.763,62.364174
2026-01-06 20:00,42.937,78.35065
2026-01-06 21:00,42.977,82.074959
2026-01-06 22:00,42.99,83.289295
2026-01-06 23:00,42.991,83.382754
2026-01-07 00:00,42.869,72.060355
2026-01-07 01:00,42.508,39.690982
2026-01-07 02:00,42.435,33.407726
2026-01-07 03:00,42.421,32.214876
2026-01-07 04:00,42.428,32.811301
2026-01-07 05:00,42.424,32.470486
2026-01-07 06:00,42.421,32.214876
2026-01-07 07:00,42.42,32.129672
2026-01-07 08:00,42.421,32.214876
2026-01-07 09:00,42.421,32.214876
2026-01-07 10:00,42.0,
2026-01-07 11:00,42.0,
2026-01-07 12:00,42.0,
2026-01-07 13:00,42.0,
2026-01-07 14:00,42.0,
2026-01-07 15:00,42.0,
2026-01-07 16:00,42.0,
2026-01-07 17:00,42.0,
2026-01-07 18:00,42.0,
2026-01-07 19:00,42.754,61.547749
2026-01-07 20:00,42.93,77.700956
2026-01-07 21:00,42.974,81.795215
2026-01-07 22:00,42.983,82.63508
2026-01-07 23:00,42.989,83.195836
2026-01-08 00:00,42.84,69.393344
2026-01-08 01:00,42.494,38.47765
2026-01-08 02:00,42.442,34.005012
2026-01-08 03:00,42.426,32.640894
2026-01-08 04:00,42.425,32.55569
2026-01-08 05:00,42.425,32.55569
2026-01-08 06:00,42.432,33.152115
2026-01-08 07:00,42.421,32.214876
2026-01-08 08:00,42.426,32.640894
2026-01-08 09:00,42.0,
2026-01-08 10:00,42.0,
2026-01-08 11:00,42.0,
2026-01-08 12:00,42.0,
2026-01-08 13:00,42.0,
2026-01-08 14:00,42.0,
2026-01-08 15:00,42.0,
2026-01-08 16:00,42.0,
2026-01-08 17:00,42.0,
2026-01-08 18:00,42.0,
2026-01-08 19:00,42.732,59.556155
2026-01-08 20:00,42.929,77.608142
2026-01-08 21:00,42.974,81.795215
2026-01-08 22:00,42.984,82.72854
2026-01-08 23:00,42.988,83.102376
2026-01-09 00:00,42.908,75.661742
2026-01-09 01:00,42.522,40.907362
2026-01-09 02:00,42.428,32.811301
2026-01-09 03:00,42.414,31.621144
2026-01-09 04:00,42.407,31.027861
2026-01-09 05:00,42.413,31.536389
2026-01-09 06:00,42.407,31.027861
2026-01-09 07:00,42.406,30.943107
2026-01-09 08:00,42.412,31.451635
2026-01-09 09:00,42.412,31.451635
2026-01-09 10:00,42.0,
2026-01-09 11:00,42.0,
2026-01-09 12:00,42.0,
2026-01-09 13:00,42.0,
2026-01-09 14:00,42.0,
2026-01-09 15:00,42.0,
2026-01-09 16:00,42.0,
2026-01-09 17:00,42.0,
2026-01-09 18:00,42.762,62.273283
2026-01-09 19:00,42.93,77.700956
2026-01-09 20:00,42.975,81.888463
2026-01-09 21:00,42.991,83.382754
2026-01-09 22:00,42.699,56.580583
2026-01-09 23:00,42.47,36.406912
2026-01-10 00:00,42.293,21.53832
2026-01-10 01:00,42.0,
2026-01-10 02:00,42.0,
2026-01-10 03:00,42.0,
2026-01-10 04:00,42.0,
2026-01-10 05:00,42.0,
2026-01-10 06:00,42.0,
2026-01-10 07:00,42.0,
2026-01-10 08:00,42.0,
2026-01-10 09:00,42.0,
2026-01-10 10:00,42.0,
2026-01-10 11:00,42.0,
2026-01-10 12:00,42.0,
2026-01-10 13:00,42.0,
2026-01-10 14:00,42.0,
2026-01-10 15:00,42.0,
2026-01-10 16:00,42.0,
2026-01-10 17:00,42.226,16.142236
2026-01-10 18:00,42.841,69.485236
2026-01-10 19:00,43.345,117.066549
2026-01-10 20:00,43.446,126.872025
2026-01-10 21:00,43.462,128.432307
2026-01-10 22:00,43.476,129.79937
2026-01-10 23:00,43.472,129.408781
2026-01-11 00:00,43.142,97.610553
2026-01-11 01:00,42.034,1.977824
2026-01-11 02:00,42.0,
2026-01-11 03:00,42.0,
2026-01-11 04:00,42.0,
2026-01-11 05:00,42.0,
2026-01-11 06:00,42.0,
2026-01-11 07:00,42.0,
2026-01-11 08:00,42.0,
2026-01-11 09:00,42.0,
2026-01-11 10:00,42.0,
2026-01-11 11:00,42.0,
2026-01-11 12:00,42.0,
2026-01-11 13:00,42.0,
2026-01-11 14:00,42.0,
2026-01-11 15:00,42.0,
2026-01-11 16:00,42.0,
2026-01-11 17:00,42.025,1.408111
2026-01-11 18:00,43.252,108.109707
2026-01-11 19:00,43.418,124.145655
2026-01-11 20:00,43.461,128.33466
2026-01-11 21:00,43.469,129.115839
2026-01-11 22:00,43.476,129.79937
2026-01-11 23:00,43.479,130.092312
2026-01-12 00:00,42.94,78.62909
2026-01-12 01:00,42.0,
2026-01-12 02:00,42.0,
2026-01-12 03:00,42.0,
2026-01-12 04:00,42.0,
2026-01-12 05:00,42.0,
2026-01-12 06:00,42.0,
2026-01-12 07:00,42.0,
2026-01-12 08:00,42.0,
2026-01-12 09:00,42.0,
2026-01-12 10:00,42.0,
2026-01-12 11:00,42.0,
2026-01-12 12:00,42.0,
2026-01-12 13:00,42.0,
2026-01-12 14:00,42.0,
2026-01-12 15:00,42.0,
2026-01-12 16:00,42.0,
2026-01-12 17:00,42.676,54.516549
2026-01-12 18:00,43.666,148.488511
2026-01-12 19:00,43.845,166.314015
2026-01-12 20:00,43.887,170.52517
2026-01-12 21:00,43.556,137.6378
2026-01-12 22:00,43.486,130.776722
2026-01-12 23:00,42.94,78.62909
2026-01-13 00:00,42.045,2.692997
2026-01-13 01:00,42.0,
2026-01-13 02:00,42.0,
2026-01-13 03:00,42.0,
2026-01-13 04:00,42.0,
2026-01-13 05:00,42.0,
2026-01-13 06:00,42.0,
2026-01-13 07:00,42.0,
2026-01-13 08:00,42.0,
2026-01-13 09:00,42.0,
2026-01-13 10:00,42.0,
2026-01-13 11:00,42.0,
2026-01-13 12:00,42.0,
2026-01-13 13:00,42.0,
2026-01-13 14:00,42.0,
2026-01-13 15:00,42.0,
2026-01-13 16:00,42.0,
2026-01-13 17:00,42.0,
2026-01-13 18:00,43.249,107.821985
2026-01-13 19:00,43.759,157.724466
2026-01-13 20:00,43.753,157.127144
2026-01-13 21:00,43.544,136.459126
2026-01-13 22:00,43.504,132.537589
2026-01-13 23:00,43.499,132.048041
2026-01-14 00:00,42.839,69.301694
2026-01-14 01:00,42.0,
2026-01-14 02:00,42.0,
2026-01-14 03:00,42.0,
2026-01-14 04:00,42.0,
2026-01-14 05:00,42.0,
2026-01-14 06:00,42.0,
2026-01-14 07:00,42.0,
2026-01-14 08:00,42.0,
2026-01-14 09:00,42.0,
2026-01-14 10:00,42.0,
2026-01-14 11:00,42.0,
2026-01-14 12:00,42.0,
2026-01-14 13:00,42.0,
2026-01-14 14:00,42.0,
2026-01-14 15:00,42.0,
2026-01-14 16:00,42.0,
2026-01-14 17:00,42.0,
2026-01-14 18:00,43.488,130.972309
2026-01-14 19:00,43.805,162.313305
2026-01-14 20:00,43.876,169.421168
2026-01-14 21:00,43.897,171.52924
2026-01-14 22:00,43.899,171.730053
2026-01-14 23:00,42.772,63.182188
2026-01-15 00:00,42.01,0.545802
2026-01-15 01:00,42.0,
2026-01-15 02:00,42.0,
2026-01-15 03:00,42.0,
2026-01-15 04:00,42.0,
2026-01-15 05:00,42.0,
2026-01-15 06:00,42.0,
2026-01-15 07:00,42.0,
2026-01-15 08:00,42.0,
2026-01-15 09:00,42.0,
2026-01-15 10:00,42.0,
2026-01-15 11:00,42.0,
2026-01-15 12:00,42.0,
2026-01-15 13:00,42.0,
2026-01-15 14:00,42.0,
2026-01-15 15:00,42.0,
2026-01-15 16:00,42.0,
2026-01-15 17:00,42.341,25.490633
2026-01-15 18:00,43.533,135.379664
2026-01-15 19:00,43.818,163.61235
2026-01-15 20:00,43.883,170.123543
2026-01-15 21:00,43.901,171.930985
2026-01-15 22:00,43.905,172.333081
2026-01-15 23:00,42.961,80.582993
2026-01-16 00:00,42.059,3.632014
2026-01-16 01:00,42.0,
2026-01-16 02:00,42.0,
2026-01-16 03:00,42.0,
2026-01-16 04:00,42.0,
2026-01-16 05:00,42.0,
2026-01-16 06:00,42.0,
2026-01-16 07:00,42.0,
2026-01-16 08:00,42.0,
2026-01-16 09:00,42.0,
2026-01-16 10:00,42.0,
2026-01-16 11:00,42.0,
2026-01-16 12:00,42.0,
2026-01-16 13:00,42.0,
2026-01-16 14:00,42.0,
2026-01-16 15:00,42.0,
2026-01-16 16:00,42.0,
2026-01-16 17:00,42.0,
2026-01-16 18:00,43.45,127.262021
2026-01-16 19:00,43.767,158.521774
2026-01-16 20:00,43.883,170.123543
2026-01-16 21:00,43.909,172.735178
2026-01-16 22:00,43.915,173.338323
2026-01-16 23:00,42.864,71.599708
2026-01-17 00:00,42.033,1.914523
2026-01-17 01:00,42.0,
2026-01-17 02:00,42.0,
2026-01-17 03:00,42.0,
2026-01-17 04:00,42.0,
2026-01-17 05:00,42.0,
2026-01-17 06:00,42.0,
2026-01-17 07:00,42.0,
2026-01-17 08:00,42.0,
2026-01-17 09:00,42.0,
2026-01-17 10:00,42.0,
2026-01-17 11:00,42.0,
2026-01-17 12:00,42.0,
2026-01-17 13:00,42.0,
2026-01-17 14:00,42.0,
2026-01-17 15:00,42.0,
2026-01-17 16:00,42.0,
2026-01-17 17:00,42.0,
2026-01-17 18:00,42.356,26.739837
2026-01-17 19:00,43.543,136.360903
2026-01-17 20:00,43.8,161.813673
2026-01-17 21:00,43.86,167.816551
2026-01-17 22:00,43.88,169.822322
2026-01-17 23:00,42.929,77.608142
2026-01-18 00:00,42.049,2.961287
2026-01-18 01:00,42.0,
2026-01-18 02:00,42.0,
2026-01-18 03:00,42.0,
2026-01-18 04:00,42.0,
2026-01-18 05:00,42.0,
2026-01-18 06:00,42.0,
2026-01-18 07:00,42.0,
2026-01-18 08:00,42.0,
2026-01-18 09:00,42.0,
2026-01-18 10:00,42.0,
2026-01-18 11:00,42.0,
2026-01-18 12:00,42.0,
2026-01-18 13:00,42.0,
2026-01-18 14:00,42.0,
2026-01-18 15:00,42.0,
2026-01-18 16:00,42.0,
2026-01-18 17:00,42.0,
2026-01-18 18:00,42.326,24.249013
2026-01-18 19:00,43.547,136.753794
2026-01-18 20:00,43.805,162.313305
2026-01-18 21:00,43.878,169.621745
2026-01-18 22:00,43.91,172.835702
2026-01-18 23:00,42.989,83.195836
2026-01-19 00:00,42.064,3.977668
2026-01-19 01:00,42.0,
2026-01-19 02:00,42.0,
2026-01-19 03:00,42.0,
2026-01-19 04:00,42.0,
2026-01-19 05:00,42.0,
2026-01-19 06:00,42.0,
2026-01-19 07:00,42.0,
2026-01-19 08:00,42.0,
2026-01-19 09:00,42.0,
2026-01-19 10:00,42.0,
2026-01-19 11:00,42.0,
2026-01-19 12:00,42.0,
2026-01-19 13:00,42.0,
2026-01-19 14:00,42.0,
2026-01-19 15:00,42.0,
2026-01-19 16:00,42.0,
2026-01-19 17:00,42.0,
2026-01-19 18:00,42.319,23.670415
2026-01-19 19:00,43.534,135.477745
2026-01-19 20:00,43.799,161.713869
2026-01-19 21:00,43.867,168.518571
2026-01-19 22:00,43.884,170.223949
2026-01-19 23:00,42.864,71.599708
2026-01-20 00:00,42.032,1.851221
2026-01-20 01:00,42.0,
2026-01-20 02:00,42.0,
2026-01-20 03:00,42.0,
2026-01-20 04:00,42.0,
2026-01-20 05:00,42.0,
2026-01-20 06:00,42.0,
2026-01-20 07:00,42.0,
2026-01-20 08:00,42.0,
2026-01-20 09:00,42.0,
2026-01-20 10:00,42.0,
2026-01-20 11:00,42.0,
2026-01-20 12:00,42.0,
2026-01-20 13:00,42.0,
2026-01-20 14:00,42.0,
2026-01-20 15:00,42.0,
2026-01-20 16:00,42.0,
2026-01-20 17:00,42.0,
2026-01-20 18:00,42.0,
2026-01-20 19:00,43.504,132.537589
2026-01-20 20:00,43.809,162.713011
2026-01-20 21:00,43.876,169.421168
2026-01-20 22:00,43.892,171.027205
2026-01-20 23:00,42.985,82.821999
2026-01-21 00:00,42.063,3.908022
2026-01-21 01:00,42.0,
2026-01-21 02:00,42.0,
2026-01-21 03:00,42.0,
2026-01-21 04:00,42.0,
2026-01-21 05:00,42.0,
2026-01-21 06:00,42.0,
2026-01-21 07:00,42.0,
2026-01-21 08:00,42.0,
2026-01-21 09:00,42.0,
2026-01-21 10:00,42.0,
2026-01-21 11:00,42.0,
2026-01-21 12:00,42.0,
2026-01-21 13:00,42.0,
2026-01-21 14:00,42.914,76.217281
2026-01-21 15:00,43.188,101.988219
2026-01-21 16:00,42.715,58.021521
2026-01-21 17:00,42.616,49.168495
2026-01-21 18:00,42.601,47.839905
2026-01-21 19:00,43.673,149.18178
2026-01-21 20:00,43.853,167.115368
2026-01-21 21:00,43.3,112.72336
2026-01-21 22:00,42.059,3.632014
2026-01-21 23:00,42.0,
2026-01-22 00:00,42.0,
2026-01-22 01:00,42.0,
2026-01-22 02:00,42.0,
2026-01-22 03:00,42.0,
2026-01-22 04:00,42.0,
2026-01-22 05:00,42.0,
2026-01-22 06:00,42.0,
2026-01-22 07:00,42.0,
2026-01-22 08:00,42.0,
2026-01-22 09:00,42.0,
2026-01-22 10:00,42.0,
2026-01-22 11:00,42.0,
2026-01-22 12:00,42.0,
2026-01-22 13:00,42.0,
2026-01-22 14:00,42.732,59.556155
2026-01-22 15:00,42.928,77.515329
2026-01-22 16:00,42.501,39.083163
2026-01-22 17:00,42.416,31.790653
2026-01-22 18:00,42.403,30.688843
2026-01-22 19:00,43.206,103.706222
2026-01-22 20:00,43.419,124.242852
2026-01-22 21:00,43.459,128.139513
2026-01-22 22:00,42.759,62.000877
2026-01-22 23:00,42.087,5.593355
2026-01-23 00:00,42.0,
2026-01-23 01:00,42.0,
2026-01-23 02:00,42.0,
2026-01-23 03:00,42.0,
2026-01-23 04:00,42.0,
2026-01-23 05:00,42.0,
2026-01-23 06:00,42.0,
2026-01-23 07:00,42.0,
2026-01-23 08:00,42.0,
2026-01-23 09:00,42.0,
2026-01-23 10:00,42.0,
2026-01-23 11:00,42.0,
2026-01-23 12:00,42.0,
2026-01-23 13:00,42.0,
2026-01-23 14:00,42.425,32.55569
2026-01-23 15:00,42.549,43.26506
2026-01-23 16:00,42.577,45.722688
2026-01-23 17:00,42.587,46.604136
2026-01-23 18:00,42.592,47.045365
2026-01-23 19:00,43.639,145.817384
2026-01-23 20:00,43.841,165.913339
2026-01-23 21:00,43.908,172.634654
2026-01-23 22:00,42.298,21.946126
2026-01-23 23:00,42.0,
2026-01-24 00:00,42.0,
2026-01-24 01:00,42.0,
2026-01-24 02:00,42.0,
2026-01-24 03:00,42.0,
2026-01-24 04:00,42.0,
2026-01-24 05:00,42.0,
2026-01-24 06:00,42.0,
2026-01-24 07:00,42.0,
2026-01-24 08:00,42.0,
2026-01-24 09:00,42.0,
2026-01-24 10:00,42.0,
2026-01-24 11:00,42.0,
2026-01-24 12:00,42.0,
2026-01-24 13:00,42.0,
2026-01-24 14:00,42.219,15.586601
2026-01-24 15:00,42.349,26.156875
2026-01-24 16:00,42.386,29.254576
2026-01-24 17:00,42.399,30.350293
2026-01-24 18:00,42.404,30.773597
2026-01-24 19:00,43.299,112.627117
2026-01-24 20:00,43.434,125.702936
2026-01-24 21:00,43.466,128.822896
2026-01-24 22:00,43.475,129.701723
2026-01-24 23:00,42.22,15.665293
2026-01-25 00:00,42.0,
2026-01-25 01:00,42.0,
2026-01-25 02:00,42.0,
2026-01-25 03:00,42.0,
2026-01-25 04:00,42.0,
2026-01-25 05:00,42.0,
2026-01-25 06:00,42.0,
2026-01-25 07:00,42.0,
2026-01-25 08:00,42.0,
2026-01-25 09:00,42.0,
2026-01-25 10:00,42.0,
2026-01-25 11:00,42.0,
2026-01-25 12:00,42.0,
2026-01-25 13:00,42.0,
2026-01-25 14:00,42.257,18.618997
2026-01-25 15:00,42.353,26.489996
2026-01-25 16:00,42.403,30.688843
2026-01-25 17:00,42.414,31.621144
2026-01-25 18:00,42.416,31.790653
2026-01-25 19:00,43.271,109.933809
2026-01-25 20:00,43.436,125.897634
2026-01-25 21:00,43.471,129.311133
2026-01-25 22:00,43.452,127.45702
2026-01-25 23:00,42.067,4.186604
2026-01-26 00:00,42.0,
2026-01-26 01:00,42.0,
2026-01-26 02:00,42.0,
2026-01-26 03:00,42.0,
2026-01-26 04:00,42.0,
2026-01-26 05:00,42.0,
2026-01-26 06:00,42.0,
2026-01-26 07:00,42.0,
2026-01-26 08:00,42.0,
2026-01-26 09:00,42.0,
2026-01-26 10:00,42.0,
2026-01-26 11:00,42.0,
2026-01-26 12:00,42.0,
2026-01-26 13:00,42.0,
2026-01-26 14:00,42.252,18.217851
2026-01-26 15:00,42.363,27.324343
2026-01-26 16:00,42.394,29.928863
2026-01-26 17:00,42.407,31.027861
2026-01-26 18:00,42.403,30.688843
2026-01-26 19:00,43.272,110.029886
2026-01-26 20:00,43.443,126.579528
2026-01-26 21:00,43.475,129.701723
2026-01-26 22:00,43.485,130.678928
2026-01-26 23:00,42.134,9.033818
2026-01-27 00:00,42.0,
2026-01-27 01:00,42.0,
2026-01-27 02:00,42.0,
2026-01-27 03:00,42.0,
2026-01-27 04:00,42.0,
2026-01-27 05:00,42.0,
2026-01-27 06:00,42.0,
2026-01-27 07:00,42.0,
2026-01-27 08:00,42.0,
2026-01-27 09:00,42.0,
2026-01-27 10:00,42.0,
2026-01-27 11:00,42.0,
2026-01-27 12:00,42.0,
2026-01-27 13:00,42.0,
2026-01-27 14:00,42.254,18.378309
2026-01-27 15:00,42.36,27.072958
2026-01-27 16:00,42.399,30.350293
2026-01-27 17:00,42.402,30.604088
2026-01-27 18:00,42.41,31.282125
2026-01-27 19:00,43.302,112.916175
2026-01-27 20:00,43.464,128.627602
2026-01-27 21:00,43.497,131.852453
2026-01-27 22:00,43.509,133.027281
2026-01-27 23:00,42.322,23.918059
2026-01-28 00:00,42.0,
2026-01-28 01:00,42.0,
2026-01-28 02:00,42.0,
2026-01-28 03:00,42.0,
2026-01-28 04:00,42.0,
2026-01-28 05:00,42.0,
2026-01-28 06:00,42.0,
2026-01-28 07:00,42.0,
2026-01-28 08:00,42.0,
2026-01-28 09:00,42.0,
2026-01-28 10:00,42.0,
2026-01-28 11:00,42.0,
2026-01-28 12:00,42.0,
2026-01-28 13:00,42.0,
2026-01-28 14:00,42.247,17.816705
2026-01-28 15:00,42.384,29.086005
2026-01-28 16:00,42.424,32.470486
2026-01-28 17:00,42.432,33.152115
2026-01-28 18:00,42.431,33.066911
2026-01-28 19:00,43.323,114.941218
2026-01-28 20:00,43.452,127.45702
2026-01-28 21:00,43.479,130.092312
2026-01-28 22:00,43.49,131.167897
2026-01-28 23:00,42.311,23.013082
2026-01-29 00:00,42.0,
2026-01-29 01:00,42.0,
2026-01-29 02:00,42.0,
2026-01-29 03:00,42.0,
2026-01-29 04:00,42.0,
2026-01-29 05:00,42.0,
2026-01-29 06:00,42.0,
2026-01-29 07:00,42.0,
2026-01-29 08:00,42.0,
2026-01-29 09:00,42.0,
2026-01-29 10:00,42.0,
2026-01-29 11:00,42.0,
2026-01-29 12:00,42.0,
2026-01-29 13:00,42.0,
2026-01-29 14:00,42.263,19.102436
2026-01-29 15:00,42.372,28.0785
2026-01-29 16:00,42.405,30.858352
2026-01-29 17:00,42.412,31.451635
2026-01-29 18:00,42.417,31.875408
2026-01-29 19:00,43.296,112.338388
2026-01-29 20:00,43.449,127.164522
2026-01-29 21:00,43.483,130.483341
2026-01-29 22:00,43.485,130.678928
2026-01-29 23:00,42.279,20.397109
2026-01-30 00:00,42.0,
2026-01-30 01:00,42.0,
2026-01-30 02:00,42.0,
2026-01-30 03:00,42.0,
2026-01-30 04:00,42.0,
2026-01-30 05:00,42.0,
2026-01-30 06:00,42.0,
2026-01-30 07:00,42.0,
2026-01-30 08:00,42.0,
2026-01-30 09:00,42.0,
2026-01-30 10:00,42.0,
2026-01-30 11:00,42.0,
2026-01-30 12:00,42.0,
2026-01-30 13:00,42.0,
2026-01-30 14:00,42.0,
2026-01-30 15:00,42.0,
2026-01-30 16:00,42.0,
2026-01-30 17:00,42.0,
2026-01-30 18:00,42.0,
2026-01-30 19:00,42.0,
2026-01-30 20:00,42.0,
2026-01-30 21:00,42.0,
2026-01-30 22:00,42.0,
2026-01-30 23:00,42.0,
2026-01-31 00:00,42.0,
2026-01-31 01:00,42.0,
2026-01-31 02:00,42.0,
2026-01-31 03:00,42.0,
2026-01-31 04:00,42.0,
2026-01-31 05:00,42.0,
2026-01-31 06:00,42.0,
2026-01-31 07:00,42.0,
2026-01-31 08:00,42.0,
2026-01-31 09:00,42.0,
2026-01-31 10:00,42.0,
2026-01-31 11:00,42.0,
2026-01-31 12:00,42.0,
2026-01-31 13:00,42.0,
2026-01-31 14:00,42.254,18.378309
2026-01-31 15:00,42.366,27.575729
2026-01-31 16:00,42.402,30.604088
2026-01-31 17:00,42.414,31.621144
2026-01-31 18:00,42.42,32.129672
2026-01-31 19:00,43.272,110.029886
2026-01-31 20:00,43.443,126.579528
2026-01-31 21:00,43.467,128.920544
2026-01-31 22:00,43.48,130.189959
2026-01-31 23:00,42.439,33.74854
2026-02-01 00:00,42.0,
2026-02-01 01:00,42.0,
2026-02-01 02:00,42.0,
2026-02-01 03:00,42.0,
2026-02-01 04:00,42.0,
2026-02-01 05:00,42.0,
2026-02-01 06:00,42.0,
2026-02-01 07:00,42.0,
2026-02-01 08:00,42.0,
2026-02-01 09:00,42.0,
2026-02-01 10:00,42.0,
2026-02-01 11:00,42.0,
2026-02-01 12:00,42.0,
2026-02-02 00:00,42.0,
2026-02-02 02:00,42.0,
2026-02-02 03:00,42.0,
2026-02-02 04:00,42.0,
2026-02-02 05:00,42.0,
2026-02-02 06:00,42.0,
2026-02-02 07:00,42.0,
2026-02-02 08:00,42.0,
2026-02-02 09:00,42.0,
2026-02-02 10:00,42.0,
2026-02-02 11:00,42.0,
2026-02-02 12:00,42.0,
2026-02-02 13:00,42.0,
2026-02-02 14:00,42.0,
2026-02-02 15:00,42.0,
2026-02-02 16:00,42.0,
2026-02-02 17:00,42.0,
2026-02-02 18:00,42.0,
2026-02-02 19:00,42.0,
2026-02-02 20:00,42.0,
2026-02-02 21:00,42.0,
2026-02-02 22:00,42.0,
2026-02-02 23:00,42.0,
2026-02-03 00:00,42.0,
2026-02-03 01:00,42.0,
2026-02-04 00:00,42.0,
2026-02-05 00:00,42.0,
2026-02-06 00:00,42.0,
2026-02-07 00:00,42.0,
2026-02-08 00:00,42.0,
2026-02-09 00:00,42.0,
2026-02-10 00:00,42.0,
2026-02-11 00:00,42.0,
2026-02-12 00:00,42.0,
2026-02-13 00:00,42.0,
2026-02-14 00:00,42.0,
2026-02-15 00:00,42.0,
2026-02-16 00:00,42.0,
2026-02-17 00:00,42.0,
2026-02-18 00:00,42.0,
2026-02-19 00:00,42.0,
2026-02-20 00:00,42.0,
2026-02-21 00:00,42.0,
2026-02-22 00:00,42.0,
2026-02-23 00:00,42.0,
2026-02-23 17:00,42.177,12.304391
2026-02-23 18:00,42.188,13.157578
2026-02-23 19:00,42.198,13.935807
2026-02-23 20:00,42.209,14.799681
2026-02-23 21:00,42.219,15.586601
2026-02-23 22:00,42.23,16.460197
2026-02-23 23:00,42.24,17.255101
2026-02-24 00:00,42.251,18.137622
2026-02-24 01:00,42.261,18.940601
2026-02-24 02:00,42.272,19.830689
2026-02-24 03:00,42.282,20.641148
2026-02-24 04:00,42.293,21.53832
2026-02-24 05:00,42.303,22.355748
2026-02-24 06:00,42.314,23.259582
2026-02-24 07:00,42.324,24.083536
2026-02-24 08:00,42.335,24.99366
2026-02-24 09:00,42.345,25.823754
2026-02-24 10:00,42.356,26.739837
2026-02-24 11:00,42.366,27.575729
2026-02-24 12:00,42.377,28.497476
2026-02-24 13:00,42.387,29.338862
2026-02-24 14:00,42.398,30.266007
2026-02-24 15:00,42.408,31.112616
2026-02-24 16:00,42.419,32.044917
2026-02-24 17:00,42.424,32.470486
2026-02-24 18:00,42.426,32.640894
2026-02-24 19:00,43.363,118.808155
2026-02-24 20:00,43.486,130.776722
2026-02-24 21:00,43.513,133.419035
2026-02-24 22:00,43.517,133.810789
2026-02-24 23:00,42.2,14.091453
2026-02-25 00:00,42.0,
2026-02-25 01:00,42.0,
2026-02-25 02:00,42.0,
2026-02-25 03:00,42.0,
2026-02-25 04:00,42.0,
2026-02-25 05:00,42.0,
2026-02-25 06:00,42.0,
2026-02-25 07:00,42.0,
2026-02-25 08:00,42.0,
2026-02-25 09:00,42.0,
2026-02-25 10:00,42.0,
2026-02-25 11:00,42.0,
2026-02-25 12:00,42.0,
2026-02-25 13:00,42.0,
2026-02-25 14:00,42.288,21.130515
2026-02-25 15:00,42.396,30.097435
2026-02-25 16:00,42.429,32.896504
2026-02-25 17:00,42.439,33.74854
2026-02-25 18:00,42.441,33.919378
2026-02-25 19:00,43.33,115.617205
2026-02-25 20:00,43.471,129.311133
2026-02-25 21:00,43.506,132.733466
2026-02-25 22:00,43.128,96.282421
2026-02-25 23:00,42.585,46.427645
2026-02-26 00:00,42.0,
2026-02-26 01:00,42.0,
2026-02-26 02:00,42.0,
2026-02-26 03:00,42.0,
2026-02-26 04:00,42.0,
2026-02-26 05:00,42.0,
2026-02-26 06:00,42.0,
2026-02-26 07:00,42.0,
2026-02-26 08:00,42.0,
2026-02-26 09:00,42.0,
2026-02-26 10:00,42.0,
2026-02-26 11:00,42.0,
2026-02-26 12:00,42.0,
2026-02-26 13:00,42.0,
2026-02-26 14:00,42.295,21.701442
2026-02-26 15:00,42.389,29.507434
2026-02-26 16:00,42.421,32.214876
2026-02-26 17:00,42.428,32.811301
2026-02-26 18:00,42.433,33.237319
2026-02-26 19:00,43.265,109.35735
2026-02-26 20:00,43.461,128.33466
2026-02-26 21:00,43.499,132.048041
2026-02-26 22:00,43.201,103.228411
2026-02-26 23:00,42.642,51.478986
2026-02-27 00:00,42.0,
2026-02-27 01:00,42.0,
2026-02-27 02:00,42.0,
2026-02-27 03:00,42.0,
2026-02-27 04:00,42.0,
2026-02-27 05:00,42.0,
2026-02-27 06:00,42.0,
2026-02-27 07:00,42.0,
2026-02-27 08:00,42.0,
2026-02-27 09:00,42.0,
2026-02-27 10:00,42.0,
2026-02-27 11:00,42.0,
2026-02-27 12:00,42.0,
2026-02-27 13:00,42.0,
2026-02-27 14:00,42.291,21.375198
2026-02-27 15:00,42.397,30.181721
2026-02-27 16:00,42.428,32.811301
2026-02-27 17:00,42.438,33.663336
2026-02-27 18:00,42.437,33.578133
2026-02-27 19:00,43.288,111.568443
2026-02-27 20:00,43.48,130.189959
2026-02-27 21:00,43.517,133.810789
2026-02-27 22:00,43.209,103.992909
2026-02-27 23:00,42.64,51.300589
2026-02-28 00:00,42.0,
2026-02-28 01:00,42.0,
2026-02-28 02:00,42.0,
2026-02-28 03:00,42.0,
2026-02-28 04:00,42.0,
2026-02-28 05:00,42.0,
2026-02-28 06:00,42.0,
2026-02-28 07:00,42.0,
2026-02-28 08:00,42.0,
2026-02-28 09:00,42.0,
2026-02-28 10:00,42.0,
2026-02-28 11:00,42.0,
2026-02-28 12:00,42.0,
2026-02-28 13:00,42.039,2.294332
2026-02-28 14:00,42.308,22.766582
2026-02-28 15:00,42.403,30.688843
2026-02-28 16:00,42.43,32.981708
2026-02-28 17:00,42.436,33.492929
2026-02-28 18:00,42.436,33.492929
2026-02-28 19:00,43.356,118.130574
2026-02-28 20:00,43.493,131.461278
2026-02-28 21:00,43.518,133.908727
2026-02-28 22:00,43.526,134.693093
2026-02-28 23:00,42.185,12.92411
2026-03-01 00:00,42.0,
2026-03-01 01:00,42.0,
2026-03-01 02:00,42.0,
2026-03-01 03:00,42.0,
2026-03-01 04:00,42.0,
2026-03-01 05:00,42.0,
2026-03-01 06:00,42.0,
2026-03-01 07:00,42.0,
2026-03-01 08:00,42.0,
2026-03-01 09:00,42.0,
2026-03-01 10:00,42.0,
2026-03-01 11:00,42.0,
2026-03-01 12:00,42.0,
2026-03-01 13:00,42.003,0.16374
2026-03-01 14:00,42.3,22.109248
2026-03-01 15:00,42.395,30.013149
2026-03-01 16:00,42.42,32.129672
2026-03-01 17:00,42.431,33.066911
2026-03-01 18:00,42.455,35.118258
2026-03-01 19:00,43.371,119.583254
2026-03-01 20:00,43.486,130.776722
2026-03-01 21:00,43.513,133.419035
2026-03-01 22:00,43.514,133.516973
2026-03-01 23:00,42.108,7.110373
2026-03-02 00:00,42.0,
2026-03-02 01:00,42.0,
2026-03-02 02:00,42.0,
2026-03-02 03:00,42.0,
2026-03-02 04:00,42.0,
2026-03-02 05:00,42.0,
2026-03-02 06:00,42.0,
2026-03-02 07:00,42.0,
2026-03-02 08:00,42.0,
2026-03-02 09:00,42.0,
2026-03-02 10:00,42.0,
2026-03-02 11:00,42.0,
2026-03-02 12:00,42.0,
2026-03-02 13:00,42.0,
2026-03-02 14:00,42.29,21.293637
2026-03-02 15:00,42.396,30.097435
2026-03-02 16:00,42.428,32.811301
2026-03-02 17:00,42.438,33.663336
2026-03-02 18:00,42.435,33.407726
2026-03-02 19:00,43.357,118.227304
2026-03-02 20:00,43.502,132.341712
2026-03-02 21:00,43.533,135.379664
2026-03-02 22:00,43.536,135.673908
2026-03-02 23:00,42.127,8.511534
2026-03-03 00:00,42.0,
2026-03-03 01:00,42.0,
2026-03-03 02:00,42.0,
2026-03-03 03:00,42.0,
2026-03-03 04:00,42.0,
2026-03-03 05:00,42.0,
2026-03-03 06:00,42.0,
2026-03-03 07:00,42.0,
2026-03-03 08:00,42.0,
2026-03-03 09:00,42.0,
2026-03-03 10:00,42.0,
2026-03-03 11:00,42.0,
2026-03-03 12:00,42.0,
2026-03-03 13:00,42.0,
2026-03-03 14:00,42.28,20.478026
2026-03-03 15:00,42.391,29.676006
2026-03-03 16:00,42.428,32.811301
2026-03-03 17:00,42.434,33.322522
2026-03-03 18:00,42.431,33.066911
2026-03-03 19:00,43.352,117.743656
2026-03-03 20:00,43.496,131.75466
2026-03-03 21:00,43.52,134.104604
2026-03-03 22:00,43.526,134.693093
2026-03-03 23:00,42.281,20.559587
2026-03-04 00:00,42.0,
2026-03-04 01:00,42.0,
2026-03-04 02:00,42.0,
2026-03-04 03:00,42.0,
2026-03-04 04:00,42.0,
2026-03-04 05:00,42.0,
2026-03-04 06:00,42.0,
2026-03-04 07:00,42.0,
2026-03-04 08:00,42.0,
2026-03-04 09:00,42.0,
2026-03-04 10:00,42.0,
2026-03-04 11:00,42.0,
2026-03-04 12:00,42.0,
2026-03-04 13:00,42.0,
2026-03-04 14:00,42.257,18.618997
2026-03-04 15:00,42.383,29.001719
2026-03-04 16:00,42.417,31.875408
2026-03-04 17:00,42.429,32.896504
2026-03-04 18:00,42.429,32.896504
2026-03-04 19:00,43.338,116.389762
2026-03-04 20:00,43.503,132.43965
2026-03-04 21:00,43.54,136.066234
2026-03-04 22:00,43.509,133.027281
2026-03-04 23:00,42.099,6.452832
2026-03-05 00:00,42.0,
2026-03-05 01:00,42.0,
2026-03-05 02:00,42.0,
2026-03-05 03:00,42.0,
2026-03-05 04:00,42.0,
2026-03-05 05:00,42.0,
2026-03-05 06:00,42.0,
2026-03-05 07:00,42.0,
2026-03-05 08:00,42.0,
2026-03-05 09:00,42.0,
2026-03-05 10:00,42.0,
2026-03-05 11:00,42.0,
2026-03-05 12:00,42.0,
2026-03-05 13:00,42.0,
2026-03-05 14:00,42.271,19.749772
2026-03-05 15:00,42.399,30.350293
2026-03-05 16:00,42.431,33.066911
2026-03-05 17:00,42.443,34.090646
2026-03-05 18:00,42.444,34.176281
2026-03-05 19:00,43.318,114.458695
2026-03-05 20:00,43.481,130.287753
2026-03-05 21:00,43.51,133.12522
2026-03-05 22:00,43.516,133.71285
2026-03-05 23:00,42.285,20.885832
2026-03-06 00:00,42.0,
2026-03-06 01:00,42.0,
2026-03-06 02:00,42.0,
2026-03-06 03:00,42.0,
2026-03-06 04:00,42.0,
2026-03-06 05:00,42.0,
2026-03-06 06:00,42.0,
2026-03-06 07:00,42.0,
2026-03-06 08:00,42.0,
2026-03-06 09:00,42.0,
2026-03-06 10:00,42.0,
2026-03-06 11:00,42.0,
2026-03-06 12:00,42.0,
2026-03-06 13:00,42.0,
2026-03-06 14:00,42.274,19.992524
2026-03-06 15:00,42.386,29.254576
2026-03-06 16:00,42.421,32.214876
2026-03-06 17:00,42.422,32.300079
2026-03-06 18:00,42.43,32.981708
2026-03-06 19:00,43.343,116.87309
2026-03-06 20:00,43.485,130.678928
2026-03-06 21:00,43.51,133.12522
2026-03-06 22:00,43.496,131.75466
2026-03-06 23:00,42.098,6.381209
2026-03-07 00:00,42.0,
2026-03-07 01:00,42.0,
2026-03-07 02:00,42.0,
2026-03-07 03:00,42.0,
2026-03-07 04:00,42.0,
2026-03-07 05:00,42.0,
2026-03-07 06:00,42.0,
2026-03-07 07:00,42.0,
2026-03-07 08:00,42.0,
2026-03-07 09:00,42.0,
2026-03-07 10:00,42.0,
2026-03-07 11:00,42.0,
2026-03-07 12:00,42.0,
2026-03-07 13:00,42.0,
2026-03-07 14:00,42.284,20.804271
2026-03-07 15:00,42.392,29.760292
2026-03-07 16:00,42.428,32.811301
2026-03-07 17:00,42.446,34.347549
2026-03-07 18:00,42.458,35.37516
2026-03-07 19:00,43.355,118.033845
2026-03-07 20:00,43.483,130.483341
2026-03-07 21:00,43.511,133.223158
2026-03-07 22:00,43.376,120.067691
2026-03-07 23:00,42.057,3.497868
2026-03-08 00:00,42.0,
2026-03-08 01:00,42.0,
2026-03-08 02:00,42.0,
2026-03-08 03:00,42.0,
2026-03-08 04:00,42.0,
2026-03-08 05:00,42.0,
2026-03-08 06:00,42.0,
2026-03-08 07:00,42.0,
2026-03-08 08:00,42.0,
2026-03-08 09:00,42.0,
2026-03-08 10:00,42.0,
2026-03-08 11:00,42.0,
2026-03-08 12:00,42.0,
2026-03-08 13:00,42.0,
2026-03-08 14:00,42.279,20.397109
2026-03-08 15:00,42.384,29.086005
2026-03-08 16:00,42.407,31.027861
2026-03-08 17:00,42.414,31.621144
2026-03-08 18:00,42.421,32.214876
2026-03-08 19:00,43.361,118.61438
2026-03-08 20:00,43.479,130.092312
2026-03-08 21:00,43.509,133.027281
2026-03-08 22:00,43.476,129.79937
2026-03-08 23:00,42.082,5.235239
2026-03-09 00:00,42.0,
2026-03-09 01:00,42.0,
2026-03-09 02:00,42.0,
2026-03-09 03:00,42.0,
2026-03-09 04:00,42.0,
2026-03-09 05:00,42.0,
2026-03-09 06:00,42.0,
2026-03-09 07:00,42.0,
2026-03-09 08:00,42.0,
2026-03-09 09:00,42.0,
2026-03-09 10:00,42.0,
2026-03-09 11:00,42.0,
2026-03-09 12:00,42.0,
2026-03-09 13:00,42.0,
2026-03-09 14:00,42.291,21.375198
2026-03-09 15:00,42.388,29.423148
2026-03-09 16:00,42.422,32.300079
2026-03-09 17:00,42.423,32.385283
2026-03-09 18:00,42.427,32.726097
2026-03-09 19:00,43.327,115.327497
2026-03-09 20:00,43.482,130.385547
2026-03-09 21:00,43.509,133.027281
2026-03-09 22:00,43.52,134.104604
2026-03-09 23:00,42.135,9.10843
2026-03-10 00:00,42.0,
2026-03-10 01:00,42.0,
2026-03-10 02:00,42.0,
2026-03-10 03:00,42.0,
2026-03-10 04:00,42.0,
2026-03-10 05:00,42.0,
2026-03-10 06:00,42.0,
2026-03-10 07:00,42.0,
2026-03-10 08:00,42.0,
2026-03-10 09:00,42.0,
2026-03-10 10:00,42.0,
2026-03-10 11:00,42.0,
2026-03-10 12:00,42.0,
2026-03-10 13:00,42.0,
2026-03-10 14:00,42.302,22.273581
2026-03-10 15:00,42.393,29.844577
2026-03-10 16:00,42.421,32.214876
2026-03-10 17:00,42.428,32.811301
2026-03-10 18:00,42.438,33.663336
2026-03-10 19:00,43.33,115.617205
2026-03-10 20:00,43.483,130.483341
2026-03-10 21:00,43.516,133.71285
2026-03-10 22:00,43.52,134.104604
2026-03-10 23:00,42.147,10.01214
2026-03-11 00:00,42.0,
2026-03-11 01:00,42.0,
2026-03-11 02:00,42.0,
2026-03-11 03:00,42.0,
2026-03-11 04:00,42.0,
2026-03-11 05:00,42.0,
2026-03-11 06:00,42.0,
2026-03-11 07:00,42.0,
2026-03-11 08:00,42.0,
2026-03-11 09:00,42.0,
2026-03-11 10:00,42.0,
2026-03-11 11:00,42.0,
2026-03-11 12:00,42.0,
2026-03-11 13:00,42.0,
2026-03-11 14:00,42.28,20.478026
2026-03-11 15:00,42.387,29.338862
2026-03-11 16:00,42.417,31.875408
2026-03-11 17:00,42.429,32.896504
2026-03-11 18:00,42.432,33.152115
2026-03-11 19:00,43.32,114.65151
2026-03-11 20:00,43.481,130.287753
2026-03-11 21:00,43.518,133.908727
2026-03-11 22:00,43.525,134.595012
2026-03-11 23:00,42.163,11.228239
2026-03-12 00:00,42.0,
2026-03-12 01:00,42.0,
2026-03-12 02:00,42.0,
2026-03-12 03:00,42.0,
2026-03-12 04:00,42.0,
2026-03-12 05:00,42.0,
2026-03-12 06:00,42.0,
2026-03-12 07:00,42.0,
2026-03-12 08:00,42.0,
2026-03-12 09:00,42.0,
2026-03-12 10:00,42.0,
2026-03-12 11:00,42.0,
2026-03-12 12:00,42.0,
2026-03-12 13:00,42.0,
2026-03-12 14:00,42.287,21.048954
2026-03-12 15:00,42.277,20.235275
2026-03-12 16:00,42.411,31.36688
2026-03-12 17:00,42.421,32.214876
2026-03-12 18:00,42.431,33.066911
2026-03-12 19:00,43.262,109.069121
2026-03-12 20:00,43.469,129.115839
2026-03-12 21:00,43.511,133.223158
2026-03-12 22:00,43.515,133.614912
2026-03-12 23:00,42.575,45.54687
2026-03-13 00:00,42.0,
2026-03-13 01:00,42.0,
2026-03-13 02:00,42.0,
2026-03-13 03:00,42.0,
2026-03-13 04:00,42.0,
2026-03-13 05:00,42.0,
2026-03-13 06:00,42.0,
2026-03-13 07:00,42.0,
2026-03-13 08:00,42.0,
2026-03-13 09:00,42.0,
2026-03-13 10:00,42.0,
2026-03-13 11:00,42.0,
2026-03-13 12:00,42.0,
2026-03-13 13:00,42.0,
2026-03-13 14:00,42.284,20.804271
2026-03-13 15:00,42.386,29.254576
2026-03-13 16:00,42.423,32.385283
2026-03-13 17:00,42.433,33.237319
2026-03-13 18:00,42.434,33.322522
2026-03-13 19:00,43.302,112.916175
2026-03-13 20:00,43.481,130.287753
2026-03-13 21:00,43.516,133.71285
2026-03-13 22:00,42.691,55.862251
2026-03-13 23:00,42.487,37.872522
2026-03-14 00:00,42.443,34.090646
2026-03-14 01:00,42.437,33.578133
2026-03-14 02:00,42.434,33.322522
2026-03-14 03:00,42.435,33.407726
2026-03-14 04:00,42.432,33.152115
2026-03-14 05:00,42.432,33.152115
2026-03-14 06:00,42.433,33.237319
2026-03-14 07:00,42.0,
2026-03-14 08:00,42.0,
2026-03-14 09:00,42.0,
2026-03-14 10:00,42.0,
2026-03-14 11:00,42.0,
2026-03-14 12:00,42.0,
2026-03-14 13:00,42.0,
2026-03-14 14:00,42.289,21.212076
2026-03-14 15:00,42.393,29.844577
2026-03-14 16:00,42.422,32.300079
2026-03-14 17:00,42.433,33.237319
2026-03-14 18:00,42.45,34.690086
2026-03-14 19:00,42.951,79.65245
2026-03-14 20:00,43.02,86.097221
2026-03-14 21:00,43.033,87.317538
2026-03-14 22:00,42.727,59.104384
2026-03-14 23:00,42.487,37.872522
2026-03-15 00:00,42.447,34.433184
2026-03-15 01:00,42.433,33.237319
2026-03-15 02:00,42.441,33.919378
2026-03-15 03:00,42.439,33.74854
2026-03-15 04:00,42.441,33.919378
2026-03-15 05:00,42.441,33.919378
2026-03-15 06:00,42.439,33.74854
2026-03-15 07:00,42.0,
2026-03-15 08:00,42.0,
2026-03-15 09:00,42.0,
2026-03-15 10:00,42.0,
2026-03-15 11:00,42.0,
2026-03-15 12:00,42.0,
2026-03-15 13:00,42.0,
2026-03-15 14:00,42.284,20.804271
2026-03-15 15:00,42.393,29.844577
2026-03-15 16:00,42.425,32.55569
2026-03-15 17:00,42.434,33.322522
2026-03-15 18:00,42.441,33.919378
2026-03-15 19:00,43.339,116.486332
2026-03-15 20:00,43.499,132.048041
2026-03-15 21:00,43.175,100.749099
2026-03-15 22:00,42.646,51.835781
2026-03-15 23:00,42.02,1.091603
2026-03-16 00:00,42.0,
2026-03-16 01:00,42.0,
2026-03-16 02:00,42.0,
2026-03-16 03:00,42.0,
2026-03-16 04:00,42.0,
2026-03-16 05:00,42.0,
2026-03-16 06:00,42.0,
2026-03-16 07:00,42.0,
2026-03-16 08:00,42.0,
2026-03-16 09:00,42.297,21.864565
2026-03-16 10:00,42.402,30.604088
2026-03-16 11:00,42.428,32.811301
2026-03-16 12:00,42.448,34.518818
2026-03-16 13:00,42.44,33.833744
2026-03-16 14:00,42.437,33.578133
2026-03-16 15:00,42.435,33.407726
2026-03-16 16:00,42.435,33.407726
2026-03-16 17:00,42.433,33.237319
2026-03-16 18:00,42.438,33.663336
2026-03-16 19:00,43.353,117.840385
2026-03-16 20:00,43.511,133.223158
2026-03-16 21:00,43.277,110.510268
2026-03-16 22:00,42.664,53.44256
2026-03-16 23:00,42.515,40.298801
2026-03-17 00:00,42.0,
2026-03-17 01:00,42.0,
2026-03-17 02:00,42.0,
2026-03-17 03:00,42.0,
2026-03-17 04:00,42.0,
2026-03-17 05:00,42.0,
2026-03-17 06:00,42.0,
2026-03-17 07:00,42.0,
2026-03-17 08:00,42.0,
2026-03-17 09:00,42.304,22.437915
2026-03-17 10:00,42.409,31.197371
2026-03-17 11:00,42.45,34.690086
2026-03-17 12:00,42.462,35.718526
2026-03-17 13:00,42.461,35.632477
2026-03-17 14:00,42.461,35.632477
2026-03-17 15:00,42.461,35.632477
2026-03-17 16:00,42.466,36.062719
2026-03-17 17:00,42.47,36.406912
2026-03-17 18:00,42.466,36.062719
2026-03-17 19:00,43.368,119.292592
2026-03-17 20:00,43.511,133.223158
2026-03-17 21:00,43.141,97.515528
2026-03-17 22:00,42.61,48.637059
2026-03-17 23:00,42.181,12.612818
2026-03-18 00:00,42.0,
2026-03-18 01:00,42.0,
2026-03-18 02:00,42.0,
2026-03-18 03:00,42.0,
2026-03-18 04:00,42.0,
2026-03-18 05:00,42.0,
2026-03-18 06:00,42.0,
2026-03-18 07:00,42.0,
2026-03-18 08:00,42.025,1.408111
2026-03-18 09:00,42.31,22.930915
2026-03-18 10:00,42.409,31.197371
2026-03-18 11:00,42.429,32.896504
2026-03-18 12:00,42.435,33.407726
2026-03-18 13:00,42.431,33.066911
2026-03-18 14:00,42.438,33.663336
2026-03-18 15:00,42.44,33.833744
2026-03-18 16:00,42.438,33.663336
2026-03-18 17:00,42.442,34.005012
2026-03-18 18:00,42.436,33.492929
2026-03-18 19:00,43.357,118.227304
2026-03-18 20:00,43.493,131.461278
2026-03-18 21:00,43.516,133.71285
2026-03-18 22:00,42.658,52.906166
2026-03-18 23:00,42.0,
2026-03-19 00:00,42.0,
2026-03-19 01:00,42.0,
2026-03-19 02:00,42.0,
2026-03-19 03:00,42.0,
2026-03-19 04:00,42.0,
2026-03-19 05:00,42.0,
2026-03-19 06:00,42.0,
2026-03-19 07:00,42.0,
2026-03-19 08:00,42.0,
2026-03-19 09:00,42.279,20.397109
2026-03-19 10:00,42.397,30.181721
2026-03-19 11:00,42.431,33.066911
2026-03-19 12:00,42.438,33.663336
2026-03-19 13:00,42.437,33.578133
2026-03-19 14:00,42.435,33.407726
2026-03-19 15:00,42.44,33.833744
2026-03-19 16:00,42.443,34.090646
2026-03-19 17:00,42.44,33.833744
2026-03-19 18:00,42.439,33.74854
2026-03-19 19:00,43.354,117.937115
2026-03-19 20:00,43.496,131.75466
2026-03-19 21:00,43.522,134.300767
2026-03-19 22:00,42.578,45.810597
2026-03-19 23:00,42.0,
2026-03-20 00:00,42.0,
2026-03-20 01:00,42.0,
2026-03-20 02:00,42.0,
2026-03-20 03:00,42.0,
2026-03-20 04:00,42.0,
2026-03-20 05:00,42.0,
2026-03-20 06:00,42.0,
2026-03-20 07:00,42.176,12.227523
2026-03-20 08:00,42.865,71.691837
2026-03-20 09:00,42.573,45.371053
2026-03-20 10:00,42.476,36.923201
2026-03-20 11:00,42.199,14.01363
2026-03-20 12:00,42.0,
2026-03-20 13:00,42.0,
2026-03-20 14:00,42.0,
2026-03-20 15:00,42.0,
2026-03-20 16:00,42.0,
2026-03-20 17:00,42.0,
2026-03-20 18:00,42.0,
2026-03-20 19:00,43.069,90.704465
2026-03-20 20:00,43.379,120.358354
2026-03-20 21:00,43.45,127.262021
2026-03-20 22:00,43.46,128.237012
2026-03-20 23:00,43.467,128.920544
2026-03-21 00:00,42.795,65.276551
2026-03-21 01:00,42.0,
2026-03-21 02:00,42.0,
2026-03-21 03:00,42.0,
2026-03-21 04:00,42.0,
2026-03-21 05:00,42.0,
2026-03-21 06:00,42.0,
2026-03-21 07:00,42.0,
2026-03-21 08:00,42.0,
2026-03-21 09:00,42.331,24.662706
2026-03-21 10:00,42.411,31.36688
2026-03-21 11:00,42.431,33.066911
2026-03-21 12:00,42.438,33.663336
2026-03-21 13:00,42.432,33.152115
2026-03-21 14:00,42.433,33.237319
2026-03-21 15:00,42.434,33.322522
2026-03-21 16:00,42.44,33.833744
2026-03-21 17:00,42.434,33.322522
2026-03-21 18:00,42.434,33.322522
2026-03-21 19:00,43.039,87.880762
2026-03-21 20:00,43.444,126.677027
2026-03-21 21:00,43.506,132.733466
2026-03-21 22:00,43.526,134.693093
2026-03-21 23:00,42.174,12.073787
2026-03-22 00:00,42.0,
2026-03-22 01:00,42.0,
2026-03-22 02:00,42.0,
2026-03-22 03:00,42.0,
2026-03-22 04:00,42.0,
2026-03-22 05:00,42.0,
2026-03-22 06:00,42.0,
2026-03-22 07:00,42.0,
2026-03-22 08:00,42.0,
2026-03-22 09:00,42.291,21.375198
2026-03-22 10:00,42.403,30.688843
2026-03-22 11:00,42.433,33.237319
2026-03-22 12:00,42.435,33.407726
2026-03-22 13:00,42.44,33.833744
2026-03-22 14:00,42.44,33.833744
2026-03-22 15:00,42.44,33.833744
2026-03-22 16:00,42.441,33.919378
2026-03-22 17:00,42.444,34.176281
2026-03-22 18:00,42.44,33.833744
2026-03-22 19:00,43.205,103.61066
2026-03-22 20:00,43.468,129.018191
2026-03-22 21:00,43.516,133.71285
2026-03-22 22:00,43.526,134.693093
2026-03-22 23:00,42.423,32.385283
2026-03-23 00:00,42.0,
2026-03-23 01:00,42.0,
2026-03-23 02:00,42.0,
2026-03-23 03:00,42.0,
2026-03-23 04:00,42.0,
2026-03-23 05:00,42.0,
2026-03-23 06:00,42.0,
2026-03-23 07:00,42.0,
2026-03-23 08:00,42.0,
2026-03-23 09:00,42.0,
2026-03-23 10:00,42.0,
2026-03-23 11:00,42.0,
2026-03-23 12:00,42.0,
2026-03-23 13:00,42.0,
2026-03-23 14:00,42.295,21.701442
2026-03-23 15:00,42.4,30.434579
2026-03-23 16:00,42.43,32.981708
2026-03-23 17:00,42.441,33.919378
2026-03-23 18:00,42.446,34.347549
2026-03-23 19:00,43.319,114.555102
2026-03-23 20:00,43.487,130.874516
2026-03-23 21:00,43.523,134.398849
2026-03-23 22:00,43.532,135.281582
2026-03-23 23:00,42.126,8.436922
2026-03-24 00:00,42.0,
2026-03-24 01:00,42.0,
2026-03-24 02:00,42.0,
2026-03-24 03:00,42.0,
2026-03-24 04:00,42.0,
2026-03-24 05:00,42.0,
2026-03-24 06:00,42.0,
2026-03-24 07:00,42.0,
2026-03-24 08:00,42.0,
2026-03-24 09:00,42.0,
2026-03-24 10:00,42.0,
2026-03-24 11:00,42.0,
2026-03-24 12:00,42.0,
2026-03-24 13:00,42.0,
2026-03-24 14:00,42.298,21.946126
2026-03-24 15:00,42.404,30.773597
2026-03-24 16:00,42.424,32.470486
2026-03-24 17:00,42.434,33.322522
2026-03-24 18:00,42.438,33.663336
2026-03-24 19:00,43.356,118.130574
2026-03-24 20:00,43.499,132.048041
2026-03-24 21:00,43.526,134.693093
2026-03-24 22:00,43.531,135.183501
2026-03-24 23:00,42.248,17.896934
2026-03-25 00:00,42.0,
2026-03-25 01:00,42.0,
2026-03-25 02:00,42.0,
2026-03-25 03:00,42.0,
2026-03-25 04:00,42.0,
2026-03-25 05:00,42.0,
2026-03-25 06:00,42.0,
2026-03-25 07:00,42.0,
2026-03-25 08:00,42.0,
2026-03-25 09:00,42.0,
2026-03-25 10:00,42.0,
2026-03-25 11:00,42.0,
2026-03-25 12:00,42.0,
2026-03-25 13:00,42.0,
2026-03-25 14:00,42.299,22.027687
2026-03-25 15:00,42.413,31.536389
2026-03-25 16:00,42.434,33.322522
2026-03-25 17:00,42.444,34.176281
2026-03-25 18:00,42.446,34.347549
2026-03-25 19:00,43.329,115.520636
2026-03-25 20:00,43.495,131.656866
2026-03-25 21:00,43.531,135.183501
2026-03-25 22:00,43.538,135.870071
2026-03-25 23:00,43.536,135.673908
2026-03-26 00:00,42.267,19.426104
2026-03-26 01:00,42.0,
2026-03-26 02:00,42.0,
2026-03-26 03:00,42.0,
2026-03-26 04:00,42.0,
2026-03-26 05:00,42.0,
2026-03-26 06:00,42.0,
2026-03-26 07:00,42.0,
2026-03-26 08:00,42.0,
2026-03-26 09:00,42.0,
2026-03-26 10:00,42.0,
2026-03-26 11:00,42.0,
2026-03-26 12:00,42.0,
2026-03-26 13:00,42.0,
2026-03-26 14:00,42.268,19.507021
2026-03-26 15:00,42.388,29.423148
2026-03-26 16:00,42.415,31.705899
2026-03-26 17:00,42.426,32.640894
2026-03-26 18:00,42.43,32.981708
2026-03-26 19:00,43.099,93.536189
2026-03-26 20:00,43.462,128.432307
2026-03-26 21:00,43.51,133.12522
2026-03-26 22:00,43.528,134.889256
2026-03-26 23:00,43.532,135.281582
2026-03-27 00:00,42.683,55.143919
2026-03-27 01:00,42.0,
2026-03-27 02:00,42.0,
2026-03-27 03:00,42.0,
2026-03-27 04:00,42.0,
2026-03-27 05:00,42.0,
2026-03-27 06:00,42.0,
2026-03-27 07:00,42.0,
2026-03-27 08:00,42.0,
2026-03-27 09:00,42.0,
2026-03-27 10:00,42.0,
2026-03-27 11:00,42.0,
2026-03-27 12:00,42.0,
2026-03-27 13:00,42.0,
2026-03-27 14:00,42.816,67.194736
2026-03-27 15:00,42.981,82.448162
2026-03-27 16:00,43.019,86.003554
2026-03-27 17:00,43.028,86.848185
2026-03-27 18:00,43.424,124.729445
2026-03-27 19:00,43.524,134.49693
2026-03-27 20:00,43.54,136.066234
2026-03-27 21:00,43.549,136.95024
2026-03-27 22:00,43.544,136.459126
2026-03-27 23:00,43.546,136.655571
2026-03-28 00:00,42.27,19.668855
2026-03-28 01:00,42.0,
2026-03-28 02:00,42.0,
2026-03-28 03:00,42.0,
2026-03-28 04:00,42.0,
2026-03-28 05:00,42.0,
2026-03-28 06:00,42.0,
2026-03-28 07:00,42.0,
2026-03-28 08:00,42.0,
2026-03-28 09:00,42.0,
2026-03-28 10:00,42.0,
2026-03-28 11:00,42.0,
2026-03-28 12:00,42.0,
2026-03-28 13:00,42.0,
2026-03-28 14:00,42.705,57.120756
2026-03-28 15:00,42.939,78.536277
2026-03-28 16:00,42.998,84.036968
2026-03-28 17:00,43.081,91.835876
2026-03-28 18:00,43.456,127.847016
2026-03-28 19:00,43.522,134.300767
2026-03-28 20:00,43.533,135.379664
2026-03-28 21:00,43.546,136.655571
2026-03-28 22:00,43.544,136.459126
2026-03-28 23:00,43.553,137.343131
2026-03-29 00:00,42.346,25.907034
2026-03-29 01:00,42.0,
2026-03-29 02:00,42.0,
2026-03-29 03:00,42.0,
2026-03-29 04:00,42.0,
2026-03-29 05:00,42.0,
2026-03-29 06:00,42.0,
2026-03-29 07:00,42.0,
2026-03-29 08:00,42.0,
2026-03-29 09:00,42.0,
2026-03-29 10:00,42.0,
2026-03-29 11:00,42.0,
2026-03-29 12:00,42.0,
2026-03-29 13:00,42.0,
2026-03-29 14:00,42.746,60.822744
2026-03-29 15:00,42.951,79.65245
2026-03-29 16:00,43.026,86.660444
2026-03-29 17:00,43.038,87.786891
2026-03-29 18:00,43.329,115.520636
2026-03-29 19:00,43.476,129.79937
2026-03-29 20:00,43.506,132.733466
2026-03-29 21:00,43.537,135.77199
2026-03-29 22:00,43.526,134.693093
2026-03-29 23:00,43.53,135.085419
2026-03-30 00:00,42.741,60.369616
2026-03-30 01:00,42.0,
2026-03-30 02:00,42.0,
2026-03-30 03:00,42.0,
2026-03-30 04:00,42.0,
2026-03-30 05:00,42.0,
2026-03-30 06:00,42.0,
2026-03-30 07:00,42.0,
2026-03-30 08:00,42.0,
2026-03-30 09:00,42.0,
2026-03-30 10:00,42.0,
2026-03-30 11:00,42.123,8.213085
2026-03-30 12:00,42.344,25.740473
2026-03-30 13:00,42.809,66.554919
2026-03-30 14:00,42.986,82.915458
2026-03-30 15:00,43.023,86.378832
2026-03-30 16:00,43.031,87.129797
2026-03-30 17:00,43.032,87.223668
2026-03-30 18:00,43.434,125.702936
2026-03-30 19:00,43.515,133.614912
2026-03-30 20:00,43.539,135.968153
2026-03-30 21:00,43.538,135.870071
2026-03-30 22:00,43.543,136.360903
2026-03-30 23:00,42.33,24.579967
2026-03-31 00:00,42.0,
2026-03-31 01:00,42.0,
2026-03-31 02:00,42.0,
2026-03-31 03:00,42.0,
2026-03-31 04:00,42.0,
2026-03-31 05:00,42.0,
2026-03-31 06:00,42.0,
2026-03-31 07:00,42.0,
2026-03-31 08:00,42.0,
2026-03-31 09:00,42.0,
2026-03-31 10:00,42.0,
2026-03-31 11:00,42.267,19.426104
2026-03-31 12:00,42.386,29.254576
2026-03-31 13:00,42.419,32.044917
2026-03-31 14:00,42.909,75.754332
2026-03-31 15:00,43.009,85.066887
2026-03-31 16:00,43.029,86.942056
2026-03-31 17:00,43.034,87.411409
2026-03-31 18:00,43.4,122.396106
2026-03-31 19:00,43.521,134.202686
2026-03-31 20:00,43.541,136.164457
2026-03-31 21:00,43.547,136.753794
2026-03-31 22:00,43.546,136.655571
2026-03-31 23:00,42.546,43.002376
2026-04-01 00:00,42.0,
2026-04-01 01:00,42.0,
2026-04-01 02:00,42.0,
2026-04-01 03:00,42.0,
2026-04-01 04:00,42.0,
2026-04-01 05:00,42.0,
2026-04-01 06:00,42.0,
2026-04-01 07:00,42.0,
2026-04-01 08:00,42.0,
2026-04-01 09:00,42.0,
2026-04-01 10:00,42.0,
2026-04-01 11:00,42.0,
2026-04-01 12:00,42.0,
2026-04-01 13:00,42.0,
2026-04-01 14:00,42.277,20.235275
2026-04-01 15:00,42.394,29.928863
2026-04-01 16:00,42.422,32.300079
2026-04-01 17:00,42.428,32.811301
2026-04-01 18:00,42.431,33.066911
2026-04-01 19:00,43.323,114.941218
2026-04-01 20:00,43.481,130.287753
2026-04-01 21:00,43.51,133.12522
2026-04-01 22:00,43.52,134.104604
2026-04-01 23:00,43.518,133.908727
2026-04-02 00:00,42.197,13.857984
2026-04-02 01:00,42.0,
2026-04-02 02:00,42.0,
2026-04-02 03:00,42.0,
2026-04-02 04:00,42.0,
2026-04-02 05:00,42.0,
2026-04-02 06:00,42.0,
2026-04-02 07:00,42.0,
2026-04-02 08:00,42.0,
2026-04-02 09:00,42.0,
2026-04-02 10:00,42.0,
2026-04-02 11:00,42.0,
2026-04-02 12:00,42.0,
2026-04-02 13:00,42.0,
2026-04-02 14:00,42.267,19.426104
2026-04-02 15:00,42.38,28.748861
2026-04-02 16:00,42.413,31.536389
2026-04-02 17:00,42.425,32.55569
2026-04-02 18:00,42.425,32.55569
2026-04-02 19:00,43.311,113.783842
2026-04-02 20:00,43.475,129.701723
2026-04-02 21:00,43.511,133.223158
2026-04-02 22:00,43.516,133.71285
2026-04-02 23:00,43.516,133.71285
2026-04-03 00:00,42.152,10.391177
2026-04-03 01:00,42.0,
2026-04-03 02:00,42.0,
2026-04-03 03:00,42.0,
2026-04-03 04:00,42.0,
2026-04-03 05:00,42.0,
2026-04-03 06:00,42.0,
2026-04-03 07:00,42.0,
2026-04-03 08:00,42.0,
2026-04-03 09:00,42.0,
2026-04-03 10:00,42.0,
2026-04-03 11:00,42.0,
2026-04-03 12:00,42.0,
2026-04-03 13:00,42.0,
2026-04-03 14:00,42.292,21.456759
2026-04-03 15:00,42.392,29.760292
2026-04-03 16:00,42.433,33.237319
2026-04-03 17:00,42.43,32.981708
2026-04-03 18:00,42.428,32.811301
2026-04-03 19:00,43.347,117.260008
2026-04-03 20:00,43.484,130.581134
2026-04-03 21:00,43.513,133.419035
2026-04-03 22:00,43.525,134.595012
2026-04-03 23:00,43.524,134.49693
2026-04-04 00:00,42.197,13.857984
2026-04-04 01:00,42.0,
2026-04-04 02:00,42.0,
2026-04-04 03:00,42.0,
2026-04-04 04:00,42.0,
2026-04-04 05:00,42.0,
2026-04-04 06:00,42.0,
2026-04-04 07:00,42.0,
2026-04-04 08:00,42.0,
2026-04-04 09:00,42.0,
2026-04-04 10:00,42.0,
2026-04-04 11:00,42.0,
2026-04-04 12:00,42.0,
2026-04-04 13:00,42.0,
2026-04-04 14:00,42.288,21.130515
2026-04-04 15:00,42.38,28.748861
2026-04-04 16:00,42.418,31.960163
2026-04-04 17:00,42.427,32.726097
2026-04-04 18:00,42.432,33.152115
2026-04-04 19:00,43.356,118.130574
2026-04-04 20:00,43.492,131.363485
2026-04-04 21:00,43.518,133.908727
2026-04-04 22:00,43.526,134.693093
2026-04-04 23:00,43.532,135.281582
2026-04-05 00:00,42.22,15.665293
2026-04-05 01:00,42.0,
2026-04-05 02:00,42.0,
2026-04-05 03:00,42.0,
2026-04-05 04:00,42.0,
2026-04-05 05:00,42.0,
2026-04-05 06:00,42.0,
2026-04-05 07:00,42.0,
2026-04-05 08:00,42.0,
2026-04-05 09:00,42.0,
2026-04-05 10:00,42.0,
2026-04-05 11:00,42.0,
2026-04-05 12:00,42.0,
2026-04-05 13:00,42.0,
2026-04-05 14:00,42.306,22.602248
2026-04-05 15:00,42.405,30.858352
2026-04-05 16:00,42.464,35.890622
2026-04-05 17:00,42.439,33.74854
2026-04-05 18:00,42.439,33.74854
2026-04-05 19:00,43.326,115.230927
2026-04-05 20:00,43.478,129.994665
2026-04-05 21:00,43.506,132.733466
2026-04-05 22:00,43.515,133.614912
2026-04-05 23:00,43.278,110.606345
2026-04-06 00:00,42.113,7.476571
2026-04-06 01:00,42.0,
2026-04-06 02:00,42.0,
2026-04-06 03:00,42.0,
2026-04-06 04:00,42.0,
2026-04-06 05:00,42.0,
2026-04-06 06:00,42.0,
2026-04-06 07:00,42.0,
2026-04-06 08:00,42.0,
2026-04-06 09:00,42.0,
2026-04-06 10:00,42.0,
2026-04-06 11:00,42.0,
2026-04-06 12:00,42.0,
2026-04-06 13:00,42.0,
2026-04-06 14:00,42.305,22.520081
2026-04-06 15:00,42.398,30.266007
2026-04-06 16:00,42.428,32.811301
2026-04-06 17:00,42.438,33.663336
2026-04-06 18:00,42.44,33.833744
2026-04-06 19:00,43.351,117.646926
2026-04-06 20:00,43.494,131.559072
2026-04-06 21:00,43.522,134.300767
2026-04-06 22:00,43.527,134.791175
2026-04-06 23:00,43.531,135.183501
2026-04-07 00:00,42.194,13.624516
2026-04-07 01:00,42.0,
2026-04-07 02:00,42.0,
2026-04-07 03:00,42.0,
2026-04-07 04:00,42.0,
2026-04-07 05:00,42.0,
2026-04-07 06:00,42.0,
2026-04-07 07:00,42.0,
2026-04-07 08:00,42.0,
2026-04-07 09:00,42.0,
2026-04-07 10:00,42.0,
2026-04-07 11:00,42.0,
2026-04-07 12:00,42.0,
2026-04-07 13:00,42.0,
2026-04-07 14:00,42.277,20.235275
2026-04-07 15:00,42.387,29.338862
2026-04-07 16:00,42.415,31.705899
2026-04-07 17:00,42.422,32.300079
2026-04-07 18:00,42.428,32.811301
2026-04-07 19:00,43.322,114.844649
2026-04-07 20:00,43.418,124.145655
2026-04-07 21:00,43.745,156.330714
2026-04-07 22:00,43.797,161.514262
2026-04-07 23:00,43.609,142.855695
2026-04-08 00:00,42.191,13.391047
2026-04-08 01:00,42.0,
2026-04-08 02:00,42.0,
2026-04-08 03:00,42.0,
2026-04-08 04:00,42.0,
2026-04-08 05:00,42.0,
2026-04-08 06:00,42.0,
2026-04-08 07:00,42.0,
2026-04-08 08:00,42.0,
2026-04-08 09:00,42.0,
2026-04-08 10:00,42.0,
2026-04-08 11:00,42.0,
2026-04-08 12:00,42.0,
2026-04-08 13:00,42.0,
2026-04-08 14:00,42.283,20.722709
2026-04-08 15:00,42.382,28.917433
2026-04-08 16:00,42.416,31.790653
2026-04-08 17:00,42.427,32.726097
2026-04-08 18:00,42.428,32.811301
2026-04-08 19:00,43.092,92.874956
2026-04-08 20:00,43.47,129.213486
2026-04-08 21:00,43.532,135.281582
2026-04-08 22:00,43.547,136.753794
2026-04-08 23:00,43.541,136.164457
2026-04-09 00:00,42.242,17.415559
2026-04-09 01:00,42.0,
2026-04-09 02:00,42.0,
2026-04-09 03:00,42.0,
2026-04-09 04:00,42.0,
2026-04-09 05:00,42.0,
2026-04-09 06:00,42.0,
2026-04-09 07:00,42.0,
2026-04-09 08:00,42.0,
2026-04-09 09:00,42.0,
2026-04-09 10:00,42.288,21.130515
2026-04-09 11:00,42.391,29.676006
2026-04-09 12:00,42.425,32.55569
2026-04-09 13:00,42.428,32.811301
2026-04-09 14:00,42.927,77.422515
2026-04-09 15:00,43.003,84.504887
2026-04-09 16:00,43.026,86.660444
2026-04-09 17:00,43.042,88.162775
2026-04-09 18:00,43.052,89.103485
2026-04-09 19:00,43.465,128.725249
2026-04-09 20:00,43.542,136.26268
2026-04-09 21:00,43.558,137.834245
2026-04-09 22:00,43.559,137.932468
2026-04-09 23:00,42.31,22.930915
2026-04-10 00:00,42.0,
2026-04-10 01:00,42.0,
2026-04-10 02:00,42.0,
2026-04-10 03:00,42.0,
2026-04-10 04:00,42.0,
2026-04-10 05:00,42.0,
2026-04-10 06:00,42.0,
2026-04-10 07:00,42.0,
2026-04-10 08:00,42.0,
2026-04-10 09:00,42.0,
2026-04-10 10:00,42.234,16.778159
2026-04-10 11:00,42.394,29.928863
2026-04-10 12:00,42.446,34.347549
2026-04-10 13:00,42.454,35.032623
2026-04-10 14:00,42.936,78.257837
2026-04-10 15:00,43.015,85.628887
2026-04-10 16:00,43.031,87.129797
2026-04-10 17:00,43.036,87.59915
2026-04-10 18:00,43.04,87.974633
2026-04-10 19:00,43.061,89.950321
2026-04-10 20:00,43.448,127.067023
2026-04-10 21:00,43.506,132.733466
2026-04-10 22:00,43.517,133.810789
2026-04-10 23:00,42.618,49.345641
2026-04-11 00:00,42.0,
2026-04-11 01:00,42.0,
2026-04-11 02:00,42.0,
2026-04-11 03:00,42.0,
2026-04-11 04:00,42.0,
2026-04-11 05:00,42.0,
2026-04-11 06:00,42.0,
2026-04-11 07:00,42.0,
2026-04-11 08:00,42.0,
2026-04-11 09:00,42.0,
2026-04-11 10:00,42.279,20.397109
2026-04-11 11:00,42.393,29.844577
2026-04-11 12:00,42.424,32.470486
2026-04-11 13:00,42.432,33.152115
2026-04-11 14:00,42.921,76.865635
2026-04-11 15:00,43.024,86.472703
2026-04-11 16:00,43.046,88.539059
2026-04-11 17:00,43.05,88.915343
2026-04-11 18:00,43.047,88.63313
2026-04-11 19:00,43.426,124.924143
2026-04-11 20:00,43.5,132.145835
2026-04-11 21:00,43.522,134.300767
2026-04-11 22:00,43.523,134.398849
2026-04-11 23:00,42.353,26.489996
2026-04-12 00:00,42.0,
2026-04-12 01:00,42.0,
2026-04-12 02:00,42.0,
2026-04-12 03:00,42.0,
2026-04-12 04:00,42.0,
2026-04-12 05:00,42.0,
2026-04-12 06:00,42.0,
2026-04-12 07:00,42.0,
2026-04-12 08:00,42.0,
2026-04-12 09:00,42.0,
2026-04-12 10:00,42.258,18.699226
2026-04-12 11:00,42.39,29.59172
2026-04-12 12:00,42.434,33.322522
2026-04-12 13:00,42.439,33.74854
2026-04-12 14:00,42.923,77.051262
2026-04-12 15:00,43.004,84.598553
2026-04-12 16:00,43.018,85.909887
2026-04-12 17:00,43.022,86.284962
2026-04-12 18:00,43.025,86.566574
2026-04-12 19:00,43.373,119.777029
2026-04-12 20:00,43.502,132.341712
2026-04-12 21:00,43.53,135.085419
2026-04-12 22:00,43.542,136.26268
2026-04-12 23:00,42.398,30.266007
2026-04-13 00:00,42.0,
2026-04-13 01:00,42.0,
2026-04-13 02:00,42.0,
2026-04-13 03:00,42.0,
2026-04-13 04:00,42.0,
2026-04-13 05:00,42.0,
2026-04-13 06:00,42.0,
2026-04-13 07:00,42.0,
2026-04-13 08:00,42.0,
2026-04-13 09:00,42.0,
2026-04-13 10:00,42.292,21.456759
2026-04-13 11:00,42.399,30.350293
2026-04-13 12:00,42.424,32.470486
2026-04-13 13:00,42.429,32.896504
2026-04-13 14:00,42.908,75.661742
2026-04-13 15:00,43.005,84.69222
2026-04-13 16:00,43.025,86.566574
2026-04-13 17:00,43.033,87.317538
2026-04-13 18:00,43.028,86.848185
2026-04-13 19:00,43.443,126.579528
2026-04-13 20:00,43.504,132.537589
2026-04-13 21:00,43.524,134.49693
2026-04-13 22:00,43.532,135.281582
2026-04-13 23:00,42.344,25.740473
2026-04-14 00:00,42.0,
2026-04-14 01:00,42.0,
2026-04-14 02:00,42.0,
2026-04-14 03:00,42.0,
2026-04-14 04:00,42.0,
2026-04-14 05:00,42.0,
2026-04-14 06:00,42.0,
2026-04-14 07:00,42.0,
2026-04-14 08:00,42.0,
2026-04-14 09:00,42.0,
2026-04-14 10:00,42.299,22.027687
2026-04-14 11:00,42.403,30.688843
2026-04-14 12:00,42.437,33.578133
2026-04-14 13:00,42.444,34.176281
2026-04-14 14:00,42.924,77.144075
2026-04-14 15:00,43.005,84.69222
2026-04-14 16:00,43.02,86.097221
2026-04-14 17:00,43.026,86.660444
2026-04-14 18:00,43.027,86.754315
2026-04-14 19:00,43.439,126.189681
2026-04-14 20:00,43.519,134.006666
2026-04-14 21:00,43.534,135.477745
2026-04-14 22:00,43.541,136.164457
2026-04-14 23:00,42.24,17.255101
2026-04-15 00:00,42.0,
2026-04-15 01:00,42.0,
2026-04-15 02:00,42.0,
2026-04-15 03:00,42.0,
2026-04-15 04:00,42.0,
2026-04-15 05:00,42.0,
2026-04-15 06:00,42.0,
2026-04-15 07:00,42.0,
2026-04-15 08:00,42.0,
2026-04-15 09:00,42.0,
2026-04-15 10:00,42.282,20.641148
2026-04-15 11:00,42.388,29.423148
2026-04-15 12:00,42.42,32.129672
2026-04-15 13:00,42.436,33.492929
2026-04-15 14:00,42.935,78.165023
2026-04-15 15:00,43.018,85.909887
2026-04-15 16:00,43.03,87.035927
2026-04-15 17:00,43.033,87.317538
2026-04-15 18:00,43.04,87.974633
2026-04-15 19:00,43.434,125.702936
2026-04-15 20:00,43.512,133.321097
2026-04-15 21:00,43.531,135.183501
2026-04-15 22:00,43.536,135.673908
2026-04-15 23:00,42.305,22.520081
2026-04-16 00:00,42.0,
2026-04-16 01:00,42.0,
2026-04-16 02:00,42.0,
2026-04-16 03:00,42.0,
2026-04-16 04:00,42.0,
2026-04-16 05:00,42.0,
2026-04-16 06:00,42.0,
2026-04-16 07:00,42.0,
2026-04-16 08:00,42.0,
2026-04-16 09:00,42.0,
2026-04-16 10:00,42.277,20.235275
2026-04-16 11:00,42.393,29.844577
2026-04-16 12:00,42.431,33.066911
2026-04-16 13:00,42.44,33.833744
2026-04-16 14:00,42.917,76.495051
2026-04-16 15:00,43.004,84.598553
2026-04-16 16:00,43.025,86.566574
2026-04-16 17:00,43.027,86.754315
2026-04-16 18:00,43.028,86.848185
2026-04-16 19:00,43.417,124.048458
2026-04-16 20:00,43.52,134.104604
2026-04-16 21:00,43.536,135.673908
2026-04-16 22:00,43.544,136.459126
2026-04-16 23:00,42.466,36.062719
2026-04-17 00:00,42.0,
2026-04-17 01:00,42.0,
2026-04-17 02:00,42.0,
2026-04-17 03:00,42.0,
2026-04-17 04:00,42.0,
2026-04-17 05:00,42.0,
2026-04-17 06:00,42.0,
2026-04-17 07:00,42.0,
2026-04-17 08:00,42.0,
2026-04-17 09:00,42.0,
2026-04-17 10:00,42.202,14.248837
2026-04-17 11:00,42.362,27.240548
2026-04-17 12:00,42.411,31.36688
2026-04-17 13:00,42.43,32.981708
2026-04-17 14:00,42.908,75.661742
2026-04-17 15:00,43.006,84.785887
2026-04-17 16:00,43.031,87.129797
2026-04-17 17:00,43.066,90.421661
2026-04-17 18:00,43.05,88.915343
2026-04-17 19:00,43.455,127.749517
2026-04-17 20:00,43.529,134.987338
2026-04-17 21:00,43.539,135.968153
2026-04-17 22:00,43.545,136.557348
2026-04-17 23:00,42.566,44.75569
2026-04-18 00:00,42.0,
2026-04-18 01:00,42.0,
2026-04-18 02:00,42.0,
2026-04-18 03:00,42.0,
2026-04-18 04:00,42.0,
2026-04-18 05:00,42.0,
2026-04-18 06:00,42.0,
2026-04-18 07:00,42.0,
2026-04-18 08:00,42.0,
2026-04-18 09:00,42.0,
2026-04-18 10:00,42.072,4.53483
2026-04-18 11:00,42.327,24.331752
2026-04-18 12:00,42.406,30.943107
2026-04-18 13:00,42.632,50.589468
2026-04-18 14:00,42.971,81.515472
2026-04-18 15:00,43.02,86.097221
2026-04-18 16:00,43.033,87.317538
2026-04-18 17:00,43.035,87.50528
2026-04-18 18:00,43.038,87.786891
2026-04-18 19:00,43.448,127.067023
2026-04-18 20:00,43.518,133.908727
2026-04-18 21:00,43.538,135.870071
2026-04-18 22:00,43.547,136.753794
2026-04-18 23:00,42.498,38.823438
2026-04-19 00:00,42.0,
2026-04-19 01:00,42.0,
2026-04-19 02:00,42.0,
2026-04-19 03:00,42.0,
2026-04-19 04:00,42.0,
2026-04-19 05:00,42.0,
2026-04-19 06:00,42.0,
2026-04-19 07:00,42.0,
2026-04-19 08:00,42.0,
2026-04-19 09:00,42.0,
2026-04-19 10:00,42.238,17.09612
2026-04-19 11:00,42.379,28.665066
2026-04-19 12:00,42.434,33.322522
2026-04-19 13:00,42.439,33.74854
2026-04-19 14:00,42.938,78.443464
2026-04-19 15:00,43.02,86.097221
2026-04-19 16:00,43.039,87.880762
2026-04-19 17:00,43.044,88.350917
2026-04-19 18:00,43.046,88.539059
2026-04-19 19:00,43.457,127.944515
2026-04-19 20:00,43.527,134.791175
2026-04-19 21:00,43.536,135.673908
2026-04-19 22:00,43.545,136.557348
2026-04-19 23:00,42.443,34.090646
2026-04-20 00:00,42.0,
2026-04-20 01:00,42.0,
2026-04-20 02:00,42.0,
2026-04-20 03:00,42.0,
2026-04-20 04:00,42.0,
2026-04-20 05:00,42.0,
2026-04-20 06:00,42.0,
2026-04-20 07:00,42.0,
2026-04-20 08:00,42.0,
2026-04-20 09:00,42.0,
2026-04-20 10:00,42.286,20.967393
2026-04-20 11:00,42.397,30.181721
2026-04-20 12:00,42.427,32.726097
2026-04-20 13:00,42.438,33.663336
2026-04-20 14:00,42.936,78.257837
2026-04-20 15:00,43.019,86.003554
2026-04-20 16:00,43.033,87.317538
2026-04-20 17:00,43.037,87.693021
2026-04-20 18:00,43.042,88.162775
2026-04-20 19:00,43.438,126.092332
2026-04-20 20:00,43.51,133.12522
2026-04-20 21:00,43.52,134.104604
2026-04-20 22:00,43.532,135.281582
2026-04-20 23:00,42.38,28.748861
2026-04-21 00:00,42.0,
2026-04-21 01:00,42.0,
2026-04-21 02:00,42.0,
2026-04-21 03:00,42.0,
2026-04-21 04:00,42.0,
2026-04-21 05:00,42.0,
2026-04-21 06:00,42.0,
2026-04-21 07:00,42.0,
2026-04-21 08:00,42.0,
2026-04-21 09:00,42.0,
2026-04-21 10:00,42.289,21.212076
2026-04-21 11:00,42.405,30.858352
2026-04-21 12:00,42.422,32.300079
2026-04-21 13:00,42.43,32.981708
2026-04-21 14:00,42.948,79.373352
2026-04-21 15:00,43.016,85.722554
2026-04-21 16:00,43.034,87.411409
2026-04-21 17:00,43.035,87.50528
2026-04-21 18:00,43.043,88.256846
2026-04-21 19:00,43.439,126.189681
2026-04-21 20:00,43.542,136.26268
2026-04-21 21:00,43.558,137.834245
2026-04-21 22:00,43.574,139.407767
2026-04-21 23:00,42.417,31.875408
2026-04-22 00:00,42.0,
2026-04-22 01:00,42.0,
2026-04-22 02:00,42.0,
2026-04-22 03:00,42.0,
2026-04-22 04:00,42.0,
2026-04-22 05:00,42.0,
2026-04-22 06:00,42.0,
2026-04-22 07:00,42.0,
2026-04-22 08:00,42.0,
2026-04-22 09:00,42.0,
2026-04-22 10:00,42.304,22.437915
2026-04-22 11:00,42.424,32.470486
2026-04-22 12:00,42.453,34.946989
2026-04-22 13:00,42.457,35.289526
2026-04-22 14:00,42.944,79.001221
2026-04-22 15:00,43.025,86.566574
2026-04-22 16:00,43.04,87.974633
2026-04-22 17:00,43.046,88.539059
2026-04-22 18:00,43.044,88.350917
2026-04-22 19:00,43.445,126.774526
2026-04-22 20:00,43.526,134.693093
2026-04-22 21:00,43.541,136.164457
2026-04-22 22:00,43.545,136.557348
2026-04-22 23:00,43.546,136.655571
2026-04-23 00:00,42.502,39.169994
2026-04-23 01:00,42.0,
2026-04-23 02:00,42.0,
2026-04-23 03:00,42.0,
2026-04-23 04:00,42.0,
2026-04-23 05:00,42.0,
2026-04-23 06:00,42.0,
2026-04-23 07:00,42.0,
2026-04-23 08:00,42.0,
2026-04-23 09:00,42.0,
2026-04-23 10:00,42.0,
2026-04-23 11:00,42.0,
2026-04-23 12:00,42.0,
2026-04-23 13:00,42.0,
2026-04-23 14:00,42.0,
2026-04-23 15:00,42.0,
2026-04-23 16:00,42.646,51.835781
2026-04-23 17:00,43.358,118.324033
2026-04-23 18:00,43.504,132.537589
2026-04-23 19:00,43.536,135.673908
2026-04-23 20:00,43.546,136.655571
2026-04-23 21:00,43.548,136.852017
2026-04-23 22:00,43.548,136.852017
2026-04-23 23:00,43.559,137.932468
2026-04-24 00:00,43.29,111.760929
2026-04-24 01:00,42.135,9.10843
2026-04-24 02:00,42.0,
2026-04-24 03:00,42.0,
2026-04-24 04:00,42.0,
2026-04-24 05:00,42.0,
2026-04-24 06:00,42.0,
2026-04-24 07:00,42.0,
2026-04-24 08:00,42.0,
2026-04-24 09:00,42.0,
2026-04-24 10:00,42.274,19.992524
2026-04-24 11:00,42.393,29.844577
2026-04-24 12:00,42.432,33.152115
2026-04-24 13:00,42.438,33.663336
2026-04-24 14:00,42.907,75.569152
2026-04-24 15:00,43.017,85.816221
2026-04-24 16:00,43.036,87.59915
2026-04-24 17:00,43.043,88.256846
2026-04-24 18:00,43.042,88.162775
2026-04-24 19:00,43.431,125.410889
2026-04-24 20:00,43.514,133.516973
2026-04-24 21:00,43.534,135.477745
2026-04-24 22:00,43.537,135.77199
2026-04-24 23:00,42.172,11.920051
2026-04-25 00:00,42.0,
2026-04-25 01:00,42.0,
2026-04-25 02:00,42.0,
2026-04-25 03:00,42.0,
2026-04-25 04:00,42.0,
2026-04-25 05:00,42.0,
2026-04-25 06:00,42.0,
2026-04-25 07:00,42.0,
2026-04-25 08:00,42.0,
2026-04-25 09:00,42.0,
2026-04-25 10:00,42.102,6.670935
2026-04-25 11:00,42.343,25.657193
2026-04-25 12:00,42.414,31.621144
2026-04-25 13:00,42.429,32.896504
2026-04-25 14:00,42.93,77.700956
2026-04-25 15:00,43.013,85.441554
2026-04-25 16:00,43.027,86.754315
2026-04-25 17:00,43.034,87.411409
2026-04-25 18:00,43.054,89.291627
2026-04-25 19:00,43.448,127.067023
2026-04-25 20:00,43.526,134.693093
2026-04-25 21:00,43.546,136.655571
2026-04-25 22:00,43.55,137.048463
2026-04-25 23:00,42.388,29.423148
2026-04-26 00:00,42.0,
2026-04-26 01:00,42.0,
2026-04-26 02:00,42.0,
2026-04-26 03:00,42.0,
2026-04-26 04:00,42.0,
2026-04-26 05:00,42.0,
2026-04-26 06:00,42.0,
2026-04-26 07:00,42.0,
2026-04-26 08:00,42.0,
2026-04-26 09:00,42.0,
2026-04-26 10:00,42.147,10.01214
2026-04-26 11:00,42.363,27.324343
2026-04-26 12:00,42.423,32.385283
2026-04-26 13:00,42.452,34.861355
2026-04-26 14:00,42.951,79.65245
2026-04-26 15:00,43.019,86.003554
2026-04-26 16:00,43.038,87.786891
2026-04-26 17:00,43.044,88.350917
2026-04-26 18:00,43.042,88.162775
2026-04-26 19:00,43.45,127.262021
2026-04-26 20:00,43.527,134.791175
2026-04-26 21:00,43.539,135.968153
2026-04-26 22:00,43.544,136.459126
2026-04-26 23:00,42.397,30.181721
2026-04-27 00:00,42.0,
2026-04-27 01:00,42.0,
2026-04-27 02:00,42.0,
2026-04-27 03:00,42.0,
2026-04-27 04:00,42.0,
2026-04-27 05:00,42.0,
2026-04-27 06:00,42.0,
2026-04-27 07:00,42.0,
2026-04-27 08:00,42.0,
2026-04-27 09:00,42.0,
2026-04-27 10:00,42.285,20.885832
2026-04-27 11:00,42.393,29.844577
2026-04-27 12:00,42.422,32.300079
2026-04-27 13:00,42.434,33.322522
2026-04-27 14:00,42.931,77.793769
2026-04-27 15:00,43.016,85.722554
2026-04-27 16:00,43.036,87.59915
2026-04-27 17:00,43.041,88.068704
2026-04-27 18:00,43.043,88.256846
2026-04-27 19:00,43.451,127.35952
2026-04-27 20:00,43.527,134.791175
2026-04-27 21:00,43.554,137.441354
2026-04-27 22:00,43.552,137.244908
2026-04-27 23:00,42.234,16.778159
2026-04-28 00:00,42.0,
2026-04-28 01:00,42.0,
2026-04-28 02:00,42.0,
2026-04-28 03:00,42.0,
2026-04-28 04:00,42.0,
2026-04-28 05:00,42.0,
2026-04-28 06:00,42.0,
2026-04-28 07:00,42.0,
2026-04-28 08:00,42.0,
2026-04-28 09:00,42.0,
2026-04-28 10:00,42.289,21.212076
2026-04-28 11:00,42.398,30.266007
2026-04-28 12:00,42.434,33.322522
2026-04-28 13:00,42.44,33.833744
2026-04-28 14:00,42.952,79.745483
2026-04-28 15:00,43.031,87.129797
2026-04-28 16:00,43.045,88.444988
2026-04-28 17:00,43.05,88.915343
2026-04-28 18:00,43.051,89.009414
2026-04-28 19:00,43.448,127.067023
2026-04-28 20:00,43.531,135.183501
2026-04-28 21:00,43.543,136.360903
2026-04-28 22:00,43.547,136.753794
2026-04-28 23:00,42.197,13.857984
2026-04-29 00:00,42.0,
2026-04-29 01:00,42.0,
2026-04-29 02:00,42.0,
2026-04-29 03:00,42.0,
2026-04-29 04:00,42.0,
2026-04-29 05:00,42.0,
2026-04-29 06:00,42.0,
2026-04-29 07:00,42.0,
2026-04-29 08:00,42.0,
2026-04-29 09:00,42.0,
2026-04-29 10:00,42.288,21.130515
2026-04-29 11:00,42.397,30.181721
2026-04-29 12:00,42.43,32.981708
2026-04-29 13:00,42.434,33.322522
2026-04-29 14:00,42.945,79.094254
2026-04-29 15:00,43.024,86.472703
2026-04-29 16:00,43.044,88.350917
2026-04-29 17:00,43.046,88.539059
2026-04-29 18:00,43.05,88.915343
2026-04-29 19:00,43.451,127.35952
2026-04-29 20:00,43.452,127.45702
2026-04-29 21:00,43.344,116.969819
2026-04-29 22:00,43.236,106.575872
2026-04-29 23:00,43.129,96.377262
2026-04-30 00:00,43.021,86.191091
2026-04-30 01:00,42.914,76.217281
2026-04-30 02:00,42.806,66.280712
2026-04-30 03:00,42.699,56.580583
2026-04-30 04:00,42.591,46.95712
2026-04-30 05:00,42.484,37.613182
2026-04-30 06:00,42.376,28.41368
2026-04-30 07:00,42.269,19.587938
2026-04-30 08:00,42.161,11.074503
2026-04-30 09:00,42.054,3.29665
2026-04-30 10:00,42.105,6.890654
2026-04-30 11:00,42.316,23.423915
2026-04-30 12:00,42.527,41.343375
2026-04-30 13:00,42.737,60.007927
2026-04-30 14:00,42.947,79.280319
2026-04-30 15:00,43.02,86.097221
2026-04-30 16:00,43.035,87.50528
2026-04-30 17:00,43.04,87.974633
2026-04-30 18:00,43.05,88.915343
2026-04-30 19:00,43.474,129.604075
2026-04-30 20:00,43.538,135.870071
2026-04-30 21:00,43.562,138.227416
2026-04-30 22:00,43.567,138.719229
2026-04-30 23:00,43.568,138.817592
2026-05-01 00:00,42.234,16.778159
2026-05-01 01:00,42.0,
2026-05-01 02:00,42.0,
2026-05-01 03:00,42.0,
2026-05-01 04:00,42.0,
2026-05-01 05:00,42.0,
2026-05-01 06:00,42.0,
2026-05-01 07:00,42.0,
2026-05-01 08:00,42.0,
2026-05-01 09:00,42.0,
2026-05-01 10:00,42.166,11.458843
2026-05-01 11:00,42.373,28.162295
2026-05-01 12:00,42.426,32.640894
2026-05-01 13:00,42.436,33.492929
2026-05-01 14:00,42.929,77.608142
2026-05-01 15:00,43.023,86.378832
2026-05-01 16:00,43.042,88.162775
2026-05-01 17:00,43.044,88.350917
2026-05-01 18:00,43.06,89.856053
2026-05-01 19:00,43.481,130.287753
2026-05-02 00:00,42.274,19.992524
2026-05-02 03:00,42.244,17.576018
2026-05-02 04:00,42.234,16.778159
2026-05-02 05:00,42.224,15.983255
2026-05-02 06:00,42.214,15.193141
2026-05-02 07:00,42.204,14.406221
2026-05-02 08:00,42.194,13.624516
2026-05-02 09:00,42.184,12.846287
2026-05-02 10:00,42.174,12.073787
2026-05-02 11:00,42.164,11.305107
2026-05-02 12:00,42.154,10.542791
2026-05-02 13:00,42.144,9.784719
2026-05-02 14:00,42.134,9.033818
2026-05-02 15:00,42.123,8.213085
2026-05-02 16:00,42.113,7.476571
2026-05-02 17:00,42.102,6.670935
2026-05-02 18:00,42.092,5.95147
2026-05-02 19:00,42.081,5.163616
2026-05-02 20:00,42.071,4.465185
2026-05-02 21:00,42.06,3.699086
2026-05-02 22:00,42.05,3.02836
2026-05-02 23:00,42.039,2.294332
2026-05-03 00:00,42.029,1.661317
2026-05-03 01:00,42.018,0.982443
2026-05-03 02:00,42.008,0.436641
2026-05-03 03:00,42.0,
2026-05-03 04:00,42.0,
2026-05-03 05:00,42.0,
2026-05-03 06:00,42.0,
2026-05-03 07:00,42.0,
2026-05-03 08:00,42.0,
2026-05-03 09:00,42.0,
2026-05-03 10:00,42.279,20.397109
2026-05-04 00:00,42.21,14.878373
2026-05-05 00:00,42.229,16.380707
2026-05-06 00:00,42.16,10.997635
2026-05-06 19:00,42.686,55.413294
2026-05-06 20:00,42.713,57.841368
2026-05-06 21:00,42.741,60.369616
2026-05-06 22:00,42.768,62.818626
2026-05-06 23:00,42.796,65.367701
2026-05-07 00:00,42.823,67.835295
2026-05-07 01:00,42.851,70.404159
2026-05-07 02:00,42.878,72.889521
2026-05-07 03:00,42.906,75.476562
2026-05-07 04:00,42.933,77.979396
2026-05-07 05:00,42.961,80.582993
2026-05-07 06:00,42.988,83.102376
2026-05-07 07:00,43.016,85.722554
2026-05-07 08:00,43.043,88.256846
2026-05-07 09:00,43.071,90.893001
2026-05-07 10:00,43.098,93.441727
2026-05-07 11:00,43.126,96.092741
2026-05-07 12:00,43.153,98.655826
2026-05-07 13:00,43.181,101.320519
2026-05-07 14:00,43.208,103.897347
2026-05-07 15:00,43.236,106.575872
2026-05-07 16:00,43.263,109.165197
2026-05-07 17:00,43.291,111.857172
2026-05-07 18:00,43.318,114.458695
2026-05-07 19:00,43.472,129.408781
2026-05-07 20:00,43.555,137.539577
2026-05-07 21:00,43.576,139.604493
2026-05-07 22:00,43.578,139.801218
2026-05-07 23:00,43.138,97.230823
2026-05-08 00:00,42.009,0.491221
2026-05-08 01:00,42.0,
2026-05-08 02:00,42.0,
2026-05-08 03:00,42.0,
2026-05-08 04:00,42.0,
2026-05-08 05:00,42.0,
2026-05-08 06:00,42.0,
2026-05-08 07:00,42.0,
2026-05-08 08:00,42.0,
2026-05-08 09:00,42.0,
2026-05-08 10:00,42.087,5.593355
2026-05-08 11:00,42.36,27.072958
2026-05-08 12:00,42.429,32.896504
2026-05-08 13:00,42.527,41.343375
2026-05-08 14:00,42.965,80.955984
2026-05-08 15:00,43.03,87.035927
2026-05-08 16:00,43.047,88.63313
2026-05-08 17:00,43.048,88.727201
2026-05-08 18:00,43.058,89.667911
2026-05-08 19:00,43.47,129.213486
2026-05-08 20:00,43.542,136.26268
2026-05-08 21:00,43.569,138.915954
2026-05-08 22:00,43.579,139.89958
2026-05-08 23:00,43.58,139.997943
2026-05-09 00:00,42.246,17.736476
2026-05-09 01:00,42.0,
2026-05-09 02:00,42.0,
2026-05-09 03:00,42.0,
2026-05-09 04:00,42.0,
2026-05-09 05:00,42.0,
2026-05-09 06:00,42.0,
2026-05-09 07:00,42.0,
2026-05-09 08:00,42.0,
2026-05-09 09:00,42.0,
2026-05-09 10:00,42.285,20.885832
2026-05-09 11:00,42.403,30.688843
2026-05-09 12:00,42.439,33.74854
2026-05-09 13:00,42.452,34.861355
2026-05-09 14:00,42.961,80.582993
2026-05-09 15:00,43.041,88.068704
2026-05-09 16:00,43.056,89.479769
2026-05-09 17:00,43.061,89.950321
2026-05-09 18:00,43.069,90.704465
2026-05-09 19:00,43.48,130.189959
2026-05-09 20:00,43.557,137.736023
2026-05-09 21:00,43.568,138.817592
2026-05-09 22:00,43.578,139.801218
2026-05-09 23:00,43.55,137.048463
2026-05-10 00:00,42.122,8.138473
2026-05-10 01:00,42.0,
2026-05-10 02:00,42.0,
2026-05-10 03:00,42.0,
2026-05-10 04:00,42.0,
2026-05-10 05:00,42.0,
2026-05-10 06:00,42.0,
2026-05-10 07:00,42.0,
2026-05-10 08:00,42.0,
2026-05-10 09:00,42.0,
2026-05-10 10:00,42.279,20.397109
2026-05-10 11:00,42.399,30.350293
2026-05-10 12:00,42.431,33.066911
2026-05-10 13:00,42.442,34.005012
2026-05-10 14:00,42.954,79.931548
2026-05-10 15:00,43.039,87.880762
2026-05-10 16:00,43.053,89.197556
2026-05-10 17:00,43.064,90.233125
2026-05-10 18:00,43.064,90.233125
2026-05-10 19:00,43.477,129.897017
2026-05-10 20:00,43.548,136.852017
2026-05-10 21:00,43.572,139.211042
2026-05-10 22:00,43.575,139.50613
2026-05-10 23:00,43.577,139.702855
2026-05-11 00:00,42.157,10.770213
2026-05-11 01:00,42.0,
2026-05-11 02:00,42.0,
2026-05-11 03:00,42.0,
2026-05-11 04:00,42.0,
2026-05-11 05:00,42.0,
2026-05-11 06:00,42.0,
2026-05-11 07:00,42.0,
2026-05-11 08:00,42.0,
2026-05-11 09:00,42.0,
2026-05-11 10:00,42.301,22.191415
2026-05-11 11:00,42.424,32.470486
2026-05-11 12:00,42.452,34.861355
2026-05-11 13:00,42.46,35.546429
2026-05-11 14:00,42.934,78.07221
2026-05-11 15:00,43.035,87.50528
2026-05-11 16:00,43.054,89.291627
2026-05-11 17:00,43.063,90.138857
2026-05-11 18:00,43.062,90.044589
2026-05-11 19:00,43.47,129.213486
2026-05-11 20:00,43.55,137.048463
2026-05-11 21:00,43.562,138.227416
2026-05-11 22:00,43.536,135.673908
2026-05-11 23:00,42.118,7.84277
2026-05-12 00:00,42.0,
2026-05-12 01:00,42.0,
2026-05-12 02:00,42.0,
2026-05-12 03:00,42.0,
2026-05-12 04:00,42.0,
2026-05-12 05:00,42.0,
2026-05-12 06:00,42.0,
2026-05-12 07:00,42.0,
2026-05-12 08:00,42.0,
2026-05-12 09:00,42.0,
2026-05-12 10:00,42.252,18.217851
2026-05-12 11:00,42.386,29.254576
2026-05-12 12:00,42.438,33.663336
2026-05-12 13:00,42.444,34.176281
2026-05-12 14:00,42.907,75.569152
2026-05-12 15:00,43.043,88.256846
2026-05-12 16:00,43.07,90.798733
2026-05-12 17:00,43.087,92.402647
2026-05-12 18:00,43.087,92.402647
2026-05-12 19:00,43.486,130.776722
2026-05-12 20:00,43.554,137.441354
2026-05-12 21:00,43.563,138.325779
2026-05-12 22:00,43.569,138.915954
2026-05-12 23:00,42.236,16.937139
2026-05-13 00:00,42.0,
2026-05-13 01:00,42.0,
2026-05-13 02:00,42.0,
2026-05-13 03:00,42.0,
2026-05-13 04:00,42.0,
2026-05-13 05:00,42.0,
2026-05-13 06:00,42.0,
2026-05-13 07:00,42.0,
2026-05-13 08:00,42.0,
2026-05-13 09:00,42.0,
2026-05-13 10:00,42.288,21.130515
2026-05-13 11:00,42.394,29.928863
2026-05-13 12:00,42.44,33.833744
2026-05-13 13:00,42.443,34.090646
2026-05-13 14:00,42.953,79.838516
2026-05-13 15:00,43.029,86.942056
2026-05-13 16:00,43.045,88.444988
2026-05-13 17:00,43.054,89.291627
2026-05-13 18:00,43.059,89.761982
2026-05-13 19:00,43.476,129.79937
2026-05-13 20:00,43.545,136.557348
2026-05-13 21:00,43.567,138.719229
2026-05-13 22:00,43.571,139.11268
2026-05-13 23:00,42.153,10.466984
2026-05-14 00:00,42.0,
2026-05-14 01:00,42.0,
2026-05-14 02:00,42.0,
2026-05-14 03:00,42.0,
2026-05-14 04:00,42.0,
2026-05-14 05:00,42.0,
2026-05-14 06:00,42.0,
2026-05-14 07:00,42.0,
2026-05-14 08:00,42.0,
2026-05-14 09:00,42.0,
2026-05-14 10:00,42.297,21.864565
2026-05-14 11:00,42.405,30.858352
2026-05-14 12:00,42.435,33.407726
2026-05-14 13:00,42.444,34.176281
2026-05-14 14:00,42.963,80.769488
2026-05-14 15:00,43.035,87.50528
2026-05-14 16:00,43.05,88.915343
2026-05-14 17:00,43.059,89.761982
2026-05-14 18:00,43.061,89.950321
2026-05-14 19:00,43.401,122.493304
2026-05-14 20:00,43.534,135.477745
2026-05-14 21:00,43.564,138.424141
2026-05-14 22:00,43.572,139.211042
2026-05-14 23:00,42.152,10.391177
2026-05-15 00:00,42.0,
2026-05-15 01:00,42.0,
2026-05-15 02:00,42.0,
2026-05-15 03:00,42.0,
2026-05-15 04:00,42.0,
2026-05-15 05:00,42.0,
2026-05-15 06:00,42.0,
2026-05-15 07:00,42.0,
2026-05-15 08:00,42.0,
2026-05-15 09:00,42.0,
2026-05-15 10:00,42.0,
2026-05-15 11:00,42.293,21.53832
2026-05-15 12:00,42.398,30.266007
2026-05-15 13:00,42.436,33.492929
2026-05-15 14:00,42.442,34.005012
2026-05-15 15:00,42.938,78.443464
2026-05-15 16:00,43.029,86.942056
2026-05-15 17:00,43.052,89.103485
2026-05-15 18:00,43.054,89.291627
2026-05-15 19:00,43.062,90.044589
2026-05-15 20:00,43.062,90.044589
2026-05-15 21:00,43.127,96.187581
2026-05-15 22:00,43.151,98.465776
2026-05-15 23:00,43.128,96.282421
2026-05-16 00:00,42.229,16.380707
2026-05-16 01:00,42.0,
2026-05-16 02:00,42.0,
2026-05-16 03:00,42.0,
2026-05-16 04:00,42.0,
2026-05-16 05:00,42.0,
2026-05-16 06:00,42.0,
2026-05-16 07:00,42.0,
2026-05-16 08:00,42.0,
2026-05-16 09:00,42.0,
2026-05-16 10:00,42.0,
2026-05-16 11:00,42.304,22.437915
2026-05-16 12:00,42.41,31.282125
2026-05-16 13:00,42.443,34.090646
2026-05-16 14:00,42.452,34.861355
2026-05-16 15:00,42.944,79.001221
2026-05-16 16:00,43.035,87.50528
2026-05-16 17:00,43.051,89.009414
2026-05-16 18:00,43.058,89.667911
2026-05-16 19:00,43.062,90.044589
2026-05-16 20:00,43.062,90.044589
2026-05-16 21:00,43.062,90.044589
2026-05-16 22:00,43.063,90.138857
2026-05-16 23:00,43.06,89.856053
2026-05-17 00:00,42.223,15.903764
2026-05-17 01:00,42.0,
2026-05-17 02:00,42.0,
2026-05-17 03:00,42.0,
2026-05-17 04:00,42.0,
2026-05-17 05:00,42.0,
2026-05-17 06:00,42.0,
2026-05-17 07:00,42.0,
2026-05-17 08:00,42.0,
2026-05-17 09:00,42.0,
2026-05-17 10:00,42.0,
2026-05-17 11:00,42.146,9.936333
2026-05-17 12:00,42.361,27.156753
2026-05-17 13:00,42.428,32.811301
2026-05-17 14:00,42.925,77.236889
2026-05-17 15:00,43.02,86.097221
2026-05-17 16:00,43.049,88.821272
2026-05-17 17:00,43.052,89.103485
2026-05-17 18:00,43.056,89.479769
2026-05-17 19:00,43.057,89.57384
2026-05-17 20:00,43.058,89.667911
2026-05-17 21:00,43.058,89.667911
2026-05-17 22:00,43.06,89.856053
2026-05-17 23:00,43.058,89.667911
2026-05-18 00:00,42.1,6.524455
2026-05-18 01:00,42.0,
2026-05-18 02:00,42.0,
2026-05-18 03:00,42.0,
2026-05-18 04:00,42.0,
2026-05-18 05:00,42.0,
2026-05-18 06:00,42.0,
2026-05-18 07:00,42.0,
2026-05-18 08:00,42.0,
2026-05-18 09:00,42.0,
2026-05-18 10:00,42.0,
2026-05-18 11:00,42.284,20.804271
2026-05-18 12:00,42.402,30.604088
2026-05-18 13:00,42.439,33.74854
2026-05-18 14:00,42.937,78.35065
2026-05-18 15:00,43.026,86.660444
2026-05-18 16:00,43.042,88.162775
2026-05-18 17:00,43.05,88.915343
2026-05-18 18:00,43.057,89.57384
2026-05-18 19:00,43.07,90.798733
2026-05-18 20:00,43.072,90.987269
2026-05-18 21:00,43.075,91.270074
2026-05-18 22:00,43.071,90.893001
2026-05-18 23:00,43.011,85.25422
2026-05-19 00:00,42.044,2.625924
2026-05-19 01:00,42.0,
2026-05-19 02:00,42.0,
2026-05-19 03:00,42.0,
2026-05-19 04:00,42.0,
2026-05-19 05:00,42.0,
2026-05-19 06:00,42.0,
2026-05-19 07:00,42.0,
2026-05-19 08:00,42.0,
2026-05-19 09:00,42.0,
2026-05-19 10:00,42.0,
2026-05-19 11:00,42.275,20.073441
2026-05-19 12:00,42.39,29.59172
2026-05-19 13:00,42.431,33.066911
2026-05-19 14:00,42.941,78.722123
2026-05-19 15:00,43.043,88.256846
2026-05-19 16:00,43.061,89.950321
2026-05-19 17:00,43.088,92.497108
2026-05-19 18:00,43.073,91.081537
2026-05-19 19:00,43.054,89.291627
2026-05-19 20:00,43.063,90.138857
2026-05-19 21:00,43.063,90.138857
2026-05-19 22:00,43.066,90.421661
2026-05-19 23:00,42.972,81.60872
2026-05-20 00:00,42.036,2.104427
2026-05-20 01:00,42.0,
2026-05-20 02:00,42.0,
2026-05-20 03:00,42.0,
2026-05-20 04:00,42.0,
2026-05-20 05:00,42.0,
2026-05-20 06:00,42.0,
2026-05-20 07:00,42.0,
2026-05-20 08:00,42.0,
2026-05-20 09:00,42.0,
2026-05-20 10:00,42.0,
2026-05-20 11:00,42.296,21.783004
2026-05-20 12:00,42.412,31.451635
2026-05-20 13:00,42.447,34.433184
2026-05-20 14:00,42.884,73.443229
2026-05-20 15:00,43.03,87.035927
2026-05-20 16:00,43.057,89.57384
2026-05-20 17:00,43.061,89.950321
2026-05-20 18:00,43.065,90.327393
2026-05-20 19:00,43.063,90.138857
2026-05-20 20:00,43.068,90.610197
2026-05-20 21:00,43.062,90.044589
2026-05-20 22:00,43.064,90.233125
2026-05-20 23:00,43.063,90.138857
2026-05-21 00:00,42.063,3.908022
2026-05-21 01:00,42.0,
2026-05-21 02:00,42.0,
2026-05-21 03:00,42.0,
2026-05-21 04:00,42.0,
2026-05-21 05:00,42.0,
2026-05-21 06:00,42.0,
2026-05-21 07:00,42.0,
2026-05-21 08:00,42.0,
2026-05-21 09:00,42.0,
2026-05-21 10:00,42.0,
2026-05-21 11:00,42.296,21.783004
2026-05-21 12:00,42.406,30.943107
2026-05-21 13:00,42.434,33.322522
2026-05-21 14:00,42.929,77.608142
2026-05-21 15:00,43.029,86.942056
2026-05-21 16:00,43.052,89.103485
2026-05-21 17:00,43.058,89.667911
2026-05-21 18:00,43.058,89.667911
2026-05-21 19:00,43.06,89.856053
2026-05-21 20:00,43.06,89.856053
2026-05-21 21:00,43.058,89.667911
2026-05-21 22:00,43.06,89.856053
2026-05-21 23:00,42.994,83.663131
2026-05-22 00:00,42.039,2.294332
2026-05-22 01:00,42.0,
2026-05-22 02:00,42.0,
2026-05-22 03:00,42.0,
2026-05-22 04:00,42.0,
2026-05-22 05:00,42.0,
2026-05-22 06:00,42.0,
2026-05-22 07:00,42.0,
2026-05-22 08:00,42.0,
2026-05-22 09:00,42.0,
2026-05-22 10:00,42.0,
2026-05-22 11:00,42.106,6.963893
2026-05-22 12:00,42.247,17.816705
2026-05-22 13:00,42.389,29.507434
2026-05-22 14:00,42.53,41.604982
2026-05-22 15:00,42.672,54.158553
2026-05-22 16:00,42.813,66.920529
2026-05-22 17:00,42.955,80.024581
2026-05-22 18:00,43.062,90.044589
2026-05-22 19:00,43.064,90.233125
2026-05-22 20:00,43.064,90.233125
2026-05-22 21:00,43.067,90.515929
2026-05-22 22:00,43.07,90.798733
2026-05-22 23:00,42.859,71.139297
2026-05-23 00:00,42.016,0.873282
2026-05-23 01:00,42.0,
2026-05-23 02:00,42.0,
2026-05-23 03:00,42.0,
2026-05-23 04:00,42.0,
2026-05-23 05:00,42.0,
2026-05-23 06:00,42.0,
2026-05-23 07:00,42.0,
2026-05-23 08:00,42.0,
2026-05-23 09:00,42.0,
2026-05-23 10:00,42.0,
2026-05-23 11:00,42.302,22.273581
2026-05-23 12:00,42.405,30.858352
2026-05-23 13:00,42.539,42.389804
2026-05-23 14:00,42.98,82.354703
2026-05-23 15:00,43.046,88.539059
2026-05-23 16:00,43.057,89.57384
2026-05-23 17:00,43.063,90.138857
2026-05-23 18:00,43.065,90.327393
2026-05-23 19:00,43.068,90.610197
2026-05-23 20:00,43.068,90.610197
2026-05-23 21:00,43.068,90.610197
2026-05-23 22:00,43.071,90.893001
2026-05-23 23:00,42.622,49.700566
2026-05-24 00:00,42.0,
2026-05-24 01:00,42.0,
2026-05-24 02:00,42.0,
2026-05-24 03:00,42.0,
2026-05-24 04:00,42.0,
2026-05-24 05:00,42.0,
2026-05-24 06:00,42.0,
2026-05-24 07:00,42.0,
2026-05-24 08:00,42.0,
2026-05-24 09:00,42.0,
2026-05-24 10:00,42.002,0.10916
2026-05-24 11:00,42.314,23.259582
2026-05-24 12:00,42.421,32.214876
2026-05-24 13:00,42.543,42.739691
2026-05-24 14:00,42.979,82.261455
2026-05-24 15:00,43.045,88.444988
2026-05-24 16:00,43.056,89.479769
2026-05-24 17:00,43.064,90.233125
2026-05-24 18:00,43.061,89.950321
2026-05-24 19:00,43.062,90.044589
2026-05-24 20:00,43.069,90.704465
2026-05-24 21:00,43.071,90.893001
2026-05-24 22:00,43.068,90.610197
2026-05-24 23:00,42.578,45.810597
2026-05-25 00:00,42.0,
2026-05-25 01:00,42.0,
2026-05-25 02:00,42.0,
2026-05-25 03:00,42.0,
2026-05-25 04:00,42.0,
2026-05-25 05:00,42.0,
2026-05-25 06:00,42.0,
2026-05-25 07:00,42.0,
2026-05-25 08:00,42.0,
2026-05-25 09:00,42.0,
2026-05-25 10:00,42.0,
2026-05-25 11:00,42.288,21.130515
2026-05-25 12:00,42.407,31.027861
2026-05-25 13:00,42.442,34.005012
2026-05-25 14:00,42.933,77.979396
2026-05-25 15:00,43.041,88.068704
2026-05-25 16:00,43.063,90.138857
2026-05-25 17:00,43.076,91.364342
2026-05-25 18:00,43.082,91.930337
2026-05-25 19:00,43.085,92.213723
2026-05-25 20:00,43.086,92.308185
2026-05-25 21:00,43.091,92.780494
2026-05-25 22:00,43.09,92.686032
2026-05-25 23:00,42.743,60.550867
2026-05-26 00:00,42.001,0.05458
2026-05-26 01:00,42.0,
2026-05-26 02:00,42.0,
2026-05-26 03:00,42.0,
2026-05-26 04:00,42.0,
2026-05-26 05:00,42.0,
2026-05-26 06:00,42.0,
2026-05-26 07:00,42.0,
2026-05-26 08:00,42.0,
2026-05-26 09:00,42.0,
2026-05-26 10:00,42.0,
2026-05-26 11:00,42.304,22.437915
2026-05-26 12:00,42.413,31.536389
2026-05-26 13:00,42.452,34.861355
2026-05-26 14:00,42.944,79.001221
2026-05-26 15:00,43.04,87.974633
2026-05-26 16:00,43.06,89.856053
2026-05-26 17:00,43.066,90.421661
2026-05-26 18:00,43.075,91.270074
2026-05-26 19:00,43.067,90.515929
2026-05-26 20:00,43.066,90.421661
2026-05-26 21:00,43.064,90.233125
2026-05-26 22:00,43.065,90.327393
2026-05-26 23:00,42.68,54.874545
2026-05-27 00:00,42.0,
2026-05-27 01:00,42.0,
2026-05-27 02:00,42.0,
2026-05-27 03:00,42.0,
2026-05-27 04:00,42.0,
2026-05-27 05:00,42.0,
2026-05-27 06:00,42.0,
2026-05-27 07:00,42.0,
2026-05-27 08:00,42.0,
2026-05-27 09:00,42.0,
2026-05-27 10:00,42.0,
2026-05-27 11:00,42.285,20.885832
2026-05-27 12:00,42.416,31.790653
2026-05-27 13:00,42.446,34.347549
2026-05-27 14:00,42.943,78.908189
2026-05-27 15:00,43.039,87.880762
2026-05-27 16:00,43.06,89.856053
2026-05-27 17:00,43.067,90.515929
2026-05-27 18:00,43.067,90.515929
2026-05-27 19:00,43.068,90.610197
2026-05-27 20:00,43.418,124.145655
2026-05-27 21:00,43.552,137.244908
2026-05-27 22:00,43.574,139.407767
2026-05-27 23:00,42.158,10.846021
2026-05-28 00:00,42.0,
2026-05-28 01:00,42.0,
2026-05-28 02:00,42.0,
2026-05-28 03:00,42.0,
2026-05-28 04:00,42.0,
2026-05-28 05:00,42.0,
2026-05-28 06:00,42.0,
2026-05-28 07:00,42.0,
2026-05-28 08:00,42.0,
2026-05-28 09:00,42.0,
2026-05-28 10:00,42.0,
2026-05-28 11:00,42.281,20.559587
2026-05-28 12:00,42.407,31.027861
2026-05-28 13:00,42.439,33.74854
2026-05-28 14:00,42.937,78.35065
2026-05-28 15:00,43.039,87.880762
2026-05-28 16:00,43.058,89.667911
2026-05-28 17:00,43.06,89.856053
2026-05-28 18:00,43.062,90.044589
2026-05-28 19:00,43.065,90.327393
2026-05-28 20:00,43.064,90.233125
2026-05-28 21:00,43.064,90.233125
2026-05-28 22:00,43.065,90.327393
2026-05-28 23:00,43.025,86.566574
2026-05-29 00:00,42.048,2.894215
2026-05-29 01:00,42.0,
2026-05-29 02:00,42.0,
2026-05-29 03:00,42.0,
2026-05-29 04:00,42.0,
2026-05-29 05:00,42.0,
2026-05-29 06:00,42.0,
2026-05-29 07:00,42.0,
2026-05-29 08:00,42.0,
2026-05-29 09:00,42.0,
2026-05-29 10:00,42.0,
2026-05-29 11:00,42.28,20.478026
2026-05-29 12:00,42.405,30.858352
2026-05-29 13:00,42.441,33.919378
2026-05-29 14:00,42.96,80.489745
2026-05-29 15:00,43.033,87.317538
2026-05-29 16:00,43.055,89.385698
2026-05-29 17:00,43.065,90.327393
2026-05-29 18:00,43.077,91.45861
2026-05-29 19:00,43.078,91.552878
2026-05-29 20:00,43.075,91.270074
2026-05-29 21:00,43.08,91.741414
2026-05-29 22:00,43.079,91.647146
2026-05-29 23:00,43.06,89.856053
2026-05-30 00:00,42.06,3.699086
2026-05-30 01:00,42.0,
2026-05-30 02:00,42.0,
2026-05-30 03:00,42.0,
2026-05-30 04:00,42.0,
2026-05-30 05:00,42.0,
2026-05-30 06:00,42.0,
2026-05-30 07:00,42.0,
2026-05-30 08:00,42.0,
2026-05-30 09:00,42.0,
2026-05-30 10:00,42.0,
2026-05-30 11:00,42.312,23.095248
2026-05-30 12:00,42.425,32.55569
2026-05-30 13:00,42.449,34.604452
2026-05-30 14:00,42.963,80.769488
2026-05-30 15:00,43.04,87.974633
2026-05-30 16:00,43.054,89.291627
2026-05-30 17:00,43.055,89.385698
2026-05-30 18:00,43.06,89.856053
2026-05-30 19:00,43.057,89.57384
2026-05-30 20:00,43.06,89.856053
2026-05-30 21:00,43.062,90.044589
2026-05-30 22:00,43.064,90.233125
2026-05-30 23:00,42.716,58.111597
2026-05-31 00:00,42.0,
2026-05-31 01:00,42.0,
2026-05-31 02:00,42.0,
2026-05-31 03:00,42.0,
2026-05-31 04:00,42.0,
2026-05-31 05:00,42.0,
2026-05-31 06:00,42.0,
2026-05-31 07:00,42.0,
2026-05-31 08:00,42.0,
2026-05-31 09:00,42.0,
2026-05-31 10:00,42.001,0.05458
2026-05-31 11:00,42.306,22.602248
2026-05-31 12:00,42.42,32.129672
2026-05-31 13:00,42.445,34.261915
2026-05-31 14:00,42.95,79.559418
2026-05-31 15:00,43.04,87.974633
2026-05-31 16:00,43.055,89.385698
2026-05-31 17:00,43.059,89.761982
2026-05-31 18:00,43.061,89.950321
2026-05-31 19:00,43.064,90.233125
2026-05-31 20:00,43.061,89.950321
2026-05-31 21:00,43.064,90.233125
2026-05-31 22:00,43.068,90.610197
2026-05-31 23:00,42.544,42.827253
2026-06-01 00:00,42.0,
2026-06-01 01:00,42.0,
2026-06-01 02:00,42.0,
2026-06-01 03:00,42.0,
2026-06-01 04:00,42.0,
2026-06-01 05:00,42.0,
2026-06-01 06:00,42.0,
2026-06-01 07:00,42.0,
2026-06-01 08:00,42.0,
2026-06-01 09:00,42.0,
2026-06-01 10:00,42.002,0.10916
2026-06-01 11:00,42.311,23.013082
2026-06-01 12:00,42.415,31.705899
2026-06-01 13:00,42.459,35.460795
2026-06-01 14:00,42.965,80.955984
2026-06-01 15:00,43.038,87.786891
2026-06-01 16:00,43.058,89.667911
2026-06-01 17:00,43.077,91.45861
2026-06-01 18:00,43.082,91.930337
2026-06-01 19:00,43.481,130.287753
2026-06-01 20:00,43.578,139.801218
2026-06-01 21:00,43.604,142.362508
2026-06-01 22:00,43.208,103.897347
2026-06-01 23:00,42.651,52.281775
2026-06-02 00:00,42.0,
2026-06-02 01:00,42.0,
2026-06-02 02:00,42.0,
2026-06-02 03:00,42.0,
2026-06-02 04:00,42.0,
2026-06-02 05:00,42.0,
2026-06-02 06:00,42.0,
2026-06-02 07:00,42.0,
2026-06-02 08:00,42.0,
2026-06-02 09:00,42.0,
2026-06-02 10:00,42.0,
2026-06-02 11:00,42.298,21.946126
2026-06-02 12:00,42.41,31.282125
2026-06-02 13:00,42.439,33.74854
2026-06-02 14:00,42.94,78.62909
2026-06-02 15:00,43.046,88.539059
2026-06-02 16:00,43.066,90.421661
2026-06-02 17:00,43.075,91.270074
2026-06-02 18:00,43.076,91.364342
2026-06-02 19:00,43.455,127.749517
2026-06-02 20:00,43.569,138.915954
2026-06-02 21:00,43.593,141.278453
2026-06-02 22:00,43.606,142.559783
2026-06-02 23:00,42.512,40.038307
2026-06-03 00:00,42.0,
2026-06-03 01:00,42.0,
2026-06-03 02:00,42.0,
2026-06-03 03:00,42.0,
2026-06-03 04:00,42.0,
2026-06-03 05:00,42.0,
2026-06-03 06:00,42.0,
2026-06-03 07:00,42.0,
2026-06-03 08:00,42.0,
2026-06-03 09:00,42.0,
2026-06-03 10:00,42.0,
2026-06-03 11:00,42.282,20.641148
2026-06-03 12:00,42.409,31.197371
2026-06-03 13:00,42.441,33.919378
2026-06-03 14:00,42.953,79.838516
2026-06-03 15:00,43.045,88.444988
2026-06-03 16:00,43.068,90.610197
2026-06-03 17:00,43.07,90.798733
2026-06-03 18:00,43.075,91.270074
2026-06-03 19:00,43.481,130.287753
2026-06-03 20:00,43.575,139.50613
2026-06-03 21:00,43.597,141.672456
2026-06-03 22:00,43.603,142.26387
2026-06-03 23:00,42.345,25.823754
2026-06-04 00:00,42.0,
2026-06-04 01:00,42.0,
2026-06-04 02:00,42.0,
2026-06-04 03:00,42.0,
2026-06-04 04:00,42.0,
2026-06-04 05:00,42.0,
2026-06-04 06:00,42.0,
2026-06-04 07:00,42.0,
2026-06-04 08:00,42.0,
2026-06-04 09:00,42.0,
2026-06-04 10:00,42.0,
2026-06-04 11:00,42.27,19.668855
2026-06-04 12:00,42.402,30.604088
2026-06-04 13:00,42.451,34.775721
2026-06-04 14:00,42.943,78.908189
2026-06-04 16:00,43.133,96.756622
2026-06-04 17:00,43.239,106.863081
2026-06-04 18:00,43.345,117.066549
2026-06-04 19:00,43.451,127.35952
2026-06-04 20:00,43.557,137.736023
2026-06-04 21:00,43.596,141.573955
2026-06-04 22:00,43.596,141.573955
2026-06-04 23:00,42.344,25.740473
2026-06-05 00:00,42.0,
2026-06-05 01:00,42.0,
2026-06-05 02:00,42.0,
2026-06-05 03:00,42.0,
2026-06-05 04:00,42.0,
2026-06-05 05:00,42.0,
2026-06-05 06:00,42.0,
2026-06-05 07:00,42.0,
2026-06-05 08:00,42.0,
2026-06-05 09:00,42.0,
2026-06-05 10:00,42.0,
2026-06-05 11:00,42.292,21.456759
2026-06-05 12:00,42.417,31.875408
2026-06-05 13:00,42.452,34.861355
2026-06-05 14:00,42.944,79.001221
2026-06-05 15:00,43.038,87.786891
2026-06-05 16:00,43.059,89.761982
2026-06-05 17:00,43.063,90.138857
2026-06-05 18:00,43.062,90.044589
2026-06-05 19:00,43.067,90.515929
2026-06-05 20:00,43.067,90.515929
2026-06-05 21:00,42.94,78.62909
2026-06-05 22:00,42.0,
2026-06-05 23:00,42.0,
2026-06-06 00:00,42.0,
2026-06-06 01:00,42.0,
2026-06-06 02:00,42.0,
2026-06-06 03:00,42.0,
2026-06-06 04:00,42.0,
2026-06-06 05:00,42.0,
2026-06-06 06:00,42.0,
2026-06-06 07:00,42.0,
2026-06-06 08:00,42.0,
2026-06-06 09:00,42.0,
2026-06-06 10:00,42.0,
2026-06-06 11:00,42.0,
2026-06-06 12:00,42.0,
2026-06-06 13:00,42.0,
2026-06-06 14:00,42.296,21.783004
2026-06-06 15:00,42.412,31.451635
2026-06-06 16:00,42.446,34.347549
2026-06-06 17:00,42.456,35.203892
2026-06-06 18:00,42.466,36.062719
2026-06-06 19:00,43.434,125.702936
2026-06-06 20:00,43.565,138.522504
2026-06-06 21:00,43.597,141.672456
2026-06-06 22:00,43.613,143.250244
2026-06-06 23:00,42.771,63.091297
2026-06-07 00:00,42.017,0.927863
2026-06-07 01:00,42.0,
2026-06-07 02:00,42.0,
2026-06-07 03:00,42.0,
2026-06-07 04:00,42.0,
2026-06-07 05:00,42.0,
2026-06-07 06:00,42.0,
2026-06-07 07:00,42.0,
2026-06-07 08:00,42.0,
2026-06-07 09:00,42.0,
2026-06-07 10:00,42.0,
2026-06-07 11:00,42.0,
2026-06-07 12:00,42.0,
2026-06-07 13:00,42.0,
2026-06-07 14:00,42.284,20.804271
2026-06-07 15:00,42.412,31.451635
2026-06-07 16:00,42.441,33.919378
2026-06-07 17:00,42.448,34.518818
2026-06-07 18:00,42.445,34.261915
2026-06-07 19:00,43.36,118.517492
2026-06-07 20:00,43.533,135.379664
2026-06-07 21:00,43.57,139.014317
2026-06-07 22:00,43.59,140.982951
2026-06-07 23:00,43.356,118.130574
2026-06-08 00:00,42.143,9.708911
2026-06-08 01:00,42.0,
2026-06-08 02:00,42.0,
2026-06-08 03:00,42.0,
2026-06-08 04:00,42.0,
2026-06-08 05:00,42.0,
2026-06-08 06:00,42.0,
2026-06-08 07:00,42.0,
2026-06-08 08:00,42.0,
2026-06-08 09:00,42.0,
2026-06-08 10:00,42.0,
2026-06-08 11:00,42.0,
2026-06-08 12:00,42.0,
2026-06-08 13:00,42.059,3.632014
2026-06-08 14:00,42.336,25.076398
2026-06-08 15:00,42.426,32.640894
2026-06-08 16:00,42.452,34.861355
2026-06-08 17:00,42.457,35.289526
2026-06-08 18:00,42.462,35.718526
2026-06-08 19:00,43.378,120.261466
2026-06-08 20:00,43.538,135.870071
2026-06-08 21:00,43.59,140.982951
2026-06-08 22:00,43.601,142.066596
2026-06-08 23:00,42.992,83.476213
2026-06-09 00:00,42.07,4.39554
2026-06-09 01:00,42.0,
2026-06-09 02:00,42.0,
2026-06-09 03:00,42.0,
2026-06-09 04:00,42.0,
2026-06-09 05:00,42.0,
2026-06-09 06:00,42.0,
2026-06-09 07:00,42.0,
2026-06-09 08:00,42.0,
2026-06-09 09:00,42.0,
2026-06-09 10:00,42.0,
2026-06-09 11:00,42.0,
2026-06-09 12:00,42.0,
2026-06-09 13:00,42.0,
2026-06-09 14:00,42.293,21.53832
2026-06-09 15:00,42.41,31.282125
2026-06-09 16:00,42.452,34.861355
2026-06-09 17:00,42.457,35.289526
2026-06-09 18:00,42.45,34.690086
2026-06-09 19:00,43.36,118.517492
2026-06-09 20:00,43.528,134.889256
2026-06-09 21:00,43.579,139.89958
2026-06-09 22:00,43.598,141.770957
2026-06-09 23:00,43.121,95.618541
2026-06-10 00:00,42.099,6.452832
2026-06-10 01:00,42.0,
2026-06-10 02:00,42.0,
2026-06-10 03:00,42.0,
2026-06-10 04:00,42.0,
2026-06-10 05:00,42.0,
2026-06-10 06:00,42.0,
2026-06-10 07:00,42.0,
2026-06-10 08:00,42.0,
2026-06-10 09:00,42.0,
2026-06-10 10:00,42.0,
2026-06-10 11:00,42.0,
2026-06-10 12:00,42.0,
2026-06-10 13:00,42.0,
2026-06-10 14:00,42.284,20.804271
2026-06-10 15:00,42.41,31.282125
2026-06-10 16:00,42.453,34.946989
2026-06-10 17:00,42.468,36.234815
2026-06-10 18:00,42.468,36.234815
2026-06-10 19:00,43.41,123.368078
2026-06-10 20:00,43.566,138.620867
2026-06-10 21:00,43.599,141.869457
2026-06-10 22:00,43.608,142.757057
2026-06-10 23:00,43.064,90.233125
2026-06-11 00:00,42.089,5.736601
2026-06-11 01:00,42.0,
2026-06-11 02:00,42.0,
2026-06-11 03:00,42.0,
2026-06-11 04:00,42.0,
2026-06-11 05:00,42.0,
2026-06-11 06:00,42.0,
2026-06-11 07:00,42.0,
2026-06-11 08:00,42.0,
2026-06-11 09:00,42.0,
2026-06-11 10:00,42.0,
2026-06-11 11:00,42.206,14.563605
2026-06-11 12:00,42.378,28.581271
2026-06-11 13:00,42.439,33.74854
2026-06-11 14:00,42.451,34.775721
2026-06-11 15:00,42.471,36.49296
2026-06-11 16:00,42.461,35.632477
2026-06-11 17:00,43.384,120.843414
2026-06-11 18:00,43.562,138.227416
2026-06-11 19:00,43.597,141.672456
2026-06-11 20:00,43.616,143.546157
2026-06-11 21:00,43.621,144.039479
2026-06-11 22:00,42.986,82.915458
2026-06-11 23:00,42.0,
2026-06-12 00:00,42.0,
2026-06-12 01:00,42.0,
2026-06-12 02:00,42.0,
2026-06-12 03:00,42.0,
2026-06-12 04:00,42.0,
2026-06-12 05:00,42.0,
2026-06-12 06:00,42.0,
2026-06-12 07:00,42.0,
2026-06-12 08:00,42.0,
2026-06-12 09:00,42.0,
2026-06-12 10:00,42.0,
2026-06-12 11:00,42.295,21.701442
2026-06-12 12:00,42.417,31.875408
2026-06-12 13:00,42.448,34.518818
2026-06-12 14:00,42.459,35.460795
2026-06-12 15:00,42.459,35.460795
2026-06-12 16:00,42.462,35.718526
2026-06-12 17:00,43.284,111.18347
2026-06-12 18:00,43.52,134.104604
2026-06-12 19:00,43.578,139.801218
2026-06-12 20:00,43.589,140.88445
2026-06-12 21:00,43.596,141.573955
2026-06-12 22:00,43.097,93.347265
2026-06-12 23:00,42.002,0.10916
2026-06-13 00:00,42.0,
2026-06-13 01:00,42.0,
2026-06-13 02:00,42.0,
2026-06-13 03:00,42.0,
2026-06-13 04:00,42.0,
2026-06-13 05:00,42.0,
2026-06-13 06:00,42.0,
2026-06-13 07:00,42.0,
2026-06-13 08:00,42.0,
2026-06-13 09:00,42.0,
2026-06-13 10:00,42.0,
2026-06-13 11:00,42.248,17.896934
2026-06-13 12:00,42.398,30.266007
2026-06-13 13:00,42.44,33.833744
2026-06-13 14:00,42.449,34.604452
2026-06-13 15:00,42.455,35.118258
2026-06-13 16:00,42.451,34.775721
2026-06-13 17:00,43.259,108.78106
2026-06-13 18:00,43.517,133.810789
2026-06-13 19:00,43.563,138.325779
2026-06-13 20:00,43.583,140.293445
2026-06-13 21:00,43.596,141.573955
2026-06-13 22:00,42.994,83.663131
2026-06-13 23:00,42.0,
2026-06-14 00:00,42.0,
2026-06-14 01:00,42.0,
2026-06-14 02:00,42.0,
2026-06-14 03:00,42.0,
2026-06-14 04:00,42.0,
2026-06-14 05:00,42.0,
2026-06-14 06:00,42.0,
2026-06-14 07:00,42.0,
2026-06-14 08:00,42.0,
2026-06-14 09:00,42.0,
2026-06-14 10:00,42.0,
2026-06-14 11:00,42.296,21.783004
2026-06-14 12:00,42.405,30.858352
2026-06-14 13:00,42.443,34.090646
2026-06-14 14:00,42.448,34.518818
2026-06-14 15:00,42.452,34.861355
2026-06-14 16:00,42.465,35.97667
2026-06-14 17:00,43.307,113.398212
2026-06-14 18:00,43.549,136.95024
2026-06-14 19:00,43.601,142.066596
2026-06-14 20:00,43.621,144.039479
2026-06-14 21:00,43.62,143.940706
2026-06-14 22:00,43.016,85.722554
2026-06-14 23:00,42.0,
2026-06-15 00:00,42.0,
2026-06-15 01:00,42.0,
2026-06-15 02:00,42.0,
2026-06-15 03:00,42.0,
2026-06-15 04:00,42.379,28.665066
2026-06-15 05:00,43.447,126.969524
2026-06-15 06:00,43.681,149.974218
2026-06-15 07:00,43.731,154.938104
2026-06-15 08:00,42.244,17.576018
2026-06-15 09:00,42.0,
2026-06-15 10:00,42.0,
2026-06-15 11:00,42.0,
2026-06-15 12:00,42.0,
2026-06-15 13:00,42.0,
2026-06-15 14:00,42.0,
2026-06-15 15:00,42.0,
2026-06-15 16:00,42.0,
2026-06-15 17:00,42.0,
2026-06-15 18:00,42.0,
2026-06-15 19:00,43.295,112.242145
2026-06-15 20:00,43.511,133.223158
2026-06-15 21:00,43.565,138.522504
2026-06-15 22:00,43.132,96.661782
2026-06-15 23:00,42.01,0.545802
2026-06-16 00:00,42.0,
2026-06-16 01:00,42.0,
2026-06-16 02:00,42.0,
2026-06-16 03:00,42.0,
2026-06-16 04:00,42.0,
2026-06-16 05:00,42.0,
2026-06-16 06:00,42.0,
2026-06-16 07:00,42.0,
2026-06-16 08:00,42.0,
2026-06-16 09:00,42.0,
2026-06-16 10:00,42.0,
2026-06-16 11:00,42.297,21.864565
2026-06-16 12:00,42.408,31.112616
2026-06-16 13:00,42.446,34.347549
2026-06-16 14:00,42.458,35.37516
2026-06-16 15:00,42.454,35.032623
2026-06-16 16:00,42.453,34.946989
2026-06-16 17:00,42.686,55.413294
2026-06-16 18:00,43.445,126.774526
2026-06-16 19:00,43.57,139.014317
2026-06-16 20:00,43.599,141.869457
2026-06-16 21:00,43.605,142.461145
2026-06-16 22:00,43.315,114.169472
2026-06-16 23:00,42.079,5.022347
2026-06-17 00:00,42.0,
2026-06-17 01:00,42.0,
2026-06-17 02:00,42.0,
2026-06-17 03:00,42.0,
2026-06-17 04:00,42.0,
2026-06-17 05:00,42.0,
2026-06-17 06:00,42.0,
2026-06-17 07:00,42.0,
2026-06-17 08:00,42.0,
2026-06-17 09:00,42.0,
2026-06-17 10:00,42.0,
2026-06-17 11:00,42.304,22.437915
2026-06-17 12:00,42.426,32.640894
2026-06-17 13:00,42.461,35.632477
2026-06-17 14:00,42.47,36.406912
2026-06-17 15:00,42.475,36.837153
2026-06-17 16:00,42.477,37.009249
2026-06-17 17:00,42.747,60.913369
2026-06-17 18:00,43.018,85.909887
2026-06-17 19:00,43.067,90.515929
2026-06-17 20:00,43.076,91.364342
2026-06-17 21:00,43.077,91.45861
2026-06-17 22:00,42.0,
2026-06-17 23:00,42.0,
2026-06-18 00:00,42.0,
2026-06-18 01:00,42.27,19.668855
2026-06-18 02:00,42.358,26.906397
2026-06-18 03:00,42.385,29.17029
2026-06-18 04:00,42.394,29.928863
2026-06-18 05:00,42.388,29.423148
2026-06-18 06:00,42.385,29.17029
2026-06-18 07:00,42.395,30.013149
2026-06-18 08:00,42.388,29.423148
2026-06-18 09:00,42.385,29.17029
2026-06-18 10:00,42.386,29.254576
2026-06-18 11:00,42.385,29.17029
2026-06-18 12:00,42.382,28.917433
2026-06-18 13:00,42.379,28.665066
2026-06-18 14:00,42.388,29.423148
2026-06-18 15:00,42.381,28.833147
2026-06-18 16:00,42.387,29.338862
2026-06-18 17:00,42.387,29.338862
2026-06-18 18:00,42.393,29.844577
2026-06-18 19:00,42.386,29.254576
2026-06-18 20:00,42.383,29.001719
2026-06-18 21:00,42.0,
2026-06-18 22:00,42.0,
2026-06-18 23:00,42.0,
2026-06-19 00:00,42.125,8.36231
2026-06-19 01:00,42.343,25.657193
2026-06-19 02:00,42.394,29.928863
2026-06-19 03:00,42.4,30.434579
2026-06-19 04:00,42.402,30.604088
2026-06-19 05:00,42.403,30.688843
2026-06-19 06:00,42.406,30.943107
2026-06-19 07:00,42.403,30.688843
2026-06-19 08:00,42.4,30.434579
2026-06-19 09:00,42.4,30.434579
2026-06-19 10:00,42.402,30.604088
2026-06-19 11:00,42.403,30.688843
2026-06-19 12:00,42.393,29.844577
2026-06-19 13:00,42.395,30.013149
2026-06-19 14:00,42.394,29.928863
2026-06-19 15:00,42.399,30.350293
2026-06-19 16:00,42.4,30.434579
2026-06-19 17:00,42.471,36.49296
2026-06-19 18:00,42.634,50.767248
2026-06-19 19:00,42.554,43.702867
2026-06-19 20:00,42.543,42.739691
2026-06-19 21:00,42.538,42.302602
2026-06-19 22:00,42.538,42.302602
2026-06-19 23:00,42.0,
2026-06-20 00:00,42.0,
2026-06-20 01:00,42.34,25.407352
2026-06-20 02:00,42.432,33.152115
2026-06-20 03:00,42.45,34.690086
2026-06-20 04:00,42.45,34.690086
2026-06-20 05:00,42.45,34.690086
2026-06-20 06:00,42.454,35.032623
2026-06-20 07:00,42.457,35.289526
2026-06-20 08:00,42.456,35.203892
2026-06-20 09:00,42.0,
2026-06-20 10:00,42.0,
2026-06-20 11:00,42.0,
2026-06-20 12:00,42.0,
2026-06-20 13:00,42.343,25.657193
2026-06-20 14:00,42.47,36.406912
2026-06-20 15:00,42.511,39.951476
2026-06-20 16:00,42.533,41.866589
2026-06-20 17:00,42.539,42.389804
2026-06-20 18:00,42.548,43.177498
2026-06-20 19:00,42.577,45.722688
2026-06-20 20:00,43.022,86.284962
2026-06-20 21:00,43.143,97.705577
2026-06-20 22:00,42.798,65.549999
2026-06-20 23:00,42.0,
2026-06-21 00:00,42.0,
2026-06-21 01:00,42.0,
2026-06-21 02:00,42.0,
2026-06-21 03:00,42.0,
2026-06-21 04:00,42.0,
2026-06-21 05:00,42.0,
2026-06-21 06:00,42.0,
2026-06-21 07:00,42.0,
2026-06-21 08:00,42.0,
2026-06-21 09:00,42.296,21.783004
2026-06-21 10:00,42.418,31.960163
2026-06-21 11:00,42.614,48.99135
2026-06-21 12:00,42.914,76.217281
2026-06-21 13:00,43.044,88.350917
2026-06-21 14:00,43.066,90.421661
2026-06-21 15:00,43.074,91.175805
2026-06-21 16:00,43.073,91.081537
2026-06-21 17:00,43.072,90.987269
2026-06-21 18:00,43.08,91.741414
2026-06-21 19:00,43.083,92.024799
2026-06-21 20:00,43.088,92.497108
2026-06-21 21:00,43.097,93.347265
2026-06-21 22:00,42.443,34.090646
2026-06-21 23:00,42.0,
2026-06-22 00:00,42.0,
2026-06-22 01:00,42.0,
2026-06-22 02:00,42.0,
2026-06-22 03:00,42.0,
2026-06-22 04:00,42.0,
2026-06-22 05:00,42.0,
2026-06-22 06:00,42.0,
2026-06-22 07:00,42.0,
2026-06-22 08:00,42.0,
2026-06-22 09:00,42.0,
2026-06-22 10:00,42.286,20.967393
2026-06-22 11:00,42.409,31.197371
2026-06-22 12:00,42.438,33.663336
2026-06-22 13:00,42.449,34.604452
2026-06-22 14:00,42.951,79.65245
2026-06-22 15:00,43.045,88.444988
2026-06-22 16:00,43.063,90.138857
2026-06-22 17:00,43.068,90.610197
2026-06-22 18:00,43.07,90.798733
2026-06-22 19:00,43.479,130.092312
2026-06-22 20:00,43.565,138.522504
2026-06-22 21:00,43.584,140.391946
2026-06-22 22:00,43.405,122.882092
2026-06-22 23:00,42.094,6.094716
2026-06-23 00:00,42.0,
2026-06-23 01:00,42.0,
2026-06-23 02:00,42.0,
2026-06-23 03:00,42.0,
2026-06-23 04:00,42.0,
2026-06-23 05:00,42.0,
2026-06-23 06:00,42.0,
2026-06-23 07:00,42.0,
2026-06-23 08:00,42.0,
2026-06-23 09:00,42.0,
2026-06-23 10:00,42.0,
2026-06-23 11:00,42.0,
2026-06-23 12:00,42.0,
2026-06-23 13:00,42.018,0.982443
2026-06-23 14:00,42.803,66.006505
2026-06-23 15:00,43.002,84.41122
2026-06-23 16:00,43.049,88.821272
2026-06-23 17:00,43.056,89.479769
2026-06-23 18:00,43.063,90.138857
2026-06-23 19:00,43.48,130.189959
2026-06-23 20:00,43.564,138.424141
2026-06-23 21:00,43.588,140.785949
2026-06-23 22:00,43.591,141.081451
2026-06-23 23:00,42.256,18.538768
2026-06-24 00:00,42.0,
2026-06-24 01:00,42.0,
2026-06-24 02:00,42.0,
2026-06-24 03:00,42.0,
2026-06-24 04:00,42.0,
2026-06-24 05:00,42.0,
2026-06-24 06:00,42.0,
2026-06-24 07:00,42.0,
2026-06-24 08:00,42.0,
2026-06-24 09:00,42.0,
2026-06-24 10:00,42.0,
2026-06-24 11:00,42.0,
2026-06-24 12:00,42.0,
2026-06-24 13:00,42.0,
2026-06-24 14:00,42.81,66.646321
2026-06-24 15:00,43.005,84.69222
2026-06-24 16:00,43.05,88.915343
2026-06-24 17:00,43.066,90.421661
2026-06-24 18:00,43.068,90.610197
2026-06-24 19:00,43.473,129.506428
2026-06-24 20:00,43.558,137.834245
2026-06-24 21:00,43.578,139.801218
2026-06-24 22:00,43.591,141.081451
2026-06-24 23:00,42.351,26.323435
2026-06-25 00:00,42.0,
2026-06-25 01:00,42.0,
2026-06-25 02:00,42.0,
2026-06-25 03:00,42.0,
2026-06-25 04:00,42.0,
2026-06-25 05:00,42.0,
2026-06-25 06:00,42.0,
2026-06-25 07:00,42.0,
2026-06-25 08:00,42.0,
2026-06-25 09:00,42.0,
2026-06-25 10:00,42.0,
2026-06-25 11:00,42.0,
2026-06-25 12:00,42.0,
2026-06-25 13:00,42.0,
2026-06-25 14:00,42.198,13.935807
2026-06-25 15:00,42.842,69.577129
2026-06-25 16:00,43.013,85.441554
2026-06-25 17:00,43.052,89.103485
2026-06-25 18:00,43.062,90.044589
2026-06-25 19:00,43.48,130.189959
2026-06-25 20:00,43.565,138.522504
2026-06-25 21:00,43.586,140.588948
2026-06-25 22:00,43.591,141.081451
2026-06-25 23:00,42.945,79.094254
2026-06-26 00:00,42.061,3.768732
2026-06-26 01:00,42.0,
2026-06-26 02:00,42.0,
2026-06-26 03:00,42.0,
2026-06-26 04:00,42.0,
2026-06-26 05:00,42.0,
2026-06-26 06:00,42.0,
2026-06-26 07:00,42.0,
2026-06-26 08:00,42.0,
2026-06-26 09:00,42.0,
2026-06-26 10:00,42.0,
2026-06-26 11:00,42.0,
2026-06-26 12:00,42.0,
2026-06-26 13:00,42.0,
2026-06-26 14:00,42.0,
2026-06-26 15:00,42.799,65.641148
2026-06-26 16:00,43.002,84.41122
2026-06-26 17:00,43.048,88.727201
2026-06-26 18:00,43.061,89.950321
2026-06-26 19:00,43.457,127.944515
2026-06-26 20:00,43.56,138.030691
2026-06-26 21:00,43.586,140.588948
2026-06-26 22:00,43.588,140.785949
2026-06-26 23:00,43.22,105.044094
2026-06-27 00:00,42.206,14.563605
2026-06-27 01:00,42.0,
2026-06-27 02:00,42.0,
2026-06-27 03:00,42.0,
2026-06-27 04:00,42.0,
2026-06-27 05:00,42.0,
2026-06-27 06:00,42.0,
2026-06-27 07:00,42.0,
2026-06-27 08:00,42.0,
2026-06-27 09:00,42.0,
2026-06-27 10:00,42.0,
2026-06-27 11:00,42.0,
2026-06-27 12:00,42.0,
2026-06-27 13:00,42.0,
2026-06-27 14:00,42.0,
2026-06-27 15:00,42.812,66.829126
2026-06-27 16:00,43.022,86.284962
2026-06-27 17:00,43.067,90.515929
2026-06-27 18:00,43.08,91.741414
2026-06-27 19:00,43.349,117.453467
2026-06-27 20:00,43.568,138.817592
2026-06-27 21:00,43.578,139.801218
2026-06-27 22:00,43.256,108.493337
2026-06-27 23:00,43.128,96.282421
2026-06-28 00:00,42.192,13.46887
2026-06-28 01:00,42.0,
2026-06-28 02:00,42.0,
2026-06-28 03:00,42.0,
2026-06-28 04:00,42.0,
2026-06-28 05:00,42.0,
2026-06-28 06:00,42.0,
2026-06-28 07:00,42.0,
2026-06-28 08:00,42.0,
2026-06-28 09:00,42.0,
2026-06-28 10:00,42.0,
2026-06-28 11:00,42.0,
2026-06-28 12:00,42.0,
2026-06-28 13:00,42.0,
2026-06-28 14:00,42.089,5.736601
2026-06-28 15:00,42.818,67.37754
2026-06-28 16:00,43.01,85.160554
2026-06-28 17:00,43.057,89.57384
2026-06-28 18:00,43.076,91.364342
2026-06-28 19:00,43.501,132.243773
2026-06-28 20:00,43.58,139.997943
2026-06-28 21:00,43.6,141.967958
2026-06-28 22:00,43.625,144.434569
2026-06-28 23:00,43.284,111.18347
2026-06-29 00:00,42.139,9.406878
2026-06-29 01:00,42.0,
2026-06-29 02:00,42.0,
2026-06-29 03:00,42.0,
2026-06-29 04:00,42.0,
2026-06-29 05:00,42.0,
2026-06-29 06:00,42.0,
2026-06-29 07:00,42.0,
2026-06-29 08:00,42.0,
2026-06-29 09:00,42.0,
2026-06-29 10:00,42.0,
2026-06-29 11:00,42.0,
2026-06-29 12:00,42.0,
2026-06-29 13:00,42.0,
2026-06-29 14:00,42.612,48.814204
2026-06-29 15:00,42.962,80.676241
2026-06-29 16:00,43.046,88.539059
2026-06-29 17:00,43.069,90.704465
2026-06-29 18:00,43.075,91.270074
2026-06-29 19:00,43.488,130.972309
2026-06-29 20:00,43.556,137.6378
2026-06-29 21:00,43.582,140.194944
2026-06-29 22:00,43.586,140.588948
2026-06-29 23:00,42.313,23.177415
2026-06-30 00:00,42.0,
2026-06-30 01:00,42.0,
2026-06-30 02:00,42.0,
2026-06-30 03:00,42.0,
2026-06-30 04:00,42.0,
2026-06-30 05:00,42.0,
2026-06-30 06:00,42.0,
2026-06-30 07:00,42.0,
2026-06-30 08:00,42.0,
2026-06-30 09:00,42.0,
2026-06-30 10:00,42.0,
2026-06-30 11:00,42.0,
2026-06-30 12:00,42.0,
2026-06-30 13:00,42.0,
2026-06-30 14:00,42.647,51.92498
2026-06-30 15:00,42.961,80.582993
2026-06-30 16:00,43.036,87.59915
2026-06-30 17:00,43.055,89.385698
2026-06-30 18:00,43.061,89.950321
2026-06-30 19:00,43.487,130.874516
2026-06-30 20:00,43.56,138.030691
2026-06-30 21:00,43.581,140.096444
2026-06-30 22:00,43.584,140.391946
2026-06-30 23:00,42.399,30.350293
2026-07-01 00:00,42.0,
2026-07-01 01:00,42.0,
2026-07-01 02:00,42.0,
2026-07-01 03:00,42.0,
2026-07-01 04:00,42.0,
2026-07-01 05:00,42.0,
2026-07-01 06:00,42.0,
2026-07-01 07:00,42.0,
2026-07-01 08:00,42.0,
2026-07-01 09:00,42.0,
2026-07-01 10:00,42.31,22.930915
2026-07-01 11:00,42.413,31.536389
2026-07-01 12:00,42.448,34.518818
2026-07-01 13:00,42.458,35.37516
2026-07-01 14:00,42.476,36.923201
2026-07-01 15:00,42.463,35.804574
2026-07-01 16:00,42.47,36.406912
2026-07-01 17:00,42.469,36.320863
2026-07-01 18:00,43.343,116.87309
2026-07-01 19:00,43.537,135.77199
2026-07-01 20:00,43.576,139.604493
2026-07-01 21:00,43.588,140.785949
2026-07-01 22:00,43.588,140.785949
2026-07-01 23:00,43.198,102.942077
2026-07-02 00:00,42.117,7.76953
2026-07-02 01:00,42.0,
2026-07-02 02:00,42.0,
2026-07-02 03:00,42.0,
2026-07-02 04:00,42.0,
2026-07-02 05:00,42.0,
2026-07-02 06:00,42.0,
2026-07-02 07:00,42.0,
2026-07-02 08:00,42.0,
2026-07-02 09:00,42.261,18.940601
2026-07-02 10:00,42.394,29.928863
2026-07-02 11:00,42.437,33.578133
2026-07-02 12:00,42.444,34.176281
2026-07-02 13:00,42.453,34.946989
2026-07-02 14:00,42.453,34.946989
2026-07-02 15:00,42.451,34.775721
2026-07-02 16:00,42.451,34.775721
2026-07-02 17:00,42.453,34.946989
2026-07-02 18:00,42.575,45.54687
2026-07-02 19:00,43.439,126.189681
2026-07-02 20:00,43.561,138.129054
2026-07-02 21:00,43.591,141.081451
2026-07-02 22:00,43.6,141.967958
2026-07-02 23:00,43.406,122.979289
2026-07-03 00:00,42.152,10.391177
2026-07-03 01:00,42.0,
2026-07-03 02:00,42.0,
2026-07-03 03:00,42.0,
2026-07-03 04:00,42.0,
2026-07-03 05:00,42.0,
2026-07-03 06:00,42.0,
2026-07-03 07:00,42.0,
2026-07-03 08:00,42.0,
2026-07-03 09:00,42.0,
2026-07-03 10:00,42.301,22.191415
2026-07-03 11:00,42.415,31.705899
2026-07-03 12:00,42.451,34.775721
2026-07-03 13:00,42.454,35.032623
2026-07-03 14:00,42.458,35.37516
2026-07-03 15:00,42.453,34.946989
2026-07-03 16:00,42.457,35.289526
2026-07-03 17:00,42.457,35.289526
2026-07-03 18:00,43.385,120.940457
2026-07-03 19:00,43.54,136.066234
2026-07-03 20:00,43.578,139.801218
2026-07-03 21:00,43.592,141.179952
2026-07-03 22:00,43.6,141.967958
2026-07-03 23:00,43.224,105.427039
2026-07-04 00:00,42.121,8.063861
2026-07-04 01:00,42.0,
2026-07-04 02:00,42.0,
2026-07-04 03:00,42.0,
2026-07-04 04:00,42.0,
2026-07-04 05:00,42.0,
2026-07-04 06:00,42.0,
2026-07-04 07:00,42.0,
2026-07-04 08:00,42.0,
2026-07-04 09:00,42.0,
2026-07-04 10:00,42.246,17.736476
2026-07-04 11:00,42.393,29.844577
2026-07-04 12:00,42.436,33.492929
2026-07-04 13:00,42.447,34.433184
2026-07-04 14:00,42.454,35.032623
2026-07-04 15:00,42.463,35.804574
2026-07-04 16:00,42.463,35.804574
2026-07-04 17:00,42.462,35.718526
2026-07-04 18:00,43.364,118.905042
2026-07-04 19:00,43.566,138.620867
2026-07-04 20:00,43.603,142.26387
2026-07-04 21:00,43.616,143.546157
2026-07-04 22:00,43.622,144.138251
2026-07-04 23:00,43.616,143.546157
2026-07-05 00:00,42.205,14.484913
2026-07-05 01:00,42.0,
2026-07-05 02:00,42.0,
2026-07-05 03:00,42.0,
2026-07-05 04:00,42.0,
2026-07-05 05:00,42.0,
2026-07-05 06:00,42.0,
2026-07-05 07:00,42.0,
2026-07-05 08:00,42.0,
2026-07-05 09:00,42.0,
2026-07-05 10:00,42.307,22.684415
2026-07-05 11:00,42.418,31.960163
2026-07-05 12:00,42.452,34.861355
2026-07-05 13:00,42.457,35.289526
2026-07-05 14:00,42.46,35.546429
2026-07-05 15:00,42.469,36.320863
2026-07-05 16:00,42.462,35.718526
2026-07-05 17:00,42.464,35.890622
2026-07-05 18:00,43.354,117.937115
2026-07-05 19:00,43.55,137.048463
2026-07-05 20:00,43.586,140.588948
2026-07-05 21:00,43.602,142.165233
2026-07-05 22:00,43.616,143.546157
2026-07-05 23:00,43.217,104.757407
2026-07-06 00:00,42.122,8.138473
2026-07-06 01:00,42.0,
2026-07-06 02:00,42.0,
2026-07-06 03:00,42.0,
2026-07-06 04:00,42.0,
2026-07-06 05:00,42.0,
2026-07-06 06:00,42.0,
2026-07-06 07:00,42.0,
2026-07-06 08:00,42.0,
2026-07-06 09:00,42.0,
2026-07-06 10:00,42.322,23.918059
2026-07-06 11:00,42.426,32.640894
2026-07-06 12:00,42.469,36.320863
2026-07-06 13:00,42.476,36.923201
2026-07-06 14:00,42.479,37.181346
2026-07-06 15:00,42.459,35.460795
2026-07-06 16:00,42.454,35.032623
2026-07-06 17:00,42.448,34.518818
2026-07-06 18:00,43.374,119.873916
2026-07-06 19:00,43.533,135.379664
2026-07-06 20:00,43.573,139.309405
2026-07-06 21:00,43.586,140.588948
2026-07-06 22:00,43.586,140.588948
2026-07-06 23:00,42.808,66.463517
2026-07-07 00:00,42.026,1.471412
2026-07-07 01:00,42.0,
2026-07-07 02:00,42.0,
2026-07-07 03:00,42.0,
2026-07-07 04:00,42.0,
2026-07-07 05:00,42.0,
2026-07-07 06:00,42.0,
2026-07-07 07:00,42.0,
2026-07-07 08:00,42.0,
2026-07-07 09:00,42.0,
2026-07-07 10:00,42.267,19.426104
2026-07-07 11:00,42.416,31.790653
2026-07-07 12:00,42.465,35.97667
2026-07-07 13:00,42.474,36.751105
2026-07-07 14:00,42.479,37.181346
2026-07-07 15:00,42.484,37.613182
2026-07-07 16:00,42.484,37.613182
2026-07-07 17:00,42.486,37.786075
2026-07-07 18:00,43.032,87.223668
2026-07-07 19:00,43.49,131.167897
2026-07-07 20:00,43.572,139.211042
2026-07-07 21:00,43.592,141.179952
2026-07-07 22:00,43.604,142.362508
2026-07-07 23:00,43.599,141.869457
2026-07-08 00:00,42.327,24.331752
2026-07-08 01:00,42.0,
2026-07-08 02:00,42.0,
2026-07-08 03:00,42.0,
2026-07-08 04:00,42.0,
2026-07-08 05:00,42.0,
2026-07-08 06:00,42.0,
2026-07-08 07:00,42.0,
2026-07-08 08:00,42.0,
2026-07-08 09:00,42.0,
2026-07-08 10:00,42.311,23.013082
2026-07-08 11:00,42.417,31.875408
2026-07-08 12:00,42.443,34.090646
2026-07-08 13:00,42.454,35.032623
2026-07-08 14:00,42.462,35.718526
2026-07-08 15:00,42.46,35.546429
2026-07-08 16:00,42.466,36.062719
2026-07-08 17:00,42.465,35.97667
2026-07-08 18:00,43.351,117.646926
2026-07-08 19:00,43.516,133.71285
2026-07-08 20:00,43.583,140.293445
2026-07-08 21:00,43.601,142.066596
2026-07-08 22:00,43.609,142.855695
2026-07-08 23:00,43.072,90.987269
2026-07-09 00:00,42.09,5.808224
2026-07-09 01:00,42.0,
2026-07-09 02:00,42.0,
2026-07-09 03:00,42.0,
2026-07-09 04:00,42.0,
2026-07-09 05:00,42.0,
2026-07-09 06:00,42.0,
2026-07-09 07:00,42.0,
2026-07-09 08:00,42.0,
2026-07-09 09:00,42.0,
2026-07-09 10:00,42.3,22.109248
2026-07-09 11:00,42.405,30.858352
2026-07-09 12:00,43.123,95.808221
2026-07-09 13:00,42.744,60.641493
2026-07-09 14:00,43.587,140.687448
2026-07-09 15:00,43.588,140.785949
2026-07-09 16:00,43.591,141.081451
2026-07-09 17:00,43.592,141.179952
2026-07-09 18:00,43.601,142.066596
2026-07-09 19:00,43.213,104.375158
2026-07-09 20:00,43.135,96.946302
2026-07-09 21:00,42.117,7.76953
2026-07-09 22:00,42.0,
2026-07-09 23:00,42.0,
2026-07-10 00:00,42.0,
2026-07-10 01:00,42.0,
2026-07-10 02:00,42.0,
2026-07-10 03:00,42.0,
2026-07-10 04:00,42.0,
2026-07-10 05:00,42.0,
2026-07-10 06:00,42.0,
2026-07-10 07:00,42.0,
2026-07-10 08:00,42.0,
2026-07-10 09:00,42.0,
2026-07-10 10:00,42.0,
2026-07-10 11:00,42.172,11.920051
2026-07-10 12:00,42.382,28.917433
2026-07-10 13:00,42.446,34.347549
2026-07-10 14:00,42.974,81.795215
2026-07-10 15:00,43.064,90.233125
2026-07-10 16:00,43.077,91.45861
2026-07-10 17:00,43.086,92.308185
2026-07-10 18:00,43.084,92.119261
2026-07-10 19:00,43.486,130.776722
2026-07-10 20:00,43.564,138.424141
2026-07-10 21:00,43.583,140.293445
2026-07-10 22:00,43.59,140.982951
2026-07-10 23:00,42.246,17.736476
2026-07-11 00:00,42.0,
2026-07-11 01:00,42.0,
2026-07-11 02:00,42.0,
2026-07-11 03:00,42.0,
2026-07-11 04:00,42.0,
2026-07-11 05:00,42.0,
2026-07-11 06:00,42.0,
2026-07-11 07:00,42.0,
2026-07-11 08:00,42.0,
2026-07-11 09:00,42.0,
2026-07-11 10:00,42.0,
2026-07-11 11:00,42.296,21.783004
2026-07-11 12:00,42.411,31.36688
2026-07-11 13:00,42.45,34.690086
2026-07-11 14:00,42.944,79.001221
2026-07-11 15:00,43.038,87.786891
2026-07-11 16:00,43.063,90.138857
2026-07-11 17:00,43.06,89.856053
2026-07-11 18:00,43.065,90.327393
2026-07-11 19:00,43.5,132.145835
2026-07-11 20:00,43.574,139.407767
2026-07-11 21:00,43.593,141.278453
2026-07-11 22:00,43.505,132.635527
2026-07-11 23:00,42.116,7.696291
2026-07-12 00:00,42.0,
2026-07-12 01:00,42.0,
2026-07-12 02:00,42.0,
2026-07-12 03:00,42.0,
2026-07-12 04:00,42.0,
2026-07-12 05:00,42.0,
2026-07-12 06:00,42.0,
2026-07-12 07:00,42.0,
2026-07-12 08:00,42.0,
2026-07-12 09:00,42.0,
2026-07-12 10:00,42.0,
2026-07-12 11:00,42.296,21.783004
2026-07-12 12:00,42.421,32.214876
2026-07-12 13:00,42.456,35.203892
2026-07-12 14:00,42.96,80.489745
2026-07-12 15:00,43.051,89.009414
2026-07-12 16:00,43.071,90.893001
2026-07-12 17:00,43.075,91.270074
2026-07-12 18:00,43.075,91.270074
2026-07-12 19:00,43.501,132.243773
2026-07-12 20:00,43.577,139.702855
2026-07-12 21:00,43.595,141.475454
2026-07-12 22:00,43.604,142.362508
2026-07-12 23:00,42.175,12.150655
2026-07-13 00:00,42.0,
2026-07-13 01:00,42.0,
2026-07-13 02:00,42.0,
2026-07-13 03:00,42.0,
2026-07-13 04:00,42.0,
2026-07-13 05:00,42.0,
2026-07-13 06:00,42.0,
2026-07-13 07:00,42.0,
2026-07-13 08:00,42.0,
2026-07-13 09:00,42.0,
2026-07-13 10:00,42.0,
2026-07-13 11:00,42.294,21.619881
2026-07-13 12:00,42.414,31.621144
2026-07-13 13:00,42.447,34.433184
2026-07-13 14:00,42.97,81.422224
2026-07-13 15:00,43.058,89.667911
2026-07-13 16:00,43.075,91.270074
2026-07-13 17:00,43.081,91.835876
2026-07-13 18:00,43.083,92.024799
2026-07-13 19:00,43.498,131.950247
2026-07-13 20:00,43.585,140.490447
2026-07-13 21:00,43.607,142.65842
2026-07-13 22:00,43.616,143.546157
2026-07-13 23:00,42.253,18.29808
2026-07-14 00:00,42.0,
2026-07-14 01:00,42.0,
2026-07-14 02:00,42.0,
2026-07-14 03:00,42.0,
2026-07-14 04:00,42.0,
2026-07-14 05:00,42.0,
2026-07-14 06:00,42.0,
2026-07-14 07:00,42.0,
2026-07-14 08:00,42.0,
2026-07-14 09:00,42.0,
2026-07-14 10:00,42.0,
2026-07-14 11:00,42.285,20.885832
2026-07-14 12:00,42.421,32.214876
2026-07-14 13:00,42.471,36.49296
2026-07-14 14:00,42.956,80.117614
2026-07-14 15:00,43.058,89.667911
2026-07-14 16:00,43.08,91.741414
2026-07-14 17:00,43.08,91.741414
2026-07-14 18:00,43.088,92.497108
2026-07-14 19:00,43.5,132.145835
2026-07-14 20:00,43.569,138.915954
2026-07-14 21:00,43.604,142.362508
2026-07-14 22:00,43.217,104.757407
2026-07-14 23:00,42.044,2.625924
2026-07-15 00:00,42.0,
2026-07-15 01:00,42.0,
2026-07-15 02:00,42.0,
2026-07-15 03:00,42.0,
2026-07-15 04:00,42.0,
2026-07-15 05:00,42.0,
2026-07-15 06:00,42.0,
2026-07-15 07:00,42.0,
2026-07-15 08:00,42.0,
2026-07-15 09:00,42.0,
2026-07-15 10:00,42.0,
2026-07-15 11:00,42.218,15.507909
2026-07-15 12:00,42.42,32.129672
2026-07-15 13:00,42.474,36.751105
2026-07-15 14:00,42.951,79.65245
2026-07-15 15:00,43.077,91.45861
2026-07-15 16:00,43.085,92.213723
2026-07-15 17:00,43.09,92.686032
2026-07-15 18:00,43.112,94.766481
2026-07-15 19:00,43.529,134.987338
2026-07-15 20:00,43.59,140.982951
2026-07-15 21:00,43.6,141.967958
2026-07-15 22:00,43.607,142.65842
2026-07-15 23:00,42.181,12.612818
2026-07-16 00:00,42.0,
2026-07-16 01:00,42.0,
2026-07-16 02:00,42.0,
2026-07-16 03:00,42.0,
2026-07-16 04:00,42.0,
2026-07-16 05:00,42.0,
2026-07-16 06:00,42.0,
2026-07-16 07:00,42.0,
2026-07-16 08:00,42.0,
2026-07-16 09:00,42.0,
2026-07-16 10:00,42.0,
2026-07-16 11:00,42.307,22.684415
2026-07-16 12:00,42.422,32.300079
2026-07-16 13:00,42.447,34.433184
2026-07-16 14:00,42.958,80.303679
2026-07-16 15:00,43.039,87.880762
2026-07-16 16:00,43.06,89.856053
2026-07-16 17:00,43.068,90.610197
2026-07-16 18:00,43.078,91.552878
2026-07-16 19:00,43.509,133.027281
2026-07-16 20:00,43.59,140.982951
2026-07-16 21:00,43.615,143.447519
2026-07-16 22:00,43.31,113.687435
2026-07-16 23:00,42.067,4.186604
2026-07-17 00:00,42.0,
2026-07-17 01:00,42.0,
2026-07-17 02:00,42.0,
2026-07-17 03:00,42.0,
2026-07-17 04:00,42.0,
2026-07-17 05:00,42.0,
2026-07-17 06:00,42.0,
2026-07-17 07:00,42.0,
2026-07-17 08:00,42.0,
2026-07-17 09:00,42.0,
2026-07-17 10:00,42.0,
2026-07-17 11:00,42.278,20.316192
2026-07-17 12:00,42.407,31.027861
2026-07-17 13:00,42.455,35.118258
2026-07-17 14:00,42.982,82.541621
2026-07-17 15:00,43.059,89.761982
2026-07-17 16:00,43.074,91.175805
2026-07-17 17:00,43.09,92.686032
2026-07-17 18:00,43.126,96.092741
2026-07-17 19:00,43.546,136.655571
2026-07-17 20:00,43.621,144.039479
2026-07-17 21:00,43.632,145.125976
2026-07-17 22:00,43.631,145.027204
2026-07-17 23:00,42.208,14.720989
2026-07-18 00:00,42.0,
2026-07-18 01:00,42.0,
2026-07-18 02:00,42.0,
2026-07-18 03:00,42.0,
2026-07-18 04:00,42.0,
2026-07-18 05:00,42.0,
2026-07-18 06:00,42.0,
2026-07-18 07:00,42.0,
2026-07-18 08:00,42.0,
2026-07-18 09:00,42.0,
2026-07-18 10:00,42.0,
2026-07-18 11:00,42.311,23.013082
2026-07-18 12:00,42.425,32.55569
2026-07-18 13:00,42.462,35.718526
2026-07-18 14:00,42.988,83.102376
2026-07-18 15:00,43.071,90.893001
2026-07-18 16:00,43.089,92.59157
2026-07-18 17:00,43.099,93.536189
2026-07-18 18:00,43.102,93.819956
2026-07-18 19:00,43.506,132.733466
2026-07-18 20:00,43.59,140.982951
2026-07-18 21:00,43.61,142.954332
2026-07-18 22:00,43.456,127.847016
2026-07-18 23:00,42.117,7.76953
2026-07-19 00:00,42.0,
2026-07-19 01:00,42.0,
2026-07-19 02:00,42.0,
2026-07-19 03:00,42.0,
2026-07-19 04:00,42.0,
2026-07-19 05:00,42.0,
2026-07-19 06:00,42.0,
2026-07-19 07:00,42.0,
2026-07-19 08:00,42.0,
2026-07-19 09:00,42.0,
2026-07-19 10:00,42.0,
2026-07-19 11:00,42.318,23.588249
2026-07-19 12:00,42.429,32.896504
2026-07-19 13:00,42.459,35.460795
2026-07-19 14:00,42.922,76.958448
2026-07-19 15:00,43.042,88.162775
2026-07-19 16:00,43.064,90.233125
2026-07-19 17:00,43.077,91.45861
2026-07-19 18:00,43.08,91.741414
2026-07-19 19:00,43.509,133.027281
2026-07-19 20:00,43.584,140.391946
2026-07-19 21:00,43.604,142.362508
2026-07-19 22:00,43.612,143.151607
2026-07-19 23:00,42.215,15.271833
2026-07-20 00:00,42.0,
2026-07-20 01:00,42.0,
2026-07-20 02:00,42.0,
2026-07-20 03:00,42.0,
2026-07-20 04:00,42.0,
2026-07-20 05:00,42.0,
2026-07-20 06:00,42.0,
2026-07-20 07:00,42.0,
2026-07-20 08:00,42.0,
2026-07-20 09:00,42.0,
2026-07-20 10:00,42.0,
2026-07-20 11:00,42.29,21.293637
2026-07-20 12:00,42.428,32.811301
2026-07-20 13:00,42.462,35.718526
2026-07-20 14:00,42.954,79.931548
2026-07-20 15:00,43.057,89.57384
2026-07-20 16:00,43.077,91.45861
2026-07-20 17:00,43.085,92.213723
2026-07-20 18:00,43.085,92.213723
2026-07-20 19:00,43.507,132.831404
2026-07-20 20:00,43.602,142.165233
2026-07-20 21:00,43.626,144.533341
2026-07-20 22:00,43.633,145.224749
2026-07-20 23:00,42.264,19.183353
2026-07-21 00:00,42.0,
2026-07-21 01:00,42.0,
2026-07-21 02:00,42.0,
2026-07-21 03:00,42.0,
2026-07-21 04:00,42.0,
2026-07-21 05:00,42.0,
2026-07-21 06:00,42.0,
2026-07-21 07:00,42.0,
2026-07-21 08:00,42.0,
2026-07-21 09:00,42.0,
2026-07-21 10:00,42.0,
2026-07-21 11:00,42.313,23.177415
2026-07-21 12:00,42.433,33.237319
2026-07-21 13:00,42.464,35.890622
2026-07-21 14:00,42.983,82.63508
2026-07-21 15:00,43.066,90.421661
2026-07-21 16:00,43.084,92.119261
2026-07-21 17:00,43.09,92.686032
2026-07-21 18:00,43.09,92.686032
2026-07-21 19:00,43.504,132.537589
2026-07-21 20:00,43.595,141.475454
2026-07-21 21:00,43.618,143.743431
2026-07-21 22:00,43.538,135.870071
2026-07-21 23:00,42.129,8.660758
2026-07-22 00:00,42.0,
2026-07-22 01:00,42.0,
2026-07-22 02:00,42.0,
2026-07-22 03:00,42.0,
2026-07-22 04:00,42.0,
2026-07-22 05:00,42.0,
2026-07-22 06:00,42.0,
2026-07-22 07:00,42.0,
2026-07-22 08:00,42.0,
2026-07-22 09:00,42.0,
2026-07-22 10:00,42.0,
2026-07-22 11:00,42.293,21.53832
2026-07-22 12:00,42.431,33.066911
2026-07-22 13:00,42.465,35.97667
2026-07-22 14:00,42.965,80.955984
2026-07-22 15:00,43.049,88.821272
2026-07-22 16:00,43.068,90.610197
2026-07-22 17:00,43.079,91.647146
2026-07-22 18:00,43.077,91.45861
2026-07-22 19:00,43.504,132.537589
2026-07-22 20:00,43.574,139.407767
2026-07-22 21:00,43.596,141.573955
2026-07-22 22:00,43.239,106.863081
2026-07-22 23:00,42.046,2.760069
2026-07-23 00:00,42.0,
2026-07-23 01:00,42.0,
2026-07-23 02:00,42.0,
2026-07-23 03:00,42.0,
2026-07-23 04:00,42.0,
2026-07-23 05:00,42.0,
2026-07-23 06:00,42.0,
2026-07-23 07:00,42.0,
2026-07-23 08:00,42.0,
2026-07-23 09:00,42.0,
2026-07-23 10:00,42.0,
2026-07-23 11:00,42.309,22.848748
2026-07-23 12:00,42.422,32.300079
2026-07-23 13:00,42.456,35.203892
2026-07-23 14:00,42.975,81.888463
2026-07-23 15:00,43.072,90.987269
2026-07-23 16:00,43.089,92.59157
2026-07-23 17:00,43.097,93.347265
2026-07-23 18:00,43.078,91.552878
2026-07-23 19:00,43.5,132.145835
2026-07-23 20:00,43.588,140.785949
2026-07-23 21:00,43.607,142.65842
2026-07-23 22:00,43.399,122.299063
2026-07-23 23:00,42.162,11.151371
2026-07-24 00:00,42.0,
2026-07-24 01:00,42.0,
2026-07-24 02:00,42.0,
2026-07-24 03:00,42.0,
2026-07-24 04:00,42.0,
2026-07-24 05:00,42.0,
2026-07-24 06:00,42.0,
2026-07-24 07:00,42.0,
2026-07-24 08:00,42.0,
2026-07-24 09:00,42.0,
2026-07-24 10:00,42.287,21.048954
2026-07-24 11:00,42.41,31.282125
2026-07-24 12:00,42.951,79.65245
2026-07-24 13:00,43.055,89.385698
2026-07-24 14:00,43.085,92.213723
2026-07-24 15:00,43.085,92.213723
2026-07-24 16:00,43.091,92.780494
2026-07-24 17:00,43.089,92.59157
2026-07-24 18:00,43.092,92.874956
2026-07-24 19:00,43.093,92.969418
2026-07-24 20:00,43.093,92.969418
2026-07-24 21:00,43.093,92.969418
2026-07-24 22:00,43.096,93.252803
2026-07-24 23:00,42.252,18.217851
2026-07-25 00:00,42.0,
2026-07-25 01:00,42.0,
2026-07-25 02:00,42.0,
2026-07-25 03:00,42.0,
2026-07-25 04:00,42.0,
2026-07-25 05:00,42.0,
2026-07-25 06:00,42.0,
2026-07-25 07:00,42.0,
2026-07-25 08:00,42.0,
2026-07-25 09:00,42.0,
2026-07-25 10:00,42.101,6.597695
2026-07-25 11:00,42.827,68.201895
2026-07-25 12:00,43.016,85.722554
2026-07-25 13:00,43.1,93.630651
2026-07-25 14:00,43.077,91.45861
2026-07-25 15:00,43.076,91.364342
2026-07-25 16:00,43.076,91.364342
2026-07-25 17:00,43.08,91.741414
2026-07-25 18:00,43.086,92.308185
2026-07-25 19:00,43.088,92.497108
2026-07-25 20:00,43.09,92.686032
2026-07-25 21:00,43.089,92.59157
2026-07-25 22:00,43.094,93.06388
2026-07-25 23:00,42.195,13.702338
2026-07-26 00:00,42.0,
2026-07-26 01:00,42.0,
2026-07-26 02:00,42.0,
2026-07-26 03:00,42.0,
2026-07-26 04:00,42.0,
2026-07-26 05:00,42.0,
2026-07-26 06:00,42.0,
2026-07-26 07:00,42.0,
2026-07-26 08:00,42.0,
2026-07-26 09:00,42.0,
2026-07-26 10:00,42.305,22.520081
2026-07-26 11:00,42.426,32.640894
2026-07-26 12:00,42.468,36.234815
2026-07-26 13:00,42.475,36.837153
2026-07-26 14:00,42.482,37.440288
2026-07-26 15:00,42.486,37.786075
2026-07-26 16:00,42.486,37.786075
2026-07-26 17:00,42.483,37.526735
2026-07-26 18:00,42.489,38.045416
2026-07-26 19:00,43.419,124.242852
2026-07-26 20:00,43.567,138.719229
2026-07-26 21:00,43.599,141.869457
2026-07-26 22:00,43.614,143.348882
2026-07-26 23:00,42.282,20.641148
2026-07-27 00:00,42.0,
2026-07-27 01:00,42.0,
2026-07-27 02:00,42.0,
2026-07-27 03:00,42.0,
2026-07-27 04:00,42.0,
2026-07-27 05:00,42.0,
2026-07-27 06:00,42.0,
2026-07-27 07:00,42.0,
2026-07-27 08:00,42.0,
2026-07-27 09:00,42.0,
2026-07-27 10:00,42.0,
2026-07-27 11:00,42.258,18.699226
2026-07-27 12:00,42.404,30.773597
2026-07-27 13:00,42.454,35.032623
2026-07-27 14:00,42.461,35.632477
2026-07-27 15:00,42.467,36.148767
2026-07-27 16:00,42.471,36.49296
2026-07-27 17:00,42.476,36.923201
2026-07-27 18:00,42.474,36.751105
2026-07-27 19:00,43.305,113.205398
2026-07-27 20:00,43.546,136.655571
2026-07-27 21:00,43.599,141.869457
2026-07-27 22:00,43.612,143.151607
2026-07-27 23:00,43.108,94.387871
2026-07-28 00:00,42.1,6.524455
2026-07-28 01:00,42.0,
2026-07-28 02:00,42.0,
2026-07-28 03:00,42.0,
2026-07-28 04:00,42.0,
2026-07-28 05:00,42.0,
2026-07-28 06:00,42.0,
2026-07-28 07:00,42.0,
2026-07-28 08:00,42.0,
2026-07-28 09:00,42.0,
2026-07-28 10:00,42.0,
2026-07-28 11:00,42.298,21.946126
2026-07-28 12:00,42.425,32.55569
2026-07-28 13:00,42.459,35.460795
2026-07-28 14:00,42.472,36.579008
2026-07-28 15:00,42.471,36.49296
2026-07-28 16:00,42.468,36.234815
2026-07-28 17:00,42.476,36.923201
2026-07-28 18:00,42.476,36.923201
2026-07-28 19:00,43.336,116.196623
2026-07-28 20:00,43.55,137.048463
2026-07-28 21:00,43.598,141.770957
2026-07-28 22:00,43.61,142.954332
2026-07-28 23:00,43.294,112.145901
2026-07-29 00:00,42.263,19.102436
2026-07-29 01:00,42.235,16.857649
2026-07-29 02:00,42.207,14.642297
2026-07-29 03:00,42.179,12.458128
2026-07-29 04:00,42.151,10.31537
2026-07-29 05:00,42.124,8.287697
2026-07-29 06:00,42.096,6.237963
2026-07-29 07:00,42.069,4.325894
2026-07-29 08:00,42.041,2.424706
2026-07-29 09:00,42.014,0.764122
2026-07-29 10:00,42.0,
2026-07-29 11:00,42.324,24.083536
2026-07-29 12:00,42.437,33.578133
2026-07-29 13:00,42.463,35.804574
2026-07-29 14:00,42.472,36.579008
2026-07-29 15:00,42.474,36.751105
2026-07-29 16:00,42.472,36.579008
2026-07-29 17:00,42.473,36.665056
2026-07-29 18:00,42.477,37.009249
2026-07-29 19:00,43.417,124.048458
2026-07-29 20:00,43.58,139.997943
2026-07-29 21:00,43.614,143.348882
2026-07-29 22:00,43.628,144.730886
2026-07-29 23:00,42.941,78.722123
2026-07-30 00:00,42.121,8.063861
2026-07-30 01:00,42.106,6.963893
2026-07-30 02:00,42.091,5.879847
2026-07-30 03:00,42.076,4.813412
2026-07-30 04:00,42.061,3.768732
2026-07-30 05:00,42.046,2.760069
2026-07-30 06:00,42.031,1.78792
2026-07-30 07:00,42.016,0.873282
2026-07-30 08:00,42.0,
2026-07-30 09:00,42.0,
2026-07-30 10:00,42.0,
2026-07-30 11:00,42.267,19.426104
2026-07-30 12:00,42.409,31.197371
2026-07-30 13:00,42.455,35.118258
2026-07-30 14:00,42.469,36.320863
2026-07-30 15:00,42.473,36.665056
2026-07-30 16:00,42.474,36.751105
2026-07-30 17:00,42.477,37.009249
2026-07-30 18:00,42.489,38.045416
2026-07-30 19:00,43.455,127.749517
2026-07-30 20:00,43.597,141.672456
2026-07-30 21:00,43.623,144.237024
2026-07-30 22:00,43.638,145.718612
2026-07-30 23:00,42.812,66.829126
2026-07-31 00:00,42.055,3.363723
2026-07-31 01:00,42.049,2.961287
2026-07-31 02:00,42.042,2.491779
2026-07-31 03:00,42.036,2.104427
2026-07-31 04:00,42.029,1.661317
2026-07-31 05:00,42.023,1.281508
2026-07-31 06:00,42.016,0.873282
2026-07-31 07:00,42.01,0.545802
2026-07-31 08:00,42.003,0.16374
2026-07-31 09:00,42.0,
2026-07-31 10:00,42.0,
2026-07-31 11:00,42.256,18.538768
2026-07-31 12:00,42.405,30.858352
2026-07-31 13:00,42.456,35.203892
2026-07-31 14:00,42.461,35.632477
2026-07-31 15:00,42.468,36.234815
2026-07-31 16:00,42.492,38.304757
2026-07-31 17:00,42.492,38.304757
2026-07-31 18:00,42.491,38.21831
2026-07-31 19:00,43.426,124.924143
2026-07-31 20:00,43.568,138.817592
2026-07-31 21:00,43.601,142.066596
2026-07-31 22:00,43.615,143.447519
2026-07-31 23:00,42.752,61.366497
2026-08-01 00:00,42.026,1.471412
2026-08-01 01:00,42.023,1.281508
2026-08-01 02:00,42.02,1.091603
2026-08-01 03:00,42.017,0.927863
2026-08-01 04:00,42.013,0.709542
2026-08-01 05:00,42.01,0.545802
2026-08-01 06:00,42.006,0.327481
2026-08-01 07:00,42.003,0.16374
2026-08-01 08:00,42.0,
2026-08-01 09:00,42.0,
2026-08-01 10:00,42.0,
2026-08-01 11:00,42.301,22.191415
2026-08-01 12:00,42.425,32.55569
2026-08-01 13:00,42.449,34.604452
2026-08-01 14:00,42.469,36.320863
2026-08-01 15:00,42.464,35.890622
2026-08-01 16:00,42.465,35.97667
2026-08-01 17:00,42.467,36.148767
2026-08-01 18:00,42.467,36.148767
2026-08-01 19:00,43.419,124.242852
2026-08-01 20:00,43.585,140.490447
2026-08-01 21:00,43.613,143.250244
2026-08-01 22:00,43.627,144.632114
2026-08-01 23:00,42.835,68.935094
2026-08-02 00:00,42.035,2.041126
2026-08-02 01:00,42.0,
2026-08-02 02:00,42.0,
2026-08-02 03:00,42.0,
2026-08-02 04:00,42.0,
2026-08-02 05:00,42.0,
2026-08-02 06:00,42.0,
2026-08-02 07:00,42.0,
2026-08-02 08:00,42.0,
2026-08-02 09:00,42.0,
2026-08-02 10:00,42.0,
2026-08-02 11:00,42.326,24.249013
2026-08-02 12:00,42.436,33.492929
2026-08-02 13:00,42.462,35.718526
2026-08-02 14:00,42.468,36.234815
2026-08-02 15:00,42.475,36.837153
2026-08-02 16:00,42.479,37.181346
2026-08-02 17:00,42.474,36.751105
2026-08-02 18:00,42.468,36.234815
2026-08-02 19:00,43.426,124.924143
2026-08-02 20:00,43.568,138.817592
2026-08-02 21:00,43.603,142.26387
2026-08-02 22:00,43.611,143.05297
2026-08-02 23:00,43.129,96.377262
2026-08-03 00:00,42.105,6.890654
2026-08-03 01:00,42.0,
2026-08-03 02:00,42.0,
2026-08-03 03:00,42.0,
2026-08-03 04:00,42.0,
2026-08-03 05:00,42.0,
2026-08-03 06:00,42.0,
2026-08-03 07:00,42.0,
2026-08-03 08:00,42.0,
2026-08-03 09:00,42.0,
2026-08-03 10:00,42.0,
2026-08-03 11:00,42.292,21.456759
2026-08-03 12:00,42.417,31.875408
2026-08-03 13:00,42.458,35.37516
2026-08-03 14:00,42.468,36.234815
2026-08-03 15:00,42.477,37.009249
2026-08-03 16:00,42.476,36.923201
2026-08-03 17:00,42.471,36.49296
2026-08-03 18:00,42.484,37.613182
2026-08-03 19:00,43.43,125.31354
2026-08-03 20:00,43.578,139.801218
2026-08-03 21:00,43.603,142.26387
2026-08-03 22:00,43.612,143.151607
2026-08-03 23:00,42.682,55.054128
2026-08-04 00:00,42.0,
2026-08-04 01:00,42.0,
2026-08-04 02:00,42.0,
2026-08-04 03:00,42.0,
2026-08-04 04:00,42.0,
2026-08-04 05:00,42.0,
2026-08-04 06:00,42.0,
2026-08-04 07:00,42.0,
2026-08-04 08:00,42.0,
2026-08-04 09:00,42.0,
2026-08-04 10:00,42.0,
2026-08-04 11:00,42.304,22.437915
2026-08-04 12:00,42.466,36.062719
2026-08-04 13:00,42.462,35.718526
2026-08-04 14:00,42.468,36.234815
2026-08-04 15:00,42.47,36.406912
2026-08-04 16:00,42.47,36.406912
2026-08-04 17:00,42.473,36.665056
2026-08-04 18:00,42.475,36.837153
2026-08-04 19:00,43.42,124.340049
2026-08-04 20:00,43.551,137.146686
2026-08-04 21:00,43.587,140.687448
2026-08-04 22:00,43.602,142.165233
2026-08-04 23:00,43.173,100.558686
2026-08-05 00:00,42.114,7.549811
2026-08-05 01:00,42.0,
2026-08-05 02:00,42.0,
2026-08-05 03:00,42.0,
2026-08-05 04:00,42.0,
2026-08-05 05:00,42.0,
2026-08-05 06:00,42.0,
2026-08-05 07:00,42.0,
2026-08-05 08:00,42.0,
2026-08-05 09:00,42.0,
2026-08-05 10:00,42.0,
2026-08-05 11:00,42.0,
2026-08-05 12:00,42.0,
2026-08-05 13:00,42.0,
2026-08-05 14:00,42.0,
2026-08-05 15:00,42.0,
2026-08-05 16:00,42.0,
2026-08-05 17:00,42.0,
2026-08-05 18:00,42.0,
2026-08-05 19:00,42.0,
2026-08-05 20:00,42.0,
2026-08-05 21:00,42.0,
2026-08-05 22:00,42.0,
2026-08-05 23:00,42.0,
2026-08-06 00:00,42.0,
2026-08-06 01:00,42.0,
2026-08-06 02:00,42.0,
2026-08-06 03:00,42.0,
2026-08-06 04:00,42.0,
2026-08-06 05:00,42.0,
2026-08-06 06:00,42.0,
2026-08-06 07:00,42.0,
2026-08-06 08:00,42.0,
2026-08-06 09:00,42.0,
2026-08-06 10:00,42.0,
2026-08-06 11:00,42.291,21.375198
2026-08-06 12:00,42.414,31.621144
2026-08-06 13:00,42.45,34.690086
2026-08-06 14:00,42.456,35.203892
2026-08-06 15:00,42.458,35.37516
2026-08-06 16:00,42.463,35.804574
2026-08-06 17:00,42.463,35.804574
2026-08-06 18:00,42.472,36.579008
2026-08-06 19:00,43.399,122.299063
2026-08-06 20:00,43.593,141.278453
2026-08-06 21:00,43.631,145.027204
2026-08-06 22:00,43.647,146.6085
2026-08-06 23:00,43.028,86.848185
2026-08-07 00:00,42.085,5.450108
2026-08-07 01:00,42.0,
2026-08-07 02:00,42.0,
2026-08-07 03:00,42.0,
2026-08-07 04:00,42.0,
2026-08-07 05:00,42.0,
2026-08-07 06:00,42.0,
2026-08-07 07:00,42.012,0.654962
2026-08-07 08:00,42.058,3.564941
2026-08-07 09:00,42.104,6.817414
2026-08-07 10:00,42.15,10.239562
2026-08-07 11:00,42.197,13.857984
2026-08-07 12:00,42.243,17.495788
2026-08-07 13:00,42.29,21.293637
2026-08-07 14:00,42.336,25.076398
2026-08-07 15:00,42.383,29.001719
2026-08-07 16:00,42.429,32.896504
2026-08-07 17:00,42.465,35.97667
2026-08-07 18:00,42.467,36.148767
2026-08-07 19:00,43.415,123.854063
2026-08-07 20:00,43.557,137.736023
2026-08-07 21:00,43.593,141.278453
2026-08-07 22:00,43.606,142.559783
2026-08-07 23:00,43.057,89.57384
2026-08-08 00:00,42.0,
2026-08-08 01:00,42.0,
2026-08-08 02:00,42.0,
2026-08-08 03:00,42.0,
2026-08-08 04:00,42.0,
2026-08-08 05:00,42.0,
2026-08-08 06:00,42.0,
2026-08-08 07:00,42.0,
2026-08-08 08:00,42.0,
2026-08-08 09:00,42.0,
2026-08-08 10:00,42.0,
2026-08-08 11:00,42.312,23.095248
2026-08-08 12:00,42.418,31.960163
2026-08-08 13:00,42.455,35.118258
2026-08-08 14:00,42.458,35.37516
2026-08-08 15:00,42.464,35.890622
2026-08-08 16:00,42.471,36.49296
2026-08-08 17:00,42.468,36.234815
2026-08-08 18:00,42.557,43.965551
2026-08-08 19:00,43.442,126.482028
2026-08-08 20:00,43.561,138.129054
2026-08-08 21:00,43.6,141.967958
2026-08-08 22:00,43.593,141.278453
2026-08-08 23:00,42.67,53.979554
2026-08-09 00:00,42.0,
2026-08-09 01:00,42.0,
2026-08-09 02:00,42.0,
2026-08-09 03:00,42.0,
2026-08-09 04:00,42.0,
2026-08-09 05:00,42.0,
2026-08-09 06:00,42.0,
2026-08-09 07:00,42.0,
2026-08-09 08:00,42.0,
2026-08-09 09:00,42.0,
2026-08-09 10:00,42.0,
2026-08-09 11:00,42.0,
2026-08-09 12:00,42.0,
2026-08-09 13:00,42.0,
2026-08-09 14:00,42.838,69.210044
2026-08-09 15:00,43.025,86.566574
2026-08-09 16:00,43.064,90.233125
2026-08-09 17:00,43.078,91.552878
2026-08-09 18:00,43.078,91.552878
2026-08-09 19:00,43.483,130.483341
2026-08-09 20:00,43.58,139.997943
2026-08-09 21:00,43.595,141.475454
2026-08-09 22:00,43.597,141.672456
2026-08-09 23:00,42.224,15.983255
2026-08-10 00:00,42.0,
2026-08-10 01:00,42.0,
2026-08-10 02:00,42.0,
2026-08-10 03:00,42.0,
2026-08-10 04:00,42.0,
2026-08-10 05:00,42.0,
2026-08-10 06:00,42.0,
2026-08-10 07:00,42.0,
2026-08-10 08:00,42.0,
2026-08-10 09:00,42.0,
2026-08-10 10:00,42.0,
2026-08-10 11:00,42.0,
2026-08-10 12:00,42.0,
2026-08-10 13:00,42.0,
2026-08-10 14:00,42.847,70.03659
2026-08-10 15:00,43.021,86.191091
2026-08-10 16:00,43.064,90.233125
2026-08-10 17:00,43.075,91.270074
2026-08-10 18:00,43.082,91.930337
2026-08-10 19:00,43.477,129.897017
2026-08-10 20:00,43.571,139.11268
2026-08-10 21:00,43.59,140.982951
2026-08-10 22:00,43.604,142.362508
2026-08-10 23:00,42.252,18.217851
2026-08-11 00:00,42.0,
2026-08-11 01:00,42.0,
2026-08-11 02:00,42.0,
2026-08-11 03:00,42.0,
2026-08-11 04:00,42.0,
2026-08-11 05:00,42.0,
2026-08-11 06:00,42.0,
2026-08-11 07:00,42.0,
2026-08-11 08:00,42.0,
2026-08-11 09:00,42.0,
2026-08-11 10:00,42.0,
2026-08-11 11:00,42.0,
2026-08-11 12:00,42.0,
2026-08-11 13:00,42.0,
2026-08-11 14:00,42.857,70.955512
2026-08-11 15:00,43.036,87.59915
2026-08-11 16:00,43.074,91.175805
2026-08-11 17:00,43.086,92.308185
2026-08-11 18:00,43.147,98.085677
2026-08-11 19:00,43.533,135.379664
2026-08-11 20:00,43.59,140.982951
2026-08-11 21:00,43.6,141.967958
2026-08-11 22:00,43.115,95.050438
2026-08-11 23:00,42.016,0.873282
2026-08-12 00:00,42.0,
2026-08-12 01:00,42.0,
2026-08-12 02:00,42.0,
2026-08-12 03:00,42.0,
2026-08-12 04:00,42.0,
2026-08-12 05:00,42.0,
2026-08-12 06:00,42.0,
2026-08-12 07:00,42.0,
2026-08-12 08:00,42.0,
2026-08-12 09:00,42.0,
2026-08-12 10:00,42.0,
2026-08-12 11:00,42.0,
2026-08-12 12:00,42.0,
2026-08-12 13:00,42.0,
2026-08-12 14:00,42.809,66.554919
2026-08-12 15:00,43.011,85.25422
2026-08-12 16:00,43.057,89.57384
2026-08-12 17:00,43.066,90.421661
2026-08-12 18:00,43.088,92.497108
2026-08-12 19:00,43.511,133.223158
2026-08-12 20:00,43.583,140.293445
2026-08-12 21:00,43.609,142.855695
2026-08-12 22:00,43.098,93.441727
2026-08-12 23:00,42.007,0.382061
2026-08-13 00:00,42.0,
2026-08-13 01:00,42.0,
2026-08-13 02:00,42.0,
2026-08-13 03:00,42.0,
2026-08-13 04:00,42.0,
2026-08-13 05:00,42.0,
2026-08-13 06:00,42.0,
2026-08-13 07:00,42.0,
2026-08-13 08:00,42.0,
2026-08-13 09:00,42.0,
2026-08-13 10:00,42.0,
2026-08-13 11:00,42.0,
2026-08-13 12:00,42.0,
2026-08-13 13:00,42.253,18.29808
2026-08-13 14:00,42.878,72.889521
2026-08-13 15:00,43.028,86.848185
2026-08-13 16:00,43.069,90.704465
2026-08-13 17:00,43.073,91.081537
2026-08-13 18:00,43.078,91.552878
2026-08-13 19:00,43.494,131.559072
2026-08-13 20:00,43.572,139.211042
2026-08-13 21:00,43.599,141.869457
2026-08-13 22:00,43.449,127.164522
2026-08-13 23:00,42.1,6.524455
2026-08-14 00:00,42.0,
2026-08-14 01:00,42.0,
2026-08-14 02:00,42.0,
2026-08-14 03:00,42.0,
2026-08-14 04:00,42.0,
2026-08-14 05:00,42.0,
2026-08-14 06:00,42.0,
2026-08-14 07:00,42.0,
2026-08-14 08:00,42.0,
2026-08-14 09:00,42.0,
2026-08-14 10:00,42.0,
2026-08-14 11:00,42.0,
2026-08-14 12:00,42.0,
2026-08-14 13:00,42.137,9.257654
2026-08-14 14:00,42.843,69.669021
2026-08-14 15:00,43.027,86.754315
2026-08-14 16:00,43.072,90.987269
2026-08-14 17:00,43.08,91.741414
2026-08-14 18:00,43.166,99.892239
2026-08-14 19:00,43.521,134.202686
2026-08-14 20:00,43.596,141.573955
2026-08-14 21:00,43.613,143.250244
2026-08-14 22:00,43.095,93.158341
2026-08-14 23:00,42.008,0.436641
2026-08-15 00:00,42.0,
2026-08-15 01:00,42.0,
2026-08-15 02:00,42.0,
2026-08-15 03:00,42.0,
2026-08-15 04:00,42.0,
2026-08-15 05:00,42.0,
2026-08-15 06:00,42.0,
2026-08-15 07:00,42.0,
2026-08-15 08:00,42.0,
2026-08-15 09:00,42.0,
2026-08-15 10:00,42.0,
2026-08-15 11:00,42.0,
2026-08-15 12:00,42.0,
2026-08-15 13:00,42.0,
2026-08-15 14:00,42.864,71.599708
2026-08-15 15:00,43.035,87.50528
2026-08-15 16:00,43.076,91.364342
2026-08-15 17:00,43.084,92.119261
2026-08-15 18:00,43.103,93.914608
2026-08-15 19:00,43.518,133.908727
2026-08-15 20:00,43.577,139.702855
2026-08-15 21:00,43.599,141.869457
2026-08-15 22:00,43.322,114.844649
2026-08-15 23:00,42.07,4.39554
2026-08-16 00:00,42.0,
2026-08-16 01:00,42.0,
2026-08-16 02:00,42.0,
2026-08-16 03:00,42.0,
2026-08-16 04:00,42.0,
2026-08-16 05:00,42.0,
2026-08-16 06:00,42.0,
2026-08-16 07:00,42.0,
2026-08-16 08:00,42.0,
2026-08-16 09:00,42.0,
2026-08-16 10:00,42.0,
2026-08-16 11:00,42.0,
2026-08-16 12:00,42.0,
2026-08-16 13:00,42.0,
2026-08-16 14:00,42.819,67.468943
2026-08-16 15:00,43.017,85.816221
2026-08-16 16:00,43.061,89.950321
2026-08-16 17:00,43.073,91.081537
2026-08-16 18:00,43.078,91.552878
2026-08-16 19:00,43.504,132.537589
2026-08-16 20:00,43.584,140.391946
2026-08-16 21:00,43.598,141.770957
2026-08-16 22:00,43.249,107.821985
2026-08-16 23:00,42.053,3.229578
2026-08-17 00:00,42.0,
2026-08-17 01:00,42.0,
2026-08-17 02:00,42.0,
2026-08-17 03:00,42.0,
2026-08-17 04:00,42.0,
2026-08-17 05:00,42.0,
2026-08-17 06:00,42.0,
2026-08-17 07:00,42.0,
2026-08-17 08:00,42.0,
2026-08-17 09:00,42.0,
2026-08-17 10:00,42.0,
2026-08-17 11:00,42.0,
2026-08-17 12:00,42.0,
2026-08-17 13:00,42.144,9.784719
2026-08-17 14:00,42.831,68.568495
2026-08-17 15:00,43.014,85.53522
2026-08-17 16:00,43.056,89.479769
2026-08-17 17:00,43.073,91.081537
2026-08-17 18:00,43.082,91.930337
2026-08-17 19:00,43.447,126.969524
2026-08-17 20:00,43.568,138.817592
2026-08-17 21:00,43.599,141.869457
2026-08-17 22:00,43.604,142.362508
2026-08-17 23:00,42.206,14.563605
2026-08-18 00:00,42.0,
2026-08-18 01:00,42.0,
2026-08-18 02:00,42.0,
2026-08-18 03:00,42.0,
2026-08-18 04:00,42.0,
2026-08-18 05:00,42.0,
2026-08-18 06:00,42.0,
2026-08-18 07:00,42.0,
2026-08-18 08:00,42.0,
2026-08-18 09:00,42.0,
2026-08-18 10:00,42.0,
2026-08-18 11:00,42.0,
2026-08-18 12:00,42.0,
2026-08-18 13:00,42.0,
2026-08-18 14:00,42.84,69.393344
2026-08-18 15:00,43.024,86.472703
2026-08-18 16:00,43.061,89.950321
2026-08-18 17:00,43.072,90.987269
2026-08-18 18:00,43.077,91.45861
2026-08-18 19:00,43.496,131.75466
2026-08-18 20:00,43.581,140.096444
2026-08-18 21:00,43.593,141.278453
2026-08-18 22:00,43.606,142.559783
2026-08-18 23:00,42.171,11.843183
2026-08-19 00:00,42.0,
2026-08-19 01:00,42.0,
2026-08-19 02:00,42.0,
2026-08-19 03:00,42.0,
2026-08-19 04:00,42.0,
2026-08-19 05:00,42.0,
2026-08-19 06:00,42.0,
2026-08-19 07:00,42.0,
2026-08-19 08:00,42.0,
2026-08-19 09:00,42.0,
2026-08-19 10:00,42.0,
2026-08-19 11:00,42.0,
2026-08-19 12:00,42.0,
2026-08-19 13:00,42.047,2.827142
2026-08-19 14:00,43.015,85.628887
2026-08-19 15:00,43.247,107.63017
2026-08-19 16:00,43.129,96.377262
2026-08-19 17:00,43.087,92.402647
2026-08-19 18:00,43.604,142.362508
2026-08-19 19:00,43.683,150.172557
2026-08-19 20:00,43.623,144.237024
2026-08-19 21:00,43.613,143.250244
2026-08-19 22:00,42.651,52.281775
2026-08-19 23:00,42.0,
2026-08-20 00:00,42.0,
2026-08-20 01:00,42.0,
2026-08-20 02:00,42.0,
2026-08-20 03:00,42.0,
2026-08-20 04:00,42.0,
2026-08-20 05:00,42.0,
2026-08-20 06:00,42.0,
2026-08-20 07:00,42.0,
2026-08-20 08:00,42.0,
2026-08-20 09:00,42.0,
2026-08-20 10:00,42.0,
2026-08-20 11:00,42.0,
2026-08-20 12:00,42.0,
2026-08-20 13:00,42.0,
2026-08-20 14:00,42.836,69.026744
2026-08-20 15:00,43.02,86.097221
2026-08-20 16:00,43.06,89.856053
2026-08-20 17:00,43.075,91.270074
2026-08-20 18:00,43.083,92.024799
2026-08-20 19:00,43.52,134.104604
2026-08-20 20:00,43.582,140.194944
2026-08-20 21:00,43.601,142.066596
2026-08-20 22:00,43.126,96.092741
2026-08-20 23:00,42.013,0.709542
2026-08-21 00:00,42.0,
2026-08-21 01:00,42.0,
2026-08-21 02:00,42.0,
2026-08-21 03:00,42.0,
2026-08-21 04:00,42.0,
2026-08-21 05:00,42.0,
2026-08-21 06:00,42.0,
2026-08-21 07:00,42.0,
2026-08-21 08:00,42.0,
2026-08-21 09:00,42.0,
2026-08-21 10:00,42.0,
2026-08-21 11:00,42.0,
2026-08-21 12:00,42.0,
2026-08-21 13:00,42.22,15.665293
2026-08-21 14:00,42.865,71.691837
2026-08-21 15:00,43.032,87.223668
2026-08-21 16:00,43.069,90.704465
2026-08-21 17:00,43.081,91.835876
2026-08-21 18:00,43.078,91.552878
2026-08-21 19:00,43.511,133.223158
2026-08-21 20:00,43.588,140.785949
2026-08-21 21:00,43.609,142.855695
2026-08-21 22:00,43.108,94.387871
2026-08-21 23:00,42.007,0.382061
2026-08-22 00:00,42.0,
2026-08-22 01:00,42.0,
2026-08-22 02:00,42.0,
2026-08-22 03:00,42.0,
2026-08-22 04:00,42.0,
2026-08-22 05:00,42.0,
2026-08-22 06:00,42.0,
2026-08-22 07:00,42.0,
2026-08-22 08:00,42.0,
2026-08-22 09:00,42.0,
2026-08-22 10:00,42.0,
2026-08-22 11:00,42.0,
2026-08-22 12:00,42.0,
2026-08-22 13:00,42.0,
2026-08-22 14:00,42.802,65.915103
2026-08-22 15:00,43.017,85.816221
2026-08-22 16:00,43.072,90.987269
2026-08-22 17:00,43.085,92.213723
2026-08-22 18:00,43.09,92.686032
2026-08-22 19:00,43.51,133.12522
2026-08-22 20:00,43.615,143.447519
2026-08-22 21:00,43.632,145.125976
2026-08-22 22:00,43.33,115.617205
2026-08-22 23:00,42.08,5.091993
2026-08-23 00:00,42.0,
2026-08-23 01:00,42.0,
2026-08-23 02:00,42.0,
2026-08-23 03:00,42.0,
2026-08-23 04:00,42.0,
2026-08-23 05:00,42.0,
2026-08-23 06:00,42.0,
2026-08-23 07:00,42.0,
2026-08-23 08:00,42.0,
2026-08-23 09:00,42.0,
2026-08-23 10:00,42.0,
2026-08-23 11:00,42.0,
2026-08-23 12:00,42.0,
2026-08-23 13:00,42.0,
2026-08-23 14:00,42.817,67.286138
2026-08-23 15:00,43.016,85.722554
2026-08-23 16:00,43.065,90.327393
2026-08-23 17:00,43.079,91.647146
2026-08-23 18:00,43.082,91.930337
2026-08-23 19:00,43.516,133.71285
2026-08-23 20:00,43.594,141.376954
2026-08-23 21:00,43.616,143.546157
2026-08-23 22:00,43.518,133.908727
2026-08-23 23:00,42.118,7.84277
2026-08-24 00:00,42.0,
2026-08-24 01:00,42.0,
2026-08-24 02:00,42.0,
2026-08-24 03:00,42.0,
2026-08-24 04:00,42.0,
2026-08-24 05:00,42.0,
2026-08-24 06:00,42.0,
2026-08-24 07:00,42.0,
2026-08-24 08:00,42.0,
2026-08-24 09:00,42.0,
2026-08-24 10:00,42.0,
2026-08-24 11:00,42.0,
2026-08-24 12:00,42.0,
2026-08-24 13:00,42.0,
2026-08-24 14:00,42.726,59.014029
2026-08-24 15:00,43.024,86.472703
2026-08-24 16:00,43.091,92.780494
2026-08-24 17:00,43.109,94.482523
2026-08-24 18:00,43.115,95.050438
2026-08-24 19:00,43.512,133.321097
2026-08-24 20:00,43.594,141.376954
2026-08-24 21:00,43.609,142.855695
2026-08-24 22:00,43.539,135.968153
2026-08-24 23:00,42.127,8.511534
2026-08-25 00:00,42.0,
2026-08-25 01:00,42.0,
2026-08-25 02:00,42.0,
2026-08-25 03:00,42.0,
2026-08-25 04:00,42.0,
2026-08-25 05:00,42.0,
2026-08-25 06:00,42.0,
2026-08-25 07:00,42.0,
2026-08-25 08:00,42.0,
2026-08-25 09:00,42.0,
2026-08-25 10:00,42.0,
2026-08-25 11:00,42.0,
2026-08-25 12:00,42.0,
2026-08-25 13:00,42.203,14.327529
2026-08-25 14:00,42.854,70.679836
2026-08-25 15:00,43.032,87.223668
2026-08-25 16:00,43.069,90.704465
2026-08-25 17:00,43.08,91.741414
2026-08-25 18:00,43.087,92.402647
2026-08-25 19:00,43.508,132.929343
2026-08-25 20:00,43.602,142.165233
2026-08-25 21:00,43.621,144.039479
2026-08-25 22:00,43.169,100.177859
2026-08-25 23:00,42.033,1.914523
2026-08-26 00:00,42.0,
2026-08-26 01:00,42.0,
2026-08-26 02:00,42.0,
2026-08-26 03:00,42.0,
2026-08-26 04:00,42.0,
2026-08-26 05:00,42.0,
2026-08-26 06:00,42.0,
2026-08-26 07:00,42.0,
2026-08-26 08:00,42.0,
2026-08-26 09:00,42.0,
2026-08-26 10:00,42.0,
2026-08-26 11:00,42.0,
2026-08-26 12:00,42.0,
2026-08-26 13:00,42.0,
2026-08-26 14:00,42.821,67.651995
2026-08-26 15:00,43.021,86.191091
2026-08-26 16:00,43.066,90.421661
2026-08-26 17:00,43.078,91.552878
2026-08-26 18:00,43.082,91.930337
2026-08-26 19:00,43.506,132.733466
2026-08-26 20:00,43.598,141.770957
2026-08-26 21:00,43.619,143.842069
2026-08-26 22:00,43.623,144.237024
2026-08-26 23:00,43.446,126.872025
2026-08-27 00:00,42.161,11.074503
2026-08-27 01:00,42.0,
2026-08-27 02:00,42.0,
2026-08-27 03:00,42.0,
2026-08-27 04:00,42.0,
2026-08-27 05:00,42.0,
2026-08-27 06:00,42.0,
2026-08-27 07:00,42.0,
2026-08-27 08:00,42.0,
2026-08-27 09:00,42.0,
2026-08-27 10:00,42.0,
2026-08-27 11:00,42.754,61.547749
2026-08-27 12:00,42.995,83.756591
2026-08-27 13:00,43.056,89.479769
2026-08-27 14:00,43.078,91.552878
2026-08-27 15:00,43.084,92.119261
2026-08-27 16:00,43.085,92.213723
2026-08-27 17:00,43.09,92.686032
2026-08-27 18:00,43.092,92.874956
2026-08-27 19:00,43.519,134.006666
2026-08-27 20:00,43.595,141.475454
2026-08-27 21:00,43.614,143.348882
2026-08-27 22:00,43.618,143.743431
2026-08-27 23:00,42.223,15.903764
2026-08-28 00:00,42.0,
2026-08-28 01:00,42.0,
2026-08-28 02:00,42.0,
2026-08-28 03:00,42.0,
2026-08-28 04:00,42.0,
2026-08-28 05:00,42.0,
2026-08-28 06:00,42.0,
2026-08-28 07:00,42.0,
2026-08-28 08:00,42.0,
2026-08-28 09:00,42.0,
2026-08-28 10:00,42.103,6.744174
2026-08-28 11:00,42.517,40.472463
2026-08-28 12:00,42.892,74.182125
2026-08-28 13:00,43.037,87.693021
2026-08-28 14:00,43.071,90.893001
2026-08-28 15:00,43.081,91.835876
2026-08-28 16:00,43.08,91.741414
2026-08-28 17:00,43.084,92.119261
2026-08-28 18:00,43.084,92.119261
2026-08-28 19:00,43.518,133.908727
2026-08-28 20:00,43.59,140.982951
2026-08-28 21:00,43.617,143.644794
2026-08-28 22:00,43.617,143.644794
2026-08-28 23:00,42.559,44.140674
2026-08-29 00:00,42.0,
2026-08-29 01:00,42.0,
2026-08-29 02:00,42.0,
2026-08-29 03:00,42.0,
2026-08-29 04:00,42.0,
2026-08-29 05:00,42.0,
2026-08-29 06:00,42.0,
2026-08-29 07:00,42.0,
2026-08-29 08:00,42.0,
2026-08-29 09:00,42.0,
2026-08-29 10:00,42.131,8.809982
2026-08-29 11:00,42.847,70.03659
2026-08-29 12:00,43.025,86.566574
2026-08-29 13:00,43.076,91.364342
2026-08-29 14:00,43.087,92.402647
2026-08-29 15:00,43.091,92.780494
2026-08-29 16:00,43.096,93.252803
2026-08-29 17:00,43.095,93.158341
2026-08-29 18:00,43.094,93.06388
2026-08-29 19:00,43.55,137.048463
2026-08-29 20:00,43.626,144.533341
2026-08-29 21:00,43.639,145.817384
2026-08-29 22:00,43.626,144.533341
2026-08-29 23:00,42.166,11.458843
2026-08-30 00:00,42.0,
2026-08-30 01:00,42.0,
2026-08-30 02:00,42.0,
2026-08-30 03:00,42.0,
2026-08-30 04:00,42.0,
2026-08-30 05:00,42.0,
2026-08-30 06:00,42.0,
2026-08-30 07:00,42.0,
2026-08-30 08:00,42.0,
2026-08-30 09:00,42.0,
2026-08-30 10:00,42.0,
2026-08-30 11:00,42.0,
2026-08-30 12:00,42.0,
2026-08-30 13:00,42.0,
2026-08-30 14:00,42.827,68.201895
2026-08-30 15:00,43.028,86.848185
2026-08-30 16:00,43.069,90.704465
2026-08-30 17:00,43.085,92.213723
2026-08-30 18:00,43.09,92.686032
2026-08-30 19:00,43.525,134.595012
2026-08-30 20:00,43.622,144.138251
2026-08-30 21:00,43.645,146.410688
2026-08-30 22:00,43.65,146.905219
2026-08-30 23:00,43.122,95.713381
2026-08-31 00:00,42.102,6.670935
2026-08-31 01:00,42.0,
2026-08-31 02:00,42.0,
2026-08-31 03:00,42.0,
2026-08-31 04:00,42.0,
2026-08-31 05:00,42.0,
2026-08-31 06:00,42.0,
2026-08-31 07:00,42.0,
2026-08-31 08:00,42.0,
2026-08-31 09:00,42.0,
2026-08-31 10:00,42.0,
2026-08-31 11:00,42.0,
2026-08-31 12:00,42.0,
2026-08-31 13:00,42.0,
2026-08-31 14:00,42.826,68.110245
2026-08-31 15:00,43.043,88.256846
2026-08-31 16:00,43.099,93.536189
2026-08-31 17:00,43.11,94.577176
2026-08-31 18:00,43.119,95.429048
2026-08-31 19:00,43.502,132.341712
2026-08-31 20:00,43.602,142.165233
2026-08-31 21:00,43.627,144.632114
2026-08-31 22:00,43.628,144.730886
2026-08-31 23:00,43.169,100.177859
2026-09-01 00:00,42.113,7.476571
2026-09-01 01:00,42.0,
2026-09-01 02:00,42.0,
2026-09-01 03:00,42.0,
2026-09-01 04:00,42.0,
2026-09-01 05:00,42.0,
2026-09-01 06:00,42.0,
2026-09-01 07:00,42.0,
2026-09-01 08:00,42.0,
2026-09-01 09:00,42.0,
2026-09-01 10:00,42.0,
2026-09-01 11:00,42.0,
2026-09-01 12:00,42.0,
2026-09-01 13:00,42.0,
2026-09-01 14:00,42.811,66.737724
2026-09-01 15:00,43.036,87.59915
2026-09-01 16:00,43.09,92.686032
2026-09-01 17:00,43.101,93.725303
2026-09-01 18:00,43.111,94.671828
2026-09-01 19:00,43.545,136.557348
2026-09-01 20:00,43.613,143.250244
2026-09-01 21:00,43.632,145.125976
2026-09-01 22:00,43.639,145.817384
2026-09-01 23:00,43.107,94.293218
2026-09-02 00:00,42.099,6.452832
2026-09-02 01:00,42.0,
2026-09-02 02:00,42.0,
2026-09-02 03:00,42.0,
2026-09-02 04:00,42.0,
2026-09-02 05:00,42.0,
2026-09-02 06:00,42.0,
2026-09-02 07:00,42.0,
2026-09-02 08:00,42.0,
2026-09-02 09:00,42.0,
2026-09-02 10:00,42.0,
2026-09-02 11:00,42.0,
2026-09-02 12:00,42.0,
2026-09-02 13:00,42.1,6.524455
2026-09-02 14:00,42.844,69.760913
2026-09-02 15:00,43.036,87.59915
2026-09-02 16:00,43.081,91.835876
2026-09-02 17:00,43.103,93.914608
2026-09-02 18:00,43.116,95.145091
2026-09-02 19:00,43.51,133.12522
2026-09-02 20:00,43.616,143.546157
2026-09-02 21:00,43.638,145.718612
2026-09-02 22:00,43.651,147.004125
2026-09-02 23:00,43.258,108.685153
2026-09-03 00:00,42.699,56.580583
2026-09-03 01:00,42.14,9.48149
2026-09-03 02:00,42.0,
2026-09-03 03:00,42.0,
2026-09-03 04:00,42.0,
2026-09-03 05:00,42.0,
2026-09-03 06:00,42.0,
2026-09-03 07:00,42.0,
2026-09-03 08:00,42.0,
2026-09-03 09:00,42.0,
2026-09-03 10:00,42.0,
2026-09-03 11:00,42.0,
2026-09-03 12:00,42.0,
2026-09-03 13:00,42.0,
2026-09-03 14:00,42.844,69.760913
2026-09-03 15:00,43.029,86.942056
2026-09-03 16:00,43.071,90.893001
2026-09-03 17:00,43.074,91.175805
2026-09-03 18:00,43.084,92.119261
2026-09-03 19:00,43.53,135.085419
2026-09-03 20:00,43.601,142.066596
2026-09-03 21:00,43.63,144.928431
2026-09-03 22:00,43.632,145.125976
2026-09-03 23:00,43.154,98.75085
2026-09-04 00:00,42.109,7.183613
2026-09-04 01:00,42.0,
2026-09-04 02:00,42.0,
2026-09-04 03:00,42.0,
2026-09-04 04:00,42.0,
2026-09-04 05:00,42.0,
2026-09-04 06:00,42.0,
2026-09-04 07:00,42.0,
2026-09-04 08:00,42.0,
2026-09-04 09:00,42.0,
2026-09-04 10:00,42.0,
2026-09-04 11:00,42.0,
2026-09-04 12:00,42.0,
2026-09-04 13:00,42.0,
2026-09-04 14:00,42.817,67.286138
2026-09-04 15:00,43.024,86.472703
2026-09-04 16:00,43.081,91.835876
2026-09-04 17:00,43.094,93.06388
2026-09-04 18:00,43.105,94.103913
2026-09-04 19:00,43.534,135.477745
2026-09-04 20:00,43.607,142.65842
2026-09-04 21:00,43.625,144.434569
2026-09-04 22:00,43.632,145.125976
2026-09-04 23:00,43.2,103.132849
2026-09-05 00:00,42.119,7.91601
2026-09-05 01:00,42.0,
2026-09-05 02:00,42.0,
2026-09-05 03:00,42.0,
2026-09-05 04:00,42.0,
2026-09-05 05:00,42.0,
2026-09-05 06:00,42.0,
2026-09-05 07:00,42.0,
2026-09-05 08:00,42.0,
2026-09-05 09:00,42.0,
2026-09-05 10:00,42.0,
2026-09-05 11:00,42.0,
2026-09-05 12:00,42.0,
2026-09-05 13:00,42.186,13.001933
2026-09-05 14:00,42.858,71.047405
2026-09-05 15:00,43.036,87.59915
2026-09-05 16:00,43.075,91.270074
2026-09-05 17:00,43.09,92.686032
2026-09-05 18:00,43.1,93.630651
2026-09-05 19:00,43.536,135.673908
2026-09-05 20:00,43.61,142.954332
2026-09-05 21:00,43.636,145.521067
2026-09-05 22:00,43.644,146.311781
2026-09-05 23:00,43.288,111.568443
2026-09-06 00:00,42.135,9.10843
2026-09-06 01:00,42.0,
2026-09-06 02:00,42.0,
2026-09-06 03:00,42.0,
2026-09-06 04:00,42.0,
2026-09-06 05:00,42.0,
2026-09-06 06:00,42.0,
2026-09-06 07:00,42.0,
2026-09-06 08:00,42.0,
2026-09-06 09:00,42.0,
2026-09-06 10:00,42.0,
2026-09-06 11:00,42.0,
2026-09-06 12:00,42.0,
2026-09-06 13:00,42.206,14.563605
2026-09-06 14:00,42.861,71.323319
2026-09-06 15:00,43.042,88.162775
2026-09-06 16:00,43.088,92.497108
2026-09-06 17:00,43.097,93.347265
2026-09-06 18:00,43.103,93.914608
2026-09-06 19:00,43.534,135.477745
2026-09-06 20:00,43.628,144.730886
2026-09-06 21:00,43.655,147.39975
2026-09-06 22:00,43.661,147.993319
2026-09-06 23:00,43.062,90.044589
2026-09-07 00:00,42.09,5.808224
2026-09-07 01:00,42.0,
2026-09-07 02:00,42.0,
2026-09-07 03:00,42.0,
2026-09-07 04:00,42.0,
2026-09-07 05:00,42.0,
2026-09-07 06:00,42.0,
2026-09-07 07:00,42.0,
2026-09-07 08:00,42.0,
2026-09-07 09:00,42.0,
2026-09-07 10:00,42.0,
2026-09-07 11:00,42.0,
2026-09-07 12:00,42.0,
2026-09-07 13:00,42.238,17.09612
2026-09-07 14:00,42.891,74.089763
2026-09-07 15:00,43.059,89.761982
2026-09-07 16:00,43.087,92.402647
2026-09-07 17:00,43.101,93.725303
2026-09-07 18:00,43.104,94.009261
2026-09-07 19:00,43.524,134.49693
2026-09-07 20:00,43.637,145.619839
2026-09-07 21:00,43.66,147.894281
2026-09-07 22:00,43.666,148.488511
2026-09-07 23:00,42.94,78.62909
2026-09-08 00:00,42.061,3.768732
2026-09-08 01:00,42.0,
2026-09-08 02:00,42.0,
2026-09-08 03:00,42.0,
2026-09-08 04:00,42.0,
2026-09-08 05:00,42.0,
2026-09-08 06:00,42.0,
2026-09-08 07:00,42.0,
2026-09-08 08:00,42.0,
2026-09-08 09:00,42.0,
2026-09-08 10:00,42.0,
2026-09-08 11:00,42.0,
2026-09-08 12:00,42.0,
2026-09-08 13:00,42.036,2.104427
2026-09-08 14:00,42.833,68.751794
2026-09-08 15:00,43.059,89.761982
2026-09-08 16:00,43.105,94.103913
2026-09-08 17:00,43.113,94.861133
2026-09-08 18:00,43.123,95.808221
2026-09-08 19:00,43.557,137.736023
2026-09-08 20:00,43.623,144.237024
2026-09-08 21:00,43.637,145.619839
2026-09-08 22:00,43.646,146.509594
2026-09-08 23:00,43.026,86.660444
2026-09-09 00:00,42.08,5.091993
2026-09-09 01:00,42.0,
2026-09-09 02:00,42.0,
2026-09-09 03:00,42.0,
2026-09-09 04:00,42.0,
2026-09-09 05:00,42.0,
2026-09-09 06:00,42.0,
2026-09-09 07:00,42.0,
2026-09-09 08:00,42.0,
2026-09-09 09:00,42.0,
2026-09-09 10:00,42.0,
2026-09-09 11:00,42.0,
2026-09-09 12:00,42.0,
2026-09-09 13:00,42.0,
2026-09-09 14:00,42.0,
2026-09-09 15:00,42.0,
2026-09-09 16:00,42.0,
2026-09-09 17:00,43.428,125.118841
2026-09-09 18:00,43.721,153.943836
2026-09-09 19:00,43.791,160.915441
2026-09-09 20:00,43.812,163.012791
2026-09-09 21:00,43.812,163.012791
2026-09-09 22:00,43.821,163.912251
2026-09-09 23:00,43.824,164.212396
2026-09-10 00:00,43.047,88.63313
2026-09-10 01:00,42.0,
2026-09-10 02:00,42.0,
2026-09-10 03:00,42.0,
2026-09-10 04:00,42.0,
2026-09-10 05:00,42.0,
2026-09-10 06:00,42.85,70.312267
2026-09-10 07:00,43.05,88.915343
2026-09-10 08:00,42.81,66.646321
2026-09-10 09:00,42.0,
2026-09-10 10:00,42.0,
2026-09-10 11:00,42.0,
2026-09-10 12:00,42.0,
2026-09-10 13:00,42.0,
2026-09-10 14:00,42.0,
2026-09-10 15:00,42.0,
2026-09-10 16:00,42.0,
2026-09-10 17:00,43.441,126.384529
2026-09-10 18:00,43.734,155.236385
2026-09-10 19:00,43.798,161.614066
2026-09-10 20:00,43.819,163.712276
2026-09-10 21:00,43.83,164.812687
2026-09-10 22:00,43.312,113.88025
2026-09-10 23:00,42.094,6.094716
2026-09-11 00:00,42.0,
2026-09-11 01:00,42.0,
2026-09-11 02:00,42.0,
2026-09-11 03:00,42.0,
2026-09-11 04:00,42.0,
2026-09-11 05:00,42.0,
2026-09-11 06:00,42.0,
2026-09-11 07:00,42.0,
2026-09-11 08:00,42.0,
2026-09-11 09:00,42.0,
2026-09-11 10:00,42.0,
2026-09-11 11:00,42.0,
2026-09-11 12:00,42.0,
2026-09-11 13:00,42.0,
2026-09-11 14:00,42.822,67.743645
2026-09-11 15:00,43.049,88.821272
2026-09-11 16:00,43.104,94.009261
2026-09-11 17:00,43.209,103.992909
2026-09-11 18:00,43.24,106.958817
2026-09-11 19:00,43.726,154.44097
2026-09-11 20:00,43.813,163.112717
2026-09-11 21:00,43.841,165.913339
2026-09-11 22:00,43.846,166.414184
2026-09-11 23:00,43.845,166.314015
2026-09-12 00:00,42.358,26.906397
2026-09-12 01:00,42.0,
2026-09-12 02:00,42.0,
2026-09-12 03:00,42.0,
2026-09-12 04:00,42.0,
2026-09-12 05:00,42.0,
2026-09-12 06:00,42.0,
2026-09-12 07:00,42.0,
2026-09-12 08:00,42.0,
2026-09-12 09:00,42.0,
2026-09-12 10:00,42.0,
2026-09-12 11:00,42.0,
2026-09-12 12:00,42.0,
2026-09-12 13:00,42.0,
2026-09-12 14:00,42.876,72.705262
2026-09-12 15:00,43.051,89.009414
2026-09-12 16:00,43.096,93.252803
2026-09-12 17:00,43.199,103.037463
2026-09-12 18:00,43.223,105.331302
2026-09-12 19:00,43.72,153.844409
2026-09-12 20:00,43.816,163.412497
2026-09-12 21:00,43.835,165.312928
2026-09-12 22:00,43.84,165.81317
2026-09-12 23:00,43.845,166.314015
2026-09-13 00:00,42.329,24.497229
2026-09-13 01:00,42.0,
2026-09-13 02:00,42.0,
2026-09-13 03:00,42.0,
2026-09-13 04:00,42.0,
2026-09-13 05:00,42.0,
2026-09-13 06:00,42.0,
2026-09-13 07:00,42.0,
2026-09-13 08:00,42.0,
2026-09-13 09:00,42.0,
2026-09-13 10:00,42.0,
2026-09-13 11:00,42.0,
2026-09-13 12:00,42.0,
2026-09-13 13:00,42.0,
2026-09-13 14:00,42.805,66.18931
2026-09-13 15:00,43.038,87.786891
2026-09-13 16:00,43.088,92.497108
2026-09-13 17:00,43.104,94.009261
2026-09-13 18:00,43.11,94.577176
2026-09-13 19:00,43.694,151.263419
2026-09-13 20:00,43.802,162.013526
2026-09-13 21:00,43.824,164.212396
2026-09-13 22:00,43.837,165.513025
2026-09-13 23:00,43.841,165.913339
2026-09-14 00:00,42.67,53.979554
2026-09-14 01:00,42.0,
2026-09-14 02:00,42.0,
2026-09-14 03:00,42.0,
2026-09-14 04:00,42.0,
2026-09-14 05:00,42.0,
2026-09-14 06:00,42.0,
2026-09-14 07:00,42.0,
2026-09-14 08:00,42.0,
2026-09-14 09:00,42.0,
2026-09-14 10:00,42.0,
2026-09-14 11:00,42.0,
2026-09-14 12:00,42.0,
2026-09-14 13:00,42.243,17.495788
2026-09-14 14:00,42.944,79.001221
2026-09-14 15:00,43.097,93.347265
2026-09-14 16:00,43.105,94.103913
2026-09-14 17:00,43.109,94.482523
2026-09-14 18:00,43.135,96.946302
2026-09-14 19:00,43.651,147.004125
2026-09-14 20:00,43.818,163.61235
2026-09-14 21:00,43.853,167.115368
2026-09-14 22:00,43.869,168.719148
2026-09-14 23:00,43.875,169.320879
2026-09-15 00:00,42.543,42.739691
2026-09-15 01:00,42.0,
2026-09-15 02:00,42.0,
2026-09-15 03:00,42.0,
2026-09-15 04:00,42.0,
2026-09-15 05:00,42.0,
2026-09-15 06:00,42.0,
2026-09-15 07:00,42.0,
2026-09-15 08:00,42.0,
2026-09-15 09:00,42.0,
2026-09-15 10:00,42.0,
2026-09-15 11:00,42.0,
2026-09-15 12:00,42.0,
2026-09-15 13:00,42.0,
2026-09-15 14:00,42.887,73.720315
2026-09-15 15:00,43.062,90.044589
2026-09-15 16:00,43.099,93.536189
2026-09-15 17:00,43.11,94.577176
2026-09-15 18:00,43.21,104.088471
2026-09-15 19:00,43.706,152.454227
2026-09-15 20:00,43.815,163.31257
2026-09-15 21:00,43.844,166.213846
2026-09-15 22:00,43.86,167.816551
2026-09-15 23:00,43.86,167.816551
2026-09-16 00:00,42.37,27.910909
2026-09-16 01:00,42.0,
2026-09-16 02:00,42.0,
2026-09-16 03:00,42.0,
2026-09-16 04:00,42.0,
2026-09-16 05:00,42.0,
2026-09-16 06:00,42.0,
2026-09-16 07:00,42.0,
2026-09-16 08:00,42.0,
2026-09-16 09:00,42.0,
2026-09-16 10:00,42.0,
2026-09-16 11:00,42.0,
2026-09-16 12:00,42.0,
2026-09-16 13:00,42.0,
2026-09-16 14:00,42.859,71.139297
2026-09-16 15:00,43.055,89.385698
2026-09-16 16:00,43.108,94.387871
2026-09-16 17:00,43.118,95.334396
2026-09-16 18:00,43.119,95.429048
2026-09-16 19:00,43.706,152.454227
2026-09-16 20:00,43.808,162.613085
2026-09-16 21:00,43.834,165.21288
2026-09-16 22:00,43.845,166.314015
2026-09-16 23:00,43.62,143.940706
2026-09-17 00:00,42.207,14.642297
2026-09-17 01:00,42.0,
2026-09-17 02:00,42.0,
2026-09-17 03:00,42.0,
2026-09-17 04:00,42.0,
2026-09-17 05:00,42.0,
2026-09-17 06:00,42.0,
2026-09-17 07:00,42.0,
2026-09-17 08:00,42.0,
2026-09-17 09:00,42.0,
2026-09-17 10:00,42.0,
2026-09-17 11:00,42.0,
2026-09-17 12:00,42.0,
2026-09-17 13:00,42.0,
2026-09-17 14:00,42.822,67.743645
2026-09-17 15:00,43.039,87.880762
2026-09-17 16:00,43.091,92.780494
2026-09-17 17:00,43.105,94.103913
2026-09-17 18:00,43.107,94.293218
2026-09-17 19:00,43.715,153.347915
2026-09-17 20:00,43.821,163.912251
2026-09-17 21:00,43.843,166.113677
2026-09-17 22:00,43.853,167.115368
2026-09-17 23:00,43.857,167.516044
2026-09-18 00:00,42.626,50.056127
2026-09-18 01:00,42.0,
2026-09-18 02:00,42.0,
2026-09-18 03:00,42.0,
2026-09-18 04:00,42.0,
2026-09-18 05:00,42.0,
2026-09-18 06:00,42.0,
2026-09-18 07:00,42.0,
2026-09-18 08:00,42.0,
2026-09-18 09:00,42.0,
2026-09-18 10:00,42.0,
2026-09-18 11:00,42.0,
2026-09-18 12:00,42.0,
2026-09-18 13:00,42.0,
2026-09-18 14:00,42.869,72.060355
2026-09-18 15:00,43.06,89.856053
2026-09-18 16:00,43.099,93.536189
2026-09-18 17:00,43.111,94.671828
2026-09-18 18:00,43.116,95.145091
2026-09-18 19:00,43.724,154.242116
2026-09-18 20:00,43.834,165.21288
2026-09-18 21:00,43.857,167.516044
2026-09-18 22:00,43.862,168.017128
2026-09-18 23:00,43.87,168.819436
2026-09-19 00:00,42.453,34.946989
2026-09-19 01:00,42.0,
2026-09-19 02:00,42.0,
2026-09-19 03:00,42.0,
2026-09-19 04:00,42.0,
2026-09-19 05:00,42.0,
2026-09-19 06:00,42.0,
2026-09-19 07:00,42.0,
2026-09-19 08:00,42.0,
2026-09-19 09:00,42.0,
2026-09-19 10:00,42.0,
2026-09-19 11:00,42.0,
2026-09-19 12:00,42.0,
2026-09-19 13:00,42.0,
2026-09-19 14:00,43.003,84.504887
2026-09-19 15:00,43.179,101.129926
2026-09-19 16:00,43.222,105.235566
2026-09-19 17:00,43.233,106.288664
2026-09-19 18:00,43.24,106.958817
2026-09-19 19:00,43.739,155.733519
2026-09-19 20:00,43.827,164.512541
2026-09-19 21:00,43.853,167.115368
2026-09-19 22:00,43.861,167.916839
2026-09-19 23:00,43.4,122.396106
2026-09-20 00:00,42.174,12.073787
2026-09-20 01:00,42.0,
2026-09-20 02:00,42.0,
2026-09-20 03:00,42.0,
2026-09-20 04:00,42.0,
2026-09-20 05:00,42.0,
2026-09-20 06:00,42.0,
2026-09-20 07:00,42.0,
2026-09-20 08:00,42.0,
2026-09-20 09:00,42.0,
2026-09-20 10:00,42.0,
2026-09-20 11:00,42.0,
2026-09-20 12:00,42.0,
2026-09-20 13:00,42.283,20.722709
2026-09-20 14:00,43.008,84.97322
2026-09-20 15:00,43.195,102.65592
2026-09-20 16:00,43.234,106.3844
2026-09-20 17:00,43.243,107.24654
2026-09-20 18:00,43.248,107.726077
2026-09-20 19:00,43.74,155.832946
2026-09-20 20:00,43.829,164.712638
2026-09-20 21:00,43.859,167.716382
2026-09-20 22:00,43.871,168.919725
2026-09-20 23:00,43.319,114.555102
2026-09-21 00:00,42.1,6.524455
2026-09-21 01:00,42.0,
2026-09-21 02:00,42.0,
2026-09-21 03:00,42.0,
2026-09-21 04:00,42.0,
2026-09-21 05:00,42.0,
2026-09-21 06:00,42.0,
2026-09-21 07:00,42.0,
2026-09-21 08:00,42.0,
2026-09-21 09:00,42.0,
2026-09-21 10:00,42.571,45.195235
2026-09-21 11:00,42.482,37.440288
2026-09-21 12:00,42.478,37.095298
2026-09-21 13:00,42.484,37.613182
2026-09-21 14:00,42.994,83.663131
2026-09-21 15:00,43.088,92.497108
2026-09-21 16:00,43.114,94.955786
2026-09-21 17:00,43.12,95.5237
2026-09-21 18:00,43.176,100.844306
2026-09-21 19:00,43.567,138.719229
2026-09-21 20:00,43.649,146.806312
2026-09-21 21:00,43.667,148.58755
2026-09-21 22:00,43.678,149.676972
2026-09-21 23:00,42.456,35.203892
2026-09-22 00:00,42.0,
2026-09-22 01:00,42.0,
2026-09-22 02:00,42.0,
2026-09-22 03:00,42.0,
2026-09-22 04:00,42.0,
2026-09-22 05:00,42.0,
2026-09-22 06:00,42.0,
2026-09-22 07:00,42.0,
2026-09-22 08:00,42.0,
2026-09-22 09:00,42.232,16.619178
2026-09-22 10:00,42.409,31.197371
2026-09-22 11:00,42.469,36.320863
2026-09-22 12:00,42.473,36.665056
2026-09-22 13:00,42.484,37.613182
2026-09-22 14:00,42.481,37.353841
2026-09-22 15:00,43.015,85.628887
2026-09-22 16:00,43.096,93.252803
2026-09-22 17:00,43.147,98.085677
2026-09-22 18:00,43.162,99.511413
2026-09-22 19:00,43.263,109.165197
2026-09-22 20:00,43.282,110.990984
2026-09-22 21:00,43.283,111.087227
2026-09-22 22:00,43.285,111.279713
2026-09-22 23:00,42.775,63.454859
2026-09-23 00:00,42.0,
2026-09-23 01:00,42.0,
2026-09-23 02:00,42.0,
2026-09-23 03:00,42.0,
2026-09-23 04:00,42.0,
2026-09-23 05:00,42.0,
2026-09-23 06:00,42.0,
2026-09-23 07:00,42.0,
2026-09-23 08:00,42.0,
2026-09-23 09:00,42.246,17.736476
2026-09-23 10:00,42.415,31.705899
2026-09-23 11:00,42.466,36.062719
2026-09-23 12:00,42.481,37.353841
2026-09-23 13:00,42.483,37.526735
2026-09-23 14:00,42.993,83.569672
2026-09-23 15:00,43.098,93.441727
2026-09-23 16:00,43.121,95.618541
2026-09-23 17:00,43.126,96.092741
2026-09-23 18:00,43.146,97.990652
2026-09-23 19:00,43.262,109.069121
2026-09-23 20:00,43.279,110.702421
2026-09-23 21:00,43.285,111.279713
2026-09-23 22:00,43.285,111.279713
2026-09-23 23:00,42.196,13.780161
2026-09-24 00:00,42.0,
2026-09-24 01:00,42.0,
2026-09-24 02:00,42.0,
2026-09-24 03:00,42.0,
2026-09-24 04:00,42.0,
2026-09-24 05:00,42.0,
2026-09-24 06:00,42.0,
2026-09-24 07:00,42.0,
2026-09-24 08:00,42.0,
2026-09-24 09:00,42.0,
2026-09-24 10:00,42.385,29.17029
2026-09-24 11:00,42.465,35.97667
2026-09-24 12:00,42.473,36.665056
2026-09-24 13:00,42.482,37.440288
2026-09-24 14:00,42.989,83.195836
2026-09-24 15:00,43.103,93.914608
2026-09-24 16:00,43.124,95.903061
2026-09-24 17:00,43.131,96.566942
2026-09-24 18:00,43.134,96.851462
2026-09-24 19:00,43.134,96.851462
2026-09-24 20:00,43.071,90.893001
2026-09-24 21:00,42.984,82.72854
2026-09-24 22:00,42.897,74.643936
2026-09-24 23:00,42.809,66.554919
2026-09-25 00:00,42.722,58.652612
2026-09-25 01:00,42.634,50.767248
2026-09-25 02:00,42.547,43.089937
2026-09-25 03:00,42.459,35.460795
2026-09-25 04:00,42.372,28.0785
2026-09-25 05:00,42.284,20.804271
2026-09-25 06:00,42.197,13.857984
2026-09-25 07:00,42.109,7.183613
2026-09-25 08:00,42.022,1.218206
2026-09-25 09:00,42.3,22.109248
2026-09-25 10:00,42.432,33.152115
2026-09-25 11:00,42.47,36.406912
2026-09-25 12:00,42.489,38.045416
2026-09-25 13:00,42.483,37.526735
2026-09-25 14:00,42.958,80.303679
2026-09-25 15:00,43.092,92.874956
2026-09-25 16:00,43.12,95.5237
2026-09-25 17:00,43.191,102.274377
2026-09-25 18:00,43.323,114.941218
2026-09-25 19:00,43.379,120.358354
2026-09-25 20:00,43.307,113.398212
2026-09-25 21:00,43.293,112.049658
2026-09-25 22:00,43.291,111.857172
2026-09-25 23:00,42.3,22.109248
2026-09-26 00:00,42.0,
2026-09-26 01:00,42.0,
2026-09-26 02:00,42.0,
2026-09-26 03:00,42.0,
2026-09-26 04:00,42.0,
2026-09-26 05:00,42.0,
2026-09-26 06:00,42.0,
2026-09-26 07:00,42.0,
2026-09-26 08:00,42.0,
2026-09-26 09:00,42.0,
2026-09-26 10:00,42.0,
2026-09-26 11:00,42.0,
2026-09-26 12:00,42.0,
2026-09-26 13:00,42.0,
2026-09-26 14:00,42.981,82.448162
2026-09-26 15:00,43.182,101.415904
2026-09-26 16:00,43.236,106.575872
2026-09-26 17:00,43.239,106.863081
2026-09-26 18:00,43.243,107.24654
2026-09-26 19:00,43.679,149.776011
2026-09-26 20:00,43.83,164.812687
2026-09-26 21:00,43.863,168.117417
2026-09-26 22:00,43.868,168.618859
2026-09-26 23:00,42.324,24.083536
2026-09-27 00:00,42.0,
2026-09-27 01:00,42.0,
2026-09-27 02:00,42.0,
2026-09-27 03:00,42.0,
2026-09-27 04:00,42.0,
2026-09-27 05:00,42.0,
2026-09-27 06:00,42.0,
2026-09-27 07:00,42.0,
2026-09-27 08:00,42.0,
2026-09-27 09:00,42.0,
2026-09-27 10:00,42.419,32.044917
2026-09-27 11:00,42.513,40.125138
2026-09-27 12:00,42.536,42.128197
2026-09-27 13:00,42.535,42.040994
2026-09-27 14:00,43.131,96.566942
2026-09-27 15:00,43.209,103.992909
2026-09-27 16:00,43.23,106.001455
2026-09-27 17:00,43.238,106.767345
2026-09-27 18:00,43.242,107.150632
2026-09-27 19:00,43.242,107.150632
2026-09-27 20:00,43.245,107.438355
2026-09-27 21:00,43.247,107.63017
2026-09-27 22:00,43.246,107.534262
2026-09-27 23:00,42.095,6.16634
2026-09-28 00:00,42.0,
2026-09-28 01:00,42.0,
2026-09-28 02:00,42.0,
2026-09-28 03:00,42.0,
2026-09-28 04:00,42.0,
2026-09-28 05:00,42.0,
2026-09-28 06:00,42.0,
2026-09-28 07:00,42.0,
2026-09-28 08:00,42.0,
2026-09-28 09:00,42.227,16.221726
2026-09-28 10:00,42.469,36.320863
2026-09-28 11:00,42.54,42.477007
2026-09-28 12:00,42.553,43.615306
2026-09-28 13:00,42.56,44.228236
2026-09-28 14:00,43.106,94.198566
2026-09-28 15:00,43.203,103.419536
2026-09-28 16:00,43.231,106.097192
2026-09-28 17:00,43.238,106.767345
2026-09-28 18:00,43.236,106.575872
2026-09-28 19:00,43.243,107.24654
2026-09-28 20:00,43.243,107.24654
2026-09-28 21:00,43.246,107.534262
2026-09-28 22:00,43.039,87.880762
2026-09-28 23:00,42.0,
2026-09-29 00:00,42.0,
2026-09-29 01:00,42.0,
2026-09-29 02:00,42.0,
2026-09-29 03:00,42.0,
2026-09-29 04:00,42.0,
2026-09-29 05:00,42.0,
2026-09-29 06:00,42.0,
2026-09-29 07:00,42.0,
2026-09-29 08:00,42.0,
2026-09-29 09:00,42.0,
2026-09-29 10:00,42.0,
2026-09-29 11:00,42.0,
2026-09-29 12:00,42.603,48.01705
2026-09-29 13:00,43.11,94.577176
2026-09-29 14:00,43.215,104.566283
2026-09-29 15:00,43.246,107.534262
2026-09-29 16:00,43.253,108.205615
2026-09-29 17:00,43.262,109.069121
2026-09-29 18:00,43.254,108.301522
2026-09-29 19:00,43.257,108.589245
2026-09-29 20:00,43.256,108.493337
2026-09-29 21:00,43.255,108.39743
2026-09-29 22:00,43.255,108.39743
2026-09-29 23:00,42.727,59.104384
2026-09-30 00:00,42.0,
2026-09-30 01:00,42.0,
2026-09-30 02:00,42.0,
2026-09-30 03:00,42.0,
2026-09-30 04:00,42.0,
2026-09-30 05:00,42.0,
2026-09-30 06:00,42.0,
2026-09-30 07:00,42.0,
2026-09-30 08:00,42.0,
2026-09-30 09:00,42.0,
2026-09-30 10:00,42.0,
2026-09-30 11:00,42.0,
2026-09-30 12:00,43.03,87.035927
2026-09-30 13:00,43.198,102.942077
2026-09-30 14:00,43.238,106.767345
2026-09-30 15:00,43.253,108.205615
2026-09-30 16:00,43.26,108.876968
2026-09-30 17:00,43.264,109.261274
2026-09-30 18:00,43.268,109.64558
2026-09-30 19:00,43.264,109.261274
2026-09-30 20:00,43.268,109.64558
2026-09-30 21:00,43.265,109.35735
2026-09-30 22:00,42.974,81.795215
2026-09-30 23:00,42.0,
2026-10-01 00:00,42.0,
2026-10-01 01:00,42.0,
2026-10-01 02:00,42.0,
2026-10-01 03:00,42.0,
2026-10-01 04:00,42.0,
2026-10-01 05:00,42.0,
2026-10-01 06:00,42.0,
2026-10-01 07:00,42.0,
2026-10-01 08:00,42.0,
2026-10-01 09:00,42.0,
2026-10-01 10:00,42.346,25.907034
2026-10-01 11:00,42.507,39.604151
2026-10-01 12:00,42.556,43.87799
2026-10-01 13:00,42.566,44.75569
2026-10-01 14:00,43.133,96.756622
2026-10-01 15:00,43.225,105.522775
2026-10-01 16:00,43.252,108.109707
2026-10-01 17:00,43.256,108.493337
2026-10-01 18:00,43.256,108.493337
2026-10-01 19:00,43.256,108.493337
2026-10-01 20:00,43.257,108.589245
2026-10-01 21:00,43.262,109.069121
2026-10-01 22:00,43.262,109.069121
2026-10-01 23:00,42.017,0.927863
2026-10-02 00:00,42.0,
2026-10-02 01:00,42.0,
2026-10-02 02:00,42.0,
2026-10-02 03:00,42.0,
2026-10-02 04:00,42.0,
2026-10-02 05:00,42.0,
2026-10-02 06:00,42.0,
2026-10-02 07:00,42.0,
2026-10-02 08:00,42.0,
2026-10-02 09:00,42.0,
2026-10-02 10:00,42.0,
2026-10-02 11:00,42.0,
2026-10-02 12:00,42.389,29.507434
2026-10-02 13:00,42.522,40.907362
2026-10-02 14:00,43.127,96.187581
2026-10-02 15:00,43.221,105.13983
2026-10-02 16:00,43.24,106.958817
2026-10-02 17:00,43.241,107.054724
2026-10-02 18:00,43.269,109.741656
2026-10-02 19:00,43.262,109.069121
2026-10-02 20:00,43.263,109.165197
2026-10-02 21:00,43.264,109.261274
2026-10-02 22:00,43.267,109.549503
2026-10-02 23:00,42.46,35.546429
2026-10-03 00:00,42.0,
2026-10-03 01:00,42.0,
2026-10-03 02:00,42.0,
2026-10-03 03:00,42.0,
2026-10-03 04:00,42.0,
2026-10-03 05:00,42.0,
2026-10-03 06:00,42.0,
2026-10-03 07:00,42.0,
2026-10-03 08:00,42.0,
2026-10-03 09:00,42.0,
2026-10-03 10:00,42.0,
2026-10-03 11:00,42.0,
2026-10-03 12:00,42.343,25.657193
2026-10-03 13:00,42.487,37.872522
2026-10-03 14:00,43.077,91.45861
2026-10-03 15:00,43.22,105.044094
2026-10-03 16:00,43.248,107.726077
2026-10-03 17:00,43.26,108.876968
2026-10-03 18:00,43.263,109.165197
2026-10-03 19:00,43.264,109.261274
2026-10-03 20:00,43.262,109.069121
2026-10-03 21:00,43.268,109.64558
2026-10-03 22:00,43.267,109.549503
2026-10-03 23:00,42.93,77.700956
2026-10-04 00:00,42.045,2.692997
2026-10-04 01:00,42.0,
2026-10-04 02:00,42.0,
2026-10-04 03:00,42.0,
2026-10-04 04:00,42.0,
2026-10-04 05:00,42.0,
2026-10-04 06:00,42.0,
2026-10-04 07:00,42.0,
2026-10-04 08:00,42.0,
2026-10-04 09:00,42.0,
2026-10-04 10:00,42.0,
2026-10-04 11:00,42.0,
2026-10-04 12:00,42.374,28.24609
2026-10-04 13:00,42.51,39.864644
2026-10-04 14:00,43.124,95.903061
2026-10-04 15:00,43.222,105.235566
2026-10-04 16:00,43.248,107.726077
2026-10-04 17:00,43.252,108.109707
2026-10-04 18:00,43.257,108.589245
2026-10-04 19:00,43.257,108.589245
2026-10-04 20:00,43.254,108.301522
2026-10-04 21:00,43.256,108.493337
2026-10-04 22:00,43.259,108.78106
2026-10-04 23:00,43.185,101.702062
2026-10-05 00:00,42.087,5.593355
2026-10-05 01:00,42.0,
2026-10-05 02:00,42.0,
2026-10-05 03:00,42.0,
2026-10-05 04:00,42.0,
2026-10-05 05:00,42.0,
2026-10-05 06:00,42.0,
2026-10-05 07:00,42.0,
2026-10-05 08:00,42.0,
2026-10-05 09:00,42.0,
2026-10-05 10:00,42.0,
2026-10-05 11:00,42.0,
2026-10-05 12:00,42.373,28.162295
2026-10-05 13:00,42.514,40.211969
2026-10-05 14:00,43.137,97.135983
2026-10-05 15:00,43.225,105.522775
2026-10-05 16:00,43.248,107.726077
2026-10-05 17:00,43.259,108.78106
2026-10-05 18:00,43.267,109.549503
2026-10-05 19:00,43.263,109.165197
2026-10-05 20:00,43.269,109.741656
2026-10-05 21:00,43.274,110.222039
2026-10-05 22:00,43.27,109.837733
2026-10-05 23:00,43.053,89.197556
2026-10-06 00:00,42.066,4.116958
2026-10-06 01:00,42.0,
2026-10-06 02:00,42.0,
2026-10-06 03:00,42.0,
2026-10-06 04:00,42.0,
2026-10-06 05:00,42.0,
2026-10-06 06:00,42.0,
2026-10-06 07:00,42.0,
2026-10-06 08:00,42.0,
2026-10-06 09:00,42.0,
2026-10-06 10:00,42.0,
2026-10-06 11:00,42.06,3.699086
2026-10-06 12:00,42.447,34.433184
2026-10-06 13:00,42.592,47.045365
2026-10-06 14:00,43.163,99.606619
2026-10-06 15:00,43.245,107.438355
2026-10-06 16:00,43.261,108.973044
2026-10-06 17:00,43.267,109.549503
2026-10-06 18:00,43.274,110.222039
2026-10-06 19:00,43.279,110.702421
2026-10-06 20:00,43.278,110.606345
2026-10-06 21:00,43.28,110.798498
2026-10-06 22:00,43.283,111.087227
2026-10-06 23:00,43.281,110.894741
2026-10-07 00:00,42.138,9.332266
2026-10-07 01:00,42.0,
2026-10-07 02:00,42.0,
2026-10-07 03:00,42.0,
2026-10-07 04:00,42.0,
2026-10-07 05:00,42.0,
2026-10-07 06:00,42.0,
2026-10-07 07:00,42.0,
2026-10-07 08:00,42.0,
2026-10-07 09:00,42.0,
2026-10-07 10:00,42.0,
2026-10-07 11:00,42.047,2.827142
2026-10-07 12:00,42.434,33.322522
2026-10-07 13:00,42.59,46.868874
2026-10-07 14:00,43.165,99.797033
2026-10-07 15:00,43.245,107.438355
2026-10-07 16:00,43.263,109.165197
2026-10-07 17:00,43.276,110.414192
2026-10-07 18:00,43.268,109.64558
2026-10-07 19:00,43.284,111.18347
2026-10-07 20:00,43.275,110.318115
2026-10-07 21:00,43.28,110.798498
2026-10-07 22:00,43.281,110.894741
2026-10-07 23:00,42.974,81.795215
2026-10-08 00:00,42.055,3.363723
2026-10-08 01:00,42.0,
2026-10-08 02:00,42.0,
2026-10-08 03:00,42.0,
2026-10-08 04:00,42.0,
2026-10-08 05:00,42.0,
2026-10-08 06:00,42.0,
2026-10-08 07:00,42.0,
2026-10-08 08:00,42.0,
2026-10-08 09:00,42.0,
2026-10-08 10:00,42.0,
2026-10-08 11:00,42.0,
2026-10-08 12:00,42.43,32.981708
2026-10-08 13:00,42.579,45.898506
2026-10-08 14:00,43.166,99.892239
2026-10-08 15:00,43.248,107.726077
2026-10-08 16:00,43.264,109.261274
2026-10-08 17:00,43.268,109.64558
2026-10-08 18:00,43.272,110.029886
2026-10-08 19:00,43.275,110.318115
2026-10-08 20:00,43.276,110.414192
2026-10-08 21:00,43.275,110.318115
2026-10-08 22:00,43.278,110.606345
2026-10-08 23:00,43.276,110.414192
2026-10-09 00:00,42.165,11.381975
2026-10-09 01:00,42.0,
2026-10-09 02:00,42.0,
2026-10-09 03:00,42.0,
2026-10-09 04:00,42.0,
2026-10-09 05:00,42.0,
2026-10-09 06:00,42.0,
2026-10-09 07:00,42.0,
2026-10-09 08:00,42.0,
2026-10-09 09:00,42.0,
2026-10-09 10:00,42.0,
2026-10-09 11:00,42.0,
2026-10-09 12:00,42.419,32.044917
2026-10-09 13:00,42.54,42.477007
2026-10-09 14:00,43.122,95.713381
2026-10-09 15:00,43.239,106.863081
2026-10-09 16:00,43.269,109.741656
