datetime,value,discharge
2025-10-09 00:00,35.496,
2025-10-09 01:00,35.447,
2025-10-09 02:00,35.397,
2025-10-09 03:00,35.348,
2025-10-09 04:00,35.298,
2025-10-09 05:00,35.249,
2025-10-09 06:00,35.199,
2025-10-09 07:00,35.142,
2025-10-09 08:00,35.081,
2025-10-09 09:00,35.039,
2025-10-09 10:00,35.012,
2025-10-09 11:00,34.986,
2025-10-09 12:00,34.964,
2025-10-09 13:00,34.951,
2025-10-09 14:00,35.225,
2025-10-09 15:00,35.551,
2025-10-09 16:00,35.661,
2025-10-09 17:00,35.707,
2025-10-09 18:00,35.725,
2025-10-09 19:00,35.678,
2025-10-09 20:00,35.631,
2025-10-09 21:00,35.584,
2025-10-09 22:00,35.537,
2025-10-09 23:00,35.49,
2025-10-10 00:00,35.443,
2025-10-10 01:00,35.396,
2025-10-10 02:00,35.349,
2025-10-10 03:00,35.302,
2025-10-10 04:00,35.255,
2025-10-10 05:00,35.209,
2025-10-10 06:00,35.162,
2025-10-10 07:00,35.122,
2025-10-10 08:00,35.063,
2025-10-10 09:00,35.023,
2025-10-10 10:00,35.001,
2025-10-10 11:00,34.972,
2025-10-10 12:00,34.957,
2025-10-10 13:00,34.957,
2025-10-10 14:00,35.243,
2025-10-10 15:00,35.558,
2025-10-10 16:00,35.667,
2025-10-10 17:00,35.715,
2025-10-10 18:00,35.731,
2025-10-10 19:00,35.714,
2025-10-10 20:00,35.666,
2025-10-10 21:00,35.618,
2025-10-10 22:00,35.571,
2025-10-10 23:00,35.523,
2025-10-11 00:00,35.476,
2025-10-11 01:00,35.428,
2025-10-11 02:00,35.381,
2025-10-11 03:00,35.333,
2025-10-11 04:00,35.286,
2025-10-11 05:00,35.238,
2025-10-11 06:00,35.191,
2025-10-11 07:00,35.128,
2025-10-11 08:00,35.074,
2025-10-11 09:00,35.03,
2025-10-11 10:00,35.0,
2025-10-11 11:00,34.987,
2025-10-11 12:00,34.964,
2025-10-11 13:00,34.953,
2025-10-11 14:00,35.242,
2025-10-11 15:00,35.563,
2025-10-11 16:00,35.677,
2025-10-11 17:00,35.716,
2025-10-11 18:00,35.731,
2025-10-11 19:00,35.743,
2025-10-11 20:00,35.692,
2025-10-11 21:00,35.64,
2025-10-11 22:00,35.589,
2025-10-11 23:00,35.537,
2025-10-12 00:00,35.486,
2025-10-12 01:00,35.434,
2025-10-12 02:00,35.383,
2025-10-12 03:00,35.331,
2025-10-12 04:00,35.28,
2025-10-12 05:00,35.228,
2025-10-12 06:00,35.177,
2025-10-12 07:00,35.119,
2025-10-12 08:00,35.07,
2025-10-12 09:00,35.031,
2025-10-12 10:00,35.011,
2025-10-12 11:00,34.979,
2025-10-12 12:00,34.973,
2025-10-12 13:00,34.963,
2025-10-12 14:00,35.285,
2025-10-12 15:00,35.592,
2025-10-12 16:00,35.718,
2025-10-12 17:00,35.764,
2025-10-12 18:00,35.781,
2025-10-12 19:00,35.79,
2025-10-12 20:00,35.735,
2025-10-12 21:00,35.68,
2025-10-12 22:00,35.625,
2025-10-12 23:00,35.57,
2025-10-13 00:00,35.515,
2025-10-13 01:00,35.46,
2025-10-13 02:00,35.404,
2025-10-13 03:00,35.349,
2025-10-13 04:00,35.293,
2025-10-13 05:00,35.238,
2025-10-13 06:00,35.182,
2025-10-13 07:00,35.118,
2025-10-13 08:00,35.067,
2025-10-13 09:00,35.028,
2025-10-13 10:00,35.013,
2025-10-13 11:00,34.979,
2025-10-13 12:00,34.961,
2025-10-13 13:00,34.946,
2025-10-13 14:00,35.265,
2025-10-13 15:00,35.6,
2025-10-13 16:00,35.717,
2025-10-13 17:00,35.753,
2025-10-13 18:00,35.775,
2025-10-13 19:00,35.785,
2025-10-13 20:00,35.787,
2025-10-13 21:00,35.789,
2025-10-13 22:00,35.791,
2025-10-13 23:00,35.793,
2025-10-14 00:00,35.795,
2025-10-14 01:00,35.797,
2025-10-14 02:00,35.8,
2025-10-14 03:00,35.802,
2025-10-14 04:00,35.805,
2025-10-14 05:00,35.807,
2025-10-14 06:00,35.81,
2025-10-14 07:00,35.812,
2025-10-14 08:00,35.756,
2025-10-14 09:00,35.718,
2025-10-14 10:00,35.698,
2025-10-14 11:00,35.712,
2025-10-14 12:00,35.747,
2025-10-14 13:00,35.859,
2025-10-14 14:00,36.065,
2025-10-14 15:00,36.168,
2025-10-14 16:00,36.196,
2025-10-14 17:00,36.191,
2025-10-14 18:00,36.175,
2025-10-14 19:00,36.149,
2025-10-14 20:00,36.092,
2025-10-14 21:00,36.024,
2025-10-14 22:00,35.956,
2025-10-14 23:00,35.888,
2025-10-15 00:00,35.82,
2025-10-15 01:00,35.752,
2025-10-15 02:00,35.684,
2025-10-15 03:00,35.615,
2025-10-15 04:00,35.547,
2025-10-15 05:00,35.478,
2025-10-15 06:00,35.41,
2025-10-15 07:00,35.344,
2025-10-15 08:00,35.294,
2025-10-15 09:00,35.257,
2025-10-15 10:00,35.227,
2025-10-15 11:00,35.202,
2025-10-15 12:00,35.182,
2025-10-15 13:00,35.169,
2025-10-15 14:00,35.153,
2025-10-15 15:00,35.15,
2025-10-15 16:00,35.483,
2025-10-15 17:00,35.725,
2025-10-15 18:00,35.818,
2025-10-15 19:00,35.84,
2025-10-15 20:00,35.791,
2025-10-15 21:00,35.741,
2025-10-15 22:00,35.692,
2025-10-15 23:00,35.643,
2025-10-16 00:00,35.594,
2025-10-16 01:00,35.544,
2025-10-16 02:00,35.495,
2025-10-16 03:00,35.446,
2025-10-16 04:00,35.397,
2025-10-16 05:00,35.347,
2025-10-16 06:00,35.298,
2025-10-16 07:00,35.244,
2025-10-16 08:00,35.188,
2025-10-16 09:00,35.153,
2025-10-16 10:00,35.121,
2025-10-16 11:00,35.097,
2025-10-16 12:00,35.074,
2025-10-16 13:00,35.055,
2025-10-16 14:00,35.39,
2025-10-16 15:00,35.676,
2025-10-16 16:00,35.781,
2025-10-16 17:00,35.822,
2025-10-16 18:00,35.844,
2025-10-16 19:00,35.842,
2025-10-16 20:00,35.79,
2025-10-16 21:00,35.738,
2025-10-16 22:00,35.686,
2025-10-16 23:00,35.634,
2025-10-17 00:00,35.582,
2025-10-17 01:00,35.53,
2025-10-17 02:00,35.478,
2025-10-17 03:00,35.426,
2025-10-17 04:00,35.374,
2025-10-17 05:00,35.322,
2025-10-17 06:00,35.269,
2025-10-17 07:00,35.217,
2025-10-17 08:00,35.17,
2025-10-17 09:00,35.14,
2025-10-17 10:00,35.113,
2025-10-17 11:00,35.087,
2025-10-17 12:00,35.069,
2025-10-17 13:00,35.06,
2025-10-17 14:00,35.054,
2025-10-17 15:00,35.051,
2025-10-17 16:00,35.385,
2025-10-17 17:00,35.672,
2025-10-17 18:00,35.777,
2025-10-17 19:00,35.773,
2025-10-17 20:00,35.728,
2025-10-17 21:00,35.683,
2025-10-17 22:00,35.638,
2025-10-17 23:00,35.593,
2025-10-18 00:00,35.548,
2025-10-18 01:00,35.503,
2025-10-18 02:00,35.458,
2025-10-18 03:00,35.413,
2025-10-18 04:00,35.368,
2025-10-18 05:00,35.323,
2025-10-18 06:00,35.277,
2025-10-18 07:00,35.222,
2025-10-18 08:00,35.165,
2025-10-18 09:00,35.123,
2025-10-18 10:00,35.084,
2025-10-18 11:00,35.062,
2025-10-18 12:00,35.048,
2025-10-18 13:00,35.036,
2025-10-18 14:00,35.201,
2025-10-18 15:00,35.58,
2025-10-18 16:00,35.727,
2025-10-18 17:00,35.773,
2025-10-18 18:00,35.807,
2025-10-18 19:00,35.789,
2025-10-18 20:00,35.758,
2025-10-18 21:00,35.727,
2025-10-18 22:00,35.696,
2025-10-18 23:00,35.666,
2025-10-19 00:00,35.635,
2025-10-19 01:00,35.605,
2025-10-19 02:00,35.574,
2025-10-19 03:00,35.544,
2025-10-19 04:00,35.513,
2025-10-19 05:00,35.483,
2025-10-19 06:00,35.452,
2025-10-19 07:00,35.413,
2025-10-19 08:00,35.358,
2025-10-19 09:00,35.316,
2025-10-19 10:00,35.279,
2025-10-19 11:00,35.251,
2025-10-19 12:00,35.223,
2025-10-19 13:00,35.232,
2025-10-19 14:00,35.544,
2025-10-19 15:00,35.761,
2025-10-19 16:00,35.844,
2025-10-19 17:00,35.872,
2025-10-19 18:00,35.885,
2025-10-19 19:00,35.868,
2025-10-19 20:00,35.819,
2025-10-19 21:00,35.77,
2025-10-19 22:00,35.721,
2025-10-19 23:00,35.672,
2025-10-20 00:00,35.623,
2025-10-20 01:00,35.574,
2025-10-20 02:00,35.525,
2025-10-20 03:00,35.476,
2025-10-20 04:00,35.427,
2025-10-20 05:00,35.379,
2025-10-20 06:00,35.33,
2025-10-20 07:00,35.276,
2025-10-20 08:00,35.233,
2025-10-20 09:00,35.199,
2025-10-20 10:00,35.175,
2025-10-20 11:00,35.154,
2025-10-20 12:00,35.134,
2025-10-20 13:00,35.13,
2025-10-20 14:00,35.431,
2025-10-20 15:00,35.695,
2025-10-20 16:00,35.795,
2025-10-20 17:00,35.839,
2025-10-20 18:00,35.856,
2025-10-20 19:00,35.847,
2025-10-20 20:00,35.795,
2025-10-20 21:00,35.743,
2025-10-20 22:00,35.691,
2025-10-20 23:00,35.639,
2025-10-21 00:00,35.587,
2025-10-21 01:00,35.536,
2025-10-21 02:00,35.484,
2025-10-21 03:00,35.433,
2025-10-21 04:00,35.381,
2025-10-21 05:00,35.33,
2025-10-21 06:00,35.278,
2025-10-21 07:00,35.227,
2025-10-21 08:00,35.179,
2025-10-21 09:00,35.145,
2025-10-21 10:00,35.116,
2025-10-21 11:00,35.097,
2025-10-21 12:00,35.089,
2025-10-21 13:00,35.419,
2025-10-21 14:00,35.672,
2025-10-21 15:00,35.769,
2025-10-21 16:00,35.893,
2025-10-21 17:00,36.135,
2025-10-21 18:00,36.3,
2025-10-21 19:00,36.359,
2025-10-21 20:00,36.279,
2025-10-21 21:00,36.199,
2025-10-21 22:00,36.119,
2025-10-21 23:00,36.039,
2025-10-22 00:00,35.959,
2025-10-22 01:00,35.879,
2025-10-22 02:00,35.799,
2025-10-22 03:00,35.719,
2025-10-22 04:00,35.639,
2025-10-22 05:00,35.559,
2025-10-22 06:00,35.48,
2025-10-22 07:00,35.406,
2025-10-22 08:00,35.362,
2025-10-22 09:00,35.641,
2025-10-22 10:00,36.18,
2025-10-22 11:00,36.4,
2025-10-22 12:00,36.49,
2025-10-22 13:00,36.532,
2025-10-22 14:00,36.542,
2025-10-22 15:00,36.55,
2025-10-22 16:00,36.553,
2025-10-22 17:00,36.551,
2025-10-22 18:00,36.552,
2025-10-22 19:00,36.475,
2025-10-22 20:00,36.375,
2025-10-22 21:00,36.275,
2025-10-22 22:00,36.175,
2025-10-22 23:00,36.075,
2025-10-23 00:00,35.975,
2025-10-23 01:00,35.875,
2025-10-23 02:00,35.775,
2025-10-23 03:00,35.675,
2025-10-23 04:00,35.575,
2025-10-23 05:00,35.475,
2025-10-23 06:00,35.375,
2025-10-23 07:00,35.28,
2025-10-23 08:00,35.228,
2025-10-23 09:00,35.192,
2025-10-23 10:00,35.346,
2025-10-23 11:00,36.008,
2025-10-23 12:00,36.291,
2025-10-23 13:00,36.4,
2025-10-23 14:00,36.361,
2025-10-23 15:00,36.147,
2025-10-23 16:00,36.115,
2025-10-23 17:00,36.269,
2025-10-23 18:00,36.386,
2025-10-23 19:00,36.465,
2025-10-23 20:00,36.459,
2025-10-23 21:00,36.454,
2025-10-23 22:00,36.448,
2025-10-23 23:00,36.443,
2025-10-24 00:00,36.437,
2025-10-24 01:00,36.432,
2025-10-24 02:00,36.426,
2025-10-24 03:00,36.421,
2025-10-24 04:00,36.415,
2025-10-24 05:00,36.41,
2025-10-24 06:00,36.404,
2025-10-24 07:00,36.399,
2025-10-24 08:00,36.386,
2025-10-24 09:00,36.387,
2025-10-24 10:00,36.363,
2025-10-24 11:00,36.318,
2025-10-24 12:00,36.357,
2025-10-24 13:00,36.42,
2025-10-24 14:00,36.47,
2025-10-24 15:00,36.511,
2025-10-24 16:00,36.503,
2025-10-24 17:00,36.457,
2025-10-24 18:00,36.482,
2025-10-24 19:00,36.507,
2025-10-24 20:00,36.532,
2025-10-24 21:00,36.557,
2025-10-24 22:00,36.582,
2025-10-24 23:00,36.607,
2025-10-25 00:00,36.632,
2025-10-25 01:00,36.657,
2025-10-25 02:00,36.683,
2025-10-25 03:00,36.708,
2025-10-25 04:00,36.734,
2025-10-25 05:00,36.759,
2025-10-25 06:00,36.785,
2025-10-25 07:00,36.81,
2025-10-25 08:00,36.796,
2025-10-25 09:00,36.774,
2025-10-25 10:00,36.752,
2025-10-25 11:00,36.733,
2025-10-25 12:00,36.724,
2025-10-25 13:00,36.73,
2025-10-25 14:00,36.726,
2025-10-25 15:00,36.724,
2025-10-25 16:00,36.717,
2025-10-25 17:00,36.712,
2025-10-25 18:00,36.71,
2025-10-25 19:00,36.72,
2025-10-25 20:00,36.701,
2025-10-25 21:00,36.683,
2025-10-25 22:00,36.664,
2025-10-25 23:00,36.646,
2025-10-26 00:00,36.627,
2025-10-26 01:00,36.609,
2025-10-26 02:00,36.59,
2025-10-26 03:00,36.572,
2025-10-26 04:00,36.553,
2025-10-26 05:00,36.535,
2025-10-26 06:00,36.516,
2025-10-26 07:00,36.502,
2025-10-26 08:00,36.498,
2025-10-26 09:00,36.49,
2025-10-26 10:00,36.483,
2025-10-26 11:00,36.484,
2025-10-26 12:00,36.506,
2025-10-26 13:00,36.536,
2025-10-26 14:00,36.571,
2025-10-26 15:00,36.585,
2025-10-26 16:00,36.598,
2025-10-26 17:00,36.624,
2025-10-26 18:00,36.636,
2025-10-26 19:00,36.637,
2025-10-26 20:00,36.632,
2025-10-26 21:00,36.627,
2025-10-26 22:00,36.622,
2025-10-26 23:00,36.617,
2025-10-27 00:00,36.612,
2025-10-27 01:00,36.607,
2025-10-27 02:00,36.603,
2025-10-27 03:00,36.598,
2025-10-27 04:00,36.594,
2025-10-27 05:00,36.589,
2025-10-27 06:00,36.585,
2025-10-27 07:00,36.576,
2025-10-27 08:00,36.576,
2025-10-27 09:00,36.569,
2025-10-27 10:00,36.568,
2025-10-27 11:00,36.567,
2025-10-27 12:00,36.567,
2025-10-27 13:00,36.57,
2025-10-27 14:00,36.563,
2025-10-27 15:00,36.534,
2025-10-27 16:00,36.511,
2025-10-27 17:00,36.566,
2025-10-27 18:00,36.635,
2025-10-27 19:00,36.675,
2025-10-27 20:00,36.652,
2025-10-27 21:00,36.63,
2025-10-27 22:00,36.608,
2025-10-27 23:00,36.586,
2025-10-28 00:00,36.564,
2025-10-28 01:00,36.542,
2025-10-28 02:00,36.52,
2025-10-28 03:00,36.498,
2025-10-28 04:00,36.476,
2025-10-28 05:00,36.454,
2025-10-28 06:00,36.431,
2025-10-28 07:00,36.418,
2025-10-28 08:00,36.414,
2025-10-28 09:00,36.411,
2025-10-28 10:00,36.407,
2025-10-28 11:00,36.438,
2025-10-28 12:00,36.473,
2025-10-28 13:00,36.429,
2025-10-28 14:00,36.342,
2025-10-28 15:00,36.228,
2025-10-28 16:00,36.052,
2025-10-28 17:00,35.837,
2025-10-28 18:00,35.685,
2025-10-28 19:00,36.026,
2025-10-28 20:00,36.07,
2025-10-28 21:00,36.113,
2025-10-28 22:00,36.156,
2025-10-28 23:00,36.2,
2025-10-29 00:00,36.243,
2025-10-29 01:00,36.287,
2025-10-29 02:00,36.33,
2025-10-29 03:00,36.374,
2025-10-29 04:00,36.417,
2025-10-29 05:00,36.461,
2025-10-29 06:00,36.504,
2025-10-29 07:00,36.521,
2025-10-29 08:00,36.489,
2025-10-29 09:00,36.452,
2025-10-29 10:00,36.429,
2025-10-29 11:00,36.438,
2025-10-29 12:00,36.569,
2025-10-29 13:00,36.715,
2025-10-29 14:00,36.811,
2025-10-29 15:00,36.868,
2025-10-29 16:00,36.895,
2025-10-29 17:00,36.853,
2025-10-29 18:00,36.763,
2025-10-29 19:00,36.688,
2025-10-29 20:00,36.615,
2025-10-29 21:00,36.542,
2025-10-29 22:00,36.469,
2025-10-29 23:00,36.396,
2025-10-30 00:00,36.323,
2025-10-30 01:00,36.25,
2025-10-30 02:00,36.177,
2025-10-30 03:00,36.104,
2025-10-30 04:00,36.032,
2025-10-30 05:00,35.959,
2025-10-30 06:00,35.887,
2025-10-30 07:00,35.839,
2025-10-30 08:00,35.86,
2025-10-30 09:00,35.864,
2025-10-30 10:00,35.873,
2025-10-30 11:00,36.014,
2025-10-30 12:00,36.225,
2025-10-30 13:00,36.35,
2025-10-30 14:00,36.411,
2025-10-30 15:00,36.448,
2025-10-30 16:00,36.469,
2025-10-30 17:00,36.479,
2025-10-30 18:00,36.485,
2025-10-30 19:00,36.442,
2025-10-30 20:00,36.399,
2025-10-30 21:00,36.356,
2025-10-30 22:00,36.313,
2025-10-30 23:00,36.27,
2025-10-31 00:00,36.227,
2025-10-31 01:00,36.184,
2025-10-31 02:00,36.141,
2025-10-31 03:00,36.098,
2025-10-31 04:00,36.055,
2025-10-31 05:00,36.011,
2025-10-31 06:00,35.968,
2025-10-31 07:00,35.924,
2025-10-31 08:00,35.904,
2025-10-31 09:00,35.887,
2025-10-31 10:00,35.882,
2025-10-31 11:00,35.878,
2025-10-31 12:00,35.873,
2025-10-31 13:00,35.873,
2025-10-31 14:00,35.871,
2025-10-31 15:00,35.874,
2025-10-31 16:00,36.013,
2025-10-31 17:00,36.22,
2025-10-31 18:00,36.344,
2025-10-31 19:00,36.414,
2025-10-31 20:00,36.313,
2025-10-31 21:00,36.212,
2025-10-31 22:00,36.111,
2025-10-31 23:00,36.01,
2025-11-01 00:00,35.909,
2025-11-01 01:00,35.808,
2025-11-01 02:00,35.707,
2025-11-01 03:00,35.606,
2025-11-01 04:00,35.505,
2025-11-01 05:00,35.404,
2025-11-01 06:00,35.304,
2025-11-01 07:00,35.216,
2025-11-01 08:00,35.172,
2025-11-01 09:00,35.134,
2025-11-01 10:00,35.113,
2025-11-01 11:00,35.089,
2025-11-01 12:00,35.076,
2025-11-01 13:00,35.296,
2025-11-01 14:00,35.615,
2025-11-01 15:00,35.749,
2025-11-01 16:00,36.067,
2025-11-01 17:00,36.486,
2025-11-01 18:00,36.712,
2025-11-01 19:00,36.838,
2025-11-01 20:00,36.708,
2025-11-01 21:00,36.578,
2025-11-01 22:00,36.448,
2025-11-01 23:00,36.318,
2025-11-02 00:00,36.188,
2025-11-02 01:00,36.058,
2025-11-02 02:00,35.927,
2025-11-02 03:00,35.797,
2025-11-02 04:00,35.666,
2025-11-02 05:00,35.536,
2025-11-02 06:00,35.405,
2025-11-02 07:00,35.293,
2025-11-02 08:00,35.216,
2025-11-02 09:00,35.17,
2025-11-02 10:00,35.135,
2025-11-02 11:00,35.109,
2025-11-02 12:00,35.099,
2025-11-02 13:00,35.434,
2025-11-02 14:00,35.666,
2025-11-02 15:00,35.762,
2025-11-02 16:00,36.076,
2025-11-02 17:00,36.484,
2025-11-02 18:00,36.708,
2025-11-02 19:00,36.774,
2025-11-02 20:00,36.649,
2025-11-02 21:00,36.524,
2025-11-02 22:00,36.399,
2025-11-02 23:00,36.274,
2025-11-03 00:00,36.149,
2025-11-03 01:00,36.025,
2025-11-03 02:00,35.9,
2025-11-03 03:00,35.776,
2025-11-03 04:00,35.651,
2025-11-03 05:00,35.527,
2025-11-03 06:00,35.402,
2025-11-03 07:00,35.293,
2025-11-03 08:00,35.22,
2025-11-03 09:00,35.166,
2025-11-03 10:00,35.129,
2025-11-03 11:00,35.109,
2025-11-03 12:00,35.097,
2025-11-03 13:00,35.421,
2025-11-03 14:00,35.656,
2025-11-03 15:00,35.765,
2025-11-03 16:00,36.132,
2025-11-03 17:00,36.52,
2025-11-03 18:00,36.733,
2025-11-03 19:00,36.843,
2025-11-03 20:00,36.907,
2025-11-03 21:00,36.948,
2025-11-03 22:00,36.972,
2025-11-03 23:00,36.991,
2025-11-04 00:00,37.003,
2025-11-04 01:00,36.943,
2025-11-04 02:00,36.653,
2025-11-04 03:00,36.246,
2025-11-04 04:00,35.86,
2025-11-04 05:00,35.579,
2025-11-04 06:00,35.398,
2025-11-04 07:00,35.289,
2025-11-04 08:00,35.215,
2025-11-04 09:00,35.171,
2025-11-04 10:00,35.137,
2025-11-04 11:00,35.108,
2025-11-04 12:00,35.08,
2025-11-04 13:00,35.064,
2025-11-04 14:00,35.049,
2025-11-04 15:00,35.992,
2025-11-04 16:00,36.526,
2025-11-04 17:00,36.743,
2025-11-04 18:00,36.846,
2025-11-04 19:00,36.912,
2025-11-04 20:00,36.948,
2025-11-04 21:00,36.976,
2025-11-04 22:00,36.988,
2025-11-04 23:00,36.987,
2025-11-05 00:00,36.905,
2025-11-05 01:00,36.755,
2025-11-05 02:00,36.527,
2025-11-05 03:00,36.28,
2025-11-05 04:00,36.084,
2025-11-05 05:00,35.967,
2025-11-05 06:00,35.915,
2025-11-05 07:00,35.884,
2025-11-05 08:00,35.866,
2025-11-05 09:00,35.859,
2025-11-05 10:00,35.856,
2025-11-05 11:00,35.985,
2025-11-05 12:00,36.201,
2025-11-05 13:00,36.335,
2025-11-05 14:00,36.401,
2025-11-05 15:00,36.437,
2025-11-05 16:00,36.453,
2025-11-05 17:00,36.478,
2025-11-05 18:00,36.493,
2025-11-05 19:00,36.495,
2025-11-05 20:00,36.487,
2025-11-05 21:00,36.483,
2025-11-05 22:00,36.478,
2025-11-05 23:00,36.38,
2025-11-06 00:00,36.207,
2025-11-06 01:00,35.984,
2025-11-06 02:00,35.745,
2025-11-06 03:00,35.533,
2025-11-06 04:00,35.376,
2025-11-06 05:00,35.268,
2025-11-06 06:00,35.198,
2025-11-06 07:00,35.149,
2025-11-06 08:00,35.116,
2025-11-06 09:00,35.083,
2025-11-06 10:00,35.065,
2025-11-06 11:00,35.047,
2025-11-06 12:00,35.038,
2025-11-06 13:00,35.026,
2025-11-06 14:00,35.005,
2025-11-06 15:00,35.007,
2025-11-06 16:00,35.002,
2025-11-06 17:00,34.996,
2025-11-06 18:00,35.318,
2025-11-06 19:00,36.031,
2025-11-06 20:00,36.511,
2025-11-06 21:00,36.74,
2025-11-06 22:00,36.863,
2025-11-06 23:00,36.933,
2025-11-07 00:00,36.968,
2025-11-07 01:00,36.896,
2025-11-07 02:00,36.581,
2025-11-07 03:00,36.162,
2025-11-07 04:00,35.786,
2025-11-07 05:00,35.517,
2025-11-07 06:00,35.348,
2025-11-07 07:00,35.244,
2025-11-07 08:00,35.173,
2025-11-07 09:00,35.127,
2025-11-07 10:00,35.096,
2025-11-07 11:00,35.067,
2025-11-07 12:00,35.056,
2025-11-07 13:00,35.036,
2025-11-07 14:00,35.028,
2025-11-07 15:00,35.013,
2025-11-07 16:00,34.998,
2025-11-07 17:00,35.002,
2025-11-07 18:00,35.404,
2025-11-07 19:00,36.02,
2025-11-07 20:00,36.499,
2025-11-07 21:00,36.727,
2025-11-07 22:00,36.85,
2025-11-07 23:00,36.912,
2025-11-08 00:00,36.952,
2025-11-08 01:00,36.857,
2025-11-08 02:00,36.534,
2025-11-08 03:00,36.12,
2025-11-08 04:00,35.752,
2025-11-08 05:00,35.493,
2025-11-08 06:00,35.332,
2025-11-08 07:00,35.233,
2025-11-08 08:00,35.17,
2025-11-08 09:00,35.121,
2025-11-08 10:00,35.087,
2025-11-08 11:00,35.067,
2025-11-08 12:00,35.05,
2025-11-08 13:00,35.029,
2025-11-08 14:00,35.021,
2025-11-08 15:00,35.0,
2025-11-08 16:00,35.016,
2025-11-08 17:00,35.0,
2025-11-08 18:00,35.401,
2025-11-08 19:00,36.096,
2025-11-08 20:00,36.547,
2025-11-08 21:00,36.769,
2025-11-08 22:00,36.876,
2025-11-08 23:00,36.943,
2025-11-09 00:00,36.973,
2025-11-09 01:00,36.885,
2025-11-09 02:00,36.558,
2025-11-09 03:00,36.144,
2025-11-09 04:00,35.773,
2025-11-09 05:00,35.512,
2025-11-09 06:00,35.346,
2025-11-09 07:00,35.246,
2025-11-09 08:00,35.176,
2025-11-09 09:00,35.135,
2025-11-09 10:00,35.105,
2025-11-09 11:00,35.076,
2025-11-09 12:00,35.059,
2025-11-09 13:00,35.05,
2025-11-09 14:00,35.026,
2025-11-09 15:00,35.013,
2025-11-09 16:00,35.016,
2025-11-09 17:00,35.003,
2025-11-09 18:00,35.374,
2025-11-09 19:00,36.025,
2025-11-09 20:00,36.492,
2025-11-09 21:00,36.716,
2025-11-09 22:00,36.834,
2025-11-09 23:00,36.9,
2025-11-10 00:00,36.917,
2025-11-10 01:00,36.814,
2025-11-10 02:00,36.508,
2025-11-10 03:00,36.11,
2025-11-10 04:00,35.749,
2025-11-10 05:00,35.494,
2025-11-10 06:00,35.328,
2025-11-10 07:00,35.227,
2025-11-10 08:00,35.16,
2025-11-10 09:00,35.117,
2025-11-10 10:00,35.078,
2025-11-10 11:00,35.062,
2025-11-10 12:00,35.035,
2025-11-10 13:00,35.026,
2025-11-10 14:00,35.003,
2025-11-10 15:00,35.006,
2025-11-10 16:00,34.99,
2025-11-10 17:00,34.995,
2025-11-10 18:00,35.341,
2025-11-10 19:00,35.984,
2025-11-10 20:00,36.472,
2025-11-10 21:00,36.702,
2025-11-10 22:00,36.824,
2025-11-10 23:00,36.896,
2025-11-11 00:00,36.922,
2025-11-11 01:00,36.821,
2025-11-11 02:00,36.517,
2025-11-11 03:00,36.116,
2025-11-11 04:00,35.752,
2025-11-11 05:00,35.491,
2025-11-11 06:00,35.323,
2025-11-11 07:00,35.22,
2025-11-11 08:00,35.155,
2025-11-11 09:00,35.11,
2025-11-11 10:00,35.073,
2025-11-11 11:00,35.053,
2025-11-11 12:00,35.024,
2025-11-11 13:00,35.01,
2025-11-11 14:00,34.997,
2025-11-11 15:00,35.004,
2025-11-11 16:00,34.977,
2025-11-11 17:00,34.967,
2025-11-11 18:00,35.331,
2025-11-11 19:00,36.004,
2025-11-11 20:00,36.484,
2025-11-11 21:00,36.723,
2025-11-11 22:00,36.84,
2025-11-11 23:00,36.908,
2025-11-12 00:00,36.93,
2025-11-12 01:00,36.829,
2025-11-12 02:00,36.523,
2025-11-12 03:00,36.124,
2025-11-12 04:00,35.758,
2025-11-12 05:00,35.496,
2025-11-12 06:00,35.329,
2025-11-12 07:00,35.224,
2025-11-12 08:00,35.161,
2025-11-12 09:00,35.108,
2025-11-12 10:00,35.072,
2025-11-12 11:00,35.057,
2025-11-12 12:00,35.03,
2025-11-12 13:00,35.023,
2025-11-12 14:00,35.017,
2025-11-12 15:00,35.002,
2025-11-12 16:00,34.972,
2025-11-12 17:00,34.979,
2025-11-12 18:00,34.98,
2025-11-12 19:00,35.348,
2025-11-12 20:00,35.623,
2025-11-12 21:00,35.91,
2025-11-12 22:00,36.382,
2025-11-12 23:00,36.65,
2025-11-13 00:00,36.79,
2025-11-13 01:00,36.782,
2025-11-13 02:00,36.515,
2025-11-13 03:00,36.124,
2025-11-13 04:00,35.761,
2025-11-13 05:00,35.5,
2025-11-13 06:00,35.333,
2025-11-13 07:00,35.228,
2025-11-13 08:00,35.161,
2025-11-13 09:00,35.116,
2025-11-13 10:00,35.073,
2025-11-13 11:00,35.056,
2025-11-13 12:00,35.026,
2025-11-13 13:00,35.022,
2025-11-13 14:00,35.005,
2025-11-13 15:00,35.001,
2025-11-13 16:00,34.969,
2025-11-13 17:00,34.978,
2025-11-13 18:00,34.983,
2025-11-13 19:00,35.357,
2025-11-13 20:00,35.618,
2025-11-13 21:00,35.88,
2025-11-13 22:00,36.354,
2025-11-13 23:00,36.636,
2025-11-14 00:00,36.778,
2025-11-14 01:00,36.764,
2025-11-14 02:00,36.498,
2025-11-14 03:00,36.105,
2025-11-14 04:00,35.744,
2025-11-14 05:00,35.485,
2025-11-14 06:00,35.316,
2025-11-14 07:00,35.21,
2025-11-14 08:00,35.146,
2025-11-14 09:00,35.098,
2025-11-14 10:00,35.067,
2025-11-14 11:00,35.032,
2025-11-14 12:00,35.019,
2025-11-14 13:00,34.993,
2025-11-14 14:00,34.984,
2025-11-14 15:00,34.981,
2025-11-14 16:00,34.962,
2025-11-14 17:00,34.959,
2025-11-14 18:00,34.974,
2025-11-14 19:00,35.292,
2025-11-14 20:00,35.636,
2025-11-14 21:00,36.092,
2025-11-14 22:00,36.514,
2025-11-14 23:00,36.731,
2025-11-15 00:00,36.831,
2025-11-15 01:00,36.769,
2025-11-15 02:00,36.453,
2025-11-15 03:00,36.053,
2025-11-15 04:00,35.702,
2025-11-15 05:00,35.456,
2025-11-15 06:00,35.3,
2025-11-15 07:00,35.207,
2025-11-15 08:00,35.147,
2025-11-15 09:00,35.101,
2025-11-15 10:00,35.067,
2025-11-15 11:00,35.038,
2025-11-15 12:00,35.016,
2025-11-15 13:00,35.011,
2025-11-15 14:00,34.987,
2025-11-15 15:00,34.997,
2025-11-15 16:00,34.974,
2025-11-15 17:00,34.981,
2025-11-15 18:00,34.959,
2025-11-15 19:00,35.331,
2025-11-15 20:00,35.608,
2025-11-15 21:00,35.899,
2025-11-15 22:00,36.392,
2025-11-15 23:00,36.672,
2025-11-16 00:00,36.805,
2025-11-16 01:00,36.792,
2025-11-16 02:00,36.508,
2025-11-16 03:00,36.106,
2025-11-16 04:00,35.743,
2025-11-16 05:00,35.477,
2025-11-16 06:00,35.304,
2025-11-16 07:00,35.204,
2025-11-16 08:00,35.132,
2025-11-16 09:00,35.088,
2025-11-16 10:00,35.053,
2025-11-16 11:00,35.027,
2025-11-16 12:00,35.022,
2025-11-16 13:00,34.984,
2025-11-16 14:00,34.973,
2025-11-16 15:00,34.979,
2025-11-16 16:00,34.954,
2025-11-16 17:00,34.959,
2025-11-16 18:00,34.953,
2025-11-16 19:00,35.313,
2025-11-16 20:00,35.616,
2025-11-16 21:00,36.09,
2025-11-16 22:00,36.514,
2025-11-16 23:00,36.727,
2025-11-17 00:00,36.831,
2025-11-17 01:00,36.734,
2025-11-17 02:00,36.4,
2025-11-17 03:00,35.998,
2025-11-17 04:00,35.654,
2025-11-17 05:00,35.417,
2025-11-17 06:00,35.268,
2025-11-17 07:00,35.172,
2025-11-17 08:00,35.115,
2025-11-17 09:00,35.068,
2025-11-17 10:00,35.041,
2025-11-17 11:00,35.008,
2025-11-17 12:00,34.987,
2025-11-17 13:00,34.977,
2025-11-17 14:00,34.972,
2025-11-17 15:00,34.974,
2025-11-17 16:00,34.946,
2025-11-17 17:00,34.956,
2025-11-17 18:00,34.973,
2025-11-17 19:00,35.313,
2025-11-17 20:00,35.627,
2025-11-17 21:00,36.077,
2025-11-17 22:00,36.482,
2025-11-17 23:00,36.693,
2025-11-18 00:00,36.788,
2025-11-18 01:00,36.7,
2025-11-18 02:00,36.372,
2025-11-18 03:00,35.977,
2025-11-18 04:00,35.641,
2025-11-18 05:00,35.411,
2025-11-18 06:00,35.265,
2025-11-18 07:00,35.171,
2025-11-18 08:00,35.115,
2025-11-18 09:00,35.07,
2025-11-18 10:00,35.038,
2025-11-18 11:00,35.013,
2025-11-18 12:00,34.99,
2025-11-18 13:00,35.011,
2025-11-18 14:00,34.984,
2025-11-18 15:00,34.956,
2025-11-18 16:00,34.976,
2025-11-18 17:00,34.983,
2025-11-18 18:00,34.952,
2025-11-18 19:00,35.341,
2025-11-18 20:00,35.737,
2025-11-18 21:00,36.347,
2025-11-18 22:00,36.748,
2025-11-18 23:00,36.971,
2025-11-19 00:00,37.007,
2025-11-19 01:00,36.924,
2025-11-19 02:00,36.693,
2025-11-19 03:00,36.313,
2025-11-19 04:00,36.062,
2025-11-19 05:00,35.943,
2025-11-19 06:00,35.824,
2025-11-19 07:00,35.705,
2025-11-19 08:00,35.585,
2025-11-19 09:00,35.466,
2025-11-19 10:00,35.346,
2025-11-19 11:00,35.303,
2025-11-19 12:00,35.336,
2025-11-19 13:00,35.369,
2025-11-19 14:00,35.402,
2025-11-19 15:00,35.435,
2025-11-19 16:00,35.468,
2025-11-19 17:00,35.502,
2025-11-19 18:00,35.535,
2025-11-19 19:00,35.78,
2025-11-19 20:00,36.024,
2025-11-19 21:00,36.268,
2025-11-19 22:00,36.508,
2025-11-19 23:00,36.746,
2025-11-20 00:00,36.85,
2025-11-20 01:00,36.549,
2025-11-20 02:00,36.248,
2025-11-20 03:00,35.993,
2025-11-20 04:00,35.829,
2025-11-20 05:00,35.72,
2025-11-20 06:00,35.611,
2025-11-20 07:00,35.502,
2025-11-20 08:00,35.394,
2025-11-20 09:00,35.285,
2025-11-20 10:00,35.239,
2025-11-20 11:00,35.214,
2025-11-20 12:00,35.279,
2025-11-20 13:00,35.373,
2025-11-20 14:00,35.468,
2025-11-20 15:00,35.562,
2025-11-20 16:00,35.657,
2025-11-20 17:00,35.751,
2025-11-20 18:00,35.846,
2025-11-20 19:00,35.94,
2025-11-20 20:00,36.035,
2025-11-20 21:00,36.129,
2025-11-20 22:00,36.224,
2025-11-20 23:00,36.318,
2025-11-21 00:00,36.413,
2025-11-21 01:00,36.507,
2025-11-21 02:00,36.448,
2025-11-21 03:00,36.337,
2025-11-21 04:00,36.226,
2025-11-21 05:00,36.116,
2025-11-21 06:00,36.005,
2025-11-21 07:00,35.895,
2025-11-21 08:00,35.784,
2025-11-21 09:00,35.674,
2025-11-21 10:00,35.563,
2025-11-21 11:00,35.453,
2025-11-21 12:00,35.342,
2025-11-21 13:00,35.232,
2025-11-21 14:00,35.121,
2025-11-21 15:00,35.108,
2025-11-21 16:00,35.127,
2025-11-21 17:00,35.146,
2025-11-21 18:00,35.165,
2025-11-21 19:00,35.184,
2025-11-21 20:00,35.203,
2025-11-21 21:00,35.222,
2025-11-21 22:00,35.241,
2025-11-21 23:00,35.26,
2025-11-22 00:00,35.279,
2025-11-22 01:00,35.298,
2025-11-22 02:00,35.317,
2025-11-22 03:00,35.336,
2025-11-22 04:00,35.356,
2025-11-22 05:00,35.375,
2025-11-22 06:00,35.395,
2025-11-22 07:00,35.414,
2025-11-22 08:00,35.434,
2025-11-22 09:00,35.453,
2025-11-22 10:00,35.473,
2025-11-22 11:00,35.492,
2025-11-22 12:00,35.512,
2025-11-22 13:00,35.531,
2025-11-22 14:00,35.551,
2025-11-22 15:00,35.57,
2025-11-22 16:00,35.59,
2025-11-22 17:00,35.778,
2025-11-22 18:00,35.967,
2025-11-22 19:00,36.156,
2025-11-22 20:00,36.345,
2025-11-22 21:00,36.534,
2025-11-22 22:00,36.723,
2025-11-22 23:00,36.912,
2025-11-23 00:00,37.1,
2025-11-23 01:00,37.07,
2025-11-23 02:00,36.966,
2025-11-23 03:00,36.863,
2025-11-23 04:00,36.759,
2025-11-23 05:00,36.656,
2025-11-23 06:00,36.552,
2025-11-23 13:00,36.748,
2025-11-23 14:00,36.786,
2025-11-23 15:00,36.824,
2025-11-23 16:00,36.862,
2025-11-23 17:00,36.9,
2025-11-23 18:00,36.938,
2025-11-23 19:00,36.976,
2025-11-23 20:00,37.014,
2025-11-23 21:00,37.052,
2025-11-23 22:00,37.09,
2025-11-23 23:00,37.128,
2025-11-24 00:00,37.166,
2025-11-24 01:00,37.204,
2025-11-24 02:00,37.242,
2025-11-24 03:00,37.28,
2025-11-24 04:00,37.318,
2025-11-24 05:00,37.356,
2025-11-24 06:00,37.394,
2025-11-24 07:00,37.432,
2025-11-24 08:00,37.47,
2025-11-24 09:00,37.507,
2025-11-24 10:00,37.545,
2025-11-24 11:00,37.582,
2025-11-24 12:00,37.62,
2025-11-24 13:00,37.657,
2025-11-24 14:00,37.695,
2025-11-24 15:00,37.732,
2025-11-24 16:00,37.77,
2025-11-24 17:00,37.807,
2025-11-24 18:00,37.845,
2025-11-24 19:00,37.882,
2025-11-24 20:00,37.882,
2025-11-24 21:00,37.789,
2025-11-24 22:00,37.757,
2025-11-24 23:00,37.809,
2025-11-25 00:00,37.927,
2025-11-25 01:00,38.039,
2025-11-25 02:00,38.15,
2025-11-25 03:00,38.282,
2025-11-25 04:00,38.418,
2025-11-25 05:00,38.571,
2025-11-25 06:00,38.723,
2025-11-25 07:00,38.821,
2025-11-25 08:00,38.849,
2025-11-25 09:00,38.817,
2025-11-25 10:00,38.733,
2025-11-25 11:00,38.617,
2025-11-25 12:00,38.491,
2025-11-25 13:00,38.339,
2025-11-25 14:00,38.191,
2025-11-25 15:00,38.047,
2025-11-25 16:00,37.896,
2025-11-25 17:00,37.745,
2025-11-25 18:00,37.598,
2025-11-25 19:00,37.453,
2025-11-25 20:00,37.318,
2025-11-25 21:00,37.189,
2025-11-25 22:00,37.093,
2025-11-25 23:00,37.015,
2025-11-26 00:00,36.962,
2025-11-26 01:00,36.943,
2025-11-26 02:00,36.961,
2025-11-26 03:00,37.002,
2025-11-26 04:00,37.041,
2025-11-26 05:00,37.104,
2025-11-26 06:00,37.175,
2025-11-26 07:00,37.254,
2025-11-26 08:00,37.329,
2025-11-26 09:00,37.388,
2025-11-26 10:00,37.419,
2025-11-26 11:00,37.414,
2025-11-26 12:00,37.395,
2025-11-26 13:00,37.354,
2025-11-26 14:00,37.294,
2025-11-26 15:00,37.24,
2025-11-26 16:00,37.19,
2025-11-26 17:00,37.128,
2025-11-26 18:00,37.054,
2025-11-26 19:00,37.003,
2025-11-26 20:00,36.953,
2025-11-26 21:00,36.902,
2025-11-26 22:00,36.849,
2025-11-26 23:00,36.801,
2025-11-27 00:00,36.762,
2025-11-27 01:00,36.734,
2025-11-27 02:00,36.708,
2025-11-27 03:00,36.682,
2025-11-27 04:00,36.659,
2025-11-27 05:00,36.628,
2025-11-27 06:00,36.604,
2025-11-27 07:00,36.584,
2025-11-27 08:00,36.575,
2025-11-27 09:00,36.566,
2025-11-27 10:00,36.561,
2025-11-27 11:00,36.546,
2025-11-27 12:00,36.52,
2025-11-27 13:00,36.491,
2025-11-27 14:00,36.459,
2025-11-27 15:00,36.434,
2025-11-27 16:00,36.406,
2025-11-27 17:00,36.376,
2025-11-27 18:00,36.354,
2025-11-27 19:00,36.328,
2025-11-27 20:00,36.307,
2025-11-27 21:00,36.282,
2025-11-27 22:00,36.259,
2025-11-27 23:00,36.234,
2025-11-28 00:00,36.208,
2025-11-28 01:00,36.188,
2025-11-28 02:00,36.172,
2025-11-28 03:00,36.153,
2025-11-28 04:00,36.141,
2025-11-28 05:00,36.132,
2025-11-28 06:00,36.118,
2025-11-28 07:00,36.109,
2025-11-28 08:00,36.097,
2025-11-28 09:00,36.082,
2025-11-28 10:00,36.066,
2025-11-28 11:00,36.053,
2025-11-28 12:00,36.048,
2025-11-28 13:00,36.037,
2025-11-28 14:00,36.036,
2025-11-28 15:00,36.036,
2025-11-28 16:00,36.041,
2025-11-28 17:00,36.054,
2025-11-28 18:00,36.067,
2025-11-28 19:00,36.076,
2025-11-28 20:00,36.075,
2025-11-28 21:00,36.078,
2025-11-28 22:00,36.084,
2025-11-28 23:00,36.097,
2025-11-29 00:00,36.11,
2025-11-29 01:00,36.132,
2025-11-29 02:00,36.169,
2025-11-29 03:00,36.204,
2025-11-29 04:00,36.236,
2025-11-29 05:00,36.266,
2025-11-29 06:00,36.279,
2025-11-29 07:00,36.275,
2025-11-29 08:00,36.263,
2025-11-29 09:00,36.243,
2025-11-29 10:00,36.218,
2025-11-29 11:00,36.193,
2025-11-29 12:00,36.168,
2025-11-29 13:00,36.143,
2025-11-29 14:00,36.121,
2025-11-29 15:00,36.087,
2025-11-29 16:00,36.071,
2025-11-29 17:00,36.051,
2025-11-29 18:00,36.034,
2025-11-29 19:00,36.013,
2025-11-29 20:00,35.994,
2025-11-29 21:00,35.977,
2025-11-29 22:00,35.961,
2025-11-29 23:00,35.946,
2025-11-30 00:00,35.93,
2025-11-30 01:00,35.913,
2025-11-30 02:00,35.896,
2025-11-30 03:00,35.881,
2025-11-30 04:00,35.867,
2025-11-30 05:00,35.851,
2025-11-30 06:00,35.833,
2025-11-30 07:00,35.82,
2025-11-30 08:00,35.807,
2025-11-30 09:00,35.795,
2025-11-30 10:00,35.775,
2025-11-30 11:00,35.76,
2025-11-30 12:00,35.747,
2025-11-30 13:00,35.733,
2025-11-30 14:00,35.72,
2025-11-30 15:00,35.707,
2025-11-30 16:00,35.692,
2025-11-30 17:00,35.68,
2025-11-30 18:00,35.669,
2025-11-30 19:00,35.66,
2025-11-30 20:00,35.651,
2025-11-30 21:00,35.641,
2025-11-30 22:00,35.634,
2025-11-30 23:00,35.625,
2025-12-01 00:00,35.617,
2025-12-01 01:00,35.611,
2025-12-01 02:00,35.605,
2025-12-01 03:00,35.598,
2025-12-01 04:00,35.59,
2025-12-01 05:00,35.585,
2025-12-01 06:00,35.579,
2025-12-01 07:00,35.572,
2025-12-01 08:00,35.567,
2025-12-01 09:00,35.562,
2025-12-01 10:00,35.556,
2025-12-01 11:00,35.548,
2025-12-01 12:00,35.545,
2025-12-01 13:00,35.536,
2025-12-01 14:00,35.532,
2025-12-01 15:00,35.526,
2025-12-01 16:00,35.519,
2025-12-01 17:00,35.513,
2025-12-01 18:00,35.506,
2025-12-01 19:00,35.5,
2025-12-01 20:00,35.494,
2025-12-01 21:00,35.49,
2025-12-01 22:00,35.485,
2025-12-01 23:00,35.479,
2025-12-02 00:00,35.476,
2025-12-02 01:00,35.473,
2025-12-02 02:00,35.47,
2025-12-02 03:00,35.467,
2025-12-02 04:00,35.463,
2025-12-02 05:00,35.459,
2025-12-02 06:00,35.455,
2025-12-02 07:00,35.451,
2025-12-02 08:00,35.448,
2025-12-02 09:00,35.443,
2025-12-02 10:00,35.439,
2025-12-02 11:00,35.434,
2025-12-02 12:00,35.43,
2025-12-02 13:00,35.426,
2025-12-02 14:00,35.422,
2025-12-02 15:00,35.418,
2025-12-02 16:00,35.415,
2025-12-02 17:00,35.408,
2025-12-02 18:00,35.404,
2025-12-02 19:00,35.398,
2025-12-02 20:00,35.395,
2025-12-02 21:00,35.391,
2025-12-02 22:00,35.387,
2025-12-02 23:00,35.383,
2025-12-03 00:00,35.382,
2025-12-03 01:00,35.379,
2025-12-03 02:00,35.377,
2025-12-03 03:00,35.374,
2025-12-03 04:00,35.373,
2025-12-03 05:00,35.37,
2025-12-03 06:00,35.367,
2025-12-03 07:00,35.366,
2025-12-03 08:00,35.361,
2025-12-03 09:00,35.358,
2025-12-03 10:00,35.355,
2025-12-03 11:00,35.353,
2025-12-03 12:00,35.353,
2025-12-03 13:00,35.349,
2025-12-03 14:00,35.347,
2025-12-03 15:00,35.342,
2025-12-03 16:00,35.338,
2025-12-03 17:00,35.334,
2025-12-03 18:00,35.331,
2025-12-03 19:00,35.329,
2025-12-03 20:00,35.325,
2025-12-03 21:00,35.32,
2025-12-03 22:00,35.318,
2025-12-03 23:00,35.315,
2025-12-04 00:00,35.314,
2025-12-04 01:00,35.312,
2025-12-04 02:00,35.311,
2025-12-04 03:00,35.309,
2025-12-04 04:00,35.308,
2025-12-04 05:00,35.306,
2025-12-04 06:00,35.306,
2025-12-04 07:00,35.302,
2025-12-04 08:00,35.299,
2025-12-04 09:00,35.298,
2025-12-04 10:00,35.32,
2025-12-04 11:00,35.546,
2025-12-04 12:00,35.747,
2025-12-04 13:00,35.846,
2025-12-04 14:00,35.888,
2025-12-04 15:00,35.908,
2025-12-04 16:00,35.919,
2025-12-04 17:00,35.926,
2025-12-04 18:00,35.928,
2025-12-04 19:00,35.929,
2025-12-04 20:00,35.932,
2025-12-04 21:00,35.951,
2025-12-04 22:00,36.003,
2025-12-04 23:00,36.059,
2025-12-05 00:00,36.089,
2025-12-05 01:00,36.102,
2025-12-05 02:00,36.108,
2025-12-05 03:00,36.08,
2025-12-05 04:00,36.023,
2025-12-05 05:00,35.978,
2025-12-05 06:00,35.952,
2025-12-05 07:00,35.939,
2025-12-05 08:00,35.932,
2025-12-05 09:00,35.934,
2025-12-05 10:00,35.928,
2025-12-05 11:00,35.93,
2025-12-05 12:00,35.925,
2025-12-05 13:00,35.922,
2025-12-05 14:00,35.925,
2025-12-05 15:00,35.919,
2025-12-05 16:00,35.922,
2025-12-05 17:00,35.869,
2025-12-05 18:00,35.744,
2025-12-05 19:00,35.616,
2025-12-05 20:00,35.51,
2025-12-05 21:00,35.435,
2025-12-05 22:00,35.458,
2025-12-05 23:00,35.66,
2025-12-06 00:00,35.806,
2025-12-06 01:00,35.871,
2025-12-06 02:00,35.907,
2025-12-06 03:00,36.03,
2025-12-06 04:00,36.215,
2025-12-06 05:00,36.331,
2025-12-06 06:00,36.39,
2025-12-06 07:00,36.418,
2025-12-06 08:00,36.432,
2025-12-06 09:00,36.432,
2025-12-06 10:00,36.335,
2025-12-06 11:00,36.203,
2025-12-06 12:00,36.089,
2025-12-06 13:00,36.008,
2025-12-06 14:00,35.974,
2025-12-06 15:00,35.955,
2025-12-06 16:00,35.944,
2025-12-06 17:00,35.941,
2025-12-06 18:00,35.97,
2025-12-06 19:00,36.139,
2025-12-06 20:00,36.304,
2025-12-06 21:00,36.457,
2025-12-06 22:00,36.587,
2025-12-06 23:00,36.624,
2025-12-07 00:00,36.603,
2025-12-07 01:00,36.556,
2025-12-07 02:00,36.514,
2025-12-07 03:00,36.499,
2025-12-07 04:00,36.481,
2025-12-07 05:00,36.474,
2025-12-07 06:00,36.468,
2025-12-07 07:00,36.464,
2025-12-07 08:00,36.467,
2025-12-07 09:00,36.458,
2025-12-07 10:00,36.377,
2025-12-07 11:00,36.233,
2025-12-07 12:00,36.096,
2025-12-07 13:00,36.005,
2025-12-07 14:00,35.959,
2025-12-07 15:00,35.935,
2025-12-07 16:00,35.911,
2025-12-07 17:00,35.918,
2025-12-07 18:00,35.92,
2025-12-07 19:00,36.038,
2025-12-07 20:00,36.213,
2025-12-07 21:00,36.329,
2025-12-07 22:00,36.383,
2025-12-07 23:00,36.415,
2025-12-08 00:00,36.427,
2025-12-08 01:00,36.432,
2025-12-08 02:00,36.44,
2025-12-08 03:00,36.437,
2025-12-08 04:00,36.447,
2025-12-08 05:00,36.451,
2025-12-08 06:00,36.449,
2025-12-08 07:00,36.452,
2025-12-08 08:00,36.453,
2025-12-08 09:00,36.447,
2025-12-08 10:00,36.456,
2025-12-08 11:00,36.45,
2025-12-08 12:00,36.451,
2025-12-08 13:00,36.452,
2025-12-08 14:00,36.45,
2025-12-08 15:00,36.444,
2025-12-08 16:00,36.446,
2025-12-08 17:00,36.446,
2025-12-08 18:00,36.493,
2025-12-08 19:00,36.595,
2025-12-08 20:00,36.668,
2025-12-08 21:00,36.719,
2025-12-08 22:00,36.743,
2025-12-08 23:00,36.752,
2025-12-09 00:00,36.764,
2025-12-09 01:00,36.765,
2025-12-09 02:00,36.759,
2025-12-09 03:00,36.692,
2025-12-09 04:00,36.603,
2025-12-09 05:00,36.534,
2025-12-09 06:00,36.486,
2025-12-09 07:00,36.468,
2025-12-09 08:00,36.455,
2025-12-09 09:00,36.444,
2025-12-09 10:00,36.448,
2025-12-09 11:00,36.446,
2025-12-09 12:00,36.444,
2025-12-09 13:00,36.444,
2025-12-09 14:00,36.437,
2025-12-09 15:00,36.434,
2025-12-09 16:00,36.435,
2025-12-09 17:00,36.446,
2025-12-09 18:00,36.51,
2025-12-09 19:00,36.603,
2025-12-09 20:00,36.662,
2025-12-09 21:00,36.696,
2025-12-09 22:00,36.719,
2025-12-09 23:00,36.736,
2025-12-10 00:00,36.744,
2025-12-10 01:00,36.746,
2025-12-10 02:00,36.735,
2025-12-10 03:00,36.674,
2025-12-10 04:00,36.592,
2025-12-10 05:00,36.521,
2025-12-10 06:00,36.485,
2025-12-10 07:00,36.458,
2025-12-10 08:00,36.447,
2025-12-10 09:00,36.443,
2025-12-10 10:00,36.437,
2025-12-10 11:00,36.44,
2025-12-10 12:00,36.444,
2025-12-10 13:00,36.44,
2025-12-10 14:00,36.437,
2025-12-10 15:00,36.429,
2025-12-10 16:00,36.429,
2025-12-10 17:00,36.428,
2025-12-10 18:00,36.466,
2025-12-10 19:00,36.557,
2025-12-10 20:00,36.642,
2025-12-10 21:00,36.69,
2025-12-10 22:00,36.723,
2025-12-10 23:00,36.734,
2025-12-11 00:00,36.748,
2025-12-11 01:00,36.747,
2025-12-11 02:00,36.733,
2025-12-11 03:00,36.664,
2025-12-11 04:00,36.572,
2025-12-11 05:00,36.502,
2025-12-11 06:00,36.46,
2025-12-11 07:00,36.442,
2025-12-11 08:00,36.432,
2025-12-11 09:00,36.425,
2025-12-11 10:00,36.421,
2025-12-11 11:00,36.422,
2025-12-11 12:00,36.434,
2025-12-11 13:00,36.442,
2025-12-11 14:00,36.439,
2025-12-11 15:00,36.441,
2025-12-11 16:00,36.442,
2025-12-11 17:00,36.454,
2025-12-11 18:00,36.527,
2025-12-11 19:00,36.619,
2025-12-11 20:00,36.683,
2025-12-11 21:00,36.722,
2025-12-11 22:00,36.749,
2025-12-11 23:00,36.753,
2025-12-12 00:00,36.763,
2025-12-12 01:00,36.768,
2025-12-12 02:00,36.724,
2025-12-12 03:00,36.552,
2025-12-12 04:00,36.324,
2025-12-12 05:00,36.127,
2025-12-12 06:00,36.007,
2025-12-12 07:00,35.95,
2025-12-12 08:00,35.923,
2025-12-12 09:00,35.907,
2025-12-12 10:00,35.898,
2025-12-12 11:00,35.894,
2025-12-12 12:00,35.889,
2025-12-12 13:00,35.885,
2025-12-12 14:00,35.88,
2025-12-12 15:00,35.88,
2025-12-12 16:00,35.903,
2025-12-12 17:00,35.965,
2025-12-12 18:00,36.011,
2025-12-12 19:00,36.028,
2025-12-12 20:00,36.056,
2025-12-12 21:00,36.366,
2025-12-12 22:00,36.717,
2025-12-12 23:00,36.926,
2025-12-13 00:00,37.085,
2025-12-13 01:00,37.14,
2025-12-13 02:00,37.066,
2025-12-13 03:00,36.846,
2025-12-13 04:00,36.579,
2025-12-13 05:00,36.36,
2025-12-13 06:00,36.221,
2025-12-13 07:00,36.147,
2025-12-13 08:00,36.114,
2025-12-13 09:00,36.097,
2025-12-13 10:00,36.087,
2025-12-13 11:00,36.081,
2025-12-13 12:00,36.082,
2025-12-13 13:00,36.075,
2025-12-13 14:00,36.08,
2025-12-13 15:00,36.073,
2025-12-13 16:00,36.075,
2025-12-13 17:00,36.074,
2025-12-13 18:00,36.072,
2025-12-13 19:00,36.069,
2025-12-13 20:00,36.132,
2025-12-13 21:00,36.514,
2025-12-13 22:00,36.827,
2025-12-13 23:00,36.994,
2025-12-14 00:00,37.024,
2025-12-14 01:00,36.92,
2025-12-14 02:00,36.716,
2025-12-14 03:00,36.478,
2025-12-14 04:00,36.296,
2025-12-14 05:00,36.193,
2025-12-14 06:00,36.148,
2025-12-14 07:00,36.126,
2025-12-14 08:00,36.109,
2025-12-14 09:00,36.103,
2025-12-14 10:00,36.095,
2025-12-14 11:00,36.109,
2025-12-14 12:00,36.108,
2025-12-14 13:00,36.071,
2025-12-14 14:00,36.045,
2025-12-14 15:00,36.046,
2025-12-14 16:00,36.062,
2025-12-14 17:00,36.076,
2025-12-14 18:00,36.079,
2025-12-14 19:00,36.081,
2025-12-14 20:00,36.08,
2025-12-14 21:00,36.168,
2025-12-14 22:00,36.308,
2025-12-14 23:00,36.314,
2025-12-15 00:00,36.213,
2025-12-15 01:00,36.127,
2025-12-15 02:00,36.06,
2025-12-15 03:00,36.03,
2025-12-15 04:00,36.021,
2025-12-15 05:00,36.022,
2025-12-15 06:00,36.032,
2025-12-15 07:00,36.04,
2025-12-15 08:00,36.055,
2025-12-15 09:00,36.065,
2025-12-15 10:00,36.067,
2025-12-15 11:00,36.067,
2025-12-15 12:00,36.065,
2025-12-15 13:00,36.052,
2025-12-15 14:00,36.043,
2025-12-15 15:00,36.036,
2025-12-15 16:00,36.024,
2025-12-15 17:00,36.018,
2025-12-15 18:00,36.008,
2025-12-15 19:00,36.001,
2025-12-15 20:00,36.0,
2025-12-15 21:00,36.084,
2025-12-15 22:00,36.262,
2025-12-15 23:00,36.347,
2025-12-16 00:00,36.281,
2025-12-16 01:00,36.168,
2025-12-16 02:00,36.088,
2025-12-16 03:00,36.046,
2025-12-16 04:00,36.028,
2025-12-16 05:00,36.017,
2025-12-16 06:00,36.013,
2025-12-16 07:00,36.017,
2025-12-16 08:00,36.01,
2025-12-16 09:00,36.007,
2025-12-16 10:00,36.012,
2025-12-16 11:00,36.01,
2025-12-16 12:00,36.012,
2025-12-16 13:00,36.007,
2025-12-16 14:00,36.008,
2025-12-16 15:00,36.002,
2025-12-16 16:00,35.996,
2025-12-16 17:00,35.996,
2025-12-16 18:00,35.988,
2025-12-16 19:00,35.984,
2025-12-16 20:00,35.98,
2025-12-16 21:00,36.057,
2025-12-16 22:00,36.23,
2025-12-16 23:00,36.311,
2025-12-17 00:00,36.242,
2025-12-17 01:00,36.124,
2025-12-17 02:00,36.037,
2025-12-17 03:00,35.989,
2025-12-17 04:00,35.974,
2025-12-17 05:00,35.963,
2025-12-17 06:00,35.961,
2025-12-17 07:00,35.962,
2025-12-17 08:00,35.968,
2025-12-17 09:00,35.973,
2025-12-17 10:00,35.976,
2025-12-17 11:00,35.982,
2025-12-17 12:00,35.988,
2025-12-17 13:00,35.988,
2025-12-17 14:00,35.988,
2025-12-17 15:00,35.998,
2025-12-17 16:00,35.997,
2025-12-17 17:00,35.997,
2025-12-17 18:00,36.003,
2025-12-17 19:00,36.0,
2025-12-17 20:00,36.008,
2025-12-17 21:00,36.127,
2025-12-17 22:00,36.305,
2025-12-17 23:00,36.359,
2025-12-18 00:00,36.28,
2025-12-18 01:00,36.167,
2025-12-18 02:00,36.081,
2025-12-18 03:00,36.029,
2025-12-18 04:00,36.009,
2025-12-18 05:00,36.009,
2025-12-18 06:00,36.007,
2025-12-18 07:00,36.004,
2025-12-18 08:00,36.01,
2025-12-18 09:00,36.009,
2025-12-18 10:00,36.014,
2025-12-18 11:00,36.014,
2025-12-18 12:00,36.013,
2025-12-18 13:00,36.019,
2025-12-18 14:00,36.015,
2025-12-18 15:00,36.016,
2025-12-18 16:00,36.022,
2025-12-18 17:00,36.024,
2025-12-18 18:00,36.029,
2025-12-18 19:00,36.026,
2025-12-18 20:00,36.036,
2025-12-18 21:00,36.128,
2025-12-18 22:00,36.298,
2025-12-18 23:00,36.383,
2025-12-19 00:00,36.316,
2025-12-19 01:00,36.202,
2025-12-19 02:00,36.11,
2025-12-19 03:00,36.063,
2025-12-19 04:00,36.035,
2025-12-19 05:00,36.019,
2025-12-19 06:00,36.014,
2025-12-19 07:00,36.005,
2025-12-19 08:00,36.0,
2025-12-19 09:00,36.0,
2025-12-19 10:00,35.996,
2025-12-19 11:00,35.991,
2025-12-19 12:00,35.989,
2025-12-19 13:00,35.982,
2025-12-19 14:00,35.979,
2025-12-19 15:00,35.981,
2025-12-19 16:00,35.977,
2025-12-19 17:00,35.973,
2025-12-19 18:00,35.972,
2025-12-19 19:00,35.966,
2025-12-19 20:00,35.967,
2025-12-19 21:00,36.078,
2025-12-19 22:00,36.252,
2025-12-19 23:00,36.315,
2025-12-20 00:00,36.24,
2025-12-20 01:00,36.127,
2025-12-20 02:00,36.036,
2025-12-20 03:00,35.987,
2025-12-20 04:00,35.965,
2025-12-20 05:00,35.951,
2025-12-20 06:00,35.947,
2025-12-20 07:00,35.944,
2025-12-20 08:00,35.938,
2025-12-20 09:00,35.935,
2025-12-20 10:00,35.931,
2025-12-20 11:00,35.926,
2025-12-20 12:00,35.928,
2025-12-20 13:00,35.925,
2025-12-20 14:00,35.923,
2025-12-20 15:00,35.923,
2025-12-20 16:00,35.92,
2025-12-20 17:00,35.917,
2025-12-20 18:00,35.913,
2025-12-20 19:00,35.912,
2025-12-20 20:00,35.912,
2025-12-20 21:00,36.017,
2025-12-20 22:00,36.201,
2025-12-20 23:00,36.279,
2025-12-21 00:00,36.202,
2025-12-21 01:00,36.086,
2025-12-21 02:00,35.999,
2025-12-21 03:00,35.952,
2025-12-21 04:00,35.933,
2025-12-21 05:00,35.918,
2025-12-21 06:00,35.917,
2025-12-21 07:00,35.912,
2025-12-21 08:00,35.91,
2025-12-21 09:00,35.911,
2025-12-21 10:00,35.905,
2025-12-21 11:00,35.906,
2025-12-21 12:00,35.902,
2025-12-21 13:00,35.902,
2025-12-21 14:00,35.897,
2025-12-21 15:00,35.9,
2025-12-21 16:00,35.894,
2025-12-21 17:00,35.892,
2025-12-21 18:00,35.889,
2025-12-21 19:00,35.894,
2025-12-21 20:00,35.901,
2025-12-21 21:00,35.994,
2025-12-21 22:00,36.19,
2025-12-21 23:00,36.305,
2025-12-22 00:00,36.267,
2025-12-22 01:00,36.148,
2025-12-22 02:00,36.034,
2025-12-22 03:00,35.963,
2025-12-22 04:00,35.929,
2025-12-22 05:00,35.914,
2025-12-22 06:00,35.902,
2025-12-22 07:00,35.895,
2025-12-22 08:00,35.891,
2025-12-22 09:00,35.896,
2025-12-22 10:00,35.888,
2025-12-22 11:00,35.887,
2025-12-22 12:00,35.889,
2025-12-22 13:00,35.885,
2025-12-22 14:00,35.88,
2025-12-22 15:00,35.882,
2025-12-22 16:00,35.878,
2025-12-22 17:00,35.882,
2025-12-22 18:00,35.886,
2025-12-22 19:00,35.886,
2025-12-22 20:00,35.887,
2025-12-22 21:00,35.979,
2025-12-22 22:00,36.164,
2025-12-22 23:00,36.27,
2025-12-23 00:00,36.235,
2025-12-23 01:00,36.117,
2025-12-23 02:00,36.003,
2025-12-23 03:00,35.932,
2025-12-23 04:00,35.9,
2025-12-23 05:00,35.882,
2025-12-23 06:00,35.878,
2025-12-23 07:00,35.871,
2025-12-23 08:00,35.871,
2025-12-23 09:00,35.867,
2025-12-23 10:00,35.865,
2025-12-23 11:00,35.861,
2025-12-23 12:00,35.863,
2025-12-23 13:00,35.861,
2025-12-23 14:00,35.855,
2025-12-23 15:00,35.856,
2025-12-23 16:00,35.858,
2025-12-23 17:00,35.854,
2025-12-23 18:00,35.864,
2025-12-23 19:00,35.859,
2025-12-23 20:00,35.858,
2025-12-23 21:00,35.941,
2025-12-23 22:00,36.136,
2025-12-23 23:00,36.25,
2025-12-24 00:00,36.214,
2025-12-24 01:00,36.099,
2025-12-24 02:00,35.985,
2025-12-24 03:00,35.917,
2025-12-24 04:00,35.879,
2025-12-24 05:00,35.867,
2025-12-24 06:00,35.861,
2025-12-24 07:00,35.858,
2025-12-24 08:00,35.85,
2025-12-24 09:00,35.852,
2025-12-24 10:00,35.849,
2025-12-24 11:00,35.846,
2025-12-24 12:00,35.85,
2025-12-24 13:00,35.847,
2025-12-24 14:00,35.849,
2025-12-24 15:00,35.844,
2025-12-24 16:00,35.847,
2025-12-24 17:00,35.845,
2025-12-24 18:00,35.841,
2025-12-24 19:00,35.839,
2025-12-24 20:00,35.842,
2025-12-24 21:00,35.839,
2025-12-24 22:00,35.833,
2025-12-24 23:00,35.782,
2025-12-25 00:00,35.66,
2025-12-25 01:00,35.527,
2025-12-25 02:00,35.417,
2025-12-25 03:00,35.337,
2025-12-25 04:00,35.321,
2025-12-25 05:00,35.534,
2025-12-25 06:00,35.708,
2025-12-25 07:00,35.787,
2025-12-25 08:00,35.816,
2025-12-25 09:00,35.827,
2025-12-25 10:00,35.833,
2025-12-25 11:00,35.838,
2025-12-25 12:00,35.838,
2025-12-25 13:00,35.838,
2025-12-25 14:00,35.839,
2025-12-25 15:00,35.837,
2025-12-25 16:00,35.838,
2025-12-25 17:00,35.84,
2025-12-25 18:00,35.84,
2025-12-25 19:00,35.842,
2025-12-25 20:00,35.84,
2025-12-25 21:00,35.844,
2025-12-25 22:00,35.843,
2025-12-25 23:00,35.811,
2025-12-26 00:00,35.704,
2025-12-26 01:00,35.566,
2025-12-26 02:00,35.447,
2025-12-26 03:00,35.372,
2025-12-26 04:00,35.358,
2025-12-26 05:00,35.569,
2025-12-26 06:00,35.74,
2025-12-26 07:00,35.815,
2025-12-26 08:00,35.843,
2025-12-26 09:00,35.854,
2025-12-26 10:00,35.859,
2025-12-26 11:00,35.854,
2025-12-26 12:00,35.852,
2025-12-26 13:00,35.852,
2025-12-26 14:00,35.847,
2025-12-26 15:00,35.847,
2025-12-26 16:00,35.845,
2025-12-26 17:00,35.844,
2025-12-26 18:00,35.845,
2025-12-26 19:00,35.842,
2025-12-26 20:00,35.845,
2025-12-26 21:00,35.843,
2025-12-26 22:00,35.841,
2025-12-26 23:00,35.8,
2025-12-27 00:00,35.683,
2025-12-27 01:00,35.546,
2025-12-27 02:00,35.429,
2025-12-27 03:00,35.344,
2025-12-27 04:00,35.331,
2025-12-27 05:00,35.552,
2025-12-27 06:00,35.717,
2025-12-27 07:00,35.785,
2025-12-27 08:00,35.815,
2025-12-27 09:00,35.823,
2025-12-27 10:00,35.827,
2025-12-27 11:00,35.83,
2025-12-27 12:00,35.833,
2025-12-27 13:00,35.834,
2025-12-27 14:00,35.831,
2025-12-27 15:00,35.834,
2025-12-27 16:00,35.835,
2025-12-27 17:00,35.835,
2025-12-27 18:00,35.836,
2025-12-27 19:00,35.83,
2025-12-27 20:00,35.83,
2025-12-27 21:00,35.833,
2025-12-27 22:00,35.827,
2025-12-27 23:00,35.777,
2025-12-28 00:00,35.651,
2025-12-28 01:00,35.513,
2025-12-28 02:00,35.401,
2025-12-28 03:00,35.321,
2025-12-28 04:00,35.29,
2025-12-28 05:00,35.49,
2025-12-28 06:00,35.678,
2025-12-28 07:00,35.762,
2025-12-28 08:00,35.796,
2025-12-28 09:00,35.81,
2025-12-28 10:00,35.815,
2025-12-28 11:00,35.819,
2025-12-28 12:00,35.82,
2025-12-28 13:00,35.821,
2025-12-28 14:00,35.823,
2025-12-28 15:00,35.822,
2025-12-28 16:00,35.822,
2025-12-28 17:00,35.824,
2025-12-28 18:00,35.825,
2025-12-28 19:00,35.821,
2025-12-28 20:00,35.825,
2025-12-28 21:00,35.821,
2025-12-28 22:00,35.821,
2025-12-28 23:00,35.8,
2025-12-29 00:00,35.698,
2025-12-29 01:00,35.56,
2025-12-29 02:00,35.435,
2025-12-29 03:00,35.34,
2025-12-29 04:00,35.275,
2025-12-29 05:00,35.396,
2025-12-29 06:00,35.617,
2025-12-29 07:00,35.727,
2025-12-29 08:00,35.768,
2025-12-29 09:00,35.79,
2025-12-29 10:00,35.8,
2025-12-29 11:00,35.798,
2025-12-29 12:00,35.803,
2025-12-29 13:00,35.803,
2025-12-29 14:00,35.804,
2025-12-29 15:00,35.801,
2025-12-29 16:00,35.753,
2025-12-29 17:00,35.633,
2025-12-29 18:00,35.495,
2025-12-29 19:00,35.381,
2025-12-29 20:00,35.304,
2025-12-29 21:00,35.417,
2025-12-29 22:00,35.64,
2025-12-29 23:00,35.768,
2025-12-30 00:00,35.816,
2025-12-30 01:00,35.821,
2025-12-30 02:00,35.81,
2025-12-30 03:00,35.804,
2025-12-30 04:00,35.799,
2025-12-30 05:00,35.803,
2025-12-30 06:00,35.805,
2025-12-30 07:00,35.804,
2025-12-30 08:00,35.804,
2025-12-30 09:00,35.804,
2025-12-30 10:00,35.801,
2025-12-30 11:00,35.802,
2025-12-30 12:00,35.796,
2025-12-30 13:00,35.742,
2025-12-30 14:00,35.614,
2025-12-30 15:00,35.478,
2025-12-30 16:00,35.369,
2025-12-30 17:00,35.284,
2025-12-30 18:00,35.228,
2025-12-30 19:00,35.188,
2025-12-30 20:00,35.16,
2025-12-30 21:00,35.142,
2025-12-30 22:00,35.662,
2025-12-30 23:00,36.056,
2025-12-31 00:00,36.197,
2025-12-31 01:00,36.216,
2025-12-31 02:00,36.105,
2025-12-31 03:00,35.974,
2025-12-31 04:00,35.879,
2025-12-31 05:00,35.831,
2025-12-31 06:00,35.815,
2025-12-31 07:00,35.803,
2025-12-31 08:00,35.804,
2025-12-31 09:00,35.805,
2025-12-31 10:00,35.801,
2025-12-31 11:00,35.802,
2025-12-31 12:00,35.799,
2025-12-31 13:00,35.751,
2025-12-31 14:00,35.633,
2025-12-31 15:00,35.494,
2025-12-31 16:00,35.378,
2025-12-31 17:00,35.289,
2025-12-31 18:00,35.229,
2025-12-31 19:00,35.185,
2025-12-31 20:00,35.154,
2025-12-31 21:00,35.129,
2025-12-31 22:00,35.463,
2025-12-31 23:00,35.962,
2026-01-01 00:00,36.158,
2026-01-01 01:00,36.234,
2026-01-01 02:00,36.186,
2026-01-01 03:00,36.05,
2026-01-01 04:00,35.932,
2026-01-01 05:00,35.863,
2026-01-01 06:00,35.912,
2026-01-01 07:00,35.955,
2026-01-01 08:00,35.912,
2026-01-01 09:00,35.861,
2026-01-01 10:00,35.871,
2026-01-01 11:00,36.039,
2026-01-01 12:00,36.177,
2026-01-01 13:00,36.189,
2026-01-01 14:00,36.084,
2026-01-01 15:00,35.957,
2026-01-01 16:00,35.833,
2026-01-01 17:00,35.678,
2026-01-01 18:00,35.522,
2026-01-01 19:00,35.395,
2026-01-01 20:00,35.302,
2026-01-01 21:00,35.235,
2026-01-01 22:00,35.203,
2026-01-01 23:00,35.41,
2026-01-02 00:00,35.613,
2026-01-02 01:00,35.67,
2026-01-02 02:00,35.586,
2026-01-02 03:00,35.462,
2026-01-02 04:00,35.356,
2026-01-02 05:00,35.399,
2026-01-02 06:00,35.585,
2026-01-02 07:00,35.692,
2026-01-02 08:00,35.739,
2026-01-02 09:00,35.76,
2026-01-02 10:00,35.859,
2026-01-02 11:00,36.039,
2026-01-02 12:00,36.028,
2026-01-02 13:00,35.934,
2026-01-02 14:00,36.046,
2026-01-02 15:00,36.168,
2026-01-02 16:00,36.11,
2026-01-02 17:00,35.894,
2026-01-02 18:00,35.664,
2026-01-02 19:00,35.479,
2026-01-02 20:00,35.35,
2026-01-02 21:00,35.263,
2026-01-02 22:00,35.276,
2026-01-02 23:00,35.608,
2026-01-03 00:00,35.77,
2026-01-03 01:00,35.729,
2026-01-03 02:00,35.583,
2026-01-03 03:00,35.437,
2026-01-03 04:00,35.325,
2026-01-03 05:00,35.244,
2026-01-03 06:00,35.193,
2026-01-03 07:00,35.255,
2026-01-03 08:00,35.523,
2026-01-03 09:00,35.667,
2026-01-03 10:00,35.723,
2026-01-03 11:00,35.748,
2026-01-03 12:00,35.761,
2026-01-03 13:00,35.764,
2026-01-03 14:00,35.77,
2026-01-03 15:00,35.773,
2026-01-03 16:00,35.776,
2026-01-03 17:00,35.772,
2026-01-03 18:00,35.773,
2026-01-03 19:00,35.772,
2026-01-03 20:00,35.773,
2026-01-03 21:00,35.773,
2026-01-03 22:00,35.775,
2026-01-03 23:00,35.778,
2026-01-04 00:00,35.776,
2026-01-04 01:00,35.775,
2026-01-04 02:00,35.735,
2026-01-04 03:00,35.613,
2026-01-04 04:00,35.475,
2026-01-04 05:00,35.357,
2026-01-04 06:00,35.267,
2026-01-04 07:00,35.209,
2026-01-04 08:00,35.161,
2026-01-04 09:00,35.134,
2026-01-04 10:00,35.109,
2026-01-04 11:00,35.102,
2026-01-04 12:00,35.323,
2026-01-04 13:00,35.573,
2026-01-04 14:00,35.678,
2026-01-04 15:00,35.718,
2026-01-04 16:00,35.735,
2026-01-04 17:00,35.747,
2026-01-04 18:00,35.751,
2026-01-04 19:00,35.756,
2026-01-04 20:00,35.757,
2026-01-04 21:00,35.847,
2026-01-04 22:00,36.045,
2026-01-04 23:00,36.178,
2026-01-05 00:00,36.247,
2026-01-05 01:00,36.249,
2026-01-05 02:00,36.09,
2026-01-05 03:00,35.828,
2026-01-05 04:00,35.608,
2026-01-05 05:00,35.552,
2026-01-05 06:00,35.799,
2026-01-05 07:00,36.065,
2026-01-05 08:00,36.2,
2026-01-05 09:00,36.267,
2026-01-05 10:00,36.284,
2026-01-05 11:00,36.171,
2026-01-05 12:00,35.934,
2026-01-05 13:00,35.684,
2026-01-05 14:00,35.491,
2026-01-05 15:00,35.356,
2026-01-05 16:00,35.264,
2026-01-05 17:00,35.201,
2026-01-05 18:00,35.162,
2026-01-05 19:00,35.134,
2026-01-05 20:00,35.109,
2026-01-05 21:00,35.09,
2026-01-05 22:00,35.291,
2026-01-05 23:00,35.878,
2026-01-06 00:00,36.01,
2026-01-06 01:00,35.954,
2026-01-06 02:00,35.866,
2026-01-06 03:00,35.808,
2026-01-06 04:00,35.778,
2026-01-06 05:00,35.769,
2026-01-06 06:00,35.765,
2026-01-06 07:00,35.765,
2026-01-06 08:00,35.766,
2026-01-06 09:00,35.765,
2026-01-06 10:00,35.762,
2026-01-06 11:00,35.76,
2026-01-06 12:00,35.722,
2026-01-06 13:00,35.607,
2026-01-06 14:00,35.468,
2026-01-06 15:00,35.349,
2026-01-06 16:00,35.259,
2026-01-06 17:00,35.196,
2026-01-06 18:00,35.152,
2026-01-06 19:00,35.116,
2026-01-06 20:00,35.096,
2026-01-06 21:00,35.081,
2026-01-06 22:00,35.335,
2026-01-06 23:00,35.903,
2026-01-07 00:00,36.124,
2026-01-07 01:00,36.211,
2026-01-07 02:00,36.235,
2026-01-07 03:00,36.151,
2026-01-07 04:00,36.015,
2026-01-07 05:00,35.895,
2026-01-07 06:00,35.83,
2026-01-07 07:00,35.8,
2026-01-07 08:00,35.79,
2026-01-07 09:00,35.784,
2026-01-07 10:00,35.78,
2026-01-07 11:00,35.778,
2026-01-07 12:00,35.732,
2026-01-07 13:00,35.612,
2026-01-07 14:00,35.47,
2026-01-07 15:00,35.351,
2026-01-07 16:00,35.262,
2026-01-07 17:00,35.2,
2026-01-07 18:00,35.161,
2026-01-07 19:00,35.124,
2026-01-07 20:00,35.102,
2026-01-07 21:00,35.087,
2026-01-07 22:00,35.317,
2026-01-07 23:00,35.892,
2026-01-08 00:00,36.109,
2026-01-08 01:00,36.21,
2026-01-08 02:00,36.228,
2026-01-08 03:00,36.133,
2026-01-08 04:00,35.999,
2026-01-08 05:00,35.886,
2026-01-08 06:00,35.827,
2026-01-08 07:00,35.8,
2026-01-08 08:00,35.787,
2026-01-08 09:00,35.783,
2026-01-08 10:00,35.781,
2026-01-08 11:00,35.76,
2026-01-08 12:00,35.664,
2026-01-08 13:00,35.522,
2026-01-08 14:00,35.392,
2026-01-08 15:00,35.29,
2026-01-08 16:00,35.218,
2026-01-08 17:00,35.164,
2026-01-08 18:00,35.134,
2026-01-08 19:00,35.101,
2026-01-08 20:00,35.089,
2026-01-08 21:00,35.07,
2026-01-08 22:00,35.246,
2026-01-08 23:00,35.863,
2026-01-09 00:00,36.1,
2026-01-09 01:00,36.204,
2026-01-09 02:00,36.233,
2026-01-09 03:00,36.163,
2026-01-09 04:00,36.025,
2026-01-09 05:00,35.895,
2026-01-09 06:00,35.819,
2026-01-09 07:00,35.786,
2026-01-09 08:00,35.773,
2026-01-09 09:00,35.764,
2026-01-09 10:00,35.764,
2026-01-09 11:00,35.765,
2026-01-09 12:00,35.733,
2026-01-09 13:00,35.631,
2026-01-09 14:00,35.489,
2026-01-09 15:00,35.366,
2026-01-09 16:00,35.272,
2026-01-09 17:00,35.203,
2026-01-09 18:00,35.157,
2026-01-09 19:00,35.119,
2026-01-09 20:00,35.098,
2026-01-09 21:00,35.324,
2026-01-09 22:00,35.896,
2026-01-09 23:00,36.12,
2026-01-10 00:00,36.164,
2026-01-10 01:00,36.079,
2026-01-10 02:00,35.945,
2026-01-10 03:00,35.801,
2026-01-10 04:00,35.628,
2026-01-10 05:00,35.467,
2026-01-10 06:00,35.343,
2026-01-10 07:00,35.25,
2026-01-10 08:00,35.184,
2026-01-10 09:00,35.144,
2026-01-10 10:00,35.108,
2026-01-10 11:00,35.093,
2026-01-10 12:00,35.072,
2026-01-10 13:00,35.056,
2026-01-10 14:00,35.052,
2026-01-10 15:00,35.041,
2026-01-10 16:00,35.035,
2026-01-10 17:00,35.031,
2026-01-10 18:00,35.023,
2026-01-10 19:00,35.018,
2026-01-10 20:00,35.022,
2026-01-10 21:00,35.715,
2026-01-10 22:00,36.279,
2026-01-10 23:00,36.513,
2026-01-11 00:00,36.618,
2026-01-11 01:00,36.682,
2026-01-11 02:00,36.652,
2026-01-11 03:00,36.41,
2026-01-11 04:00,36.058,
2026-01-11 05:00,35.731,
2026-01-11 06:00,35.497,
2026-01-11 07:00,35.345,
2026-01-11 08:00,35.247,
2026-01-11 09:00,35.184,
2026-01-11 10:00,35.14,
2026-01-11 11:00,35.11,
2026-01-11 12:00,35.086,
2026-01-11 13:00,35.067,
2026-01-11 14:00,35.058,
2026-01-11 15:00,35.049,
2026-01-11 16:00,35.043,
2026-01-11 17:00,35.023,
2026-01-11 18:00,35.021,
2026-01-11 19:00,35.017,
2026-01-11 20:00,35.019,
2026-01-11 21:00,35.919,
2026-01-11 22:00,36.379,
2026-01-11 23:00,36.563,
2026-01-12 00:00,36.648,
2026-01-12 01:00,36.675,
2026-01-12 02:00,36.587,
2026-01-12 03:00,36.327,
2026-01-12 04:00,35.992,
2026-01-12 05:00,35.686,
2026-01-12 06:00,35.471,
2026-01-12 07:00,35.33,
2026-01-12 08:00,35.234,
2026-01-12 09:00,35.173,
2026-01-12 10:00,35.128,
2026-01-12 11:00,35.105,
2026-01-12 12:00,35.081,
2026-01-12 13:00,35.061,
2026-01-12 14:00,35.053,
2026-01-12 15:00,35.042,
2026-01-12 16:00,35.037,
2026-01-12 17:00,35.026,
2026-01-12 18:00,35.012,
2026-01-12 19:00,35.009,
2026-01-12 20:00,35.211,
2026-01-12 21:00,36.341,
2026-01-12 22:00,36.705,
2026-01-12 23:00,36.813,
2026-01-13 00:00,36.816,
2026-01-13 01:00,36.706,
2026-01-13 02:00,36.402,
2026-01-13 03:00,36.021,
2026-01-13 04:00,35.696,
2026-01-13 05:00,35.47,
2026-01-13 06:00,35.325,
2026-01-13 07:00,35.23,
2026-01-13 08:00,35.166,
2026-01-13 09:00,35.127,
2026-01-13 10:00,35.1,
2026-01-13 11:00,35.076,
2026-01-13 12:00,35.064,
2026-01-13 13:00,35.048,
2026-01-13 14:00,35.044,
2026-01-13 15:00,35.022,
2026-01-13 16:00,35.028,
2026-01-13 17:00,35.022,
2026-01-13 18:00,35.014,
2026-01-13 19:00,35.0,
2026-01-13 20:00,34.995,
2026-01-13 21:00,35.771,
2026-01-13 22:00,36.484,
2026-01-13 23:00,36.685,
2026-01-14 00:00,36.75,
2026-01-14 01:00,36.761,
2026-01-14 02:00,36.646,
2026-01-14 03:00,36.339,
2026-01-14 04:00,35.967,
2026-01-14 05:00,35.655,
2026-01-14 06:00,35.442,
2026-01-14 07:00,35.305,
2026-01-14 08:00,35.214,
2026-01-14 09:00,35.159,
2026-01-14 10:00,35.115,
2026-01-14 11:00,35.093,
2026-01-14 12:00,35.066,
2026-01-14 13:00,35.054,
2026-01-14 14:00,35.034,
2026-01-14 15:00,35.028,
2026-01-14 16:00,35.024,
2026-01-14 17:00,35.023,
2026-01-14 18:00,35.014,
2026-01-14 19:00,35.007,
2026-01-14 20:00,35.0,
2026-01-14 21:00,36.103,
2026-01-14 22:00,36.633,
2026-01-14 23:00,36.861,
2026-01-15 00:00,36.958,
2026-01-15 01:00,36.853,
2026-01-15 02:00,36.501,
2026-01-15 03:00,36.078,
2026-01-15 04:00,35.718,
2026-01-15 05:00,35.475,
2026-01-15 06:00,35.323,
2026-01-15 07:00,35.225,
2026-01-15 08:00,35.161,
2026-01-15 09:00,35.121,
2026-01-15 10:00,35.092,
2026-01-15 11:00,35.073,
2026-01-15 12:00,35.058,
2026-01-15 13:00,35.043,
2026-01-15 14:00,35.036,
2026-01-15 15:00,35.026,
2026-01-15 16:00,35.023,
2026-01-15 17:00,35.01,
2026-01-15 18:00,35.004,
2026-01-15 19:00,34.998,
2026-01-15 20:00,35.006,
2026-01-15 21:00,36.16,
2026-01-15 22:00,36.648,
2026-01-15 23:00,36.873,
2026-01-16 00:00,36.984,
2026-01-16 01:00,36.909,
2026-01-16 02:00,36.572,
2026-01-16 03:00,36.142,
2026-01-16 04:00,35.763,
2026-01-16 05:00,35.504,
2026-01-16 06:00,35.339,
2026-01-16 07:00,35.234,
2026-01-16 08:00,35.163,
2026-01-16 09:00,35.124,
2026-01-16 10:00,35.091,
2026-01-16 11:00,35.072,
2026-01-16 12:00,35.061,
2026-01-16 13:00,35.038,
2026-01-16 14:00,35.022,
2026-01-16 15:00,35.016,
2026-01-16 16:00,35.008,
2026-01-16 17:00,34.999,
2026-01-16 18:00,35.002,
2026-01-16 19:00,34.991,
2026-01-16 20:00,34.985,
2026-01-16 21:00,36.066,
2026-01-16 22:00,36.627,
2026-01-16 23:00,36.869,
2026-01-17 00:00,36.971,
2026-01-17 01:00,36.88,
2026-01-17 02:00,36.54,
2026-01-17 03:00,36.111,
2026-01-17 04:00,35.737,
2026-01-17 05:00,35.485,
2026-01-17 06:00,35.326,
2026-01-17 07:00,35.225,
2026-01-17 08:00,35.164,
2026-01-17 09:00,35.114,
2026-01-17 10:00,35.085,
2026-01-17 11:00,35.059,
2026-01-17 12:00,35.051,
2026-01-17 13:00,35.028,
2026-01-17 14:00,35.021,
2026-01-17 15:00,35.027,
2026-01-17 16:00,35.01,
2026-01-17 17:00,34.992,
2026-01-17 18:00,34.986,
2026-01-17 19:00,34.987,
2026-01-17 20:00,34.994,
2026-01-17 21:00,34.992,
2026-01-17 22:00,36.155,
2026-01-17 23:00,36.653,
2026-01-18 00:00,36.851,
2026-01-18 01:00,36.805,
2026-01-18 02:00,36.494,
2026-01-18 03:00,36.081,
2026-01-18 04:00,35.721,
2026-01-18 05:00,35.472,
2026-01-18 06:00,35.315,
2026-01-18 07:00,35.213,
2026-01-18 08:00,35.155,
2026-01-18 09:00,35.106,
2026-01-18 10:00,35.072,
2026-01-18 11:00,35.053,
2026-01-18 12:00,35.044,
2026-01-18 13:00,35.036,
2026-01-18 14:00,35.026,
2026-01-18 15:00,34.997,
2026-01-18 16:00,35.008,
2026-01-18 17:00,34.999,
2026-01-18 18:00,34.999,
2026-01-18 19:00,34.999,
2026-01-18 20:00,34.975,
2026-01-18 21:00,34.98,
2026-01-18 22:00,36.148,
2026-01-18 23:00,36.655,
2026-01-19 00:00,36.857,
2026-01-19 01:00,36.832,
2026-01-19 02:00,36.518,
2026-01-19 03:00,36.104,
2026-01-19 04:00,35.732,
2026-01-19 05:00,35.478,
2026-01-19 06:00,35.316,
2026-01-19 07:00,35.213,
2026-01-19 08:00,35.149,
2026-01-19 09:00,35.106,
2026-01-19 10:00,35.077,
2026-01-19 11:00,35.057,
2026-01-19 12:00,35.036,
2026-01-19 13:00,35.034,
2026-01-19 14:00,35.018,
2026-01-19 15:00,34.991,
2026-01-19 16:00,34.996,
2026-01-19 17:00,35.0,
2026-01-19 18:00,34.995,
2026-01-19 19:00,34.984,
2026-01-19 20:00,34.972,
2026-01-19 21:00,34.982,
2026-01-19 22:00,36.138,
2026-01-19 23:00,36.645,
2026-01-20 00:00,36.839,
2026-01-20 01:00,36.791,
2026-01-20 02:00,36.469,
2026-01-20 03:00,36.057,
2026-01-20 04:00,35.698,
2026-01-20 05:00,35.454,
2026-01-20 06:00,35.298,
2026-01-20 07:00,35.202,
2026-01-20 08:00,35.141,
2026-01-20 09:00,35.095,
2026-01-20 10:00,35.06,
2026-01-20 11:00,35.051,
2026-01-20 12:00,35.033,
2026-01-20 13:00,35.031,
2026-01-20 14:00,35.012,
2026-01-20 15:00,34.999,
2026-01-20 16:00,34.979,
2026-01-20 17:00,35.004,
2026-01-20 18:00,34.988,
2026-01-20 19:00,34.984,
2026-01-20 20:00,34.969,
2026-01-20 21:00,34.959,
2026-01-20 22:00,36.113,
2026-01-20 23:00,36.642,
2026-01-21 00:00,36.851,
2026-01-21 01:00,36.816,
2026-01-21 02:00,36.506,
2026-01-21 03:00,36.09,
2026-01-21 04:00,35.723,
2026-01-21 05:00,35.47,
2026-01-21 06:00,35.309,
2026-01-21 07:00,35.206,
2026-01-21 08:00,35.141,
2026-01-21 09:00,35.096,
2026-01-21 10:00,35.06,
2026-01-21 11:00,35.034,
2026-01-21 12:00,35.034,
2026-01-21 13:00,35.004,
2026-01-21 14:00,34.992,
2026-01-21 15:00,35.008,
2026-01-21 16:00,34.983,
2026-01-21 17:00,35.242,
2026-01-21 18:00,35.867,
2026-01-21 19:00,35.961,
2026-01-21 20:00,35.943,
2026-01-21 21:00,36.243,
2026-01-21 22:00,36.618,
2026-01-21 23:00,36.718,
2026-01-22 00:00,36.48,
2026-01-22 01:00,36.109,
2026-01-22 02:00,35.75,
2026-01-22 03:00,35.492,
2026-01-22 04:00,35.326,
2026-01-22 05:00,35.218,
2026-01-22 06:00,35.148,
2026-01-22 07:00,35.101,
2026-01-22 08:00,35.072,
2026-01-22 09:00,35.046,
2026-01-22 10:00,35.035,
2026-01-22 11:00,35.014,
2026-01-22 12:00,35.001,
2026-01-22 13:00,34.986,
2026-01-22 14:00,35.001,
2026-01-22 15:00,34.995,
2026-01-22 16:00,34.97,
2026-01-22 17:00,35.096,
2026-01-22 18:00,35.675,
2026-01-22 19:00,35.772,
2026-01-22 20:00,35.749,
2026-01-22 21:00,35.849,
2026-01-22 22:00,36.224,
2026-01-22 23:00,36.459,
2026-01-23 00:00,36.429,
2026-01-23 01:00,36.221,
2026-01-23 02:00,35.923,
2026-01-23 03:00,35.644,
2026-01-23 04:00,35.435,
2026-01-23 05:00,35.294,
2026-01-23 06:00,35.199,
2026-01-23 07:00,35.136,
2026-01-23 08:00,35.089,
2026-01-23 09:00,35.062,
2026-01-23 10:00,35.043,
2026-01-23 11:00,35.015,
2026-01-23 12:00,35.02,
2026-01-23 13:00,34.991,
2026-01-23 14:00,34.981,
2026-01-23 15:00,34.973,
2026-01-23 16:00,34.98,
2026-01-23 17:00,34.975,
2026-01-23 18:00,35.382,
2026-01-23 19:00,35.67,
2026-01-23 20:00,35.785,
2026-01-23 21:00,36.129,
2026-01-23 22:00,36.569,
2026-01-23 23:00,36.747,
2026-01-24 00:00,36.573,
2026-01-24 01:00,36.215,
2026-01-24 02:00,35.836,
2026-01-24 03:00,35.548,
2026-01-24 04:00,35.359,
2026-01-24 05:00,35.237,
2026-01-24 06:00,35.16,
2026-01-24 07:00,35.105,
2026-01-24 08:00,35.069,
2026-01-24 09:00,35.043,
2026-01-24 10:00,35.028,
2026-01-24 11:00,35.022,
2026-01-24 12:00,35.011,
2026-01-24 13:00,34.985,
2026-01-24 14:00,35.0,
2026-01-24 15:00,34.975,
2026-01-24 16:00,34.959,
2026-01-24 17:00,34.954,
2026-01-24 18:00,35.042,
2026-01-24 19:00,35.409,
2026-01-24 20:00,35.572,
2026-01-24 21:00,35.867,
2026-01-24 22:00,36.273,
2026-01-24 23:00,36.494,
2026-01-25 00:00,36.562,
2026-01-25 01:00,36.402,
2026-01-25 02:00,36.078,
2026-01-25 03:00,35.745,
2026-01-25 04:00,35.495,
2026-01-25 05:00,35.326,
2026-01-25 06:00,35.214,
2026-01-25 07:00,35.14,
2026-01-25 08:00,35.094,
2026-01-25 09:00,35.053,
2026-01-25 10:00,35.032,
2026-01-25 11:00,35.019,
2026-01-25 12:00,35.015,
2026-01-25 13:00,34.998,
2026-01-25 14:00,34.999,
2026-01-25 15:00,34.988,
2026-01-25 16:00,34.965,
2026-01-25 17:00,34.954,
2026-01-25 18:00,35.109,
2026-01-25 19:00,35.448,
2026-01-25 20:00,35.589,
2026-01-25 21:00,35.835,
2026-01-25 22:00,36.244,
2026-01-25 23:00,36.482,
2026-01-26 00:00,36.53,
2026-01-26 01:00,36.339,
2026-01-26 02:00,36.007,
2026-01-26 03:00,35.687,
2026-01-26 04:00,35.453,
2026-01-26 05:00,35.297,
2026-01-26 06:00,35.198,
2026-01-26 07:00,35.128,
2026-01-26 08:00,35.084,
2026-01-26 09:00,35.058,
2026-01-26 10:00,35.037,
2026-01-26 11:00,35.025,
2026-01-26 12:00,35.013,
2026-01-26 13:00,35.001,
2026-01-26 14:00,34.968,
2026-01-26 15:00,34.972,
2026-01-26 16:00,34.968,
2026-01-26 17:00,34.964,
2026-01-26 18:00,35.098,
2026-01-26 19:00,35.439,
2026-01-26 20:00,35.579,
2026-01-26 21:00,35.838,
2026-01-26 22:00,36.251,
2026-01-26 23:00,36.48,
2026-01-27 00:00,36.541,
2026-01-27 01:00,36.361,
2026-01-27 02:00,36.031,
2026-01-27 03:00,35.706,
2026-01-27 04:00,35.468,
2026-01-27 05:00,35.309,
2026-01-27 06:00,35.201,
2026-01-27 07:00,35.129,
2026-01-27 08:00,35.086,
2026-01-27 09:00,35.058,
2026-01-27 10:00,35.033,
2026-01-27 11:00,35.019,
2026-01-27 12:00,34.984,
2026-01-27 13:00,34.976,
2026-01-27 14:00,34.977,
2026-01-27 15:00,34.958,
2026-01-27 16:00,34.952,
2026-01-27 17:00,34.949,
2026-01-27 18:00,35.091,
2026-01-27 19:00,35.433,
2026-01-27 20:00,35.577,
2026-01-27 21:00,35.824,
2026-01-27 22:00,36.249,
2026-01-27 23:00,36.49,
2026-01-28 00:00,36.576,
2026-01-28 01:00,36.436,
2026-01-28 02:00,36.114,
2026-01-28 03:00,35.775,
2026-01-28 04:00,35.512,
2026-01-28 05:00,35.338,
2026-01-28 06:00,35.221,
2026-01-28 07:00,35.147,
2026-01-28 08:00,35.095,
2026-01-28 09:00,35.064,
2026-01-28 10:00,35.022,
2026-01-28 11:00,35.009,
2026-01-28 12:00,34.997,
2026-01-28 13:00,34.975,
2026-01-28 14:00,34.981,
2026-01-28 15:00,34.957,
2026-01-28 16:00,34.961,
2026-01-28 17:00,34.956,
2026-01-28 18:00,35.067,
2026-01-28 19:00,35.438,
2026-01-28 20:00,35.595,
2026-01-28 21:00,35.893,
2026-01-28 22:00,36.282,
2026-01-28 23:00,36.495,
2026-01-29 00:00,36.575,
2026-01-29 01:00,36.432,
2026-01-29 02:00,36.112,
2026-01-29 03:00,35.769,
2026-01-29 04:00,35.51,
2026-01-29 05:00,35.335,
2026-01-29 06:00,35.219,
2026-01-29 07:00,35.142,
2026-01-29 08:00,35.095,
2026-01-29 09:00,35.059,
2026-01-29 10:00,35.025,
2026-01-29 11:00,35.019,
2026-01-29 12:00,34.984,
2026-01-29 13:00,34.978,
2026-01-29 14:00,34.969,
2026-01-29 15:00,34.96,
2026-01-29 16:00,34.96,
2026-01-29 17:00,34.957,
2026-01-29 18:00,35.104,
2026-01-29 19:00,35.445,
2026-01-29 20:00,35.583,
2026-01-29 21:00,35.843,
2026-01-29 22:00,36.251,
2026-01-29 23:00,36.479,
2026-01-30 00:00,36.559,
2026-01-30 01:00,36.412,
2026-01-30 02:00,36.094,
2026-01-30 03:00,35.76,
2026-01-30 04:00,35.502,
2026-01-30 05:00,35.328,
2026-01-30 06:00,35.215,
2026-01-30 07:00,35.14,
2026-01-30 08:00,35.09,
2026-01-30 09:00,35.051,
2026-01-30 10:00,35.033,
2026-01-30 11:00,35.003,
2026-01-30 12:00,35.001,
2026-01-30 13:00,34.983,
2026-01-30 14:00,34.96,
2026-01-30 15:00,34.969,
2026-01-30 16:00,34.95,
2026-01-30 17:00,34.939,
2026-01-30 18:00,35.102,
2026-01-30 19:00,35.442,
2026-01-30 20:00,35.58,
2026-01-30 21:00,35.837,
2026-01-30 22:00,36.248,
2026-01-30 23:00,36.472,
2026-01-31 00:00,36.545,
2026-01-31 01:00,36.389,
2026-01-31 02:00,36.064,
2026-01-31 03:00,35.734,
2026-01-31 04:00,35.484,
2026-01-31 05:00,35.316,
2026-01-31 06:00,35.207,
2026-01-31 07:00,35.133,
2026-01-31 08:00,35.083,
2026-01-31 09:00,35.05,
2026-01-31 10:00,35.024,
2026-01-31 11:00,34.996,
2026-01-31 12:00,34.989,
2026-01-31 13:00,34.973,
2026-01-31 14:00,34.962,
2026-01-31 15:00,34.955,
2026-01-31 16:00,34.946,
2026-01-31 17:00,34.94,
2026-01-31 18:00,35.065,
2026-01-31 19:00,35.418,
2026-01-31 20:00,35.566,
2026-01-31 21:00,35.803,
2026-01-31 22:00,36.216,
2026-01-31 23:00,36.448,
2026-02-01 00:00,36.547,
2026-02-01 01:00,36.442,
2026-02-01 02:00,36.141,
2026-02-01 03:00,35.8,
2026-02-01 04:00,35.532,
2026-02-01 05:00,35.349,
2026-02-01 06:00,35.225,
2026-02-01 07:00,35.147,
2026-02-01 08:00,35.091,
2026-02-01 09:00,35.053,
2026-02-01 10:00,35.022,
2026-02-01 11:00,35.009,
2026-02-01 12:00,34.987,
2026-02-01 13:00,34.983,
2026-02-01 14:00,34.961,
2026-02-01 15:00,34.953,
2026-02-01 16:00,34.943,
2026-02-01 17:00,34.937,
2026-02-01 18:00,35.11,
2026-02-01 19:00,35.446,
2026-02-01 20:00,35.582,
2026-02-01 21:00,35.829,
2026-02-01 22:00,36.242,
2026-02-01 23:00,36.463,
2026-02-02 00:00,36.486,
2026-02-02 01:00,36.353,
2026-02-02 02:00,36.081,
2026-02-02 03:00,35.777,
2026-02-02 04:00,35.528,
2026-02-02 05:00,35.351,
2026-02-02 06:00,35.23,
2026-02-02 07:00,35.151,
2026-02-02 08:00,35.092,
2026-02-02 09:00,35.054,
2026-02-02 10:00,35.018,
2026-02-02 11:00,35.007,
2026-02-02 12:00,34.992,
2026-02-02 13:00,34.973,
2026-02-02 14:00,34.966,
2026-02-02 15:00,34.951,
2026-02-02 16:00,34.947,
2026-02-02 17:00,34.937,
2026-02-02 18:00,35.016,
2026-02-02 19:00,35.392,
2026-02-02 20:00,35.55,
2026-02-02 21:00,35.721,
2026-02-02 22:00,36.144,
2026-02-02 23:00,36.418,
2026-02-03 00:00,36.53,
2026-02-03 01:00,36.434,
2026-02-03 02:00,36.142,
2026-02-03 03:00,35.811,
2026-02-03 04:00,35.543,
2026-02-03 05:00,35.356,
2026-02-03 06:00,35.23,
2026-02-03 07:00,35.151,
2026-02-03 08:00,35.091,
2026-02-03 09:00,35.056,
2026-02-03 10:00,35.03,
2026-02-03 11:00,34.994,
2026-02-03 12:00,34.993,
2026-02-03 13:00,34.967,
2026-02-03 14:00,34.962,
2026-02-03 15:00,34.952,
2026-02-03 16:00,34.946,
2026-02-03 17:00,34.936,
2026-02-03 18:00,35.033,
2026-02-03 19:00,35.407,
2026-02-03 20:00,35.56,
2026-02-03 21:00,35.807,
2026-02-03 22:00,36.217,
2026-02-03 23:00,36.46,
2026-02-04 00:00,36.497,
2026-02-04 01:00,36.36,
2026-02-04 02:00,36.092,
2026-02-04 03:00,35.789,
2026-02-04 04:00,35.538,
2026-02-04 05:00,35.358,
2026-02-04 06:00,35.234,
2026-02-04 07:00,35.155,
2026-02-04 08:00,35.096,
2026-02-04 09:00,35.051,
2026-02-04 10:00,35.033,
2026-02-04 11:00,34.993,
2026-02-04 12:00,34.974,
2026-02-04 13:00,34.964,
2026-02-04 14:00,34.958,
2026-02-04 15:00,34.954,
2026-02-04 16:00,34.938,
2026-02-04 17:00,34.932,
2026-02-04 18:00,35.108,
2026-02-04 19:00,35.448,
2026-02-04 20:00,35.583,
2026-02-04 21:00,35.813,
2026-02-04 22:00,36.222,
2026-02-04 23:00,36.462,
2026-02-05 00:00,36.532,
2026-02-05 01:00,36.374,
2026-02-05 02:00,36.055,
2026-02-05 03:00,35.727,
2026-02-05 04:00,35.479,
2026-02-05 05:00,35.311,
2026-02-05 06:00,35.201,
2026-02-05 07:00,35.129,
2026-02-05 08:00,35.074,
2026-02-05 09:00,35.045,
2026-02-05 10:00,35.004,
2026-02-05 11:00,34.998,
2026-02-05 12:00,34.975,
2026-02-05 13:00,34.958,
2026-02-05 14:00,34.953,
2026-02-05 15:00,34.944,
2026-02-05 16:00,34.942,
2026-02-05 17:00,34.931,
2026-02-05 18:00,35.05,
2026-02-05 19:00,35.414,
2026-02-05 20:00,35.56,
2026-02-05 21:00,35.779,
2026-02-05 22:00,36.203,
2026-02-05 23:00,36.455,
2026-02-06 00:00,36.538,
2026-02-06 01:00,36.389,
2026-02-06 02:00,36.072,
2026-02-06 03:00,35.742,
2026-02-06 04:00,35.485,
2026-02-06 05:00,35.314,
2026-02-06 06:00,35.201,
2026-02-06 07:00,35.133,
2026-02-06 08:00,35.075,
2026-02-06 09:00,35.048,
2026-02-06 10:00,35.007,
2026-02-06 11:00,34.997,
2026-02-06 12:00,34.977,
2026-02-06 13:00,34.966,
2026-02-06 14:00,34.946,
2026-02-06 15:00,34.945,
2026-02-06 16:00,34.926,
2026-02-06 17:00,34.92,
2026-02-06 18:00,35.044,
2026-02-06 19:00,35.413,
2026-02-06 20:00,35.565,
2026-02-06 21:00,35.816,
2026-02-06 22:00,36.24,
2026-02-06 23:00,36.478,
2026-02-07 00:00,36.563,
2026-02-07 01:00,36.414,
2026-02-07 02:00,36.09,
2026-02-07 03:00,35.755,
2026-02-07 04:00,35.495,
2026-02-07 05:00,35.321,
2026-02-07 06:00,35.206,
2026-02-07 07:00,35.128,
2026-02-07 08:00,35.079,
2026-02-07 09:00,35.048,
2026-02-07 10:00,35.007,
2026-02-07 11:00,34.991,
2026-02-07 12:00,34.985,
2026-02-07 13:00,34.965,
2026-02-07 14:00,34.947,
2026-02-07 15:00,34.935,
2026-02-07 16:00,34.928,
2026-02-07 17:00,34.924,
2026-02-07 18:00,35.001,
2026-02-07 19:00,35.384,
2026-02-07 20:00,35.542,
2026-02-07 21:00,35.721,
2026-02-07 22:00,36.157,
2026-02-07 23:00,36.435,
2026-02-08 00:00,36.548,
2026-02-08 01:00,36.447,
2026-02-08 02:00,36.136,
2026-02-08 03:00,35.794,
2026-02-08 04:00,35.524,
2026-02-08 05:00,35.339,
2026-02-08 06:00,35.217,
2026-02-08 07:00,35.135,
2026-02-08 08:00,35.081,
2026-02-08 09:00,35.035,
2026-02-08 10:00,34.999,
2026-02-08 11:00,34.994,
2026-02-08 12:00,34.968,
2026-02-08 13:00,34.959,
2026-02-08 14:00,34.955,
2026-02-08 15:00,34.933,
2026-02-08 16:00,34.935,
2026-02-08 17:00,34.922,
2026-02-08 18:00,34.951,
2026-02-08 19:00,35.326,
2026-02-08 20:00,35.525,
2026-02-08 21:00,35.809,
2026-02-08 22:00,36.237,
2026-02-08 23:00,36.476,
2026-02-09 00:00,36.564,
2026-02-09 01:00,36.447,
2026-02-09 02:00,36.134,
2026-02-09 03:00,35.788,
2026-02-09 04:00,35.521,
2026-02-09 05:00,35.335,
2026-02-09 06:00,35.211,
2026-02-09 07:00,35.135,
2026-02-09 08:00,35.079,
2026-02-09 09:00,35.043,
2026-02-09 10:00,35.008,
2026-02-09 11:00,34.987,
2026-02-09 12:00,34.976,
2026-02-09 13:00,34.957,
2026-02-09 14:00,34.952,
2026-02-09 15:00,34.935,
2026-02-09 16:00,34.928,
2026-02-09 17:00,34.923,
2026-02-09 18:00,35.019,
2026-02-09 19:00,35.395,
2026-02-09 20:00,35.553,
2026-02-09 21:00,35.802,
2026-02-09 22:00,36.221,
2026-02-09 23:00,36.465,
2026-02-10 00:00,36.557,
2026-02-10 01:00,36.437,
2026-02-10 02:00,36.126,
2026-02-10 03:00,35.788,
2026-02-10 04:00,35.519,
2026-02-10 05:00,35.334,
2026-02-10 06:00,35.212,
2026-02-10 07:00,35.131,
2026-02-10 08:00,35.078,
2026-02-10 09:00,35.042,
2026-02-10 10:00,35.007,
2026-02-10 11:00,34.984,
2026-02-10 12:00,34.968,
2026-02-10 13:00,34.955,
2026-02-10 14:00,34.944,
2026-02-10 15:00,34.934,
2026-02-10 16:00,34.924,
2026-02-10 17:00,34.916,
2026-02-10 18:00,35.001,
2026-02-10 19:00,35.39,
2026-02-10 20:00,35.551,
2026-02-10 21:00,35.789,
2026-02-10 22:00,36.206,
2026-02-10 23:00,36.45,
2026-02-11 00:00,36.546,
2026-02-11 01:00,36.427,
2026-02-11 02:00,36.118,
2026-02-11 03:00,35.781,
2026-02-11 04:00,35.515,
2026-02-11 05:00,35.332,
2026-02-11 06:00,35.212,
2026-02-11 07:00,35.134,
2026-02-11 08:00,35.08,
2026-02-11 09:00,35.044,
2026-02-11 10:00,35.011,
2026-02-11 11:00,34.984,
2026-02-11 12:00,34.972,
2026-02-11 13:00,34.956,
2026-02-11 14:00,34.949,
2026-02-11 15:00,34.936,
2026-02-11 16:00,34.927,
2026-02-11 17:00,34.922,
2026-02-11 18:00,35.059,
2026-02-11 19:00,35.42,
2026-02-11 20:00,35.563,
2026-02-11 21:00,35.807,
2026-02-11 22:00,36.23,
2026-02-11 23:00,36.464,
2026-02-12 00:00,36.54,
2026-02-12 01:00,36.386,
2026-02-12 02:00,36.059,
2026-02-12 03:00,35.73,
2026-02-12 04:00,35.481,
2026-02-12 05:00,35.309,
2026-02-12 06:00,35.199,
2026-02-12 07:00,35.122,
2026-02-12 08:00,35.071,
2026-02-12 09:00,35.034,
2026-02-12 10:00,35.004,
2026-02-12 11:00,34.984,
2026-02-12 12:00,34.975,
2026-02-12 13:00,34.956,
2026-02-12 14:00,34.946,
2026-02-12 15:00,34.938,
2026-02-12 16:00,34.926,
2026-02-12 17:00,34.92,
2026-02-12 18:00,35.028,
2026-02-12 19:00,35.414,
2026-02-12 20:00,35.57,
2026-02-12 21:00,35.835,
2026-02-12 22:00,36.238,
2026-02-12 23:00,36.466,
2026-02-13 00:00,36.548,
2026-02-13 01:00,36.403,
2026-02-13 02:00,36.088,
2026-02-13 03:00,35.751,
2026-02-13 04:00,35.493,
2026-02-13 05:00,35.317,
2026-02-13 06:00,35.2,
2026-02-13 07:00,35.126,
2026-02-13 08:00,35.071,
2026-02-13 09:00,35.035,
2026-02-13 10:00,34.998,
2026-02-13 11:00,34.986,
2026-02-13 12:00,34.967,
2026-02-13 13:00,34.957,
2026-02-13 14:00,34.943,
2026-02-13 15:00,34.929,
2026-02-13 16:00,34.921,
2026-02-13 17:00,34.917,
2026-02-13 18:00,35.072,
2026-02-13 19:00,35.432,
2026-02-13 20:00,35.568,
2026-02-13 21:00,35.822,
2026-02-13 22:00,36.236,
2026-02-13 23:00,36.463,
2026-02-14 00:00,36.546,
2026-02-14 01:00,36.414,
2026-02-14 02:00,36.099,
2026-02-14 03:00,35.759,
2026-02-14 04:00,35.499,
2026-02-14 05:00,35.318,
2026-02-14 06:00,35.201,
2026-02-14 07:00,35.121,
2026-02-14 08:00,35.066,
2026-02-14 09:00,35.024,
2026-02-14 10:00,35.005,
2026-02-14 11:00,34.98,
2026-02-14 12:00,34.961,
2026-02-14 13:00,34.952,
2026-02-14 14:00,34.937,
2026-02-14 15:00,34.929,
2026-02-14 16:00,34.922,
2026-02-14 17:00,34.924,
2026-02-14 18:00,35.049,
2026-02-14 19:00,35.415,
2026-02-14 20:00,35.561,
2026-02-14 21:00,35.787,
2026-02-14 22:00,36.206,
2026-02-14 23:00,36.444,
2026-02-15 00:00,36.471,
2026-02-15 01:00,36.338,
2026-02-15 02:00,36.085,
2026-02-15 03:00,35.791,
2026-02-15 04:00,35.54,
2026-02-15 05:00,35.357,
2026-02-15 06:00,35.231,
2026-02-15 07:00,35.149,
2026-02-15 08:00,35.088,
2026-02-15 09:00,35.044,
2026-02-15 10:00,35.005,
2026-02-15 11:00,34.981,
2026-02-15 12:00,34.967,
2026-02-15 13:00,34.959,
2026-02-15 14:00,34.943,
2026-02-15 15:00,34.937,
2026-02-15 16:00,34.923,
2026-02-15 17:00,34.915,
2026-02-15 18:00,35.051,
2026-02-15 19:00,35.414,
2026-02-15 20:00,35.558,
2026-02-15 21:00,35.735,
2026-02-15 22:00,36.158,
2026-02-15 23:00,36.418,
2026-02-16 00:00,36.494,
2026-02-16 01:00,36.374,
2026-02-16 02:00,36.106,
2026-02-16 03:00,35.797,
2026-02-16 04:00,35.538,
2026-02-16 05:00,35.354,
2026-02-16 06:00,35.227,
2026-02-16 07:00,35.142,
2026-02-16 08:00,35.084,
2026-02-16 09:00,35.038,
2026-02-16 10:00,35.01,
2026-02-16 11:00,34.98,
2026-02-16 12:00,34.967,
2026-02-16 13:00,34.959,
2026-02-16 14:00,34.949,
2026-02-16 15:00,34.93,
2026-02-16 16:00,34.92,
2026-02-16 17:00,34.92,
2026-02-16 18:00,35.047,
2026-02-16 19:00,35.417,
2026-02-16 20:00,35.56,
2026-02-16 21:00,35.778,
2026-02-16 22:00,36.2,
2026-02-16 23:00,36.44,
2026-02-17 00:00,36.46,
2026-02-17 01:00,36.334,
2026-02-17 02:00,36.097,
2026-02-17 03:00,35.81,
2026-02-17 04:00,35.56,
2026-02-17 05:00,35.374,
2026-02-17 06:00,35.243,
2026-02-17 07:00,35.157,
2026-02-17 08:00,35.093,
2026-02-17 09:00,35.044,
2026-02-17 10:00,35.023,
2026-02-17 11:00,34.992,
2026-02-17 12:00,34.98,
2026-02-17 13:00,34.955,
2026-02-17 14:00,34.944,
2026-02-17 15:00,34.937,
2026-02-17 16:00,34.922,
2026-02-17 17:00,34.919,
2026-02-17 18:00,35.023,
2026-02-17 19:00,35.402,
2026-02-17 20:00,35.553,
2026-02-17 21:00,35.811,
2026-02-17 22:00,36.235,
2026-02-17 23:00,36.468,
2026-02-18 00:00,36.54,
2026-02-18 01:00,36.395,
2026-02-18 02:00,36.07,
2026-02-18 03:00,35.737,
2026-02-18 04:00,35.481,
2026-02-18 05:00,35.308,
2026-02-18 06:00,35.195,
2026-02-18 07:00,35.116,
2026-02-18 08:00,35.066,
2026-02-18 09:00,35.023,
2026-02-18 10:00,35.004,
2026-02-18 11:00,34.983,
2026-02-18 12:00,34.965,
2026-02-18 13:00,34.954,
2026-02-18 14:00,34.946,
2026-02-18 15:00,34.931,
2026-02-18 16:00,34.925,
2026-02-18 17:00,34.917,
2026-02-18 18:00,35.016,
2026-02-18 19:00,35.4,
2026-02-18 20:00,35.56,
2026-02-18 21:00,35.818,
2026-02-18 22:00,36.245,
2026-02-18 23:00,36.494,
2026-02-19 00:00,36.567,
2026-02-19 01:00,36.409,
2026-02-19 02:00,36.077,
2026-02-19 03:00,35.743,
2026-02-20 00:00,36.54,
2026-02-21 00:00,36.523,
2026-02-22 00:00,36.556,
2026-02-23 00:00,36.54,
2026-02-23 17:00,35.851,
2026-02-23 18:00,35.81,
2026-02-23 19:00,35.77,
2026-02-23 20:00,35.729,
2026-02-23 21:00,35.689,
2026-02-23 22:00,35.648,
2026-02-23 23:00,35.608,
2026-02-24 00:00,35.567,
2026-02-24 01:00,35.527,
2026-02-24 02:00,35.486,
2026-02-24 03:00,35.446,
2026-02-24 04:00,35.405,
2026-02-24 05:00,35.365,
2026-02-24 06:00,35.324,
2026-02-24 07:00,35.284,
2026-02-24 08:00,35.243,
2026-02-24 09:00,35.203,
2026-02-24 10:00,35.162,
2026-02-24 11:00,35.122,
2026-02-24 12:00,35.081,
2026-02-24 13:00,35.041,
2026-02-24 14:00,35.0,
2026-02-24 15:00,34.96,
2026-02-24 16:00,34.919,
2026-02-24 17:00,34.9,
2026-02-24 18:00,35.014,
2026-02-24 19:00,35.393,
2026-02-24 20:00,35.543,
2026-02-24 21:00,35.849,
2026-02-24 22:00,36.263,
2026-02-24 23:00,36.482,
2026-02-25 00:00,36.549,
2026-02-25 01:00,36.38,
2026-02-25 02:00,36.05,
2026-02-25 03:00,35.716,
2026-02-25 04:00,35.464,
2026-02-25 05:00,35.292,
2026-02-25 06:00,35.176,
2026-02-25 07:00,35.107,
2026-02-25 08:00,35.052,
2026-02-25 09:00,35.018,
2026-02-25 10:00,34.99,
2026-02-25 11:00,34.964,
2026-02-25 12:00,34.95,
2026-02-25 13:00,34.929,
2026-02-25 14:00,34.928,
2026-02-25 15:00,34.908,
2026-02-25 16:00,34.913,
2026-02-25 17:00,34.909,
2026-02-25 18:00,35.035,
2026-02-25 19:00,35.415,
2026-02-25 20:00,35.555,
2026-02-25 21:00,35.82,
2026-02-25 22:00,36.23,
2026-02-25 23:00,36.442,
2026-02-26 00:00,36.449,
2026-02-26 01:00,36.298,
2026-02-26 02:00,36.026,
2026-02-26 03:00,35.731,
2026-02-26 04:00,35.488,
2026-02-26 05:00,35.315,
2026-02-26 06:00,35.197,
2026-02-26 07:00,35.111,
2026-02-26 08:00,35.063,
2026-02-26 09:00,35.028,
2026-02-26 10:00,34.995,
2026-02-26 11:00,34.967,
2026-02-26 12:00,34.95,
2026-02-26 13:00,34.925,
2026-02-26 14:00,34.923,
2026-02-26 15:00,34.912,
2026-02-26 16:00,34.904,
2026-02-26 17:00,34.882,
2026-02-26 18:00,35.061,
2026-02-26 19:00,35.415,
2026-02-26 20:00,35.545,
2026-02-26 21:00,35.738,
2026-02-26 22:00,36.17,
2026-02-26 23:00,36.42,
2026-02-27 00:00,36.478,
2026-02-27 01:00,36.34,
2026-02-27 02:00,36.07,
2026-02-27 03:00,35.768,
2026-02-27 04:00,35.514,
2026-02-27 05:00,35.331,
2026-02-27 06:00,35.206,
2026-02-27 07:00,35.122,
2026-02-27 08:00,35.062,
2026-02-27 09:00,35.027,
2026-02-27 10:00,34.999,
2026-02-27 11:00,34.973,
2026-02-27 12:00,34.956,
2026-02-27 13:00,34.93,
2026-02-27 14:00,34.923,
2026-02-27 15:00,34.918,
2026-02-27 16:00,34.903,
2026-02-27 17:00,34.901,
2026-02-27 18:00,35.103,
2026-02-27 19:00,35.477,
2026-02-27 20:00,35.595,
2026-02-27 21:00,35.782,
2026-02-27 22:00,36.206,
2026-02-27 23:00,36.457,
2026-02-28 00:00,36.504,
2026-02-28 01:00,36.362,
2026-02-28 02:00,36.094,
2026-02-28 03:00,35.78,
2026-02-28 04:00,35.526,
2026-02-28 05:00,35.342,
2026-02-28 06:00,35.219,
2026-02-28 07:00,35.134,
2026-02-28 08:00,35.076,
2026-02-28 09:00,35.035,
2026-02-28 10:00,35.011,
2026-02-28 11:00,34.994,
2026-02-28 12:00,34.961,
2026-02-28 13:00,34.946,
2026-02-28 14:00,34.937,
2026-02-28 15:00,34.927,
2026-02-28 16:00,34.914,
2026-02-28 17:00,34.916,
2026-02-28 18:00,35.113,
2026-02-28 19:00,35.439,
2026-02-28 20:00,35.566,
2026-02-28 21:00,35.832,
2026-02-28 22:00,36.26,
2026-02-28 23:00,36.483,
2026-03-01 00:00,36.534,
2026-03-01 01:00,36.365,
2026-03-01 02:00,36.033,
2026-03-01 03:00,35.7,
2026-03-01 04:00,35.455,
2026-03-01 05:00,35.295,
2026-03-01 06:00,35.192,
2026-03-01 07:00,35.119,
2026-03-01 08:00,35.073,
2026-03-01 09:00,35.032,
2026-03-01 10:00,35.02,
2026-03-01 11:00,34.985,
2026-03-01 12:00,34.967,
2026-03-01 13:00,34.954,
2026-03-01 14:00,34.943,
2026-03-01 15:00,34.934,
2026-03-01 16:00,34.924,
2026-03-01 17:00,34.922,
2026-03-01 18:00,35.084,
2026-03-01 19:00,35.426,
2026-03-01 20:00,35.557,
2026-03-01 21:00,35.848,
2026-03-01 22:00,36.25,
2026-03-01 23:00,36.467,
2026-03-02 00:00,36.522,
2026-03-02 01:00,36.332,
2026-03-02 02:00,36.0,
2026-03-02 03:00,35.675,
2026-03-02 04:00,35.439,
2026-03-02 05:00,35.279,
2026-03-02 06:00,35.171,
2026-03-02 07:00,35.108,
2026-03-02 08:00,35.051,
2026-03-02 09:00,35.018,
2026-03-02 10:00,34.99,
2026-03-02 11:00,34.972,
2026-03-02 12:00,34.948,
2026-03-02 13:00,34.939,
2026-03-02 14:00,34.923,
2026-03-02 15:00,34.921,
2026-03-02 16:00,34.909,
2026-03-02 17:00,34.905,
2026-03-02 18:00,35.063,
2026-03-02 19:00,35.419,
2026-03-02 20:00,35.553,
2026-03-02 21:00,35.818,
2026-03-02 22:00,36.233,
2026-03-02 23:00,36.469,
2026-03-03 00:00,36.523,
2026-03-03 01:00,36.349,
2026-03-03 02:00,36.012,
2026-03-03 03:00,35.686,
2026-03-03 04:00,35.444,
2026-03-03 05:00,35.281,
2026-03-03 06:00,35.169,
2026-03-03 07:00,35.101,
2026-03-03 08:00,35.053,
2026-03-03 09:00,35.016,
2026-03-03 10:00,34.994,
2026-03-03 11:00,34.96,
2026-03-03 12:00,34.951,
2026-03-03 13:00,34.934,
2026-03-03 14:00,34.921,
2026-03-03 15:00,34.917,
2026-03-03 16:00,34.91,
2026-03-03 17:00,34.891,
2026-03-03 18:00,34.988,
2026-03-03 19:00,35.388,
2026-03-03 20:00,35.542,
2026-03-03 21:00,35.81,
2026-03-03 22:00,36.231,
2026-03-03 23:00,36.466,
2026-03-04 00:00,36.541,
2026-03-04 01:00,36.402,
2026-03-04 02:00,36.079,
2026-03-04 03:00,35.741,
2026-03-04 04:00,35.482,
2026-03-04 05:00,35.306,
2026-03-04 06:00,35.188,
2026-03-04 07:00,35.113,
2026-03-04 08:00,35.055,
2026-03-04 09:00,35.01,
2026-03-04 10:00,34.986,
2026-03-04 11:00,34.968,
2026-03-04 12:00,34.949,
2026-03-04 13:00,34.929,
2026-03-04 14:00,34.919,
2026-03-04 15:00,34.921,
2026-03-04 16:00,34.897,
2026-03-04 17:00,34.89,
2026-03-04 18:00,34.955,
2026-03-04 19:00,35.367,
2026-03-04 20:00,35.531,
2026-03-04 21:00,35.785,
2026-03-04 22:00,36.218,
2026-03-04 23:00,36.465,
2026-03-05 00:00,36.523,
2026-03-05 01:00,36.341,
2026-03-05 02:00,36.004,
2026-03-05 03:00,35.677,
2026-03-05 04:00,35.437,
2026-03-05 05:00,35.271,
2026-03-05 06:00,35.165,
2026-03-05 07:00,35.094,
2026-03-05 08:00,35.047,
2026-03-05 09:00,35.006,
2026-03-05 10:00,34.985,
2026-03-05 11:00,34.958,
2026-03-05 12:00,34.943,
2026-03-05 13:00,34.928,
2026-03-05 14:00,34.921,
2026-03-05 15:00,34.902,
2026-03-05 16:00,34.904,
2026-03-05 17:00,34.891,
2026-03-05 18:00,34.995,
2026-03-05 19:00,35.398,
2026-03-05 20:00,35.548,
2026-03-05 21:00,35.796,
2026-03-05 22:00,36.214,
2026-03-05 23:00,36.449,
2026-03-06 00:00,36.531,
2026-03-06 01:00,36.398,
2026-03-06 02:00,36.08,
2026-03-06 03:00,35.736,
2026-03-06 04:00,35.481,
2026-03-06 05:00,35.302,
2026-03-06 06:00,35.188,
2026-03-06 07:00,35.111,
2026-03-06 08:00,35.054,
2026-03-06 09:00,35.014,
2026-03-06 10:00,34.988,
2026-03-06 11:00,34.973,
2026-03-06 12:00,34.952,
2026-03-06 13:00,34.936,
2026-03-06 14:00,34.925,
2026-03-06 15:00,34.912,
2026-03-06 16:00,34.91,
2026-03-06 17:00,34.895,
2026-03-06 18:00,35.001,
2026-03-06 19:00,35.39,
2026-03-06 20:00,35.54,
2026-03-06 21:00,35.817,
2026-03-06 22:00,36.235,
2026-03-06 23:00,36.459,
2026-03-07 00:00,36.514,
2026-03-07 01:00,36.332,
2026-03-07 02:00,35.995,
2026-03-07 03:00,35.672,
2026-03-07 04:00,35.436,
2026-03-07 05:00,35.271,
2026-03-07 06:00,35.166,
2026-03-07 07:00,35.097,
2026-03-07 08:00,35.042,
2026-03-07 09:00,35.01,
2026-03-07 10:00,34.988,
2026-03-07 11:00,34.95,
2026-03-07 12:00,34.953,
2026-03-07 13:00,34.936,
2026-03-07 14:00,34.927,
2026-03-07 15:00,34.912,
2026-03-07 16:00,34.905,
2026-03-07 17:00,34.898,
2026-03-07 18:00,35.022,
2026-03-07 19:00,35.405,
2026-03-07 20:00,35.556,
2026-03-07 21:00,35.853,
2026-03-07 22:00,36.251,
2026-03-07 23:00,36.467,
2026-03-08 00:00,36.505,
2026-03-08 01:00,36.317,
2026-03-08 02:00,35.977,
2026-03-08 03:00,35.657,
2026-03-08 04:00,35.423,
2026-03-08 05:00,35.264,
2026-03-08 06:00,35.161,
2026-03-08 07:00,35.09,
2026-03-08 08:00,35.039,
2026-03-08 09:00,35.002,
2026-03-08 10:00,34.977,
2026-03-08 11:00,34.959,
2026-03-08 12:00,34.94,
2026-03-08 13:00,34.927,
2026-03-08 14:00,34.913,
2026-03-08 15:00,34.907,
2026-03-08 16:00,34.897,
2026-03-08 17:00,34.896,
2026-03-08 18:00,34.987,
2026-03-08 19:00,35.378,
2026-03-08 20:00,35.526,
2026-03-08 21:00,35.823,
2026-03-08 22:00,36.243,
2026-03-08 23:00,36.461,
2026-03-09 00:00,36.511,
2026-03-09 01:00,36.324,
2026-03-09 02:00,35.99,
2026-03-09 03:00,35.667,
2026-03-09 04:00,35.429,
2026-03-09 05:00,35.266,
2026-03-09 06:00,35.161,
2026-03-09 07:00,35.091,
2026-03-09 08:00,35.037,
2026-03-09 09:00,35.011,
2026-03-09 10:00,34.975,
2026-03-09 11:00,34.957,
2026-03-09 12:00,34.942,
2026-03-09 13:00,34.929,
2026-03-09 14:00,34.924,
2026-03-09 15:00,34.9,
2026-03-09 16:00,34.906,
2026-03-09 17:00,34.886,
2026-03-09 18:00,35.019,
2026-03-09 19:00,35.401,
2026-03-09 20:00,35.541,
2026-03-09 21:00,35.788,
2026-03-09 22:00,36.216,
2026-03-09 23:00,36.45,
2026-03-10 00:00,36.515,
2026-03-10 01:00,36.343,
2026-03-10 02:00,36.011,
2026-03-10 03:00,35.685,
2026-03-10 04:00,35.444,
2026-03-10 05:00,35.277,
2026-03-10 06:00,35.166,
2026-03-10 07:00,35.094,
2026-03-10 08:00,35.042,
2026-03-10 09:00,35.006,
2026-03-10 10:00,34.98,
2026-03-10 11:00,34.959,
2026-03-10 12:00,34.944,
2026-03-10 13:00,34.919,
2026-03-10 14:00,34.92,
2026-03-10 15:00,34.901,
2026-03-10 16:00,34.905,
2026-03-10 17:00,34.876,
2026-03-10 18:00,34.987,
2026-03-10 19:00,35.389,
2026-03-10 20:00,35.538,
2026-03-10 21:00,35.783,
2026-03-10 22:00,36.211,
2026-03-10 23:00,36.451,
2026-03-11 00:00,36.517,
2026-03-11 01:00,36.35,
2026-03-11 02:00,36.02,
2026-03-11 03:00,35.691,
2026-03-11 04:00,35.443,
2026-03-11 05:00,35.278,
2026-03-11 06:00,35.165,
2026-03-11 07:00,35.094,
2026-03-11 08:00,35.036,
2026-03-11 09:00,35.009,
2026-03-11 10:00,34.978,
2026-03-11 11:00,34.951,
2026-03-11 12:00,34.936,
2026-03-11 13:00,34.915,
2026-03-11 14:00,34.909,
2026-03-11 15:00,34.912,
2026-03-11 16:00,34.888,
2026-03-11 17:00,34.878,
2026-03-11 18:00,34.985,
2026-03-11 19:00,35.381,
2026-03-11 20:00,35.532,
2026-03-11 21:00,35.773,
2026-03-11 22:00,36.209,
2026-03-11 23:00,36.441,
2026-03-12 00:00,36.519,
2026-03-12 01:00,36.354,
2026-03-12 02:00,36.023,
2026-03-12 03:00,35.697,
2026-03-12 04:00,35.446,
2026-03-12 05:00,35.278,
2026-03-12 06:00,35.166,
2026-03-12 07:00,35.093,
2026-03-12 08:00,35.037,
2026-03-12 09:00,35.009,
2026-03-12 10:00,34.975,
2026-03-12 11:00,34.96,
2026-03-12 12:00,34.937,
2026-03-12 13:00,34.919,
2026-03-12 14:00,34.915,
2026-03-12 15:00,34.912,
2026-03-12 16:00,34.898,
2026-03-12 17:00,34.879,
2026-03-12 18:00,34.961,
2026-03-12 19:00,35.342,
2026-03-12 20:00,35.509,
2026-03-12 21:00,35.701,
2026-03-12 22:00,36.142,
2026-03-12 23:00,36.413,
2026-03-13 00:00,36.532,
2026-03-13 01:00,36.462,
2026-03-13 02:00,36.174,
2026-03-13 03:00,35.823,
2026-03-13 04:00,35.539,
2026-03-13 05:00,35.34,
2026-03-13 06:00,35.208,
2026-03-13 07:00,35.115,
2026-03-13 08:00,35.061,
2026-03-13 09:00,35.01,
2026-03-13 10:00,34.991,
2026-03-13 11:00,34.967,
2026-03-13 12:00,34.95,
2026-03-13 13:00,34.921,
2026-03-13 14:00,34.916,
2026-03-13 15:00,34.898,
2026-03-13 16:00,34.909,
2026-03-13 17:00,34.875,
2026-03-13 18:00,34.992,
2026-03-13 19:00,35.391,
2026-03-13 20:00,35.54,
2026-03-13 21:00,35.756,
2026-03-13 22:00,36.183,
2026-03-13 23:00,36.406,
2026-03-14 00:00,36.347,
2026-03-14 01:00,36.143,
2026-03-14 02:00,35.943,
2026-03-14 03:00,35.802,
2026-03-14 04:00,35.732,
2026-03-14 05:00,35.698,
2026-03-14 06:00,35.683,
2026-03-14 07:00,35.68,
2026-03-14 08:00,35.677,
2026-03-14 09:00,35.632,
2026-03-14 10:00,35.518,
2026-03-14 11:00,35.375,
2026-03-14 12:00,35.25,
2026-03-14 13:00,35.158,
2026-03-14 14:00,35.086,
2026-03-14 15:00,35.037,
2026-03-14 16:00,34.993,
2026-03-14 17:00,34.975,
2026-03-14 18:00,35.132,
2026-03-14 19:00,35.442,
2026-03-14 20:00,35.568,
2026-03-14 21:00,35.713,
2026-03-14 22:00,35.942,
2026-03-14 23:00,36.085,
2026-03-15 00:00,36.115,
2026-03-15 01:00,36.016,
2026-03-15 02:00,35.878,
2026-03-15 03:00,35.774,
2026-03-15 04:00,35.718,
2026-03-15 05:00,35.693,
2026-03-15 06:00,35.687,
2026-03-15 07:00,35.683,
2026-03-15 08:00,35.677,
2026-03-15 09:00,35.639,
2026-03-15 10:00,35.519,
2026-03-15 11:00,35.377,
2026-03-15 12:00,35.253,
2026-03-15 13:00,35.158,
2026-03-15 14:00,35.091,
2026-03-15 15:00,35.038,
2026-03-15 16:00,35.007,
2026-03-15 17:00,34.978,
2026-03-15 18:00,35.111,
2026-03-15 19:00,35.433,
2026-03-15 20:00,35.562,
2026-03-15 21:00,35.806,
2026-03-15 22:00,36.218,
2026-03-15 23:00,36.355,
2026-03-16 00:00,36.263,
2026-03-16 01:00,36.058,
2026-03-16 02:00,35.796,
2026-03-16 03:00,35.553,
2026-03-16 04:00,35.368,
2026-03-16 05:00,35.236,
2026-03-16 06:00,35.14,
2026-03-16 07:00,35.075,
2026-03-16 08:00,35.031,
2026-03-16 09:00,34.99,
2026-03-16 10:00,34.971,
2026-03-16 11:00,34.953,
2026-03-16 12:00,34.931,
2026-03-16 13:00,35.106,
2026-03-16 14:00,35.441,
2026-03-16 15:00,35.57,
2026-03-16 16:00,35.616,
2026-03-16 17:00,35.635,
2026-03-16 18:00,35.643,
2026-03-16 19:00,35.645,
2026-03-16 20:00,35.653,
2026-03-16 21:00,35.849,
2026-03-16 22:00,36.256,
2026-03-16 23:00,36.406,
2026-03-17 00:00,36.321,
2026-03-17 01:00,36.125,
2026-03-17 02:00,35.889,
2026-03-17 03:00,35.65,
2026-03-17 04:00,35.449,
2026-03-17 05:00,35.294,
2026-03-17 06:00,35.186,
2026-03-17 07:00,35.111,
2026-03-17 08:00,35.054,
2026-03-17 09:00,35.014,
2026-03-17 10:00,34.984,
2026-03-17 11:00,34.969,
2026-03-17 12:00,34.95,
2026-03-17 13:00,35.13,
2026-03-17 14:00,35.455,
2026-03-17 15:00,35.586,
2026-03-17 16:00,35.634,
2026-03-17 17:00,35.655,
2026-03-17 18:00,35.667,
2026-03-17 19:00,35.674,
2026-03-17 20:00,35.682,
2026-03-17 21:00,35.906,
2026-03-17 22:00,36.272,
2026-03-17 23:00,36.375,
2026-03-18 00:00,36.27,
2026-03-18 01:00,36.066,
2026-03-18 02:00,35.818,
2026-03-18 03:00,35.585,
2026-03-18 04:00,35.394,
2026-03-18 05:00,35.257,
2026-03-18 06:00,35.16,
2026-03-18 07:00,35.091,
2026-03-18 08:00,35.038,
2026-03-18 09:00,35.002,
2026-03-18 10:00,34.975,
2026-03-18 11:00,34.958,
2026-03-18 12:00,34.938,
2026-03-18 13:00,35.139,
2026-03-18 14:00,35.447,
2026-03-18 15:00,35.565,
2026-03-18 16:00,35.613,
2026-03-18 17:00,35.634,
2026-03-18 18:00,35.643,
2026-03-18 19:00,35.65,
2026-03-18 20:00,35.654,
2026-03-18 21:00,35.878,
2026-03-18 22:00,36.262,
2026-03-18 23:00,36.471,
2026-03-19 00:00,36.434,
2026-03-19 01:00,36.183,
2026-03-19 02:00,35.842,
2026-03-19 03:00,35.557,
2026-03-19 04:00,35.354,
2026-03-19 05:00,35.222,
2026-03-19 06:00,35.13,
2026-03-19 07:00,35.07,
2026-03-19 08:00,35.027,
2026-03-19 09:00,34.991,
2026-03-19 10:00,34.97,
2026-03-19 11:00,34.954,
2026-03-19 12:00,34.931,
2026-03-19 13:00,35.035,
2026-03-19 14:00,35.403,
2026-03-19 15:00,35.544,
2026-03-19 16:00,35.605,
2026-03-19 17:00,35.627,
2026-03-19 18:00,35.64,
2026-03-19 19:00,35.645,
2026-03-19 20:00,35.655,
2026-03-19 21:00,35.87,
2026-03-19 22:00,36.262,
2026-03-19 23:00,36.472,
2026-03-20 00:00,36.422,
2026-03-20 01:00,36.158,
2026-03-20 02:00,35.821,
2026-03-20 03:00,35.54,
2026-03-20 04:00,35.343,
2026-03-20 05:00,35.212,
2026-03-20 06:00,35.124,
2026-03-20 07:00,35.066,
2026-03-20 08:00,35.02,
2026-03-20 09:00,34.985,
2026-03-20 10:00,34.962,
2026-03-20 11:00,35.245,
2026-03-20 12:00,35.614,
2026-03-20 13:00,35.668,
2026-03-20 14:00,35.609,
2026-03-20 15:00,35.469,
2026-03-20 16:00,35.325,
2026-03-20 17:00,35.204,
2026-03-20 18:00,35.112,
2026-03-20 19:00,35.051,
2026-03-20 20:00,35.012,
2026-03-20 21:00,34.978,
2026-03-20 22:00,35.386,
2026-03-20 23:00,36.141,
2026-03-21 00:00,36.406,
2026-03-21 01:00,36.529,
2026-03-21 02:00,36.473,
2026-03-21 03:00,36.202,
2026-03-21 04:00,35.857,
2026-03-21 05:00,35.566,
2026-03-21 06:00,35.36,
2026-03-21 07:00,35.224,
2026-03-21 08:00,35.13,
2026-03-21 09:00,35.067,
2026-03-21 10:00,35.02,
2026-03-21 11:00,34.993,
2026-03-21 12:00,34.98,
2026-03-21 13:00,35.265,
2026-03-21 14:00,35.499,
2026-03-21 15:00,35.589,
2026-03-21 16:00,35.626,
2026-03-21 17:00,35.639,
2026-03-21 18:00,35.65,
2026-03-21 19:00,35.656,
2026-03-21 20:00,35.656,
2026-03-21 21:00,35.704,
2026-03-21 22:00,36.063,
2026-03-21 23:00,36.379,
2026-03-22 00:00,36.49,
2026-03-22 01:00,36.351,
2026-03-22 02:00,36.027,
2026-03-22 03:00,35.703,
2026-03-22 04:00,35.456,
2026-03-22 05:00,35.288,
2026-03-22 06:00,35.174,
2026-03-22 07:00,35.1,
2026-03-22 08:00,35.05,
2026-03-22 09:00,35.014,
2026-03-22 10:00,34.984,
2026-03-22 11:00,34.958,
2026-03-22 12:00,34.941,
2026-03-22 13:00,35.098,
2026-03-22 14:00,35.433,
2026-03-22 15:00,35.559,
2026-03-22 16:00,35.61,
2026-03-22 17:00,35.632,
2026-03-22 18:00,35.645,
2026-03-22 19:00,35.651,
2026-03-22 20:00,35.654,
2026-03-22 21:00,35.739,
2026-03-22 22:00,36.126,
2026-03-22 23:00,36.413,
2026-03-23 00:00,36.528,
2026-03-23 01:00,36.434,
2026-03-23 02:00,36.129,
2026-03-23 03:00,35.783,
2026-03-23 04:00,35.513,
2026-03-23 05:00,35.325,
2026-03-23 06:00,35.2,
2026-03-23 07:00,35.114,
2026-03-23 08:00,35.058,
2026-03-23 09:00,35.015,
2026-03-23 10:00,34.987,
2026-03-23 11:00,34.965,
2026-03-23 12:00,34.953,
2026-03-23 13:00,34.926,
2026-03-23 14:00,34.917,
2026-03-23 15:00,34.914,
2026-03-23 16:00,34.901,
2026-03-23 17:00,34.889,
2026-03-23 18:00,34.986,
2026-03-23 19:00,35.388,
2026-03-23 20:00,35.539,
2026-03-23 21:00,35.765,
2026-03-23 22:00,36.19,
2026-03-23 23:00,36.441,
2026-03-24 00:00,36.504,
2026-03-24 01:00,36.334,
2026-03-24 02:00,36.001,
2026-03-24 03:00,35.68,
2026-03-24 04:00,35.435,
2026-03-24 05:00,35.269,
2026-03-24 06:00,35.164,
2026-03-24 07:00,35.086,
2026-03-24 08:00,35.039,
2026-03-24 09:00,34.996,
2026-03-24 10:00,34.974,
2026-03-24 11:00,34.953,
2026-03-24 12:00,34.931,
2026-03-24 13:00,34.917,
2026-03-24 14:00,34.912,
2026-03-24 15:00,34.907,
2026-03-24 16:00,34.876,
2026-03-24 17:00,34.95,
2026-03-24 18:00,34.988,
2026-03-24 19:00,35.387,
2026-03-24 20:00,35.535,
2026-03-24 21:00,35.797,
2026-03-24 22:00,36.224,
2026-03-24 23:00,36.455,
2026-03-25 00:00,36.533,
2026-03-25 01:00,36.386,
2026-03-25 02:00,36.059,
2026-03-25 03:00,35.721,
2026-03-25 04:00,35.463,
2026-03-25 05:00,35.289,
2026-03-25 06:00,35.169,
2026-03-25 07:00,35.094,
2026-03-25 08:00,35.036,
2026-03-25 09:00,34.998,
2026-03-25 10:00,34.971,
2026-03-25 11:00,34.944,
2026-03-25 12:00,34.93,
2026-03-25 13:00,34.91,
2026-03-25 14:00,34.895,
2026-03-25 15:00,34.898,
2026-03-25 16:00,34.895,
2026-03-25 17:00,34.88,
2026-03-25 18:00,34.98,
2026-03-25 19:00,35.391,
2026-03-25 20:00,35.54,
2026-03-25 21:00,35.788,
2026-03-25 22:00,36.218,
2026-03-25 23:00,36.448,
2026-03-26 00:00,36.571,
2026-03-26 01:00,36.609,
2026-03-26 02:00,36.426,
2026-03-26 03:00,36.085,
2026-03-26 04:00,35.737,
2026-03-26 05:00,35.472,
2026-03-26 06:00,35.292,
2026-03-26 07:00,35.174,
2026-03-26 08:00,35.101,
2026-03-26 09:00,35.041,
2026-03-26 10:00,35.003,
2026-03-26 11:00,34.971,
2026-03-26 12:00,34.951,
2026-03-26 13:00,34.937,
2026-03-26 14:00,34.921,
2026-03-26 15:00,34.902,
2026-03-26 16:00,34.895,
2026-03-26 17:00,34.876,
2026-03-26 18:00,34.96,
2026-03-26 19:00,35.37,
2026-03-26 20:00,35.523,
2026-03-26 21:00,35.65,
2026-03-26 22:00,36.061,
2026-03-26 23:00,36.38,
2026-03-27 00:00,36.529,
2026-03-27 01:00,36.613,
2026-03-27 02:00,36.52,
2026-03-27 03:00,36.224,
2026-03-27 04:00,35.86,
2026-03-27 05:00,35.56,
2026-03-27 06:00,35.352,
2026-03-27 07:00,35.215,
2026-03-27 08:00,35.125,
2026-03-27 09:00,35.06,
2026-03-27 10:00,35.011,
2026-03-27 11:00,34.979,
2026-03-27 12:00,34.95,
2026-03-27 13:00,34.949,
2026-03-27 14:00,34.918,
2026-03-27 15:00,34.907,
2026-03-27 16:00,34.894,
2026-03-27 17:00,35.035,
2026-03-27 18:00,35.77,
2026-03-27 19:00,36.039,
2026-03-27 20:00,36.247,
2026-03-27 21:00,36.439,
2026-03-27 22:00,36.563,
2026-03-27 23:00,36.641,
2026-03-28 00:00,36.685,
2026-03-28 01:00,36.685,
2026-03-28 02:00,36.477,
2026-03-28 03:00,36.119,
2026-03-28 04:00,35.759,
2026-03-28 05:00,35.49,
2026-03-28 06:00,35.308,
2026-03-28 07:00,35.188,
2026-03-28 08:00,35.111,
2026-03-28 09:00,35.056,
2026-03-28 10:00,35.012,
2026-03-28 11:00,34.98,
2026-03-28 12:00,34.959,
2026-03-28 13:00,34.941,
2026-03-28 14:00,34.922,
2026-03-28 15:00,34.912,
2026-03-28 16:00,34.903,
2026-03-28 17:00,34.91,
2026-03-28 18:00,35.633,
2026-03-28 19:00,35.992,
2026-03-28 20:00,36.265,
2026-03-28 21:00,36.463,
2026-03-28 22:00,36.581,
2026-03-28 23:00,36.657,
2026-03-29 00:00,36.693,
2026-03-29 01:00,36.705,
2026-03-29 02:00,36.509,
2026-03-29 03:00,36.161,
2026-03-29 04:00,35.794,
2026-03-29 05:00,35.514,
2026-03-29 06:00,35.324,
2026-03-29 07:00,35.2,
2026-03-29 08:00,35.114,
2026-03-29 09:00,35.061,
2026-03-29 10:00,35.012,
2026-03-29 11:00,34.984,
2026-03-29 12:00,34.962,
2026-03-29 13:00,34.942,
2026-03-29 14:00,34.927,
2026-03-29 15:00,34.926,
2026-03-29 16:00,34.917,
2026-03-29 17:00,34.933,
2026-03-29 18:00,35.705,
2026-03-29 19:00,36.018,
2026-03-29 20:00,36.198,
2026-03-29 21:00,36.41,
2026-03-29 22:00,36.572,
2026-03-29 23:00,36.662,
2026-03-30 00:00,36.703,
2026-03-30 01:00,36.723,
2026-03-30 02:00,36.61,
2026-03-30 03:00,36.314,
2026-03-30 04:00,35.966,
2026-03-30 05:00,35.67,
2026-03-30 06:00,35.465,
2026-03-30 07:00,35.328,
2026-03-30 08:00,35.236,
2026-03-30 09:00,35.165,
2026-03-30 10:00,35.111,
2026-03-30 11:00,35.076,
2026-03-30 12:00,35.05,
2026-03-30 13:00,35.017,
2026-03-30 14:00,35.0,
2026-03-30 15:00,35.007,
2026-03-30 16:00,35.589,
2026-03-30 17:00,35.969,
2026-03-30 18:00,36.128,
2026-03-30 19:00,36.207,
2026-03-30 20:00,36.34,
2026-03-30 21:00,36.505,
2026-03-30 22:00,36.615,
2026-03-30 23:00,36.685,
2026-03-31 00:00,36.694,
2026-03-31 01:00,36.524,
2026-03-31 02:00,36.181,
2026-03-31 03:00,35.883,
2026-03-31 04:00,35.658,
2026-03-31 05:00,35.487,
2026-03-31 06:00,35.364,
2026-03-31 07:00,35.278,
2026-03-31 08:00,35.211,
2026-03-31 09:00,35.159,
2026-03-31 10:00,35.12,
2026-03-31 11:00,35.091,
2026-03-31 12:00,35.067,
2026-03-31 13:00,35.034,
2026-03-31 14:00,35.024,
2026-03-31 15:00,35.127,
2026-03-31 16:00,35.545,
2026-03-31 17:00,35.914,
2026-03-31 18:00,36.111,
2026-03-31 19:00,36.209,
2026-03-31 20:00,36.354,
2026-03-31 21:00,36.55,
2026-03-31 22:00,36.738,
2026-03-31 23:00,36.947,
2026-04-01 00:00,36.998,
2026-04-01 01:00,36.873,
2026-04-01 02:00,36.538,
2026-04-01 03:00,36.157,
2026-04-01 04:00,35.828,
2026-04-01 05:00,35.602,
2026-04-01 06:00,35.458,
2026-04-01 07:00,35.36,
2026-04-01 08:00,35.29,
2026-04-01 09:00,35.241,
2026-04-01 10:00,35.2,
2026-04-01 11:00,35.162,
2026-04-01 12:00,35.131,
2026-04-01 13:00,35.107,
2026-04-01 14:00,35.094,
2026-04-01 15:00,35.073,
2026-04-01 16:00,35.059,
2026-04-01 17:00,35.044,
2026-04-01 18:00,35.186,
2026-04-01 19:00,35.501,
2026-04-01 20:00,35.635,
2026-04-01 21:00,35.895,
2026-04-01 22:00,36.298,
2026-04-01 23:00,36.515,
2026-04-02 00:00,36.63,
2026-04-02 01:00,36.652,
2026-04-02 02:00,36.452,
2026-04-02 03:00,36.108,
2026-04-02 04:00,35.76,
2026-04-02 05:00,35.509,
2026-04-02 06:00,35.341,
2026-04-02 07:00,35.234,
2026-04-02 08:00,35.161,
2026-04-02 09:00,35.113,
2026-04-02 10:00,35.074,
2026-04-02 11:00,35.051,
2026-04-02 12:00,35.022,
2026-04-02 13:00,35.003,
2026-04-02 14:00,34.991,
2026-04-02 15:00,34.977,
2026-04-02 16:00,34.976,
2026-04-02 17:00,34.964,
2026-04-02 18:00,35.067,
2026-04-02 19:00,35.428,
2026-04-02 20:00,35.581,
2026-04-02 21:00,35.837,
2026-04-02 22:00,36.253,
2026-04-02 23:00,36.48,
2026-04-03 00:00,36.595,
2026-04-03 01:00,36.61,
2026-04-03 02:00,36.394,
2026-04-03 03:00,36.046,
2026-04-03 04:00,35.709,
2026-04-03 05:00,35.465,
2026-04-03 06:00,35.302,
2026-04-03 07:00,35.202,
2026-04-03 08:00,35.126,
2026-04-03 09:00,35.078,
2026-04-03 10:00,35.045,
2026-04-03 11:00,35.009,
2026-04-03 12:00,34.995,
2026-04-03 13:00,34.977,
2026-04-03 14:00,34.964,
2026-04-03 15:00,34.955,
2026-04-03 16:00,34.946,
2026-04-03 17:00,34.934,
2026-04-03 18:00,35.095,
2026-04-03 19:00,35.447,
2026-04-03 20:00,35.584,
2026-04-03 21:00,35.865,
2026-04-03 22:00,36.28,
2026-04-03 23:00,36.496,
2026-04-04 00:00,36.603,
2026-04-04 01:00,36.629,
2026-04-04 02:00,36.42,
2026-04-04 03:00,36.074,
2026-04-04 04:00,35.731,
2026-04-04 05:00,35.476,
2026-04-04 06:00,35.304,
2026-04-04 07:00,35.198,
2026-04-04 08:00,35.126,
2026-04-04 09:00,35.073,
2026-04-04 10:00,35.022,
2026-04-04 11:00,35.01,
2026-04-04 12:00,34.972,
2026-04-04 13:00,34.959,
2026-04-04 14:00,34.95,
2026-04-04 15:00,34.941,
2026-04-04 16:00,34.926,
2026-04-04 17:00,34.921,
2026-04-04 18:00,35.057,
2026-04-04 19:00,35.424,
2026-04-04 20:00,35.566,
2026-04-04 21:00,35.857,
2026-04-04 22:00,36.274,
2026-04-04 23:00,36.495,
2026-04-05 00:00,36.598,
2026-04-05 01:00,36.63,
2026-04-05 02:00,36.431,
2026-04-05 03:00,36.086,
2026-04-05 04:00,35.741,
2026-04-05 05:00,35.481,
2026-04-05 06:00,35.309,
2026-04-05 07:00,35.193,
2026-04-05 08:00,35.115,
2026-04-05 09:00,35.066,
2026-04-05 10:00,35.023,
2026-04-05 11:00,34.995,
2026-04-05 12:00,34.97,
2026-04-05 13:00,34.952,
2026-04-05 14:00,34.958,
2026-04-05 15:00,34.945,
2026-04-05 16:00,34.934,
2026-04-05 17:00,34.917,
2026-04-05 18:00,35.099,
2026-04-05 19:00,35.454,
2026-04-05 20:00,35.586,
2026-04-05 21:00,35.82,
2026-04-05 22:00,36.235,
2026-04-05 23:00,36.464,
2026-04-06 00:00,36.579,
2026-04-06 01:00,36.579,
2026-04-06 02:00,36.35,
2026-04-06 03:00,35.993,
2026-04-06 04:00,35.667,
2026-04-06 05:00,35.43,
2026-04-06 06:00,35.273,
2026-04-06 07:00,35.17,
2026-04-06 08:00,35.105,
2026-04-06 09:00,35.048,
2026-04-06 10:00,35.007,
2026-04-06 11:00,34.993,
2026-04-06 12:00,34.962,
2026-04-06 13:00,34.947,
2026-04-06 14:00,34.934,
2026-04-06 15:00,34.925,
2026-04-06 16:00,34.916,
2026-04-06 17:00,34.91,
2026-04-06 18:00,35.079,
2026-04-06 19:00,35.443,
2026-04-06 20:00,35.573,
2026-04-06 21:00,35.838,
2026-04-06 22:00,36.261,
2026-04-06 23:00,36.481,
2026-04-07 00:00,36.593,
2026-04-07 01:00,36.617,
2026-04-07 02:00,36.419,
2026-04-07 03:00,36.067,
2026-04-07 04:00,35.725,
2026-04-07 05:00,35.469,
2026-04-07 06:00,35.299,
2026-04-07 07:00,35.187,
2026-04-07 08:00,35.111,
2026-04-07 09:00,35.062,
2026-04-07 10:00,35.028,
2026-04-07 11:00,34.993,
2026-04-07 12:00,34.973,
2026-04-07 13:00,34.955,
2026-04-07 14:00,34.94,
2026-04-07 15:00,34.931,
2026-04-07 16:00,34.923,
2026-04-07 17:00,34.927,
2026-04-07 18:00,35.076,
2026-04-07 19:00,35.423,
2026-04-07 20:00,35.557,
2026-04-07 21:00,35.806,
2026-04-07 22:00,36.195,
2026-04-07 23:00,36.508,
2026-04-08 00:00,36.698,
2026-04-08 01:00,36.752,
2026-04-08 02:00,36.525,
2026-04-08 03:00,36.147,
2026-04-08 04:00,35.77,
2026-04-08 05:00,35.495,
2026-04-08 06:00,35.311,
2026-04-08 07:00,35.194,
2026-04-08 08:00,35.114,
2026-04-08 09:00,35.067,
2026-04-08 10:00,35.023,
2026-04-08 11:00,34.989,
2026-04-08 12:00,34.968,
2026-04-08 13:00,34.953,
2026-04-08 14:00,34.946,
2026-04-08 15:00,34.932,
2026-04-08 16:00,34.925,
2026-04-08 17:00,34.919,
2026-04-08 18:00,35.029,
2026-04-08 19:00,35.407,
2026-04-08 20:00,35.55,
2026-04-08 21:00,35.733,
2026-04-08 22:00,36.144,
2026-04-08 23:00,36.429,
2026-04-09 00:00,36.567,
2026-04-09 01:00,36.616,
2026-04-09 02:00,36.436,
2026-04-09 03:00,36.092,
2026-04-09 04:00,35.743,
2026-04-09 05:00,35.481,
2026-04-09 06:00,35.306,
2026-04-09 07:00,35.189,
2026-04-09 08:00,35.11,
2026-04-09 09:00,35.063,
2026-04-09 10:00,35.013,
2026-04-09 11:00,34.981,
2026-04-09 12:00,34.96,
2026-04-09 13:00,34.947,
2026-04-09 14:00,35.093,
2026-04-09 15:00,35.435,
2026-04-09 16:00,35.722,
2026-04-09 17:00,36.025,
2026-04-09 18:00,36.181,
2026-04-09 19:00,36.253,
2026-04-09 20:00,36.318,
2026-04-09 21:00,36.447,
2026-04-09 22:00,36.606,
2026-04-09 23:00,36.704,
2026-04-10 00:00,36.72,
2026-04-10 01:00,36.55,
2026-04-10 02:00,36.203,
2026-04-10 03:00,35.827,
2026-04-10 04:00,35.558,
2026-04-10 05:00,35.369,
2026-04-10 06:00,35.248,
2026-04-10 07:00,35.166,
2026-04-10 08:00,35.11,
2026-04-10 09:00,35.067,
2026-04-10 10:00,35.033,
2026-04-10 11:00,35.005,
2026-04-10 12:00,34.982,
2026-04-10 13:00,34.97,
2026-04-10 14:00,35.024,
2026-04-10 15:00,35.412,
2026-04-10 16:00,35.669,
2026-04-10 17:00,35.941,
2026-04-10 18:00,36.109,
2026-04-10 19:00,36.187,
2026-04-10 20:00,36.228,
2026-04-10 21:00,36.266,
2026-04-10 22:00,36.401,
2026-04-10 23:00,36.534,
2026-04-11 00:00,36.613,
2026-04-11 01:00,36.539,
2026-04-11 02:00,36.246,
2026-04-11 03:00,35.885,
2026-04-11 04:00,35.591,
2026-04-11 05:00,35.383,
2026-04-11 06:00,35.25,
2026-04-11 07:00,35.161,
2026-04-11 08:00,35.102,
2026-04-11 09:00,35.051,
2026-04-11 10:00,35.017,
2026-04-11 11:00,34.994,
2026-04-11 12:00,34.979,
2026-04-11 13:00,34.97,
2026-04-11 14:00,35.098,
2026-04-11 15:00,35.44,
2026-04-11 16:00,35.649,
2026-04-11 17:00,35.918,
2026-04-11 18:00,36.098,
2026-04-11 19:00,36.184,
2026-04-11 20:00,36.237,
2026-04-11 21:00,36.357,
2026-04-11 22:00,36.511,
2026-04-11 23:00,36.608,
2026-04-12 00:00,36.641,
2026-04-12 01:00,36.498,
2026-04-12 02:00,36.166,
2026-04-12 03:00,35.807,
2026-04-12 04:00,35.533,
2026-04-12 05:00,35.346,
2026-04-12 06:00,35.223,
2026-04-12 07:00,35.144,
2026-04-12 08:00,35.087,
2026-04-12 09:00,35.051,
2026-04-12 10:00,35.019,
2026-04-12 11:00,34.991,
2026-04-12 12:00,34.972,
2026-04-12 13:00,34.964,
2026-04-12 14:00,35.047,
2026-04-12 15:00,35.418,
2026-04-12 16:00,35.653,
2026-04-12 17:00,35.92,
2026-04-12 18:00,36.087,
2026-04-12 19:00,36.17,
2026-04-12 20:00,36.209,
2026-04-12 21:00,36.319,
2026-04-12 22:00,36.47,
2026-04-12 23:00,36.592,
2026-04-13 00:00,36.642,
2026-04-13 01:00,36.504,
2026-04-13 02:00,36.181,
2026-04-13 03:00,35.822,
2026-04-13 04:00,35.541,
2026-04-13 05:00,35.352,
2026-04-13 06:00,35.229,
2026-04-13 07:00,35.157,
2026-04-13 08:00,35.098,
2026-04-13 09:00,35.056,
2026-04-13 10:00,35.023,
2026-04-13 11:00,35.011,
2026-04-13 12:00,34.984,
2026-04-13 13:00,34.967,
2026-04-13 14:00,35.16,
2026-04-13 15:00,35.472,
2026-04-13 16:00,35.658,
2026-04-13 17:00,35.906,
2026-04-13 18:00,36.083,
2026-04-13 19:00,36.166,
2026-04-13 20:00,36.223,
2026-04-13 21:00,36.362,
2026-04-13 22:00,36.52,
2026-04-13 23:00,36.612,
2026-04-14 00:00,36.649,
2026-04-14 01:00,36.498,
2026-04-14 02:00,36.166,
2026-04-14 03:00,35.809,
2026-04-14 04:00,35.534,
2026-04-14 05:00,35.346,
2026-04-14 06:00,35.223,
2026-04-14 07:00,35.142,
2026-04-14 08:00,35.087,
2026-04-14 09:00,35.047,
2026-04-14 10:00,35.007,
2026-04-14 11:00,34.982,
2026-04-14 12:00,34.965,
2026-04-14 13:00,34.957,
2026-04-14 14:00,35.133,
2026-04-14 15:00,35.463,
2026-04-14 16:00,35.671,
2026-04-14 17:00,35.921,
2026-04-14 18:00,36.085,
2026-04-14 19:00,36.166,
2026-04-14 20:00,36.214,
2026-04-14 21:00,36.359,
2026-04-14 22:00,36.513,
2026-04-14 23:00,36.617,
2026-04-15 00:00,36.633,
2026-04-15 01:00,36.468,
2026-04-15 02:00,36.122,
2026-04-15 03:00,35.772,
2026-04-15 04:00,35.506,
2026-04-15 05:00,35.328,
2026-04-15 06:00,35.211,
2026-04-15 07:00,35.132,
2026-04-15 08:00,35.078,
2026-04-15 09:00,35.035,
2026-04-15 10:00,35.004,
2026-04-15 11:00,34.987,
2026-04-15 12:00,34.966,
2026-04-15 13:00,34.952,
2026-04-15 14:00,35.084,
2026-04-15 15:00,35.438,
2026-04-15 16:00,35.656,
2026-04-15 17:00,35.918,
2026-04-15 18:00,36.088,
2026-04-15 19:00,36.175,
2026-04-15 20:00,36.223,
2026-04-15 21:00,36.351,
2026-04-15 22:00,36.503,
2026-04-15 23:00,36.611,
2026-04-16 00:00,36.642,
2026-04-16 01:00,36.487,
2026-04-16 02:00,36.148,
2026-04-16 03:00,35.794,
2026-04-16 04:00,35.523,
2026-04-16 05:00,35.34,
2026-04-16 06:00,35.222,
2026-04-16 07:00,35.142,
2026-04-16 08:00,35.084,
2026-04-16 09:00,35.041,
2026-04-16 10:00,35.01,
2026-04-16 11:00,34.98,
2026-04-16 12:00,34.969,
2026-04-16 13:00,34.955,
2026-04-16 14:00,35.069,
2026-04-16 15:00,35.433,
2026-04-16 16:00,35.649,
2026-04-16 17:00,35.909,
2026-04-16 18:00,36.083,
2026-04-16 19:00,36.164,
2026-04-16 20:00,36.213,
2026-04-16 21:00,36.342,
2026-04-16 22:00,36.499,
2026-04-16 23:00,36.597,
2026-04-17 00:00,36.649,
2026-04-17 01:00,36.525,
2026-04-17 02:00,36.208,
2026-04-17 03:00,35.844,
2026-04-17 04:00,35.557,
2026-04-17 05:00,35.36,
2026-04-17 06:00,35.232,
2026-04-17 07:00,35.149,
2026-04-17 08:00,35.089,
2026-04-17 09:00,35.043,
2026-04-17 10:00,35.015,
2026-04-17 11:00,34.985,
2026-04-17 12:00,34.969,
2026-04-17 13:00,34.957,
2026-04-17 14:00,34.984,
2026-04-17 15:00,35.355,
2026-04-17 16:00,35.603,
2026-04-17 17:00,35.878,
2026-04-17 18:00,36.079,
2026-04-17 19:00,36.187,
2026-04-17 20:00,36.245,
2026-04-17 21:00,36.376,
2026-04-17 22:00,36.529,
2026-04-17 23:00,36.621,
2026-04-18 00:00,36.674,
2026-04-18 01:00,36.571,
2026-04-18 02:00,36.259,
2026-04-18 03:00,35.895,
2026-04-18 04:00,35.605,
2026-04-18 05:00,35.406,
2026-04-18 06:00,35.276,
2026-04-18 07:00,35.187,
2026-04-18 08:00,35.129,
2026-04-18 09:00,35.084,
2026-04-18 10:00,35.052,
2026-04-18 11:00,35.017,
2026-04-18 12:00,35.004,
2026-04-18 13:00,34.986,
2026-04-18 14:00,34.979,
2026-04-18 15:00,35.248,
2026-04-18 16:00,35.646,
2026-04-18 17:00,35.953,
2026-04-18 18:00,36.113,
2026-04-18 19:00,36.187,
2026-04-18 20:00,36.238,
2026-04-18 21:00,36.364,
2026-04-18 22:00,36.517,
2026-04-18 23:00,36.62,
2026-04-19 00:00,36.662,
2026-04-19 01:00,36.546,
2026-04-19 02:00,36.225,
2026-04-19 03:00,35.862,
2026-04-19 04:00,35.571,
2026-04-19 05:00,35.373,
2026-04-19 06:00,35.243,
2026-04-19 07:00,35.163,
2026-04-19 08:00,35.1,
2026-04-19 09:00,35.051,
2026-04-19 10:00,35.019,
2026-04-19 11:00,34.996,
2026-04-19 12:00,34.981,
2026-04-19 13:00,34.96,
2026-04-19 14:00,35.017,
2026-04-19 15:00,35.4,
2026-04-19 16:00,35.65,
2026-04-19 17:00,35.921,
2026-04-19 18:00,36.097,
2026-04-19 19:00,36.181,
2026-04-19 20:00,36.236,
2026-04-19 21:00,36.374,
2026-04-19 22:00,36.52,
2026-04-19 23:00,36.617,
2026-04-20 00:00,36.661,
2026-04-20 01:00,36.529,
2026-04-20 02:00,36.206,
2026-04-20 03:00,35.841,
2026-04-20 04:00,35.554,
2026-04-20 05:00,35.361,
2026-04-20 06:00,35.234,
2026-04-20 07:00,35.15,
2026-04-20 08:00,35.091,
2026-04-20 09:00,35.034,
2026-04-20 10:00,35.011,
2026-04-20 11:00,34.988,
2026-04-20 12:00,34.972,
2026-04-20 13:00,34.959,
2026-04-20 14:00,35.09,
2026-04-20 15:00,35.44,
2026-04-20 16:00,35.659,
2026-04-20 17:00,35.921,
2026-04-20 18:00,36.092,
2026-04-20 19:00,36.176,
2026-04-20 20:00,36.223,
2026-04-20 21:00,36.352,
2026-04-20 22:00,36.504,
2026-04-20 23:00,36.605,
2026-04-21 00:00,36.643,
2026-04-21 01:00,36.5,
2026-04-21 02:00,36.174,
2026-04-21 03:00,35.814,
2026-04-21 04:00,35.537,
2026-04-21 05:00,35.348,
2026-04-21 06:00,35.224,
2026-04-21 07:00,35.142,
2026-04-21 08:00,35.083,
2026-04-21 09:00,35.047,
2026-04-21 10:00,35.007,
2026-04-21 11:00,34.981,
2026-04-21 12:00,34.965,
2026-04-21 13:00,34.952,
2026-04-21 14:00,35.082,
2026-04-21 15:00,35.438,
2026-04-21 16:00,35.664,
2026-04-21 17:00,35.928,
2026-04-21 18:00,36.095,
2026-04-21 19:00,36.174,
2026-04-21 20:00,36.219,
2026-04-21 21:00,36.343,
2026-04-21 22:00,36.507,
2026-04-21 23:00,36.622,
2026-04-22 00:00,36.665,
2026-04-22 01:00,36.529,
2026-04-22 02:00,36.2,
2026-04-22 03:00,35.833,
2026-04-22 04:00,35.55,
2026-04-22 05:00,35.356,
2026-04-22 06:00,35.228,
2026-04-22 07:00,35.142,
2026-04-22 08:00,35.085,
2026-04-22 09:00,35.045,
2026-04-22 10:00,35.004,
2026-04-22 11:00,34.984,
2026-04-22 12:00,34.965,
2026-04-22 13:00,34.947,
2026-04-22 14:00,35.144,
2026-04-22 15:00,35.475,
2026-04-22 16:00,35.679,
2026-04-22 17:00,35.931,
2026-04-22 18:00,36.096,
2026-04-22 19:00,36.179,
2026-04-22 20:00,36.226,
2026-04-22 21:00,36.355,
2026-04-22 22:00,36.508,
2026-04-22 23:00,36.614,
2026-04-23 00:00,36.671,
2026-04-23 01:00,36.689,
2026-04-23 02:00,36.544,
2026-04-23 03:00,36.217,
2026-04-23 04:00,35.848,
2026-04-23 05:00,35.562,
2026-04-23 06:00,35.363,
2026-04-23 07:00,35.232,
2026-04-23 08:00,35.15,
2026-04-23 09:00,35.089,
2026-04-23 10:00,35.043,
2026-04-23 11:00,35.017,
2026-04-23 12:00,34.985,
2026-04-23 13:00,34.969,
2026-04-23 14:00,34.953,
2026-04-23 15:00,34.937,
2026-04-23 16:00,34.924,
2026-04-23 17:00,34.928,
2026-04-23 18:00,34.913,
2026-04-23 19:00,34.908,
2026-04-23 20:00,35.911,
2026-04-23 21:00,36.373,
2026-04-23 22:00,36.561,
2026-04-23 23:00,36.64,
2026-04-24 00:00,36.689,
2026-04-24 01:00,36.72,
2026-04-24 02:00,36.692,
2026-04-24 03:00,36.463,
2026-04-24 04:00,36.095,
2026-04-24 05:00,35.744,
2026-04-24 06:00,35.481,
2026-04-24 07:00,35.308,
2026-04-24 08:00,35.194,
2026-04-24 09:00,35.114,
2026-04-24 10:00,35.065,
2026-04-24 11:00,35.02,
2026-04-24 12:00,34.99,
2026-04-24 13:00,34.97,
2026-04-24 14:00,35.088,
2026-04-24 15:00,35.441,
2026-04-24 16:00,35.645,
2026-04-24 17:00,35.904,
2026-04-24 18:00,36.084,
2026-04-24 19:00,36.17,
2026-04-24 20:00,36.227,
2026-04-24 21:00,36.35,
2026-04-24 22:00,36.505,
2026-04-24 23:00,36.604,
2026-04-25 00:00,36.619,
2026-04-25 01:00,36.438,
2026-04-25 02:00,36.094,
2026-04-25 03:00,35.743,
2026-04-25 04:00,35.485,
2026-04-25 05:00,35.311,
2026-04-25 06:00,35.198,
2026-04-25 07:00,35.118,
2026-04-25 08:00,35.066,
2026-04-25 09:00,35.023,
2026-04-25 10:00,34.994,
2026-04-25 11:00,34.977,
2026-04-25 12:00,34.952,
2026-04-25 13:00,34.944,
2026-04-25 14:00,34.937,
2026-04-25 15:00,35.276,
2026-04-25 16:00,35.592,
2026-04-25 17:00,35.897,
2026-04-25 18:00,36.077,
2026-04-25 19:00,36.162,
2026-04-25 20:00,36.217,
2026-04-25 21:00,36.354,
2026-04-25 22:00,36.511,
2026-04-25 23:00,36.618,
2026-04-26 00:00,36.654,
2026-04-26 01:00,36.507,
2026-04-26 02:00,36.178,
2026-04-26 03:00,35.816,
2026-04-26 04:00,35.537,
2026-04-26 05:00,35.344,
2026-04-26 06:00,35.218,
2026-04-26 07:00,35.137,
2026-04-26 08:00,35.078,
2026-04-26 09:00,35.042,
2026-04-26 10:00,34.998,
2026-04-26 11:00,34.975,
2026-04-26 12:00,34.959,
2026-04-26 13:00,34.94,
2026-04-26 14:00,34.945,
2026-04-26 15:00,35.313,
2026-04-26 16:00,35.628,
2026-04-26 17:00,35.922,
2026-04-26 18:00,36.094,
2026-04-26 19:00,36.174,
2026-04-26 20:00,36.222,
2026-04-26 21:00,36.355,
2026-04-26 22:00,36.51,
2026-04-26 23:00,36.604,
2026-04-27 00:00,36.648,
2026-04-27 01:00,36.51,
2026-04-27 02:00,36.18,
2026-04-27 03:00,35.82,
2026-04-27 04:00,35.539,
2026-04-27 05:00,35.347,
2026-04-27 06:00,35.219,
2026-04-27 07:00,35.137,
2026-04-27 08:00,35.076,
2026-04-27 09:00,35.033,
2026-04-27 10:00,34.999,
2026-04-27 11:00,34.97,
2026-04-27 12:00,34.953,
2026-04-27 13:00,34.94,
2026-04-27 14:00,35.074,
2026-04-27 15:00,35.435,
2026-04-27 16:00,35.647,
2026-04-27 17:00,35.917,
2026-04-27 18:00,36.089,
2026-04-27 19:00,36.172,
2026-04-27 20:00,36.226,
2026-04-27 21:00,36.36,
2026-04-27 22:00,36.511,
2026-04-27 23:00,36.62,
2026-04-28 00:00,36.639,
2026-04-28 01:00,36.463,
2026-04-28 02:00,36.12,
2026-04-28 03:00,35.764,
2026-04-28 04:00,35.5,
2026-04-28 05:00,35.32,
2026-04-28 06:00,35.203,
2026-04-28 07:00,35.126,
2026-04-28 08:00,35.068,
2026-04-28 09:00,35.019,
2026-04-28 10:00,34.992,
2026-04-28 11:00,34.969,
2026-04-28 12:00,34.946,
2026-04-28 13:00,34.931,
2026-04-28 14:00,35.08,
2026-04-28 15:00,35.446,
2026-04-28 16:00,35.655,
2026-04-28 17:00,35.938,
2026-04-28 18:00,36.102,
2026-04-28 19:00,36.18,
2026-04-28 20:00,36.232,
2026-04-28 21:00,36.364,
2026-04-28 22:00,36.513,
2026-04-28 23:00,36.613,
2026-04-29 00:00,36.633,
2026-04-29 01:00,36.45,
2026-04-29 02:00,36.102,
2026-04-29 03:00,35.751,
2026-04-29 04:00,35.491,
2026-04-29 05:00,35.316,
2026-04-29 06:00,35.201,
2026-04-29 07:00,35.121,
2026-04-29 08:00,35.064,
2026-04-29 09:00,35.017,
2026-04-29 10:00,34.996,
2026-04-29 11:00,34.964,
2026-04-29 12:00,34.95,
2026-04-29 13:00,34.933,
2026-04-29 14:00,35.086,
2026-04-29 15:00,35.438,
2026-04-29 16:00,35.662,
2026-04-29 17:00,35.925,
2026-04-29 18:00,36.098,
2026-04-29 19:00,36.181,
2026-04-29 20:00,36.225,
2026-04-29 21:00,36.36,
2026-04-29 22:00,36.515,
2026-04-29 23:00,36.618,
2026-04-30 00:00,36.677,
2026-04-30 01:00,36.675,
2026-04-30 02:00,36.462,
2026-04-30 03:00,36.105,
2026-04-30 04:00,35.748,
2026-04-30 05:00,35.49,
2026-04-30 06:00,35.314,
2026-04-30 07:00,35.2,
2026-04-30 08:00,35.125,
2026-04-30 09:00,35.063,
2026-04-30 10:00,35.024,
2026-04-30 11:00,34.992,
2026-04-30 12:00,34.978,
2026-04-30 13:00,34.953,
2026-04-30 14:00,35.018,
2026-04-30 15:00,35.401,
2026-04-30 16:00,35.649,
2026-04-30 17:00,35.925,
2026-04-30 18:00,36.094,
2026-04-30 19:00,36.178,
2026-04-30 20:00,36.231,
2026-04-30 21:00,36.373,
2026-04-30 22:00,36.531,
2026-04-30 23:00,36.63,
2026-05-01 00:00,36.691,
2026-05-01 01:00,36.692,
2026-05-01 02:00,36.489,
2026-05-01 03:00,36.133,
2026-05-01 04:00,35.771,
2026-05-01 05:00,35.686,
2026-05-01 06:00,35.601,
2026-05-01 07:00,35.516,
2026-05-01 08:00,35.431,
2026-05-01 09:00,35.346,
2026-05-01 10:00,35.261,
2026-05-01 11:00,35.175,
2026-05-01 12:00,35.09,
2026-05-01 13:00,35.004,
2026-05-01 14:00,34.981,
2026-05-01 15:00,35.311,
2026-05-01 16:00,35.609,
2026-05-01 17:00,35.893,
2026-05-01 18:00,36.082,
2026-05-01 19:00,36.17,
2026-05-01 20:00,36.225,
2026-05-01 21:00,36.369,
2026-05-01 22:00,36.529,
2026-05-01 23:00,36.642,
2026-05-02 00:00,36.702,
2026-05-02 01:00,36.712,
2026-05-02 02:00,36.513,
2026-05-02 03:00,36.16,
2026-05-02 04:00,35.798,
2026-05-02 05:00,35.52,
2026-05-02 06:00,35.335,
2026-05-02 07:00,35.212,
2026-05-02 08:00,35.132,
2026-05-02 09:00,35.074,
2026-05-02 10:00,35.032,
2026-05-02 11:00,34.994,
2026-05-02 12:00,34.974,
2026-05-02 13:00,34.951,
2026-05-02 14:00,34.959,
2026-05-02 15:00,35.331,
2026-05-02 16:00,35.616,
2026-05-02 17:00,35.905,
2026-05-02 18:00,36.093,
2026-05-02 19:00,36.18,
2026-05-02 20:00,36.233,
2026-05-02 21:00,36.359,
2026-05-02 22:00,36.523,
2026-05-02 23:00,36.621,
2026-05-03 00:00,36.69,
2026-05-03 01:00,36.703,
2026-05-03 02:00,36.512,
2026-05-03 03:00,36.16,
2026-05-03 04:00,35.798,
2026-05-03 05:00,35.524,
2026-05-03 06:00,35.34,
2026-05-03 07:00,35.218,
2026-05-03 08:00,35.136,
2026-05-03 09:00,35.077,
2026-05-03 11:00,35.062,
2026-05-03 12:00,35.06,
2026-05-03 13:00,35.058,
2026-05-03 14:00,35.056,
2026-05-03 15:00,35.054,
2026-05-03 16:00,35.052,
2026-05-03 17:00,35.05,
2026-05-03 18:00,35.048,
2026-05-03 19:00,35.046,
2026-05-03 20:00,35.044,
2026-05-03 21:00,35.042,
2026-05-03 22:00,35.04,
2026-05-03 23:00,35.038,
2026-05-04 00:00,35.036,
2026-05-04 01:00,35.034,
2026-05-04 02:00,35.032,
2026-05-04 03:00,35.03,
2026-05-04 04:00,35.028,
2026-05-04 05:00,35.026,
2026-05-04 06:00,35.024,
2026-05-04 07:00,35.022,
2026-05-04 08:00,35.02,
2026-05-04 09:00,35.018,
2026-05-04 10:00,35.017,
2026-05-05 00:00,36.685,
2026-05-06 00:00,36.696,
2026-05-06 19:00,36.464,
2026-05-06 20:00,36.451,
2026-05-06 21:00,36.439,
2026-05-06 22:00,36.426,
2026-05-06 23:00,36.414,
2026-05-07 00:00,36.401,
2026-05-07 01:00,36.389,
2026-05-07 02:00,36.376,
2026-05-07 03:00,36.364,
2026-05-07 04:00,36.351,
2026-05-07 05:00,36.339,
2026-05-07 06:00,36.326,
2026-05-07 07:00,36.314,
2026-05-07 08:00,36.301,
2026-05-07 09:00,36.289,
2026-05-07 10:00,36.276,
2026-05-07 11:00,36.264,
2026-05-07 12:00,36.251,
2026-05-07 13:00,36.239,
2026-05-07 14:00,36.226,
2026-05-07 15:00,36.214,
2026-05-07 16:00,36.201,
2026-05-07 17:00,36.189,
2026-05-07 18:00,36.176,
2026-05-07 19:00,36.213,
2026-05-07 20:00,36.277,
2026-05-07 21:00,36.406,
2026-05-07 22:00,36.554,
2026-05-07 23:00,36.657,
2026-05-08 00:00,36.715,
2026-05-08 01:00,36.685,
2026-05-08 02:00,36.426,
2026-05-08 03:00,36.055,
2026-05-08 04:00,35.716,
2026-05-08 05:00,35.474,
2026-05-08 06:00,35.314,
2026-05-08 07:00,35.209,
2026-05-08 08:00,35.14,
2026-05-08 09:00,35.091,
2026-05-08 10:00,35.054,
2026-05-08 11:00,35.027,
2026-05-08 12:00,34.997,
2026-05-08 13:00,34.973,
2026-05-08 14:00,34.98,
2026-05-08 15:00,35.307,
2026-05-08 16:00,35.645,
2026-05-08 17:00,35.945,
2026-05-08 18:00,36.117,
2026-05-08 19:00,36.198,
2026-05-08 20:00,36.247,
2026-05-08 21:00,36.376,
2026-05-08 22:00,36.526,
2026-05-08 23:00,36.629,
2026-05-09 00:00,36.699,
2026-05-09 01:00,36.706,
2026-05-09 02:00,36.523,
2026-05-09 03:00,36.164,
2026-05-09 04:00,35.803,
2026-05-09 05:00,35.533,
2026-05-09 06:00,35.349,
2026-05-09 07:00,35.224,
2026-05-09 08:00,35.144,
2026-05-09 09:00,35.092,
2026-05-09 10:00,35.05,
2026-05-09 11:00,35.02,
2026-05-09 12:00,34.996,
2026-05-09 13:00,34.963,
2026-05-09 14:00,35.077,
2026-05-09 15:00,35.449,
2026-05-09 16:00,35.683,
2026-05-09 17:00,35.949,
2026-05-09 18:00,36.125,
2026-05-09 19:00,36.2,
2026-05-09 20:00,36.253,
2026-05-09 21:00,36.395,
2026-05-09 22:00,36.548,
2026-05-09 23:00,36.642,
2026-05-10 00:00,36.702,
2026-05-10 01:00,36.692,
2026-05-10 02:00,36.463,
2026-05-10 03:00,36.108,
2026-05-10 04:00,35.756,
2026-05-10 05:00,35.498,
2026-05-10 06:00,35.322,
2026-05-10 07:00,35.208,
2026-05-10 08:00,35.133,
2026-05-10 09:00,35.076,
2026-05-10 10:00,35.04,
2026-05-10 11:00,35.005,
2026-05-10 12:00,34.986,
2026-05-10 13:00,34.962,
2026-05-10 14:00,35.073,
2026-05-10 15:00,35.437,
2026-05-10 16:00,35.666,
2026-05-10 17:00,35.937,
2026-05-10 18:00,36.143,
2026-05-10 19:00,36.224,
2026-05-10 20:00,36.265,
2026-05-10 21:00,36.401,
2026-05-10 22:00,36.548,
2026-05-10 23:00,36.652,
2026-05-11 00:00,36.72,
2026-05-11 01:00,36.722,
2026-05-11 02:00,36.508,
2026-05-11 03:00,36.15,
2026-05-11 04:00,35.796,
2026-05-11 05:00,35.539,
2026-05-11 06:00,35.368,
2026-05-11 07:00,35.254,
2026-05-11 08:00,35.174,
2026-05-11 09:00,35.126,
2026-05-11 10:00,35.084,
2026-05-11 11:00,35.052,
2026-05-11 12:00,35.03,
2026-05-11 13:00,35.014,
2026-05-11 14:00,35.163,
2026-05-11 15:00,35.497,
2026-05-11 16:00,35.694,
2026-05-11 17:00,35.945,
2026-05-11 18:00,36.121,
2026-05-11 19:00,36.208,
2026-05-11 20:00,36.265,
2026-05-11 21:00,36.398,
2026-05-11 22:00,36.544,
2026-05-11 23:00,36.646,
2026-05-12 00:00,36.65,
2026-05-12 01:00,36.446,
2026-05-12 02:00,36.095,
2026-05-12 03:00,35.749,
2026-05-12 04:00,35.497,
2026-05-12 05:00,35.325,
2026-05-12 06:00,35.21,
2026-05-12 07:00,35.134,
2026-05-12 08:00,35.082,
2026-05-12 09:00,35.05,
2026-05-12 10:00,35.028,
2026-05-12 11:00,34.997,
2026-05-12 12:00,35.006,
2026-05-12 13:00,34.977,
2026-05-12 14:00,35.026,
2026-05-12 15:00,35.411,
2026-05-12 16:00,35.637,
2026-05-12 17:00,35.929,
2026-05-12 18:00,36.132,
2026-05-12 19:00,36.246,
2026-05-12 20:00,36.325,
2026-05-12 21:00,36.473,
2026-05-12 22:00,36.637,
2026-05-12 23:00,36.75,
2026-05-13 00:00,36.77,
2026-05-13 01:00,36.594,
2026-05-13 02:00,36.249,
2026-05-13 03:00,35.892,
2026-05-13 04:00,35.618,
2026-05-13 05:00,35.44,
2026-05-13 06:00,35.32,
2026-05-13 07:00,35.24,
2026-05-13 08:00,35.18,
2026-05-13 09:00,35.134,
2026-05-13 10:00,35.102,
2026-05-13 11:00,35.076,
2026-05-13 12:00,35.05,
2026-05-13 13:00,35.037,
2026-05-13 14:00,35.167,
2026-05-13 15:00,35.491,
2026-05-13 16:00,35.718,
2026-05-13 17:00,35.989,
2026-05-13 18:00,36.149,
2026-05-13 19:00,36.233,
2026-05-13 20:00,36.287,
2026-05-13 21:00,36.426,
2026-05-13 22:00,36.563,
2026-05-13 23:00,36.671,
2026-05-14 00:00,36.678,
2026-05-14 01:00,36.483,
2026-05-14 02:00,36.131,
2026-05-14 03:00,35.781,
2026-05-14 04:00,35.527,
2026-05-14 05:00,35.354,
2026-05-14 06:00,35.241,
2026-05-14 07:00,35.167,
2026-05-14 08:00,35.113,
2026-05-14 09:00,35.071,
2026-05-14 10:00,35.048,
2026-05-14 11:00,35.017,
2026-05-14 12:00,35.004,
2026-05-14 13:00,34.992,
2026-05-14 14:00,35.168,
2026-05-14 15:00,35.488,
2026-05-14 16:00,35.708,
2026-05-14 17:00,35.968,
2026-05-14 18:00,36.131,
2026-05-14 19:00,36.205,
2026-05-14 20:00,36.255,
2026-05-14 21:00,36.35,
2026-05-14 22:00,36.501,
2026-05-14 23:00,36.622,
2026-05-15 00:00,36.641,
2026-05-15 01:00,36.453,
2026-05-15 02:00,36.107,
2026-05-15 03:00,35.762,
2026-05-15 04:00,35.506,
2026-05-15 05:00,35.333,
2026-05-15 06:00,35.218,
2026-05-15 07:00,35.146,
2026-05-15 08:00,35.091,
2026-05-15 09:00,35.05,
2026-05-15 10:00,35.013,
2026-05-15 11:00,34.988,
2026-05-15 12:00,34.974,
2026-05-15 13:00,34.981,
2026-05-15 14:00,34.959,
2026-05-15 15:00,35.08,
2026-05-15 16:00,35.445,
2026-05-15 17:00,35.663,
2026-05-15 18:00,35.934,
2026-05-15 19:00,36.105,
2026-05-15 20:00,36.19,
2026-05-15 21:00,36.249,
2026-05-15 22:00,36.282,
2026-05-15 23:00,36.315,
2026-05-16 00:00,36.368,
2026-05-16 01:00,36.4,
2026-05-16 02:00,36.291,
2026-05-16 03:00,36.042,
2026-05-16 04:00,35.77,
2026-05-16 05:00,35.564,
2026-05-16 06:00,35.426,
2026-05-16 07:00,35.336,
2026-05-16 08:00,35.275,
2026-05-16 09:00,35.23,
2026-05-16 10:00,35.198,
2026-05-16 11:00,35.168,
2026-05-16 12:00,35.146,
2026-05-16 13:00,35.123,
2026-05-16 14:00,35.109,
2026-05-16 15:00,35.326,
2026-05-16 16:00,35.574,
2026-05-16 17:00,35.754,
2026-05-16 18:00,35.997,
2026-05-16 19:00,36.163,
2026-05-16 20:00,36.24,
2026-05-16 21:00,36.279,
2026-05-16 22:00,36.3,
2026-05-16 23:00,36.309,
2026-05-17 00:00,36.312,
2026-05-17 01:00,36.305,
2026-05-17 02:00,36.196,
2026-05-17 03:00,35.945,
2026-05-17 04:00,35.687,
2026-05-17 05:00,35.478,
2026-05-17 06:00,35.328,
2026-05-17 07:00,35.225,
2026-05-17 08:00,35.157,
2026-05-17 09:00,35.112,
2026-05-17 10:00,35.067,
2026-05-17 11:00,35.036,
2026-05-17 12:00,35.014,
2026-05-17 13:00,34.991,
2026-05-17 14:00,34.989,
2026-05-17 15:00,34.995,
2026-05-17 16:00,35.404,
2026-05-17 17:00,35.841,
2026-05-17 18:00,36.079,
2026-05-17 19:00,36.19,
2026-05-17 20:00,36.235,
2026-05-17 21:00,36.263,
2026-05-17 22:00,36.279,
2026-05-17 23:00,36.28,
2026-05-18 00:00,36.286,
2026-05-18 01:00,36.279,
2026-05-18 02:00,36.136,
2026-05-18 03:00,35.875,
2026-05-18 04:00,35.62,
2026-05-18 05:00,35.422,
2026-05-18 06:00,35.282,
2026-05-18 07:00,35.186,
2026-05-18 08:00,35.118,
2026-05-18 09:00,35.071,
2026-05-18 10:00,35.044,
2026-05-18 11:00,35.004,
2026-05-18 12:00,34.999,
2026-05-18 13:00,34.965,
2026-05-18 14:00,34.979,
2026-05-18 15:00,35.094,
2026-05-18 16:00,35.517,
2026-05-18 17:00,35.872,
2026-05-18 18:00,36.082,
2026-05-18 19:00,36.185,
2026-05-18 20:00,36.227,
2026-05-18 21:00,36.257,
2026-05-18 22:00,36.273,
2026-05-18 23:00,36.285,
2026-05-19 00:00,36.299,
2026-05-19 01:00,36.283,
2026-05-19 02:00,36.111,
2026-05-19 03:00,35.84,
2026-05-19 04:00,35.59,
2026-05-19 05:00,35.396,
2026-05-19 06:00,35.26,
2026-05-19 07:00,35.169,
2026-05-19 08:00,35.106,
2026-05-19 09:00,35.063,
2026-05-19 10:00,35.032,
2026-05-19 11:00,35.013,
2026-05-19 12:00,34.966,
2026-05-19 13:00,34.966,
2026-05-19 14:00,34.95,
2026-05-19 15:00,35.043,
2026-05-19 16:00,35.491,
2026-05-19 17:00,35.87,
2026-05-19 18:00,36.094,
2026-05-19 19:00,36.194,
2026-05-19 20:00,36.248,
2026-05-19 21:00,36.267,
2026-05-19 22:00,36.274,
2026-05-19 23:00,36.28,
2026-05-20 00:00,36.284,
2026-05-20 01:00,36.264,
2026-05-20 02:00,36.097,
2026-05-20 03:00,35.833,
2026-05-20 04:00,35.582,
2026-05-20 05:00,35.393,
2026-05-20 06:00,35.26,
2026-05-20 07:00,35.169,
2026-05-20 08:00,35.114,
2026-05-20 09:00,35.067,
2026-05-20 10:00,35.039,
2026-05-20 11:00,35.013,
2026-05-20 12:00,34.979,
2026-05-20 13:00,34.998,
2026-05-20 14:00,35.017,
2026-05-20 15:00,35.103,
2026-05-20 16:00,35.491,
2026-05-20 17:00,35.845,
2026-05-20 18:00,36.071,
2026-05-20 19:00,36.181,
2026-05-20 20:00,36.237,
2026-05-20 21:00,36.265,
2026-05-20 22:00,36.278,
2026-05-20 23:00,36.285,
2026-05-21 00:00,36.293,
2026-05-21 01:00,36.281,
2026-05-21 02:00,36.132,
2026-05-21 03:00,35.872,
2026-05-21 04:00,35.622,
2026-05-21 05:00,35.433,
2026-05-21 06:00,35.301,
2026-05-21 07:00,35.209,
2026-05-21 08:00,35.151,
2026-05-21 09:00,35.102,
2026-05-21 10:00,35.065,
2026-05-21 11:00,35.045,
2026-05-21 12:00,35.017,
2026-05-21 13:00,34.99,
2026-05-21 14:00,35.001,
2026-05-21 15:00,35.141,
2026-05-21 16:00,35.539,
2026-05-21 17:00,35.88,
2026-05-21 18:00,36.093,
2026-05-21 19:00,36.19,
2026-05-21 20:00,36.23,
2026-05-21 21:00,36.257,
2026-05-21 22:00,36.268,
2026-05-21 23:00,36.277,
2026-05-22 00:00,36.283,
2026-05-22 01:00,36.264,
2026-05-22 02:00,36.102,
2026-05-22 03:00,35.834,
2026-05-22 04:00,35.584,
2026-05-22 05:00,35.396,
2026-05-22 06:00,35.262,
2026-05-22 07:00,35.169,
2026-05-22 08:00,35.113,
2026-05-22 09:00,35.063,
2026-05-22 10:00,35.037,
2026-05-22 11:00,34.993,
2026-05-22 12:00,35.004,
2026-05-22 13:00,34.968,
2026-05-22 14:00,34.992,
2026-05-22 15:00,35.093,
2026-05-22 16:00,35.53,
2026-05-22 17:00,35.878,
2026-05-22 18:00,36.082,
2026-05-22 19:00,36.177,
2026-05-22 20:00,36.222,
2026-05-22 21:00,36.252,
2026-05-22 22:00,36.267,
2026-05-22 23:00,36.272,
2026-05-23 00:00,36.282,
2026-05-23 01:00,36.252,
2026-05-23 02:00,36.079,
2026-05-23 03:00,35.811,
2026-05-23 04:00,35.564,
2026-05-23 05:00,35.379,
2026-05-23 06:00,35.247,
2026-05-23 07:00,35.159,
2026-05-23 08:00,35.106,
2026-05-23 09:00,35.051,
2026-05-23 10:00,35.03,
2026-05-23 11:00,34.994,
2026-05-23 12:00,34.958,
2026-05-23 13:00,34.975,
2026-05-23 14:00,34.935,
2026-05-23 15:00,35.098,
2026-05-23 16:00,35.561,
2026-05-23 17:00,35.918,
2026-05-23 18:00,36.11,
2026-05-23 19:00,36.191,
2026-05-23 20:00,36.261,
2026-05-23 21:00,36.275,
2026-05-23 22:00,36.279,
2026-05-23 23:00,36.289,
2026-05-24 00:00,36.297,
2026-05-24 01:00,36.265,
2026-05-24 02:00,36.068,
2026-05-24 03:00,35.8,
2026-05-24 04:00,35.559,
2026-05-24 05:00,35.378,
2026-05-24 06:00,35.254,
2026-05-24 07:00,35.169,
2026-05-24 08:00,35.115,
2026-05-24 09:00,35.067,
2026-05-24 10:00,35.028,
2026-05-24 11:00,35.016,
2026-05-24 12:00,34.997,
2026-05-24 13:00,35.021,
2026-05-24 14:00,34.963,
2026-05-24 15:00,35.144,
2026-05-24 16:00,35.593,
2026-05-24 17:00,35.932,
2026-05-24 18:00,36.115,
2026-05-24 19:00,36.19,
2026-05-24 20:00,36.235,
2026-05-24 21:00,36.255,
2026-05-24 22:00,36.271,
2026-05-24 23:00,36.277,
2026-05-25 00:00,36.281,
2026-05-25 01:00,36.237,
2026-05-25 02:00,36.035,
2026-05-25 03:00,35.762,
2026-05-25 04:00,35.527,
2026-05-25 05:00,35.348,
2026-05-25 06:00,35.229,
2026-05-25 07:00,35.151,
2026-05-25 08:00,35.089,
2026-05-25 09:00,35.051,
2026-05-25 10:00,35.014,
2026-05-25 11:00,34.994,
2026-05-25 12:00,35.002,
2026-05-25 13:00,34.945,
2026-05-25 14:00,34.95,
2026-05-25 15:00,35.053,
2026-05-25 16:00,35.486,
2026-05-25 17:00,35.855,
2026-05-25 18:00,36.072,
2026-05-25 19:00,36.179,
2026-05-25 20:00,36.235,
2026-05-25 21:00,36.264,
2026-05-25 22:00,36.286,
2026-05-25 23:00,36.29,
2026-05-26 00:00,36.295,
2026-05-26 01:00,36.266,
2026-05-26 02:00,36.074,
2026-05-26 03:00,35.8,
2026-05-26 04:00,35.552,
2026-05-26 05:00,35.367,
2026-05-26 06:00,35.239,
2026-05-26 07:00,35.156,
2026-05-26 08:00,35.096,
2026-05-26 09:00,35.053,
2026-05-26 10:00,35.02,
2026-05-26 11:00,34.984,
2026-05-26 12:00,34.996,
2026-05-26 13:00,34.955,
2026-05-26 14:00,34.949,
2026-05-26 15:00,35.097,
2026-05-26 16:00,35.519,
2026-05-26 17:00,35.864,
2026-05-26 18:00,36.082,
2026-05-26 19:00,36.178,
2026-05-26 20:00,36.229,
2026-05-26 21:00,36.248,
2026-05-26 22:00,36.262,
2026-05-26 23:00,36.267,
2026-05-27 00:00,36.269,
2026-05-27 01:00,36.234,
2026-05-27 02:00,36.05,
2026-05-27 03:00,35.776,
2026-05-27 04:00,35.535,
2026-05-27 05:00,35.353,
2026-05-27 06:00,35.229,
2026-05-27 07:00,35.149,
2026-05-27 08:00,35.091,
2026-05-27 09:00,35.05,
2026-05-27 10:00,34.999,
2026-05-27 11:00,34.98,
2026-05-27 12:00,34.971,
2026-05-27 13:00,34.958,
2026-05-27 14:00,34.941,
2026-05-27 15:00,35.022,
2026-05-27 16:00,35.475,
2026-05-27 17:00,35.852,
2026-05-27 18:00,36.07,
2026-05-27 19:00,36.174,
2026-05-27 20:00,36.221,
2026-05-27 21:00,36.252,
2026-05-27 22:00,36.334,
2026-05-27 23:00,36.482,
2026-05-28 00:00,36.551,
2026-05-28 01:00,36.393,
2026-05-28 02:00,36.064,
2026-05-28 03:00,35.733,
2026-05-28 04:00,35.483,
2026-05-28 05:00,35.311,
2026-05-28 06:00,35.2,
2026-05-28 07:00,35.126,
2026-05-28 08:00,35.071,
2026-05-28 09:00,35.04,
2026-05-28 10:00,35.011,
2026-05-28 11:00,34.994,
2026-05-28 12:00,34.961,
2026-05-28 13:00,34.934,
2026-05-28 14:00,34.933,
2026-05-28 15:00,35.005,
2026-05-28 16:00,35.465,
2026-05-28 17:00,35.844,
2026-05-28 18:00,36.065,
2026-05-28 19:00,36.17,
2026-05-28 20:00,36.216,
2026-05-28 21:00,36.239,
2026-05-28 22:00,36.256,
2026-05-28 23:00,36.26,
2026-05-29 00:00,36.267,
2026-05-29 01:00,36.253,
2026-05-29 02:00,36.091,
2026-05-29 03:00,35.825,
2026-05-29 04:00,35.573,
2026-05-29 05:00,35.38,
2026-05-29 06:00,35.246,
2026-05-29 07:00,35.157,
2026-05-29 08:00,35.099,
2026-05-29 09:00,35.043,
2026-05-29 10:00,35.009,
2026-05-29 11:00,34.997,
2026-05-29 12:00,34.961,
2026-05-29 13:00,34.945,
2026-05-29 14:00,34.93,
2026-05-29 15:00,35.016,
2026-05-29 16:00,35.501,
2026-05-29 17:00,35.865,
2026-05-29 18:00,36.081,
2026-05-29 19:00,36.176,
2026-05-29 20:00,36.222,
2026-05-29 21:00,36.246,
2026-05-29 22:00,36.266,
2026-05-29 23:00,36.276,
2026-05-30 00:00,36.277,
2026-05-30 01:00,36.265,
2026-05-30 02:00,36.111,
2026-05-30 03:00,35.841,
2026-05-30 04:00,35.585,
2026-05-30 05:00,35.39,
2026-05-30 06:00,35.253,
2026-05-30 07:00,35.164,
2026-05-30 08:00,35.109,
2026-05-30 09:00,35.053,
2026-05-30 10:00,35.011,
2026-05-30 11:00,35.006,
2026-05-30 12:00,34.956,
2026-05-30 13:00,34.947,
2026-05-30 14:00,34.931,
2026-05-30 15:00,35.08,
2026-05-30 16:00,35.541,
2026-05-30 17:00,35.889,
2026-05-30 18:00,36.089,
2026-05-30 19:00,36.177,
2026-05-30 20:00,36.221,
2026-05-30 21:00,36.24,
2026-05-30 22:00,36.248,
2026-05-30 23:00,36.261,
2026-05-31 00:00,36.263,
2026-05-31 01:00,36.237,
2026-05-31 02:00,36.051,
2026-05-31 03:00,35.783,
2026-05-31 04:00,35.538,
2026-05-31 05:00,35.357,
2026-05-31 06:00,35.229,
2026-05-31 07:00,35.145,
2026-05-31 08:00,35.083,
2026-05-31 09:00,35.037,
2026-05-31 10:00,35.008,
2026-05-31 11:00,34.972,
2026-05-31 12:00,34.952,
2026-05-31 13:00,34.939,
2026-05-31 14:00,34.917,
2026-05-31 15:00,35.086,
2026-05-31 16:00,35.518,
2026-05-31 17:00,35.864,
2026-05-31 18:00,36.076,
2026-05-31 19:00,36.173,
2026-05-31 20:00,36.22,
2026-05-31 21:00,36.24,
2026-05-31 22:00,36.255,
2026-05-31 23:00,36.263,
2026-06-01 00:00,36.268,
2026-06-01 01:00,36.218,
2026-06-01 02:00,36.017,
2026-06-01 03:00,35.747,
2026-06-01 04:00,35.511,
2026-06-01 05:00,35.335,
2026-06-01 06:00,35.216,
2026-06-01 07:00,35.134,
2026-06-01 08:00,35.076,
2026-06-01 09:00,35.039,
2026-06-01 10:00,35.001,
2026-06-01 11:00,34.975,
2026-06-01 12:00,34.951,
2026-06-01 13:00,34.94,
2026-06-01 14:00,34.924,
2026-06-01 15:00,35.072,
2026-06-01 16:00,35.541,
2026-06-01 17:00,35.894,
2026-06-01 18:00,36.088,
2026-06-01 19:00,36.179,
2026-06-01 20:00,36.238,
2026-06-01 21:00,36.372,
2026-06-01 22:00,36.519,
2026-06-01 23:00,36.621,
2026-06-02 00:00,36.589,
2026-06-02 01:00,36.429,
2026-06-02 02:00,36.142,
2026-06-02 03:00,35.819,
2026-06-02 04:00,35.555,
2026-06-02 05:00,35.368,
2026-06-02 06:00,35.236,
2026-06-02 07:00,35.154,
2026-06-02 08:00,35.088,
2026-06-02 09:00,35.049,
2026-06-02 10:00,35.005,
2026-06-02 11:00,35.003,
2026-06-02 12:00,34.958,
2026-06-02 13:00,34.956,
2026-06-02 14:00,34.929,
2026-06-02 15:00,35.054,
2026-06-02 16:00,35.488,
2026-06-02 17:00,35.858,
2026-06-02 18:00,36.074,
2026-06-02 19:00,36.176,
2026-06-02 20:00,36.228,
2026-06-02 21:00,36.341,
2026-06-02 22:00,36.502,
2026-06-02 23:00,36.615,
2026-06-03 00:00,36.677,
2026-06-03 01:00,36.559,
2026-06-03 02:00,36.252,
2026-06-03 03:00,35.885,
2026-06-03 04:00,35.585,
2026-06-03 05:00,35.379,
2026-06-03 06:00,35.242,
2026-06-03 07:00,35.156,
2026-06-03 08:00,35.099,
2026-06-03 09:00,35.052,
2026-06-03 10:00,35.018,
2026-06-03 11:00,34.99,
2026-06-03 12:00,34.967,
2026-06-03 13:00,34.943,
2026-06-03 14:00,34.93,
2026-06-03 15:00,35.02,
2026-06-03 16:00,35.478,
2026-06-03 17:00,35.866,
2026-06-03 18:00,36.078,
2026-06-03 19:00,36.181,
2026-06-03 20:00,36.24,
2026-06-03 21:00,36.37,
2026-06-03 22:00,36.523,
2026-06-03 23:00,36.629,
2026-06-04 00:00,36.669,
2026-06-04 01:00,36.522,
2026-06-04 02:00,36.189,
2026-06-04 03:00,35.826,
2026-06-04 04:00,35.543,
2026-06-04 05:00,35.351,
2026-06-04 06:00,35.223,
2026-06-04 07:00,35.14,
2026-06-04 08:00,35.083,
2026-06-04 09:00,35.049,
2026-06-04 10:00,35.011,
2026-06-04 11:00,34.997,
2026-06-04 12:00,34.967,
2026-06-04 13:00,34.966,
2026-06-04 14:00,34.943,
2026-06-04 16:00,35.462,
2026-06-04 17:00,35.855,
2026-06-04 18:00,36.074,
2026-06-04 19:00,36.179,
2026-06-04 20:00,36.244,
2026-06-04 21:00,36.383,
2026-06-04 22:00,36.538,
2026-06-04 23:00,36.638,
2026-06-05 00:00,36.672,
2026-06-05 01:00,36.521,
2026-06-05 02:00,36.196,
2026-06-05 03:00,35.831,
2026-06-05 04:00,35.549,
2026-06-05 05:00,35.356,
2026-06-05 06:00,35.23,
2026-06-05 07:00,35.15,
2026-06-05 08:00,35.088,
2026-06-05 09:00,35.039,
2026-06-05 10:00,35.027,
2026-06-05 11:00,34.989,
2026-06-05 12:00,34.962,
2026-06-05 13:00,34.961,
2026-06-05 14:00,34.935,
2026-06-05 15:00,35.024,
2026-06-05 16:00,35.489,
2026-06-05 17:00,35.864,
2026-06-05 18:00,36.075,
2026-06-05 19:00,36.174,
2026-06-05 20:00,36.226,
2026-06-05 21:00,36.247,
2026-06-05 22:00,36.261,
2026-06-05 23:00,36.241,
2026-06-06 00:00,36.075,
2026-06-06 01:00,35.812,
2026-06-06 02:00,35.561,
2026-06-06 03:00,35.383,
2026-06-06 04:00,35.251,
2026-06-06 05:00,35.166,
2026-06-06 06:00,35.114,
2026-06-06 07:00,35.063,
2026-06-06 08:00,35.044,
2026-06-06 09:00,35.018,
2026-06-06 10:00,34.996,
2026-06-06 11:00,34.996,
2026-06-06 12:00,34.978,
2026-06-06 13:00,34.96,
2026-06-06 14:00,34.96,
2026-06-06 15:00,34.98,
2026-06-06 16:00,34.953,
2026-06-06 17:00,34.937,
2026-06-06 18:00,35.06,
2026-06-06 19:00,35.44,
2026-06-06 20:00,35.594,
2026-06-06 21:00,35.885,
2026-06-06 22:00,36.311,
2026-06-06 23:00,36.538,
2026-06-07 00:00,36.642,
2026-06-07 01:00,36.598,
2026-06-07 02:00,36.319,
2026-06-07 03:00,35.956,
2026-06-07 04:00,35.643,
2026-06-07 05:00,35.415,
2026-06-07 06:00,35.267,
2026-06-07 07:00,35.169,
2026-06-07 08:00,35.101,
2026-06-07 09:00,35.059,
2026-06-07 10:00,35.034,
2026-06-07 11:00,34.98,
2026-06-07 12:00,34.988,
2026-06-07 13:00,34.961,
2026-06-07 14:00,34.939,
2026-06-07 15:00,34.925,
2026-06-07 16:00,34.919,
2026-06-07 17:00,34.909,
2026-06-07 18:00,34.971,
2026-06-07 19:00,35.397,
2026-06-07 20:00,35.57,
2026-06-07 21:00,35.783,
2026-06-07 22:00,36.221,
2026-06-07 23:00,36.483,
2026-06-08 00:00,36.61,
2026-06-08 01:00,36.626,
2026-06-08 02:00,36.414,
2026-06-08 03:00,36.061,
2026-06-08 04:00,35.719,
2026-06-08 05:00,35.468,
2026-06-08 06:00,35.3,
2026-06-08 07:00,35.186,
2026-06-08 08:00,35.115,
2026-06-08 09:00,35.067,
2026-06-08 10:00,35.034,
2026-06-08 11:00,34.996,
2026-06-08 12:00,34.972,
2026-06-08 13:00,34.953,
2026-06-08 14:00,34.951,
2026-06-08 15:00,34.932,
2026-06-08 16:00,34.922,
2026-06-08 17:00,34.912,
2026-06-08 18:00,35.104,
2026-06-08 19:00,35.461,
2026-06-08 20:00,35.593,
2026-06-08 21:00,35.826,
2026-06-08 22:00,36.252,
2026-06-08 23:00,36.502,
2026-06-09 00:00,36.615,
2026-06-09 01:00,36.602,
2026-06-09 02:00,36.357,
2026-06-09 03:00,35.997,
2026-06-09 04:00,35.669,
2026-06-09 05:00,35.43,
2026-06-09 06:00,35.271,
2026-06-09 07:00,35.165,
2026-06-09 08:00,35.109,
2026-06-09 09:00,35.054,
2026-06-09 10:00,35.022,
2026-06-09 11:00,35.004,
2026-06-09 12:00,34.955,
2026-06-09 13:00,34.95,
2026-06-09 14:00,34.938,
2026-06-09 15:00,34.923,
2026-06-09 16:00,34.915,
2026-06-09 17:00,34.896,
2026-06-09 18:00,34.98,
2026-06-09 19:00,35.398,
2026-06-09 20:00,35.565,
2026-06-09 21:00,35.795,
2026-06-09 22:00,36.231,
2026-06-09 23:00,36.486,
2026-06-10 00:00,36.611,
2026-06-10 01:00,36.612,
2026-06-10 02:00,36.379,
2026-06-10 03:00,36.016,
2026-06-10 04:00,35.682,
2026-06-10 05:00,35.441,
2026-06-10 06:00,35.278,
2026-06-10 07:00,35.166,
2026-06-10 08:00,35.107,
2026-06-10 09:00,35.054,
2026-06-10 10:00,35.002,
2026-06-10 11:00,34.975,
2026-06-10 12:00,34.981,
2026-06-10 13:00,34.956,
2026-06-10 14:00,34.929,
2026-06-10 15:00,35.067,
2026-06-10 16:00,34.972,
2026-06-10 17:00,34.933,
2026-06-10 18:00,35.047,
2026-06-10 19:00,35.449,
2026-06-10 20:00,35.607,
2026-06-10 21:00,35.88,
2026-06-10 22:00,36.303,
2026-06-10 23:00,36.536,
2026-06-11 00:00,36.652,
2026-06-11 01:00,36.633,
2026-06-11 02:00,36.383,
2026-06-11 03:00,36.015,
2026-06-11 04:00,35.684,
2026-06-11 05:00,35.448,
2026-06-11 06:00,35.289,
2026-06-11 07:00,35.188,
2026-06-11 08:00,35.115,
2026-06-11 09:00,35.068,
2026-06-11 10:00,35.042,
2026-06-11 11:00,35.015,
2026-06-11 12:00,34.985,
2026-06-11 13:00,34.963,
2026-06-11 14:00,34.976,
2026-06-11 15:00,34.979,
2026-06-11 16:00,35.35,
2026-06-11 17:00,35.553,
2026-06-11 18:00,35.634,
2026-06-11 19:00,35.865,
2026-06-11 20:00,36.284,
2026-06-11 21:00,36.53,
2026-06-11 22:00,36.64,
2026-06-11 23:00,36.709,
2026-06-12 00:00,36.649,
2026-06-12 01:00,36.378,
2026-06-12 02:00,36.009,
2026-06-12 03:00,35.674,
2026-06-12 04:00,35.437,
2026-06-12 05:00,35.282,
2026-06-12 06:00,35.172,
2026-06-12 07:00,35.107,
2026-06-12 08:00,35.062,
2026-06-12 09:00,35.025,
2026-06-12 10:00,34.979,
2026-06-12 11:00,34.981,
2026-06-12 12:00,34.978,
2026-06-12 13:00,34.938,
2026-06-12 14:00,34.923,
2026-06-12 15:00,35.042,
2026-06-12 16:00,35.431,
2026-06-12 17:00,35.582,
2026-06-12 18:00,35.643,
2026-06-12 19:00,35.781,
2026-06-12 20:00,36.201,
2026-06-12 21:00,36.473,
2026-06-12 22:00,36.603,
2026-06-12 23:00,36.685,
2026-06-13 00:00,36.649,
2026-06-13 01:00,36.386,
2026-06-13 02:00,36.022,
2026-06-13 03:00,35.691,
2026-06-13 04:00,35.455,
2026-06-13 05:00,35.3,
2026-06-13 06:00,35.201,
2026-06-13 07:00,35.128,
2026-06-13 08:00,35.08,
2026-06-13 09:00,35.05,
2026-06-13 10:00,35.031,
2026-06-13 11:00,34.991,
2026-06-13 12:00,34.974,
2026-06-13 13:00,34.97,
2026-06-13 14:00,34.96,
2026-06-13 15:00,34.99,
2026-06-13 16:00,35.393,
2026-06-13 17:00,35.571,
2026-06-13 18:00,35.637,
2026-06-13 19:00,35.766,
2026-06-13 20:00,36.181,
2026-06-13 21:00,36.467,
2026-06-13 22:00,36.607,
2026-06-13 23:00,36.684,
2026-06-14 00:00,36.634,
2026-06-14 01:00,36.367,
2026-06-14 02:00,35.999,
2026-06-14 03:00,35.672,
2026-06-14 04:00,35.437,
2026-06-14 05:00,35.282,
2026-06-14 06:00,35.174,
2026-06-14 07:00,35.115,
2026-06-14 08:00,35.063,
2026-06-14 09:00,35.024,
2026-06-14 10:00,35.007,
2026-06-14 11:00,34.981,
2026-06-14 12:00,34.953,
2026-06-14 13:00,34.947,
2026-06-14 14:00,34.932,
2026-06-14 15:00,35.052,
2026-06-14 16:00,35.465,
2026-06-14 17:00,35.612,
2026-06-14 18:00,35.663,
2026-06-14 19:00,35.828,
2026-06-14 20:00,36.269,
2026-06-14 21:00,36.541,
2026-06-14 22:00,36.679,
2026-06-14 23:00,36.753,
2026-06-15 00:00,36.693,
2026-06-15 01:00,36.426,
2026-06-15 02:00,36.055,
2026-06-15 03:00,35.721,
2026-06-15 04:00,35.488,
2026-06-15 05:00,35.333,
2026-06-15 06:00,35.233,
2026-06-15 07:00,35.198,
2026-06-15 08:00,36.096,
2026-06-15 09:00,36.489,
2026-06-15 10:00,36.406,
2026-06-15 11:00,36.105,
2026-06-15 12:00,35.769,
2026-06-15 13:00,35.513,
2026-06-15 14:00,35.338,
2026-06-15 15:00,35.225,
2026-06-15 16:00,35.154,
2026-06-15 17:00,35.098,
2026-06-15 18:00,35.054,
2026-06-15 19:00,35.02,
2026-06-15 20:00,35.014,
2026-06-15 21:00,34.989,
2026-06-15 22:00,35.79,
2026-06-15 23:00,36.363,
2026-06-16 00:00,36.489,
2026-06-16 01:00,36.304,
2026-06-16 02:00,35.972,
2026-06-16 03:00,35.664,
2026-06-16 04:00,35.437,
2026-06-16 05:00,35.284,
2026-06-16 06:00,35.181,
2026-06-16 07:00,35.111,
2026-06-16 08:00,35.068,
2026-06-16 09:00,35.042,
2026-06-16 10:00,34.99,
2026-06-16 11:00,35.006,
2026-06-16 12:00,34.96,
2026-06-16 13:00,34.983,
2026-06-16 14:00,34.967,
2026-06-16 15:00,35.106,
2026-06-16 16:00,35.458,
2026-06-16 17:00,35.597,
2026-06-16 18:00,35.695,
2026-06-16 19:00,35.743,
2026-06-16 20:00,36.061,
2026-06-16 21:00,36.443,
2026-06-16 22:00,36.651,
2026-06-16 23:00,36.765,
2026-06-17 00:00,36.753,
2026-06-17 01:00,36.516,
2026-06-17 02:00,36.155,
2026-06-17 03:00,35.802,
2026-06-17 04:00,35.552,
2026-06-17 05:00,35.383,
2026-06-17 06:00,35.276,
2026-06-17 07:00,35.203,
2026-06-17 08:00,35.156,
2026-06-17 09:00,35.114,
2026-06-17 10:00,35.081,
2026-06-17 11:00,35.057,
2026-06-17 12:00,35.043,
2026-06-17 13:00,35.031,
2026-06-17 14:00,34.999,
2026-06-17 15:00,35.206,
2026-06-17 16:00,35.521,
2026-06-17 17:00,35.652,
2026-06-17 18:00,35.716,
2026-06-17 19:00,35.758,
2026-06-17 20:00,35.913,
2026-06-17 21:00,36.107,
2026-06-17 22:00,36.219,
2026-06-17 23:00,36.251,
2026-06-18 00:00,36.122,
2026-06-18 01:00,35.867,
2026-06-18 02:00,35.612,
2026-06-18 03:00,35.419,
2026-06-18 04:00,35.322,
2026-06-18 05:00,35.436,
2026-06-18 06:00,35.57,
2026-06-18 07:00,35.631,
2026-06-18 08:00,35.661,
2026-06-18 09:00,35.667,
2026-06-18 10:00,35.671,
2026-06-18 11:00,35.674,
2026-06-18 12:00,35.674,
2026-06-18 13:00,35.671,
2026-06-18 14:00,35.674,
2026-06-18 15:00,35.675,
2026-06-18 16:00,35.671,
2026-06-18 17:00,35.67,
2026-06-18 18:00,35.669,
2026-06-18 19:00,35.67,
2026-06-18 20:00,35.67,
2026-06-18 21:00,35.692,
2026-06-18 22:00,35.712,
2026-06-18 23:00,35.696,
2026-06-19 00:00,35.617,
2026-06-19 01:00,35.51,
2026-06-19 02:00,35.426,
2026-06-19 03:00,35.381,
2026-06-19 04:00,35.483,
2026-06-19 05:00,35.631,
2026-06-19 06:00,35.715,
2026-06-19 07:00,35.743,
2026-06-19 08:00,35.75,
2026-06-19 09:00,35.751,
2026-06-19 10:00,35.747,
2026-06-19 11:00,35.744,
2026-06-19 12:00,35.739,
2026-06-19 13:00,35.733,
2026-06-19 14:00,35.727,
2026-06-19 15:00,35.724,
2026-06-19 16:00,35.721,
2026-06-19 17:00,35.714,
2026-06-19 18:00,35.71,
2026-06-19 19:00,35.716,
2026-06-19 20:00,35.743,
2026-06-19 21:00,35.806,
2026-06-19 22:00,35.834,
2026-06-19 23:00,35.835,
2026-06-20 00:00,35.835,
2026-06-20 01:00,35.806,
2026-06-20 02:00,35.704,
2026-06-20 03:00,35.557,
2026-06-20 04:00,35.486,
2026-06-20 05:00,35.588,
2026-06-20 06:00,35.69,
2026-06-20 07:00,35.735,
2026-06-20 08:00,35.752,
2026-06-20 09:00,35.751,
2026-06-20 10:00,35.753,
2026-06-20 11:00,35.707,
2026-06-20 12:00,35.583,
2026-06-20 13:00,35.437,
2026-06-20 14:00,35.316,
2026-06-20 15:00,35.221,
2026-06-20 16:00,35.171,
2026-06-20 17:00,35.394,
2026-06-20 18:00,35.64,
2026-06-20 19:00,35.755,
2026-06-20 20:00,35.801,
2026-06-20 21:00,35.823,
2026-06-20 22:00,35.907,
2026-06-20 23:00,36.11,
2026-06-21 00:00,36.22,
2026-06-21 01:00,36.09,
2026-06-21 02:00,35.848,
2026-06-21 03:00,35.633,
2026-06-21 04:00,35.473,
2026-06-21 05:00,35.355,
2026-06-21 06:00,35.271,
2026-06-21 07:00,35.209,
2026-06-21 08:00,35.164,
2026-06-21 09:00,35.127,
2026-06-21 10:00,35.096,
2026-06-21 11:00,35.071,
2026-06-21 12:00,35.051,
2026-06-21 13:00,35.263,
2026-06-21 14:00,35.628,
2026-06-21 15:00,35.947,
2026-06-21 16:00,36.138,
2026-06-21 17:00,36.234,
2026-06-21 18:00,36.271,
2026-06-21 19:00,36.381,
2026-06-21 20:00,36.429,
2026-06-21 21:00,36.46,
2026-06-21 22:00,36.52,
2026-06-21 23:00,36.587,
2026-06-22 00:00,36.544,
2026-06-22 01:00,36.348,
2026-06-22 02:00,36.088,
2026-06-22 03:00,35.837,
2026-06-22 04:00,35.656,
2026-06-22 05:00,35.527,
2026-06-22 06:00,35.436,
2026-06-22 07:00,35.37,
2026-06-22 08:00,35.319,
2026-06-22 09:00,35.279,
2026-06-22 10:00,35.245,
2026-06-22 11:00,35.215,
2026-06-22 12:00,35.192,
2026-06-22 13:00,35.17,
2026-06-22 14:00,35.381,
2026-06-22 15:00,35.622,
2026-06-22 16:00,35.808,
2026-06-22 17:00,36.05,
2026-06-22 18:00,36.206,
2026-06-22 19:00,36.282,
2026-06-22 20:00,36.326,
2026-06-22 21:00,36.448,
2026-06-22 22:00,36.592,
2026-06-22 23:00,36.699,
2026-06-23 00:00,36.706,
2026-06-23 01:00,36.479,
2026-06-23 02:00,36.127,
2026-06-23 03:00,35.788,
2026-06-23 04:00,35.54,
2026-06-23 05:00,35.375,
2026-06-23 06:00,35.267,
2026-06-23 07:00,35.2,
2026-06-23 08:00,35.153,
2026-06-23 09:00,35.109,
2026-06-23 10:00,35.084,
2026-06-23 11:00,35.061,
2026-06-23 12:00,35.042,
2026-06-23 13:00,35.041,
2026-06-23 14:00,35.032,
2026-06-23 15:00,35.023,
2026-06-23 16:00,35.064,
2026-06-23 17:00,35.195,
2026-06-23 18:00,35.86,
2026-06-23 19:00,36.124,
2026-06-23 20:00,36.234,
2026-06-23 21:00,36.389,
2026-06-23 22:00,36.552,
2026-06-23 23:00,36.658,
2026-06-24 00:00,36.697,
2026-06-24 01:00,36.52,
2026-06-24 02:00,36.176,
2026-06-24 03:00,35.825,
2026-06-24 04:00,35.558,
2026-06-24 05:00,35.378,
2026-06-24 06:00,35.259,
2026-06-24 07:00,35.18,
2026-06-24 08:00,35.129,
2026-06-24 09:00,35.1,
2026-06-24 10:00,35.058,
2026-06-24 11:00,35.033,
2026-06-24 12:00,35.013,
2026-06-24 13:00,35.02,
2026-06-24 14:00,34.984,
2026-06-24 15:00,34.987,
2026-06-24 16:00,35.006,
2026-06-24 17:00,35.258,
2026-06-24 18:00,35.872,
2026-06-24 19:00,36.121,
2026-06-24 20:00,36.23,
2026-06-24 21:00,36.39,
2026-06-24 22:00,36.549,
2026-06-24 23:00,36.658,
2026-06-25 00:00,36.694,
2026-06-25 01:00,36.55,
2026-06-25 02:00,36.215,
2026-06-25 03:00,35.862,
2026-06-25 04:00,35.587,
2026-06-25 05:00,35.4,
2026-06-25 06:00,35.278,
2026-06-25 07:00,35.194,
2026-06-25 08:00,35.142,
2026-06-25 09:00,35.104,
2026-06-25 10:00,35.067,
2026-06-25 11:00,35.049,
2026-06-25 12:00,35.013,
2026-06-25 13:00,35.014,
2026-06-25 14:00,34.98,
2026-06-25 15:00,34.987,
2026-06-25 16:00,34.98,
2026-06-25 17:00,34.957,
2026-06-25 18:00,35.181,
2026-06-25 19:00,35.86,
2026-06-25 20:00,36.12,
2026-06-25 21:00,36.336,
2026-06-25 22:00,36.524,
2026-06-25 23:00,36.641,
2026-06-26 00:00,36.709,
2026-06-26 01:00,36.651,
2026-06-26 02:00,36.384,
2026-06-26 03:00,36.016,
2026-06-26 04:00,35.691,
2026-06-26 05:00,35.459,
2026-06-26 06:00,35.307,
2026-06-26 07:00,35.204,
2026-06-26 08:00,35.142,
2026-06-26 09:00,35.101,
2026-06-26 10:00,35.061,
2026-06-26 11:00,35.042,
2026-06-26 12:00,34.999,
2026-06-26 13:00,34.984,
2026-06-26 14:00,34.981,
2026-06-26 15:00,34.96,
2026-06-26 16:00,34.963,
2026-06-26 17:00,34.953,
2026-06-26 18:00,35.062,
2026-06-26 19:00,35.803,
2026-06-26 20:00,36.089,
2026-06-26 21:00,36.309,
2026-06-26 22:00,36.492,
2026-06-26 23:00,36.612,
2026-06-27 00:00,36.69,
2026-06-27 01:00,36.648,
2026-06-27 02:00,36.425,
2026-06-27 03:00,36.082,
2026-06-27 04:00,35.749,
2026-06-27 05:00,35.5,
2026-06-27 06:00,35.328,
2026-06-27 07:00,35.217,
2026-06-27 08:00,35.149,
2026-06-27 09:00,35.1,
2026-06-27 10:00,35.059,
2026-06-27 11:00,35.033,
2026-06-27 12:00,34.994,
2026-06-27 13:00,34.974,
2026-06-27 14:00,34.989,
2026-06-27 15:00,34.948,
2026-06-27 16:00,34.972,
2026-06-27 17:00,34.947,
2026-06-27 18:00,35.059,
2026-06-27 19:00,35.818,
2026-06-27 20:00,36.106,
2026-06-27 21:00,36.294,
2026-06-27 22:00,36.483,
2026-06-27 23:00,36.603,
2026-06-28 00:00,36.619,
2026-06-28 01:00,36.542,
2026-06-28 02:00,36.328,
2026-06-28 03:00,36.011,
2026-06-28 04:00,35.705,
2026-06-28 05:00,35.472,
2026-06-28 06:00,35.311,
2026-06-28 07:00,35.206,
2026-06-28 08:00,35.134,
2026-06-28 09:00,35.082,
2026-06-28 10:00,35.044,
2026-06-28 11:00,35.008,
2026-06-28 12:00,34.999,
2026-06-28 13:00,34.976,
2026-06-28 14:00,34.956,
2026-06-28 15:00,34.959,
2026-06-28 16:00,34.983,
2026-06-28 17:00,34.996,
2026-06-28 18:00,35.106,
2026-06-28 19:00,35.842,
2026-06-28 20:00,36.128,
2026-06-28 21:00,36.361,
2026-06-28 22:00,36.562,
2026-06-28 23:00,36.677,
2026-06-29 00:00,36.758,
2026-06-29 01:00,36.736,
2026-06-29 02:00,36.499,
2026-06-29 03:00,36.13,
2026-06-29 04:00,35.785,
2026-06-29 05:00,35.533,
2026-06-29 06:00,35.365,
2026-06-29 07:00,35.254,
2026-06-29 08:00,35.181,
2026-06-29 09:00,35.126,
2026-06-29 10:00,35.099,
2026-06-29 11:00,35.06,
2026-06-29 12:00,35.042,
2026-06-29 13:00,35.032,
2026-06-29 14:00,34.995,
2026-06-29 15:00,34.992,
2026-06-29 16:00,34.979,
2026-06-29 17:00,34.978,
2026-06-29 18:00,35.598,
2026-06-29 19:00,36.015,
2026-06-29 20:00,36.19,
2026-06-29 21:00,36.369,
2026-06-29 22:00,36.539,
2026-06-29 23:00,36.649,
2026-06-30 00:00,36.676,
2026-06-30 01:00,36.514,
2026-06-30 02:00,36.172,
2026-06-30 03:00,35.819,
2026-06-30 04:00,35.544,
2026-06-30 05:00,35.357,
2026-06-30 06:00,35.236,
2026-06-30 07:00,35.161,
2026-06-30 08:00,35.105,
2026-06-30 09:00,35.061,
2026-06-30 10:00,35.039,
2026-06-30 11:00,35.015,
2026-06-30 12:00,34.999,
2026-06-30 13:00,34.971,
2026-06-30 14:00,34.967,
2026-06-30 15:00,34.951,
2026-06-30 16:00,34.948,
2026-06-30 17:00,34.936,
2026-06-30 18:00,35.597,
2026-06-30 19:00,36.022,
2026-06-30 20:00,36.178,
2026-06-30 21:00,36.356,
2026-06-30 22:00,36.531,
2026-06-30 23:00,36.642,
2026-07-01 00:00,36.679,
2026-07-01 01:00,36.538,
2026-07-01 02:00,36.203,
2026-07-01 03:00,35.844,
2026-07-01 04:00,35.561,
2026-07-01 05:00,35.37,
2026-07-01 06:00,35.242,
2026-07-01 07:00,35.161,
2026-07-01 08:00,35.098,
2026-07-01 09:00,35.063,
2026-07-01 10:00,35.02,
2026-07-01 11:00,35.001,
2026-07-01 12:00,34.979,
2026-07-01 13:00,35.002,
2026-07-01 14:00,35.152,
2026-07-01 15:00,35.485,
2026-07-01 16:00,35.624,
2026-07-01 17:00,35.683,
2026-07-01 18:00,35.699,
2026-07-01 19:00,35.71,
2026-07-01 20:00,35.87,
2026-07-01 21:00,36.275,
2026-07-01 22:00,36.513,
2026-07-01 23:00,36.642,
2026-07-02 00:00,36.709,
2026-07-02 01:00,36.675,
2026-07-02 02:00,36.429,
2026-07-02 03:00,36.056,
2026-07-02 04:00,35.722,
2026-07-02 05:00,35.477,
2026-07-02 06:00,35.315,
2026-07-02 07:00,35.208,
2026-07-02 08:00,35.136,
2026-07-02 09:00,35.091,
2026-07-02 10:00,35.051,
2026-07-02 11:00,35.016,
2026-07-02 12:00,35.007,
2026-07-02 13:00,35.087,
2026-07-02 14:00,35.438,
2026-07-02 15:00,35.597,
2026-07-02 16:00,35.657,
2026-07-02 17:00,35.679,
2026-07-02 18:00,35.694,
2026-07-02 19:00,35.698,
2026-07-02 20:00,35.714,
2026-07-02 21:00,36.001,
2026-07-02 22:00,36.371,
2026-07-02 23:00,36.576,
2026-07-03 00:00,36.675,
2026-07-03 01:00,36.676,
2026-07-03 02:00,36.439,
2026-07-03 03:00,36.08,
2026-07-03 04:00,35.737,
2026-07-03 05:00,35.489,
2026-07-03 06:00,35.319,
2026-07-03 07:00,35.21,
2026-07-03 08:00,35.133,
2026-07-03 09:00,35.087,
2026-07-03 10:00,35.054,
2026-07-03 11:00,35.031,
2026-07-03 12:00,35.01,
2026-07-03 13:00,34.999,
2026-07-03 14:00,35.133,
2026-07-03 15:00,35.472,
2026-07-03 16:00,35.61,
2026-07-03 17:00,35.663,
2026-07-03 18:00,35.685,
2026-07-03 19:00,35.697,
2026-07-03 20:00,35.909,
2026-07-03 21:00,36.305,
2026-07-03 22:00,36.53,
2026-07-03 23:00,36.653,
2026-07-04 00:00,36.714,
2026-07-04 01:00,36.684,
2026-07-04 02:00,36.428,
2026-07-04 03:00,36.064,
2026-07-04 04:00,35.723,
2026-07-04 05:00,35.477,
2026-07-04 06:00,35.312,
2026-07-04 07:00,35.205,
2026-07-04 08:00,35.136,
2026-07-04 09:00,35.081,
2026-07-04 10:00,35.046,
2026-07-04 11:00,35.006,
2026-07-04 12:00,34.993,
2026-07-04 13:00,34.989,
2026-07-04 14:00,35.035,
2026-07-04 15:00,35.429,
2026-07-04 16:00,35.622,
2026-07-04 17:00,35.677,
2026-07-04 18:00,35.701,
2026-07-04 19:00,35.715,
2026-07-04 20:00,35.907,
2026-07-04 21:00,36.319,
2026-07-04 22:00,36.557,
2026-07-04 23:00,36.672,
2026-07-05 00:00,36.743,
2026-07-05 01:00,36.741,
2026-07-05 02:00,36.512,
2026-07-05 03:00,36.15,
2026-07-05 04:00,35.791,
2026-07-05 05:00,35.524,
2026-07-05 06:00,35.345,
2026-07-05 07:00,35.23,
2026-07-05 08:00,35.157,
2026-07-05 09:00,35.099,
2026-07-05 10:00,35.057,
2026-07-05 11:00,35.017,
2026-07-05 12:00,34.998,
2026-07-05 13:00,34.978,
2026-07-05 14:00,35.165,
2026-07-05 15:00,35.487,
2026-07-05 16:00,35.616,
2026-07-05 17:00,35.668,
2026-07-05 18:00,35.687,
2026-07-05 19:00,35.699,
2026-07-05 20:00,35.862,
2026-07-05 21:00,36.276,
2026-07-05 22:00,36.522,
2026-07-05 23:00,36.66,
2026-07-06 00:00,36.725,
2026-07-06 01:00,36.696,
2026-07-06 02:00,36.44,
2026-07-06 03:00,36.073,
2026-07-06 04:00,35.73,
2026-07-06 05:00,35.481,
2026-07-06 06:00,35.313,
2026-07-06 07:00,35.205,
2026-07-06 08:00,35.132,
2026-07-06 09:00,35.082,
2026-07-06 10:00,35.048,
2026-07-06 11:00,35.018,
2026-07-06 12:00,34.981,
2026-07-06 13:00,34.968,
2026-07-06 14:00,35.107,
2026-07-06 15:00,35.47,
2026-07-06 16:00,35.62,
2026-07-06 17:00,35.673,
2026-07-06 18:00,35.692,
2026-07-06 19:00,35.697,
2026-07-06 20:00,35.892,
2026-07-06 21:00,36.289,
2026-07-06 22:00,36.524,
2026-07-06 23:00,36.644,
2026-07-07 00:00,36.703,
2026-07-07 01:00,36.625,
2026-07-07 02:00,36.336,
2026-07-07 03:00,35.97,
2026-07-07 04:00,35.651,
2026-07-07 05:00,35.427,
2026-07-07 06:00,35.277,
2026-07-07 07:00,35.179,
2026-07-07 08:00,35.11,
2026-07-07 09:00,35.066,
2026-07-07 10:00,35.04,
2026-07-07 11:00,34.996,
2026-07-07 12:00,34.991,
2026-07-07 13:00,34.963,
2026-07-07 14:00,35.043,
2026-07-07 15:00,35.458,
2026-07-07 16:00,35.614,
2026-07-07 17:00,35.675,
2026-07-07 18:00,35.703,
2026-07-07 19:00,35.716,
2026-07-07 20:00,35.761,
2026-07-07 21:00,36.113,
2026-07-07 22:00,36.439,
2026-07-07 23:00,36.606,
2026-07-08 00:00,36.698,
2026-07-08 01:00,36.72,
2026-07-08 02:00,36.539,
2026-07-08 03:00,36.192,
2026-07-08 04:00,35.827,
2026-07-08 05:00,35.55,
2026-07-08 06:00,35.359,
2026-07-08 07:00,35.235,
2026-07-08 08:00,35.154,
2026-07-08 09:00,35.092,
2026-07-08 10:00,35.06,
2026-07-08 11:00,35.011,
2026-07-08 12:00,35.002,
2026-07-08 13:00,35.001,
2026-07-08 14:00,35.158,
2026-07-08 15:00,35.481,
2026-07-08 16:00,35.612,
2026-07-08 17:00,35.661,
2026-07-08 18:00,35.685,
2026-07-08 19:00,35.697,
2026-07-08 20:00,35.894,
2026-07-08 21:00,36.287,
2026-07-08 22:00,36.516,
2026-07-08 23:00,36.645,
2026-07-09 00:00,36.711,
2026-07-09 01:00,36.669,
2026-07-09 02:00,36.403,
2026-07-09 03:00,36.034,
2026-07-09 04:00,35.699,
2026-07-09 05:00,35.461,
2026-07-09 06:00,35.299,
2026-07-09 07:00,35.194,
2026-07-09 08:00,35.125,
2026-07-09 09:00,35.072,
2026-07-09 10:00,35.044,
2026-07-09 11:00,35.023,
2026-07-09 12:00,34.981,
2026-07-09 13:00,34.961,
2026-07-09 14:00,35.15,
2026-07-09 15:00,35.743,
2026-07-09 16:00,36.178,
2026-07-09 17:00,36.476,
2026-07-09 18:00,36.625,
2026-07-09 19:00,36.707,
2026-07-09 20:00,36.742,
2026-07-09 21:00,36.681,
2026-07-09 22:00,36.56,
2026-07-09 23:00,36.329,
2026-07-10 00:00,36.007,
2026-07-10 01:00,35.7,
2026-07-10 02:00,35.472,
2026-07-10 03:00,35.313,
2026-07-10 04:00,35.207,
2026-07-10 05:00,35.135,
2026-07-10 06:00,35.088,
2026-07-10 07:00,35.058,
2026-07-10 08:00,35.038,
2026-07-10 09:00,35.003,
2026-07-10 10:00,34.977,
2026-07-10 11:00,34.993,
2026-07-10 12:00,34.97,
2026-07-10 13:00,34.969,
2026-07-10 14:00,34.941,
2026-07-10 15:00,34.96,
2026-07-10 16:00,35.415,
2026-07-10 17:00,35.874,
2026-07-10 18:00,36.101,
2026-07-10 19:00,36.201,
2026-07-10 20:00,36.264,
2026-07-10 21:00,36.391,
2026-07-10 22:00,36.544,
2026-07-10 23:00,36.649,
2026-07-11 00:00,36.667,
2026-07-11 01:00,36.487,
2026-07-11 02:00,36.137,
2026-07-11 03:00,35.789,
2026-07-11 04:00,35.519,
2026-07-11 05:00,35.336,
2026-07-11 06:00,35.217,
2026-07-11 07:00,35.138,
2026-07-11 08:00,35.082,
2026-07-11 09:00,35.052,
2026-07-11 10:00,35.01,
2026-07-11 11:00,34.988,
2026-07-11 12:00,34.959,
2026-07-11 13:00,34.969,
2026-07-11 14:00,34.966,
2026-07-11 15:00,35.066,
2026-07-11 16:00,35.511,
2026-07-11 17:00,35.878,
2026-07-11 18:00,36.085,
2026-07-11 19:00,36.184,
2026-07-11 20:00,36.24,
2026-07-11 21:00,36.385,
2026-07-11 22:00,36.55,
2026-07-11 23:00,36.654,
2026-07-12 00:00,36.654,
2026-07-12 01:00,36.437,
2026-07-12 02:00,36.083,
2026-07-12 03:00,35.739,
2026-07-12 04:00,35.485,
2026-07-12 05:00,35.317,
2026-07-12 06:00,35.203,
2026-07-12 07:00,35.131,
2026-07-12 08:00,35.075,
2026-07-12 09:00,35.045,
2026-07-12 10:00,35.024,
2026-07-12 11:00,34.993,
2026-07-12 12:00,34.983,
2026-07-12 13:00,34.945,
2026-07-12 14:00,34.935,
2026-07-12 15:00,35.059,
2026-07-12 16:00,35.505,
2026-07-12 17:00,35.891,
2026-07-12 18:00,36.1,
2026-07-12 19:00,36.189,
2026-07-12 20:00,36.252,
2026-07-12 21:00,36.39,
2026-07-12 22:00,36.548,
2026-07-12 23:00,36.645,
2026-07-13 00:00,36.663,
2026-07-13 01:00,36.465,
2026-07-13 02:00,36.108,
2026-07-13 03:00,35.758,
2026-07-13 04:00,35.498,
2026-07-13 05:00,35.323,
2026-07-13 06:00,35.206,
2026-07-13 07:00,35.127,
2026-07-13 08:00,35.075,
2026-07-13 09:00,35.046,
2026-07-13 10:00,34.997,
2026-07-13 11:00,34.984,
2026-07-13 12:00,34.957,
2026-07-13 13:00,34.968,
2026-07-13 14:00,34.948,
2026-07-13 15:00,35.05,
2026-07-13 16:00,35.526,
2026-07-13 17:00,35.896,
2026-07-13 18:00,36.103,
2026-07-13 19:00,36.198,
2026-07-13 20:00,36.259,
2026-07-13 21:00,36.385,
2026-07-13 22:00,36.544,
2026-07-13 23:00,36.654,
2026-07-14 00:00,36.682,
2026-07-14 01:00,36.5,
2026-07-14 02:00,36.147,
2026-07-14 03:00,35.791,
2026-07-14 04:00,35.546,
2026-07-14 05:00,35.345,
2026-07-14 06:00,35.219,
2026-07-14 07:00,35.139,
2026-07-14 08:00,35.082,
2026-07-14 09:00,35.037,
2026-07-14 10:00,35.006,
2026-07-14 11:00,34.977,
2026-07-14 12:00,34.977,
2026-07-14 13:00,34.945,
2026-07-14 14:00,34.937,
2026-07-14 15:00,35.019,
2026-07-14 16:00,35.489,
2026-07-14 17:00,35.876,
2026-07-14 18:00,36.096,
2026-07-14 19:00,36.195,
2026-07-14 20:00,36.267,
2026-07-14 21:00,36.403,
2026-07-14 22:00,36.549,
2026-07-14 23:00,36.648,
2026-07-15 00:00,36.642,
2026-07-15 01:00,36.407,
2026-07-15 02:00,36.045,
2026-07-15 03:00,35.708,
2026-07-15 04:00,35.463,
2026-07-15 05:00,35.297,
2026-07-15 06:00,35.189,
2026-07-15 07:00,35.116,
2026-07-15 08:00,35.067,
2026-07-15 09:00,35.02,
2026-07-15 10:00,34.993,
2026-07-15 11:00,35.003,
2026-07-15 12:00,34.977,
2026-07-15 13:00,34.94,
2026-07-15 14:00,34.93,
2026-07-15 15:00,34.974,
2026-07-15 16:00,35.436,
2026-07-15 17:00,35.857,
2026-07-15 18:00,36.096,
2026-07-15 19:00,36.198,
2026-07-15 20:00,36.275,
2026-07-15 21:00,36.429,
2026-07-15 22:00,36.583,
2026-07-15 23:00,36.682,
2026-07-16 00:00,36.685,
2026-07-16 01:00,36.487,
2026-07-16 02:00,36.137,
2026-07-16 03:00,35.783,
2026-07-16 04:00,35.521,
2026-07-16 05:00,35.343,
2026-07-16 06:00,35.227,
2026-07-16 07:00,35.153,
2026-07-16 08:00,35.093,
2026-07-16 09:00,35.06,
2026-07-16 10:00,35.031,
2026-07-16 11:00,35.007,
2026-07-16 12:00,34.979,
2026-07-16 13:00,34.989,
2026-07-16 14:00,34.945,
2026-07-16 15:00,35.102,
2026-07-16 16:00,35.54,
2026-07-16 17:00,35.901,
2026-07-16 18:00,36.101,
2026-07-16 19:00,36.193,
2026-07-16 20:00,36.255,
2026-07-16 21:00,36.402,
2026-07-16 22:00,36.559,
2026-07-16 23:00,36.668,
2026-07-17 00:00,36.722,
2026-07-17 01:00,36.59,
2026-07-17 02:00,36.279,
2026-07-17 03:00,35.938,
2026-07-17 04:00,35.675,
2026-07-17 05:00,35.499,
2026-07-17 06:00,35.382,
2026-07-17 07:00,35.295,
2026-07-17 08:00,35.235,
2026-07-17 09:00,35.188,
2026-07-17 10:00,35.151,
2026-07-17 11:00,35.125,
2026-07-17 12:00,35.107,
2026-07-17 13:00,35.073,
2026-07-17 14:00,35.063,
2026-07-17 15:00,35.139,
2026-07-17 16:00,35.589,
2026-07-17 17:00,35.96,
2026-07-17 18:00,36.22,
2026-07-17 19:00,36.318,
2026-07-17 20:00,36.39,
2026-07-17 21:00,36.57,
2026-07-17 22:00,36.852,
2026-07-17 23:00,37.093,
2026-07-18 00:00,37.136,
2026-07-18 01:00,36.96,
2026-07-18 02:00,36.628,
2026-07-18 03:00,36.271,
2026-07-18 04:00,35.982,
2026-07-18 05:00,35.78,
2026-07-18 06:00,35.64,
2026-07-18 07:00,35.542,
2026-07-18 08:00,35.468,
2026-07-18 09:00,35.408,
2026-07-18 10:00,35.357,
2026-07-18 11:00,35.316,
2026-07-18 12:00,35.281,
2026-07-18 13:00,35.248,
2026-07-18 14:00,35.224,
2026-07-18 15:00,35.401,
2026-07-18 16:00,35.753,
2026-07-18 17:00,36.078,
2026-07-18 18:00,36.254,
2026-07-18 19:00,36.339,
2026-07-18 20:00,36.391,
2026-07-18 21:00,36.518,
2026-07-18 22:00,36.655,
2026-07-18 23:00,36.749,
2026-07-19 00:00,36.753,
2026-07-19 01:00,36.542,
2026-07-19 02:00,36.189,
2026-07-19 03:00,35.843,
2026-07-19 04:00,35.592,
2026-07-19 05:00,35.427,
2026-07-19 06:00,35.318,
2026-07-19 07:00,35.247,
2026-07-19 08:00,35.198,
2026-07-19 09:00,35.16,
2026-07-19 10:00,35.133,
2026-07-19 11:00,35.109,
2026-07-19 12:00,35.094,
2026-07-19 13:00,35.075,
2026-07-19 14:00,35.065,
2026-07-19 15:00,35.271,
2026-07-19 16:00,35.617,
2026-07-19 17:00,35.939,
2026-07-19 18:00,36.149,
2026-07-19 19:00,36.256,
2026-07-19 20:00,36.316,
2026-07-19 21:00,36.462,
2026-07-19 22:00,36.614,
2026-07-19 23:00,36.71,
2026-07-20 00:00,36.734,
2026-07-20 01:00,36.548,
2026-07-20 02:00,36.205,
2026-07-20 03:00,35.854,
2026-07-20 04:00,35.589,
2026-07-20 05:00,35.414,
2026-07-20 06:00,35.3,
2026-07-20 07:00,35.223,
2026-07-20 08:00,35.169,
2026-07-20 09:00,35.135,
2026-07-20 10:00,35.108,
2026-07-20 11:00,35.082,
2026-07-20 12:00,35.062,
2026-07-20 13:00,35.052,
2026-07-20 14:00,35.043,
2026-07-20 15:00,35.167,
2026-07-20 16:00,35.58,
2026-07-20 17:00,35.952,
2026-07-20 18:00,36.152,
2026-07-20 19:00,36.245,
2026-07-20 20:00,36.31,
2026-07-20 21:00,36.447,
2026-07-20 22:00,36.603,
2026-07-20 23:00,36.711,
2026-07-21 00:00,36.737,
2026-07-21 01:00,36.56,
2026-07-21 02:00,36.216,
2026-07-21 03:00,35.853,
2026-07-21 04:00,35.582,
2026-07-21 05:00,35.399,
2026-07-21 06:00,35.279,
2026-07-21 07:00,35.201,
2026-07-21 08:00,35.15,
2026-07-21 09:00,35.103,
2026-07-21 10:00,35.075,
2026-07-21 11:00,35.058,
2026-07-21 12:00,35.044,
2026-07-21 13:00,35.012,
2026-07-21 14:00,35.009,
2026-07-21 15:00,35.188,
2026-07-21 16:00,35.605,
2026-07-21 17:00,35.954,
2026-07-21 18:00,36.152,
2026-07-21 19:00,36.242,
2026-07-21 20:00,36.295,
2026-07-21 21:00,36.421,
2026-07-21 22:00,36.579,
2026-07-21 23:00,36.691,
2026-07-22 00:00,36.694,
2026-07-22 01:00,36.482,
2026-07-22 02:00,36.129,
2026-07-22 03:00,35.778,
2026-07-22 04:00,35.524,
2026-07-22 05:00,35.352,
2026-07-22 06:00,35.241,
2026-07-22 07:00,35.166,
2026-07-22 08:00,35.115,
2026-07-22 09:00,35.077,
2026-07-22 10:00,35.053,
2026-07-22 11:00,35.038,
2026-07-22 12:00,35.022,
2026-07-22 13:00,34.992,
2026-07-22 14:00,34.981,
2026-07-22 15:00,35.137,
2026-07-22 16:00,35.573,
2026-07-22 17:00,35.929,
2026-07-22 18:00,36.126,
2026-07-22 19:00,36.217,
2026-07-22 20:00,36.275,
2026-07-22 21:00,36.417,
2026-07-22 22:00,36.568,
2026-07-22 23:00,36.666,
2026-07-23 00:00,36.651,
2026-07-23 01:00,36.426,
2026-07-23 02:00,36.067,
2026-07-23 03:00,35.732,
2026-07-23 04:00,35.488,
2026-07-23 05:00,35.327,
2026-07-23 06:00,35.218,
2026-07-23 07:00,35.151,
2026-07-23 08:00,35.106,
2026-07-23 09:00,35.061,
2026-07-23 10:00,35.041,
2026-07-23 11:00,35.02,
2026-07-23 12:00,35.005,
2026-07-23 13:00,34.994,
2026-07-23 14:00,34.996,
2026-07-23 15:00,35.128,
2026-07-23 16:00,35.556,
2026-07-23 17:00,35.92,
2026-07-23 18:00,36.133,
2026-07-23 19:00,36.228,
2026-07-23 20:00,36.289,
2026-07-23 21:00,36.424,
2026-07-23 22:00,36.567,
2026-07-23 23:00,36.67,
2026-07-24 00:00,36.676,
2026-07-24 01:00,36.472,
2026-07-24 02:00,36.12,
2026-07-24 03:00,35.773,
2026-07-24 04:00,35.514,
2026-07-24 05:00,35.341,
2026-07-24 06:00,35.227,
2026-07-24 07:00,35.155,
2026-07-24 08:00,35.103,
2026-07-24 09:00,35.062,
2026-07-24 10:00,35.037,
2026-07-24 11:00,35.003,
2026-07-24 12:00,34.985,
2026-07-24 13:00,34.982,
2026-07-24 14:00,35.157,
2026-07-24 15:00,35.786,
2026-07-24 16:00,36.082,
2026-07-24 17:00,36.206,
2026-07-24 18:00,36.26,
2026-07-24 19:00,36.291,
2026-07-24 20:00,36.305,
2026-07-24 21:00,36.32,
2026-07-24 22:00,36.316,
2026-07-24 23:00,36.322,
2026-07-25 00:00,36.318,
2026-07-25 01:00,36.226,
2026-07-25 02:00,35.976,
2026-07-25 03:00,35.705,
2026-07-25 04:00,35.486,
2026-07-25 05:00,35.329,
2026-07-25 06:00,35.221,
2026-07-25 07:00,35.151,
2026-07-25 08:00,35.094,
2026-07-25 09:00,35.061,
2026-07-25 10:00,35.038,
2026-07-25 11:00,35.002,
2026-07-25 12:00,34.983,
2026-07-25 13:00,34.997,
2026-07-25 14:00,35.119,
2026-07-25 15:00,35.838,
2026-07-25 16:00,36.11,
2026-07-25 17:00,36.213,
2026-07-25 18:00,36.253,
2026-07-25 19:00,36.277,
2026-07-25 20:00,36.292,
2026-07-25 21:00,36.305,
2026-07-25 22:00,36.313,
2026-07-25 23:00,36.312,
2026-07-26 00:00,36.312,
2026-07-26 01:00,36.205,
2026-07-26 02:00,35.947,
2026-07-26 03:00,35.683,
2026-07-26 04:00,35.467,
2026-07-26 05:00,35.313,
2026-07-26 06:00,35.206,
2026-07-26 07:00,35.134,
2026-07-26 08:00,35.09,
2026-07-26 09:00,35.053,
2026-07-26 10:00,35.021,
2026-07-26 11:00,35.0,
2026-07-26 12:00,34.999,
2026-07-26 13:00,34.988,
2026-07-26 14:00,35.094,
2026-07-26 15:00,35.464,
2026-07-26 16:00,35.616,
2026-07-26 17:00,35.675,
2026-07-26 18:00,35.699,
2026-07-26 19:00,35.712,
2026-07-26 20:00,35.724,
2026-07-26 21:00,35.954,
2026-07-26 22:00,36.338,
2026-07-26 23:00,36.556,
2026-07-27 00:00,36.628,
2026-07-27 01:00,36.478,
2026-07-27 02:00,36.149,
2026-07-27 03:00,35.799,
2026-07-27 04:00,35.533,
2026-07-27 05:00,35.35,
2026-07-27 06:00,35.23,
2026-07-27 07:00,35.154,
2026-07-27 08:00,35.095,
2026-07-27 09:00,35.059,
2026-07-27 10:00,35.035,
2026-07-27 11:00,35.009,
2026-07-27 12:00,35.001,
2026-07-27 13:00,34.961,
2026-07-27 14:00,34.949,
2026-07-27 15:00,34.988,
2026-07-27 16:00,35.389,
2026-07-27 17:00,35.582,
2026-07-27 18:00,35.653,
2026-07-27 19:00,35.684,
2026-07-27 20:00,35.697,
2026-07-27 21:00,35.816,
2026-07-27 22:00,36.227,
2026-07-27 23:00,36.494,
2026-07-28 00:00,36.629,
2026-07-28 01:00,36.628,
2026-07-28 02:00,36.389,
2026-07-28 03:00,36.028,
2026-07-28 04:00,35.701,
2026-07-28 05:00,35.46,
2026-07-28 06:00,35.299,
2026-07-28 07:00,35.194,
2026-07-28 08:00,35.125,
2026-07-28 09:00,35.071,
2026-07-28 10:00,35.043,
2026-07-28 11:00,35.002,
2026-07-28 12:00,34.986,
2026-07-28 13:00,34.995,
2026-07-28 14:00,34.948,
2026-07-28 15:00,35.079,
2026-07-28 16:00,35.451,
2026-07-28 17:00,35.603,
2026-07-28 18:00,35.662,
2026-07-28 19:00,35.686,
2026-07-28 20:00,35.696,
2026-07-28 21:00,35.833,
2026-07-28 22:00,36.243,
2026-07-28 23:00,36.51,
2026-07-29 00:00,36.636,
2026-07-29 01:00,36.644,
2026-07-29 02:00,36.415,
2026-07-29 03:00,36.061,
2026-07-29 04:00,35.724,
2026-07-29 05:00,35.495,
2026-07-29 06:00,35.325,
2026-07-29 07:00,35.228,
2026-07-29 08:00,35.161,
2026-07-29 09:00,35.105,
2026-07-29 10:00,35.071,
2026-07-29 11:00,35.05,
2026-07-29 12:00,35.022,
2026-07-29 13:00,35.008,
2026-07-29 14:00,34.991,
2026-07-29 15:00,35.226,
2026-07-29 16:00,35.521,
2026-07-29 17:00,35.642,
2026-07-29 18:00,35.689,
2026-07-29 19:00,35.708,
2026-07-29 20:00,35.721,
2026-07-29 21:00,35.92,
2026-07-29 22:00,36.319,
2026-07-29 23:00,36.554,
2026-07-30 00:00,36.666,
2026-07-30 01:00,36.643,
2026-07-30 02:00,36.378,
2026-07-30 03:00,36.016,
2026-07-30 04:00,35.689,
2026-07-30 05:00,35.458,
2026-07-30 06:00,35.302,
2026-07-30 07:00,35.201,
2026-07-30 08:00,35.128,
2026-07-30 09:00,35.082,
2026-07-30 10:00,35.045,
2026-07-30 11:00,35.025,
2026-07-30 12:00,34.993,
2026-07-30 13:00,34.973,
2026-07-30 14:00,34.976,
2026-07-30 15:00,35.025,
2026-07-30 16:00,35.41,
2026-07-30 17:00,35.589,
2026-07-30 18:00,35.661,
2026-07-30 19:00,35.685,
2026-07-30 20:00,35.71,
2026-07-30 21:00,35.969,
2026-07-30 22:00,36.359,
2026-07-30 23:00,36.573,
2026-07-31 00:00,36.68,
2026-07-31 01:00,36.623,
2026-07-31 02:00,36.347,
2026-07-31 03:00,35.978,
2026-07-31 04:00,35.659,
2026-07-31 05:00,35.434,
2026-07-31 06:00,35.284,
2026-07-31 07:00,35.186,
2026-07-31 08:00,35.113,
2026-07-31 09:00,35.072,
2026-07-31 10:00,35.043,
2026-07-31 11:00,35.005,
2026-07-31 12:00,34.995,
2026-07-31 13:00,34.98,
2026-07-31 14:00,34.971,
2026-07-31 15:00,35.001,
2026-07-31 16:00,35.402,
2026-07-31 17:00,35.589,
2026-07-31 18:00,35.661,
2026-07-31 19:00,35.695,
2026-07-31 20:00,35.719,
2026-07-31 21:00,35.95,
2026-07-31 22:00,36.337,
2026-07-31 23:00,36.562,
2026-08-01 00:00,36.665,
2026-08-01 01:00,36.615,
2026-08-01 02:00,36.334,
2026-08-01 03:00,35.974,
2026-08-01 04:00,35.667,
2026-08-01 05:00,35.448,
2026-08-01 06:00,35.306,
2026-08-01 07:00,35.208,
2026-08-01 08:00,35.141,
2026-08-01 09:00,35.096,
2026-08-01 10:00,35.062,
2026-08-01 11:00,35.032,
2026-08-01 12:00,35.015,
2026-08-01 13:00,35.0,
2026-08-01 14:00,34.974,
2026-08-01 15:00,35.11,
2026-08-01 16:00,35.466,
2026-08-01 17:00,35.61,
2026-08-01 18:00,35.669,
2026-08-01 19:00,35.69,
2026-08-01 20:00,35.705,
2026-08-01 21:00,35.907,
2026-08-01 22:00,36.311,
2026-08-01 23:00,36.559,
2026-08-02 00:00,36.672,
2026-08-02 01:00,36.631,
2026-08-02 02:00,36.368,
2026-08-02 03:00,36.035,
2026-08-02 04:00,35.766,
2026-08-02 05:00,35.593,
2026-08-02 06:00,35.479,
2026-08-02 07:00,35.391,
2026-08-02 08:00,35.326,
2026-08-02 09:00,35.274,
2026-08-02 10:00,35.234,
2026-08-02 11:00,35.199,
2026-08-02 12:00,35.169,
2026-08-02 13:00,35.15,
2026-08-02 14:00,35.126,
2026-08-02 15:00,35.351,
2026-08-02 16:00,35.6,
2026-08-02 17:00,35.703,
2026-08-02 18:00,35.744,
2026-08-02 19:00,35.757,
2026-08-02 20:00,35.767,
2026-08-02 21:00,36.005,
2026-08-02 22:00,36.366,
2026-08-02 23:00,36.588,
2026-08-03 00:00,36.695,
2026-08-03 01:00,36.681,
2026-08-03 02:00,36.441,
2026-08-03 03:00,36.098,
2026-08-03 04:00,35.783,
2026-08-03 05:00,35.621,
2026-08-03 06:00,35.523,
2026-08-03 07:00,35.45,
2026-08-03 08:00,35.389,
2026-08-03 09:00,35.338,
2026-08-03 10:00,35.297,
2026-08-03 11:00,35.271,
2026-08-03 12:00,35.255,
2026-08-03 13:00,35.239,
2026-08-03 14:00,35.221,
2026-08-03 15:00,35.386,
2026-08-03 16:00,35.642,
2026-08-03 17:00,35.753,
2026-08-03 18:00,35.796,
2026-08-03 19:00,35.795,
2026-08-03 20:00,35.84,
2026-08-03 21:00,36.081,
2026-08-03 22:00,36.442,
2026-08-03 23:00,36.647,
2026-08-04 00:00,36.766,
2026-08-04 01:00,36.714,
2026-08-04 02:00,36.47,
2026-08-04 03:00,36.139,
2026-08-04 04:00,35.844,
2026-08-04 05:00,35.646,
2026-08-04 06:00,35.512,
2026-08-04 07:00,35.429,
2026-08-04 08:00,35.369,
2026-08-04 09:00,35.326,
2026-08-04 10:00,35.289,
2026-08-04 11:00,35.26,
2026-08-04 12:00,35.24,
2026-08-04 13:00,35.22,
2026-08-04 14:00,35.203,
2026-08-04 15:00,35.325,
2026-08-04 16:00,35.618,
2026-08-04 17:00,35.745,
2026-08-04 18:00,35.796,
2026-08-04 19:00,35.807,
2026-08-04 20:00,35.817,
2026-08-04 21:00,36.05,
2026-08-04 22:00,36.401,
2026-08-04 23:00,36.611,
2026-08-05 00:00,36.713,
2026-08-05 01:00,36.707,
2026-08-05 02:00,36.475,
2026-08-05 03:00,36.125,
2026-08-05 04:00,35.795,
2026-08-05 05:00,35.557,
2026-08-05 06:00,35.402,
2026-08-05 07:00,35.299,
2026-08-05 08:00,35.232,
2026-08-05 09:00,35.182,
2026-08-05 10:00,35.149,
2026-08-05 11:00,35.123,
2026-08-05 12:00,35.1,
2026-08-05 13:00,35.082,
2026-08-05 14:00,35.069,
2026-08-05 15:00,35.2,
2026-08-05 16:00,35.518,
2026-08-05 17:00,35.657,
2026-08-05 18:00,35.718,
2026-08-05 19:00,35.74,
2026-08-05 20:00,35.749,
2026-08-05 21:00,35.914,
2026-08-05 22:00,36.322,
2026-08-05 23:00,36.577,
2026-08-06 00:00,36.699,
2026-08-06 01:00,36.665,
2026-08-06 02:00,36.4,
2026-08-06 03:00,36.037,
2026-08-06 04:00,35.715,
2026-08-06 05:00,35.488,
2026-08-06 06:00,35.339,
2026-08-06 07:00,35.241,
2026-08-06 08:00,35.174,
2026-08-06 09:00,35.126,
2026-08-06 10:00,35.104,
2026-08-06 11:00,35.074,
2026-08-06 12:00,35.053,
2026-08-06 13:00,35.041,
2026-08-06 14:00,35.028,
2026-08-06 15:00,35.155,
2026-08-06 16:00,35.489,
2026-08-06 17:00,35.632,
2026-08-06 18:00,35.689,
2026-08-06 19:00,35.715,
2026-08-06 20:00,35.728,
2026-08-06 21:00,35.912,
2026-08-06 22:00,36.327,
2026-08-06 23:00,36.572,
2026-08-07 00:00,36.695,
2026-08-07 01:00,36.68,
2026-08-07 02:00,36.44,
2026-08-07 03:00,36.084,
2026-08-07 04:00,35.758,
2026-08-07 05:00,35.529,
2026-08-07 06:00,35.379,
2026-08-07 07:00,35.282,
2026-08-07 08:00,35.217,
2026-08-07 09:00,35.169,
2026-08-07 10:00,35.136,
2026-08-07 11:00,35.114,
2026-08-07 12:00,35.087,
2026-08-07 13:00,35.07,
2026-08-07 14:00,35.055,
2026-08-07 15:00,35.089,
2026-08-07 16:00,35.431,
2026-08-07 17:00,35.619,
2026-08-07 18:00,35.687,
2026-08-07 19:00,35.719,
2026-08-07 20:00,35.731,
2026-08-07 21:00,35.921,
2026-08-07 22:00,36.315,
2026-08-07 23:00,36.547,
2026-08-08 00:00,36.665,
2026-08-08 01:00,36.671,
2026-08-08 02:00,36.445,
2026-08-08 03:00,36.098,
2026-08-08 04:00,35.761,
2026-08-08 05:00,35.514,
2026-08-08 06:00,35.351,
2026-08-08 07:00,35.245,
2026-08-08 08:00,35.172,
2026-08-08 09:00,35.118,
2026-08-08 10:00,35.088,
2026-08-08 11:00,35.063,
2026-08-08 12:00,35.039,
2026-08-08 13:00,35.02,
2026-08-08 14:00,35.007,
2026-08-08 15:00,35.136,
2026-08-08 16:00,35.48,
2026-08-08 17:00,35.625,
2026-08-08 18:00,35.679,
2026-08-08 19:00,35.705,
2026-08-08 20:00,35.72,
2026-08-08 21:00,35.942,
2026-08-08 22:00,36.327,
2026-08-08 23:00,36.551,
2026-08-09 00:00,36.657,
2026-08-09 01:00,36.613,
2026-08-09 02:00,36.341,
2026-08-09 03:00,35.987,
2026-08-09 04:00,35.673,
2026-08-09 05:00,35.452,
2026-08-09 06:00,35.305,
2026-08-09 07:00,35.206,
2026-08-09 08:00,35.138,
2026-08-09 09:00,35.099,
2026-08-09 10:00,35.063,
2026-08-09 11:00,35.039,
2026-08-09 12:00,35.023,
2026-08-09 13:00,35.005,
2026-08-09 14:00,34.991,
2026-08-09 15:00,34.985,
2026-08-09 16:00,34.958,
2026-08-09 17:00,35.028,
2026-08-09 18:00,35.77,
2026-08-09 19:00,36.08,
2026-08-09 20:00,36.201,
2026-08-09 21:00,36.349,
2026-08-09 22:00,36.517,
2026-08-09 23:00,36.631,
2026-08-10 00:00,36.672,
2026-08-10 01:00,36.521,
2026-08-10 02:00,36.19,
2026-08-10 03:00,35.837,
2026-08-10 04:00,35.56,
2026-08-10 05:00,35.374,
2026-08-10 06:00,35.25,
2026-08-10 07:00,35.167,
2026-08-10 08:00,35.114,
2026-08-10 09:00,35.071,
2026-08-10 10:00,35.039,
2026-08-10 11:00,35.019,
2026-08-10 12:00,35.003,
2026-08-10 13:00,34.985,
2026-08-10 14:00,34.977,
2026-08-10 15:00,34.97,
2026-08-10 16:00,34.957,
2026-08-10 17:00,35.031,
2026-08-10 18:00,35.753,
2026-08-10 19:00,36.093,
2026-08-10 20:00,36.21,
2026-08-10 21:00,36.345,
2026-08-10 22:00,36.519,
2026-08-10 23:00,36.634,
2026-08-11 00:00,36.677,
2026-08-11 01:00,36.535,
2026-08-11 02:00,36.206,
2026-08-11 03:00,35.849,
2026-08-11 04:00,35.57,
2026-08-11 05:00,35.38,
2026-08-11 06:00,35.252,
2026-08-11 07:00,35.167,
2026-08-11 08:00,35.109,
2026-08-11 09:00,35.068,
2026-08-11 10:00,35.044,
2026-08-11 11:00,35.014,
2026-08-11 12:00,34.994,
2026-08-11 13:00,34.98,
2026-08-11 14:00,34.964,
2026-08-11 15:00,34.965,
2026-08-11 16:00,34.951,
2026-08-11 17:00,35.027,
2026-08-11 18:00,35.798,
2026-08-11 19:00,36.098,
2026-08-11 20:00,36.231,
2026-08-11 21:00,36.398,
2026-08-11 22:00,36.561,
2026-08-11 23:00,36.666,
2026-08-12 00:00,36.666,
2026-08-12 01:00,36.447,
2026-08-12 02:00,36.098,
2026-08-12 03:00,35.76,
2026-08-12 04:00,35.504,
2026-08-12 05:00,35.333,
2026-08-12 06:00,35.223,
2026-08-12 07:00,35.153,
2026-08-12 08:00,35.095,
2026-08-12 09:00,35.056,
2026-08-12 10:00,35.025,
2026-08-12 11:00,35.011,
2026-08-12 12:00,34.989,
2026-08-12 13:00,34.972,
2026-08-12 14:00,34.96,
2026-08-12 15:00,34.957,
2026-08-12 16:00,34.947,
2026-08-12 17:00,34.957,
2026-08-12 18:00,35.714,
2026-08-12 19:00,36.053,
2026-08-12 20:00,36.201,
2026-08-12 21:00,36.372,
2026-08-12 22:00,36.544,
2026-08-12 23:00,36.659,
2026-08-13 00:00,36.653,
2026-08-13 01:00,36.444,
2026-08-13 02:00,36.09,
2026-08-13 03:00,35.749,
2026-08-13 04:00,35.496,
2026-08-13 05:00,35.327,
2026-08-13 06:00,35.212,
2026-08-13 07:00,35.141,
2026-08-13 08:00,35.087,
2026-08-13 09:00,35.053,
2026-08-13 10:00,35.022,
2026-08-13 11:00,35.002,
2026-08-13 12:00,34.983,
2026-08-13 13:00,34.961,
2026-08-13 14:00,34.955,
2026-08-13 15:00,34.953,
2026-08-13 16:00,34.951,
2026-08-13 17:00,35.079,
2026-08-13 18:00,35.822,
2026-08-13 19:00,36.097,
2026-08-13 20:00,36.208,
2026-08-13 21:00,36.352,
2026-08-13 22:00,36.52,
2026-08-13 23:00,36.646,
2026-08-14 00:00,36.659,
2026-08-14 01:00,36.481,
2026-08-14 02:00,36.135,
2026-08-14 03:00,35.786,
2026-08-14 04:00,35.521,
2026-08-14 05:00,35.341,
2026-08-14 06:00,35.223,
2026-08-14 07:00,35.146,
2026-08-14 08:00,35.086,
2026-08-14 09:00,35.049,
2026-08-14 10:00,35.02,
2026-08-14 11:00,34.994,
2026-08-14 12:00,34.974,
2026-08-14 13:00,34.971,
2026-08-14 14:00,34.962,
2026-08-14 15:00,34.949,
2026-08-14 16:00,34.952,
2026-08-14 17:00,35.0,
2026-08-14 18:00,35.775,
2026-08-14 19:00,36.085,
2026-08-14 20:00,36.221,
2026-08-14 21:00,36.387,
2026-08-14 22:00,36.559,
2026-08-14 23:00,36.672,
2026-08-15 00:00,36.662,
2026-08-15 01:00,36.454,
2026-08-15 02:00,36.098,
2026-08-15 03:00,35.755,
2026-08-15 04:00,35.501,
2026-08-15 05:00,35.331,
2026-08-15 06:00,35.217,
2026-08-15 07:00,35.143,
2026-08-15 08:00,35.089,
2026-08-15 09:00,35.052,
2026-08-15 10:00,35.023,
2026-08-15 11:00,34.998,
2026-08-15 12:00,34.979,
2026-08-15 13:00,34.964,
2026-08-15 14:00,34.955,
2026-08-15 15:00,34.943,
2026-08-15 16:00,34.958,
2026-08-15 17:00,35.019,
2026-08-15 18:00,35.796,
2026-08-15 19:00,36.089,
2026-08-15 20:00,36.218,
2026-08-15 21:00,36.38,
2026-08-15 22:00,36.543,
2026-08-15 23:00,36.65,
2026-08-16 00:00,36.658,
2026-08-16 01:00,36.468,
2026-08-16 02:00,36.117,
2026-08-16 03:00,35.771,
2026-08-16 04:00,35.512,
2026-08-16 05:00,35.335,
2026-08-16 06:00,35.217,
2026-08-16 07:00,35.14,
2026-08-16 08:00,35.085,
2026-08-16 09:00,35.046,
2026-08-16 10:00,35.018,
2026-08-16 11:00,34.989,
2026-08-16 12:00,34.972,
2026-08-16 13:00,34.968,
2026-08-16 14:00,34.975,
2026-08-16 15:00,34.972,
2026-08-16 16:00,34.947,
2026-08-16 17:00,34.962,
2026-08-16 18:00,35.724,
2026-08-16 19:00,36.061,
2026-08-16 20:00,36.195,
2026-08-16 21:00,36.353,
2026-08-16 22:00,36.523,
2026-08-16 23:00,36.639,
2026-08-17 00:00,36.655,
2026-08-17 01:00,36.458,
2026-08-17 02:00,36.111,
2026-08-17 03:00,35.769,
2026-08-17 04:00,35.507,
2026-08-17 05:00,35.332,
2026-08-17 06:00,35.216,
2026-08-17 07:00,35.136,
2026-08-17 08:00,35.081,
2026-08-17 09:00,35.043,
2026-08-17 10:00,35.018,
2026-08-17 11:00,34.986,
2026-08-17 12:00,34.97,
2026-08-17 13:00,34.964,
2026-08-17 14:00,34.947,
2026-08-17 15:00,34.954,
2026-08-17 16:00,34.933,
2026-08-17 17:00,34.965,
2026-08-17 18:00,35.748,
2026-08-17 19:00,36.063,
2026-08-17 20:00,36.192,
2026-08-17 21:00,36.315,
2026-08-17 22:00,36.489,
2026-08-17 23:00,36.62,
2026-08-18 00:00,36.661,
2026-08-18 01:00,36.512,
2026-08-18 02:00,36.18,
2026-08-18 03:00,35.822,
2026-08-18 04:00,35.548,
2026-08-18 05:00,35.356,
2026-08-18 06:00,35.231,
2026-08-18 07:00,35.15,
2026-08-18 08:00,35.086,
2026-08-18 09:00,35.046,
2026-08-18 10:00,35.018,
2026-08-18 11:00,34.988,
2026-08-18 12:00,34.975,
2026-08-18 13:00,34.955,
2026-08-18 14:00,34.95,
2026-08-18 15:00,34.936,
2026-08-18 16:00,34.919,
2026-08-18 17:00,34.965,
2026-08-18 18:00,35.753,
2026-08-18 19:00,36.066,
2026-08-18 20:00,36.195,
2026-08-18 21:00,36.342,
2026-08-18 22:00,36.521,
2026-08-18 23:00,36.64,
2026-08-19 00:00,36.669,
2026-08-19 01:00,36.506,
2026-08-19 02:00,36.167,
2026-08-19 03:00,35.814,
2026-08-19 04:00,35.538,
2026-08-19 05:00,35.351,
2026-08-19 06:00,35.226,
2026-08-19 07:00,35.141,
2026-08-19 08:00,35.083,
2026-08-19 09:00,35.041,
2026-08-19 10:00,35.015,
2026-08-19 11:00,34.984,
2026-08-19 12:00,34.961,
2026-08-19 13:00,34.96,
2026-08-19 14:00,34.942,
2026-08-19 15:00,34.939,
2026-08-19 16:00,34.928,
2026-08-19 17:00,35.094,
2026-08-19 18:00,35.938,
2026-08-19 19:00,36.19,
2026-08-19 20:00,36.388,
2026-08-19 21:00,36.581,
2026-08-19 22:00,36.685,
2026-08-19 23:00,36.738,
2026-08-20 00:00,36.653,
2026-08-20 01:00,36.369,
2026-08-20 02:00,35.995,
2026-08-20 03:00,35.668,
2026-08-20 04:00,35.438,
2026-08-20 05:00,35.283,
2026-08-20 06:00,35.182,
2026-08-20 07:00,35.113,
2026-08-20 08:00,35.062,
2026-08-20 09:00,35.028,
2026-08-20 10:00,34.997,
2026-08-20 11:00,34.985,
2026-08-20 12:00,34.963,
2026-08-20 13:00,34.95,
2026-08-20 14:00,34.94,
2026-08-20 15:00,34.926,
2026-08-20 16:00,34.916,
2026-08-20 17:00,34.953,
2026-08-20 18:00,35.746,
2026-08-20 19:00,36.066,
2026-08-20 20:00,36.199,
2026-08-20 21:00,36.367,
2026-08-20 22:00,36.536,
2026-08-20 23:00,36.647,
2026-08-21 00:00,36.651,
2026-08-21 01:00,36.443,
2026-08-21 02:00,36.089,
2026-08-21 03:00,35.747,
2026-08-21 04:00,35.49,
2026-08-21 05:00,35.317,
2026-08-21 06:00,35.203,
2026-08-21 07:00,35.123,
2026-08-21 08:00,35.067,
2026-08-21 09:00,35.029,
2026-08-21 10:00,35.001,
2026-08-21 11:00,34.984,
2026-08-21 12:00,34.966,
2026-08-21 13:00,34.942,
2026-08-21 14:00,34.933,
2026-08-21 15:00,34.919,
2026-08-21 16:00,34.92,
2026-08-21 17:00,34.993,
2026-08-21 18:00,35.785,
2026-08-21 19:00,36.081,
2026-08-21 20:00,36.205,
2026-08-21 21:00,36.358,
2026-08-21 22:00,36.53,
2026-08-21 23:00,36.641,
2026-08-22 00:00,36.645,
2026-08-22 01:00,36.434,
2026-08-22 02:00,36.086,
2026-08-22 03:00,35.74,
2026-08-22 04:00,35.486,
2026-08-22 05:00,35.314,
2026-08-22 06:00,35.199,
2026-08-22 07:00,35.121,
2026-08-22 08:00,35.067,
2026-08-22 09:00,35.029,
2026-08-22 10:00,34.999,
2026-08-22 11:00,34.976,
2026-08-22 12:00,34.949,
2026-08-22 13:00,34.949,
2026-08-22 14:00,34.933,
2026-08-22 15:00,34.923,
2026-08-22 16:00,34.902,
2026-08-22 17:00,34.925,
2026-08-22 18:00,35.698,
2026-08-22 19:00,36.053,
2026-08-22 20:00,36.197,
2026-08-22 21:00,36.351,
2026-08-22 22:00,36.528,
2026-08-22 23:00,36.657,
2026-08-23 00:00,36.675,
2026-08-23 01:00,36.479,
2026-08-23 02:00,36.136,
2026-08-23 03:00,35.78,
2026-08-23 04:00,35.514,
2026-08-23 05:00,35.332,
2026-08-23 06:00,35.209,
2026-08-23 07:00,35.124,
2026-08-23 08:00,35.071,
2026-08-23 09:00,35.034,
2026-08-23 10:00,34.997,
2026-08-23 11:00,34.98,
2026-08-23 12:00,34.955,
2026-08-23 13:00,34.948,
2026-08-23 14:00,34.937,
2026-08-23 15:00,34.928,
2026-08-23 16:00,34.906,
2026-08-23 17:00,34.92,
2026-08-23 18:00,35.708,
2026-08-23 19:00,36.052,
2026-08-23 20:00,36.196,
2026-08-23 21:00,36.355,
2026-08-23 22:00,36.53,
2026-08-23 23:00,36.648,
2026-08-24 00:00,36.668,
2026-08-24 01:00,36.491,
2026-08-24 02:00,36.146,
2026-08-24 03:00,35.794,
2026-08-24 04:00,35.522,
2026-08-24 05:00,35.337,
2026-08-24 06:00,35.212,
2026-08-24 07:00,35.125,
2026-08-24 08:00,35.071,
2026-08-24 09:00,35.032,
2026-08-24 10:00,35.001,
2026-08-24 11:00,34.975,
2026-08-24 12:00,34.955,
2026-08-24 13:00,34.943,
2026-08-24 14:00,34.922,
2026-08-24 15:00,34.909,
2026-08-24 16:00,34.924,
2026-08-24 17:00,34.919,
2026-08-24 18:00,35.606,
2026-08-24 19:00,36.033,
2026-08-24 20:00,36.201,
2026-08-24 21:00,36.364,
2026-08-24 22:00,36.533,
2026-08-24 23:00,36.646,
2026-08-25 00:00,36.673,
2026-08-25 01:00,36.495,
2026-08-25 02:00,36.147,
2026-08-25 03:00,35.796,
2026-08-25 04:00,35.522,
2026-08-25 05:00,35.337,
2026-08-25 06:00,35.211,
2026-08-25 07:00,35.147,
2026-08-25 08:00,35.107,
2026-08-25 09:00,35.067,
2026-08-25 10:00,35.026,
2026-08-25 11:00,34.986,
2026-08-25 12:00,34.945,
2026-08-25 13:00,34.95,
2026-08-25 14:00,34.921,
2026-08-25 15:00,34.912,
2026-08-25 16:00,34.917,
2026-08-25 17:00,35.059,
2026-08-25 18:00,35.831,
2026-08-25 19:00,36.098,
2026-08-25 20:00,36.213,
2026-08-25 21:00,36.368,
2026-08-25 22:00,36.545,
2026-08-25 23:00,36.664,
2026-08-26 00:00,36.651,
2026-08-26 01:00,36.412,
2026-08-26 02:00,36.058,
2026-08-26 03:00,35.723,
2026-08-26 04:00,35.474,
2026-08-26 05:00,35.306,
2026-08-26 06:00,35.197,
2026-08-26 07:00,35.122,
2026-08-26 08:00,35.065,
2026-08-26 09:00,35.031,
2026-08-26 10:00,35.002,
2026-08-26 11:00,34.988,
2026-08-26 12:00,34.965,
2026-08-26 13:00,34.943,
2026-08-26 14:00,34.939,
2026-08-26 15:00,34.918,
2026-08-26 16:00,34.934,
2026-08-26 17:00,34.979,
2026-08-26 18:00,35.777,
2026-08-26 19:00,36.077,
2026-08-26 20:00,36.201,
2026-08-26 21:00,36.368,
2026-08-26 22:00,36.535,
2026-08-26 23:00,36.653,
2026-08-27 00:00,36.72,
2026-08-27 01:00,36.702,
2026-08-27 02:00,36.483,
2026-08-27 03:00,36.118,
2026-08-27 04:00,35.769,
2026-08-27 05:00,35.505,
2026-08-27 06:00,35.327,
2026-08-27 07:00,35.209,
2026-08-27 08:00,35.125,
2026-08-27 09:00,35.071,
2026-08-27 10:00,35.037,
2026-08-27 11:00,35.013,
2026-08-27 12:00,34.986,
2026-08-27 13:00,34.963,
2026-08-27 14:00,34.974,
2026-08-27 15:00,35.724,
2026-08-27 16:00,36.067,
2026-08-27 17:00,36.2,
2026-08-27 18:00,36.253,
2026-08-27 19:00,36.284,
2026-08-27 20:00,36.313,
2026-08-27 21:00,36.436,
2026-08-27 22:00,36.575,
2026-08-27 23:00,36.685,
2026-08-28 00:00,36.712,
2026-08-28 01:00,36.519,
2026-08-28 02:00,36.172,
2026-08-28 03:00,35.812,
2026-08-28 04:00,35.542,
2026-08-28 05:00,35.356,
2026-08-28 06:00,35.235,
2026-08-28 07:00,35.155,
2026-08-28 08:00,35.096,
2026-08-28 09:00,35.05,
2026-08-28 10:00,35.02,
2026-08-28 11:00,34.998,
2026-08-28 12:00,34.97,
2026-08-28 13:00,34.957,
2026-08-28 14:00,34.939,
2026-08-28 15:00,35.294,
2026-08-28 16:00,35.904,
2026-08-28 17:00,36.134,
2026-08-28 18:00,36.223,
2026-08-28 19:00,36.265,
2026-08-28 20:00,36.299,
2026-08-28 21:00,36.425,
2026-08-28 22:00,36.577,
2026-08-28 23:00,36.681,
2026-08-29 00:00,36.735,
2026-08-29 01:00,36.617,
2026-08-29 02:00,36.307,
2026-08-29 03:00,35.935,
2026-08-29 04:00,35.627,
2026-08-29 05:00,35.409,
2026-08-29 06:00,35.265,
2026-08-29 07:00,35.169,
2026-08-29 08:00,35.105,
2026-08-29 09:00,35.054,
2026-08-29 10:00,35.026,
2026-08-29 11:00,35.0,
2026-08-29 12:00,34.979,
2026-08-29 13:00,34.955,
2026-08-29 14:00,35.134,
2026-08-29 15:00,35.846,
2026-08-29 16:00,36.119,
2026-08-29 17:00,36.221,
2026-08-29 18:00,36.267,
2026-08-29 19:00,36.291,
2026-08-29 20:00,36.324,
2026-08-29 21:00,36.451,
2026-08-29 22:00,36.602,
2026-08-29 23:00,36.705,
2026-08-30 00:00,36.72,
2026-08-30 01:00,36.513,
2026-08-30 02:00,36.161,
2026-08-30 03:00,35.804,
2026-08-30 04:00,35.535,
2026-08-30 05:00,35.351,
2026-08-30 06:00,35.232,
2026-08-30 07:00,35.155,
2026-08-30 08:00,35.096,
2026-08-30 09:00,35.054,
2026-08-30 10:00,35.014,
2026-08-30 11:00,34.989,
2026-08-30 12:00,34.974,
2026-08-30 13:00,34.951,
2026-08-30 14:00,34.939,
2026-08-30 15:00,34.937,
2026-08-30 16:00,34.93,
2026-08-30 17:00,35.017,
2026-08-30 18:00,35.802,
2026-08-30 19:00,36.096,
2026-08-30 20:00,36.228,
2026-08-30 21:00,36.393,
2026-08-30 22:00,36.568,
2026-08-30 23:00,36.679,
2026-08-31 00:00,36.755,
2026-08-31 01:00,36.714,
2026-08-31 02:00,36.454,
2026-08-31 03:00,36.086,
2026-08-31 04:00,35.741,
2026-08-31 05:00,35.488,
2026-08-31 06:00,35.316,
2026-08-31 07:00,35.204,
2026-08-31 08:00,35.123,
2026-08-31 09:00,35.07,
2026-08-31 10:00,35.039,
2026-08-31 11:00,35.009,
2026-08-31 12:00,34.986,
2026-08-31 13:00,34.965,
2026-08-31 14:00,34.94,
2026-08-31 15:00,34.938,
2026-08-31 16:00,34.921,
2026-08-31 17:00,35.02,
2026-08-31 18:00,35.815,
2026-08-31 19:00,36.113,
2026-08-31 20:00,36.238,
2026-08-31 21:00,36.379,
2026-08-31 22:00,36.547,
2026-08-31 23:00,36.665,
2026-09-01 00:00,36.74,
2026-09-01 01:00,36.703,
2026-09-01 02:00,36.451,
2026-09-01 03:00,36.084,
2026-09-01 04:00,35.739,
2026-09-01 05:00,35.485,
2026-09-01 06:00,35.314,
2026-09-01 07:00,35.199,
2026-09-01 08:00,35.121,
2026-09-01 09:00,35.065,
2026-09-01 10:00,35.023,
2026-09-01 11:00,34.995,
2026-09-01 12:00,34.969,
2026-09-01 13:00,34.951,
2026-09-01 14:00,34.952,
2026-09-01 15:00,34.936,
2026-09-01 16:00,34.928,
2026-09-01 17:00,34.986,
2026-09-01 18:00,35.794,
2026-09-01 19:00,36.101,
2026-09-01 20:00,36.23,
2026-09-01 21:00,36.405,
2026-09-01 22:00,36.573,
2026-09-01 23:00,36.678,
2026-09-02 00:00,36.74,
2026-09-02 01:00,36.706,
2026-09-02 02:00,36.441,
2026-09-02 03:00,36.075,
2026-09-02 04:00,35.734,
2026-09-02 05:00,35.481,
2026-09-02 06:00,35.311,
2026-09-02 07:00,35.2,
2026-09-02 08:00,35.121,
2026-09-02 09:00,35.067,
2026-09-02 10:00,35.026,
2026-09-02 11:00,35.005,
2026-09-02 12:00,34.97,
2026-09-02 13:00,34.954,
2026-09-02 14:00,34.972,
2026-09-02 15:00,34.947,
2026-09-02 16:00,34.935,
2026-09-02 17:00,35.051,
2026-09-02 18:00,35.826,
2026-09-02 19:00,36.104,
2026-09-02 20:00,36.263,
2026-09-02 21:00,36.425,
2026-09-02 22:00,36.579,
2026-09-02 23:00,36.688,
2026-09-03 00:00,36.712,
2026-09-03 01:00,36.736,
2026-09-03 02:00,36.485,
2026-09-03 03:00,36.114,
2026-09-03 04:00,35.765,
2026-09-03 05:00,35.506,
2026-09-03 06:00,35.331,
2026-09-03 07:00,35.218,
2026-09-03 08:00,35.144,
2026-09-03 09:00,35.089,
2026-09-03 10:00,35.053,
2026-09-03 11:00,35.022,
2026-09-03 12:00,34.997,
2026-09-03 13:00,34.972,
2026-09-03 14:00,34.954,
2026-09-03 15:00,34.944,
2026-09-03 16:00,34.94,
2026-09-03 17:00,35.068,
2026-09-03 18:00,35.825,
2026-09-03 19:00,36.101,
2026-09-03 20:00,36.224,
2026-09-03 21:00,36.393,
2026-09-03 22:00,36.557,
2026-09-03 23:00,36.673,
2026-09-04 00:00,36.746,
2026-09-04 01:00,36.709,
2026-09-04 02:00,36.457,
2026-09-04 03:00,36.086,
2026-09-04 04:00,35.742,
2026-09-04 05:00,35.486,
2026-09-04 06:00,35.316,
2026-09-04 07:00,35.2,
2026-09-04 08:00,35.121,
2026-09-04 09:00,35.068,
2026-09-04 10:00,35.032,
2026-09-04 11:00,34.994,
2026-09-04 12:00,34.973,
2026-09-04 13:00,34.955,
2026-09-04 14:00,34.95,
2026-09-04 15:00,34.944,
2026-09-04 16:00,34.928,
2026-09-04 17:00,34.983,
2026-09-04 18:00,35.781,
2026-09-04 19:00,36.087,
2026-09-04 20:00,36.225,
2026-09-04 21:00,36.402,
2026-09-04 22:00,36.567,
2026-09-04 23:00,36.683,
2026-09-05 00:00,36.745,
2026-09-05 01:00,36.71,
2026-09-05 02:00,36.458,
2026-09-05 03:00,36.094,
2026-09-05 04:00,35.748,
2026-09-05 05:00,35.492,
2026-09-05 06:00,35.318,
2026-09-05 07:00,35.205,
2026-09-05 08:00,35.125,
2026-09-05 09:00,35.072,
2026-09-05 10:00,35.035,
2026-09-05 11:00,35.011,
2026-09-05 12:00,34.987,
2026-09-05 13:00,34.965,
2026-09-05 14:00,34.941,
2026-09-05 15:00,34.949,
2026-09-05 16:00,34.929,
2026-09-05 17:00,35.08,
2026-09-05 18:00,35.837,
2026-09-05 19:00,36.108,
2026-09-05 20:00,36.23,
2026-09-05 21:00,36.402,
2026-09-05 22:00,36.567,
2026-09-05 23:00,36.672,
2026-09-06 00:00,36.742,
2026-09-06 01:00,36.726,
2026-09-06 02:00,36.477,
2026-09-06 03:00,36.108,
2026-09-06 04:00,35.757,
2026-09-06 05:00,35.498,
2026-09-06 06:00,35.322,
2026-09-06 07:00,35.205,
2026-09-06 08:00,35.122,
2026-09-06 09:00,35.065,
2026-09-06 10:00,35.023,
2026-09-06 11:00,34.999,
2026-09-06 12:00,34.975,
2026-09-06 13:00,34.954,
2026-09-06 14:00,34.948,
2026-09-06 15:00,34.924,
2026-09-06 16:00,34.914,
2026-09-06 17:00,35.1,
2026-09-06 18:00,35.846,
2026-09-06 19:00,36.112,
2026-09-06 20:00,36.229,
2026-09-06 21:00,36.392,
2026-09-06 22:00,36.57,
2026-09-06 23:00,36.687,
2026-09-07 00:00,36.753,
2026-09-07 01:00,36.713,
2026-09-07 02:00,36.445,
2026-09-07 03:00,36.072,
2026-09-07 04:00,35.728,
2026-09-07 05:00,35.475,
2026-09-07 06:00,35.305,
2026-09-07 07:00,35.191,
2026-09-07 08:00,35.114,
2026-09-07 09:00,35.059,
2026-09-07 10:00,35.018,
2026-09-07 11:00,34.992,
2026-09-07 12:00,34.97,
2026-09-07 13:00,34.952,
2026-09-07 14:00,34.953,
2026-09-07 15:00,34.936,
2026-09-07 16:00,34.917,
2026-09-07 17:00,35.154,
2026-09-07 18:00,35.874,
2026-09-07 19:00,36.125,
2026-09-07 20:00,36.242,
2026-09-07 21:00,36.398,
2026-09-07 22:00,36.572,
2026-09-07 23:00,36.694,
2026-09-08 00:00,36.763,
2026-09-08 01:00,36.705,
2026-09-08 02:00,36.431,
2026-09-08 03:00,36.052,
2026-09-08 04:00,35.71,
2026-09-08 05:00,35.464,
2026-09-08 06:00,35.299,
2026-09-08 07:00,35.187,
2026-09-08 08:00,35.117,
2026-09-08 09:00,35.061,
2026-09-08 10:00,35.023,
2026-09-08 11:00,34.993,
2026-09-08 12:00,34.964,
2026-09-08 13:00,34.949,
2026-09-08 14:00,34.957,
2026-09-08 15:00,34.935,
2026-09-08 16:00,34.923,
2026-09-08 17:00,35.018,
2026-09-08 18:00,35.824,
2026-09-08 19:00,36.11,
2026-09-08 20:00,36.248,
2026-09-08 21:00,36.422,
2026-09-08 22:00,36.584,
2026-09-08 23:00,36.689,
2026-09-09 00:00,36.754,
2026-09-09 01:00,36.703,
2026-09-09 02:00,36.433,
2026-09-09 03:00,36.061,
2026-09-09 04:00,35.719,
2026-09-09 05:00,35.469,
2026-09-09 06:00,35.3,
2026-09-09 07:00,35.187,
2026-09-09 08:00,35.115,
2026-09-09 09:00,35.061,
2026-09-09 10:00,35.027,
2026-09-09 11:00,34.994,
2026-09-09 12:00,34.963,
2026-09-09 13:00,34.951,
2026-09-09 14:00,34.95,
2026-09-09 15:00,34.937,
2026-09-09 16:00,34.929,
2026-09-09 17:00,34.921,
2026-09-09 18:00,34.912,
2026-09-09 19:00,34.886,
2026-09-09 20:00,35.742,
2026-09-09 21:00,36.441,
2026-09-09 22:00,36.7,
2026-09-09 23:00,36.822,
2026-09-10 00:00,36.893,
2026-09-10 01:00,36.935,
2026-09-10 02:00,36.853,
2026-09-10 03:00,36.547,
2026-09-10 04:00,36.136,
2026-09-10 05:00,35.761,
2026-09-10 06:00,35.495,
2026-09-10 07:00,35.317,
2026-09-10 08:00,35.2,
2026-09-10 09:00,35.414,
2026-09-10 10:00,35.904,
2026-09-10 11:00,35.929,
2026-09-10 12:00,35.74,
2026-09-10 13:00,35.524,
2026-09-10 14:00,35.348,
2026-09-10 15:00,35.22,
2026-09-10 16:00,35.131,
2026-09-10 17:00,35.067,
2026-09-10 18:00,35.03,
2026-09-10 19:00,34.99,
2026-09-10 20:00,35.862,
2026-09-10 21:00,36.484,
2026-09-10 22:00,36.722,
2026-09-10 23:00,36.845,
2026-09-11 00:00,36.834,
2026-09-11 01:00,36.577,
2026-09-11 02:00,36.189,
2026-09-11 03:00,35.809,
2026-09-11 04:00,35.527,
2026-09-11 05:00,35.341,
2026-09-11 06:00,35.215,
2026-09-11 07:00,35.133,
2026-09-11 08:00,35.073,
2026-09-11 09:00,35.036,
2026-09-11 10:00,35.004,
2026-09-11 11:00,34.98,
2026-09-11 12:00,34.962,
2026-09-11 13:00,34.94,
2026-09-11 14:00,34.952,
2026-09-11 15:00,34.932,
2026-09-11 16:00,34.921,
2026-09-11 17:00,35.0,
2026-09-11 18:00,35.815,
2026-09-11 19:00,36.14,
2026-09-11 20:00,36.318,
2026-09-11 21:00,36.526,
2026-09-11 22:00,36.709,
2026-09-11 23:00,36.839,
2026-09-12 00:00,36.923,
2026-09-12 01:00,36.925,
2026-09-12 02:00,36.723,
2026-09-12 03:00,36.342,
2026-09-12 04:00,35.943,
2026-09-12 05:00,35.624,
2026-09-12 06:00,35.41,
2026-09-12 07:00,35.268,
2026-09-12 08:00,35.176,
2026-09-12 09:00,35.109,
2026-09-12 10:00,35.061,
2026-09-12 11:00,35.034,
2026-09-12 12:00,35.008,
2026-09-12 13:00,34.981,
2026-09-12 14:00,34.963,
2026-09-12 15:00,34.946,
2026-09-12 16:00,34.941,
2026-09-12 17:00,35.149,
2026-09-12 18:00,35.874,
2026-09-12 19:00,36.158,
2026-09-12 20:00,36.32,
2026-09-12 21:00,36.523,
2026-09-12 22:00,36.706,
2026-09-12 23:00,36.837,
2026-09-13 00:00,36.919,
2026-09-13 01:00,36.926,
2026-09-13 02:00,36.701,
2026-09-13 03:00,36.323,
2026-09-13 04:00,35.922,
2026-09-13 05:00,35.607,
2026-09-13 06:00,35.395,
2026-09-13 07:00,35.255,
2026-09-13 08:00,35.164,
2026-09-13 09:00,35.1,
2026-09-13 10:00,35.053,
2026-09-13 11:00,35.023,
2026-09-13 12:00,34.997,
2026-09-13 13:00,34.973,
2026-09-13 14:00,34.949,
2026-09-13 15:00,34.939,
2026-09-13 16:00,34.934,
2026-09-13 17:00,34.992,
2026-09-13 18:00,35.787,
2026-09-13 19:00,36.101,
2026-09-13 20:00,36.253,
2026-09-13 21:00,36.472,
2026-09-13 22:00,36.677,
2026-09-13 23:00,36.826,
2026-09-14 00:00,36.919,
2026-09-14 01:00,36.963,
2026-09-14 02:00,36.826,
2026-09-14 03:00,36.473,
2026-09-14 04:00,36.065,
2026-09-14 05:00,35.715,
2026-09-14 06:00,35.473,
2026-09-14 07:00,35.314,
2026-09-14 08:00,35.21,
2026-09-14 09:00,35.138,
2026-09-14 10:00,35.085,
2026-09-14 11:00,35.049,
2026-09-14 12:00,35.023,
2026-09-14 13:00,35.003,
2026-09-14 14:00,34.986,
2026-09-14 15:00,34.96,
2026-09-14 16:00,34.953,
2026-09-14 17:00,35.299,
2026-09-14 18:00,35.951,
2026-09-14 19:00,36.189,
2026-09-14 20:00,36.289,
2026-09-14 21:00,36.478,
2026-09-14 22:00,36.686,
2026-09-14 23:00,36.852,
2026-09-15 00:00,36.963,
2026-09-15 01:00,36.997,
2026-09-15 02:00,36.849,
2026-09-15 03:00,36.485,
2026-09-15 04:00,36.074,
2026-09-15 05:00,35.728,
2026-09-15 06:00,35.491,
2026-09-15 07:00,35.34,
2026-09-15 08:00,35.24,
2026-09-15 09:00,35.169,
2026-09-15 10:00,35.118,
2026-09-15 11:00,35.077,
2026-09-15 12:00,35.051,
2026-09-15 13:00,35.034,
2026-09-15 14:00,35.013,
2026-09-15 15:00,35.003,
2026-09-15 16:00,34.983,
2026-09-15 17:00,35.271,
2026-09-15 18:00,35.921,
2026-09-15 19:00,36.162,
2026-09-15 20:00,36.306,
2026-09-15 21:00,36.516,
2026-09-15 22:00,36.714,
2026-09-15 23:00,36.866,
2026-09-16 00:00,36.969,
2026-09-16 01:00,37.0,
2026-09-16 02:00,36.792,
2026-09-16 03:00,36.417,
2026-09-16 04:00,36.01,
2026-09-16 05:00,35.682,
2026-09-16 06:00,35.461,
2026-09-16 07:00,35.323,
2026-09-16 08:00,35.239,
2026-09-16 09:00,35.215,
2026-09-16 10:00,35.197,
2026-09-16 11:00,35.162,
2026-09-16 12:00,35.121,
2026-09-16 13:00,35.077,
2026-09-16 14:00,35.051,
2026-09-16 15:00,35.023,
2026-09-16 16:00,35.002,
2026-09-16 17:00,35.233,
2026-09-16 18:00,35.897,
2026-09-16 19:00,36.162,
2026-09-16 20:00,36.292,
2026-09-16 21:00,36.498,
2026-09-16 22:00,36.699,
2026-09-16 23:00,36.84,
2026-09-17 00:00,36.928,
2026-09-17 01:00,36.92,
2026-09-17 02:00,36.676,
2026-09-17 03:00,36.288,
2026-09-17 04:00,35.898,
2026-09-17 05:00,35.602,
2026-09-17 06:00,35.406,
2026-09-17 07:00,35.277,
2026-09-17 08:00,35.194,
2026-09-17 09:00,35.131,
2026-09-17 10:00,35.085,
2026-09-17 11:00,35.056,
2026-09-17 12:00,35.035,
2026-09-17 13:00,35.013,
2026-09-17 14:00,34.998,
2026-09-17 15:00,34.982,
2026-09-17 16:00,34.962,
2026-09-17 17:00,35.08,
2026-09-17 18:00,35.837,
2026-09-17 19:00,36.136,
2026-09-17 20:00,36.271,
2026-09-17 21:00,36.484,
2026-09-17 22:00,36.699,
2026-09-17 23:00,36.844,
2026-09-18 00:00,36.927,
2026-09-18 01:00,36.969,
2026-09-18 02:00,36.81,
2026-09-18 03:00,36.46,
2026-09-18 04:00,36.046,
2026-09-18 05:00,35.7,
2026-09-18 06:00,35.461,
2026-09-18 07:00,35.305,
2026-09-18 08:00,35.204,
2026-09-18 09:00,35.129,
2026-09-18 10:00,35.087,
2026-09-18 11:00,35.053,
2026-09-18 12:00,35.022,
2026-09-18 13:00,35.0,
2026-09-18 14:00,34.98,
2026-09-18 15:00,34.961,
2026-09-18 16:00,34.961,
2026-09-18 17:00,35.2,
2026-09-18 18:00,35.898,
2026-09-18 19:00,36.156,
2026-09-18 20:00,36.287,
2026-09-18 21:00,36.498,
2026-09-18 22:00,36.709,
2026-09-18 23:00,36.846,
2026-09-19 00:00,36.938,
2026-09-19 01:00,36.965,
2026-09-19 02:00,36.781,
2026-09-19 03:00,36.417,
2026-09-19 04:00,36.003,
2026-09-19 05:00,35.668,
2026-09-19 06:00,35.439,
2026-09-19 07:00,35.291,
2026-09-19 08:00,35.193,
2026-09-19 09:00,35.124,
2026-09-19 10:00,35.078,
2026-09-19 11:00,35.046,
2026-09-19 12:00,35.024,
2026-09-19 13:00,34.999,
2026-09-19 14:00,34.977,
2026-09-19 15:00,34.965,
2026-09-19 16:00,34.965,
2026-09-19 17:00,35.409,
2026-09-19 18:00,36.044,
2026-09-19 19:00,36.268,
2026-09-19 20:00,36.392,
2026-09-19 21:00,36.579,
2026-09-19 22:00,36.748,
2026-09-19 23:00,36.865,
2026-09-20 00:00,36.932,
2026-09-20 01:00,36.871,
2026-09-20 02:00,36.612,
2026-09-20 03:00,36.227,
2026-09-20 04:00,35.848,
2026-09-20 05:00,35.561,
2026-09-20 06:00,35.37,
2026-09-20 07:00,35.245,
2026-09-20 08:00,35.161,
2026-09-20 09:00,35.101,
2026-09-20 10:00,35.059,
2026-09-20 11:00,35.026,
2026-09-20 12:00,35.006,
2026-09-20 13:00,34.99,
2026-09-20 14:00,34.968,
2026-09-20 15:00,34.955,
2026-09-20 16:00,34.941,
2026-09-20 17:00,35.396,
2026-09-20 18:00,36.041,
2026-09-20 19:00,36.281,
2026-09-20 20:00,36.394,
2026-09-20 21:00,36.567,
2026-09-20 22:00,36.742,
2026-09-20 23:00,36.866,
2026-09-21 00:00,36.947,
2026-09-21 01:00,36.918,
2026-09-21 02:00,36.646,
2026-09-21 03:00,36.246,
2026-09-21 04:00,35.853,
2026-09-21 05:00,35.56,
2026-09-21 06:00,35.366,
2026-09-21 07:00,35.241,
2026-09-21 08:00,35.161,
2026-09-21 09:00,35.099,
2026-09-21 10:00,35.058,
2026-09-21 11:00,35.029,
2026-09-21 12:00,35.01,
2026-09-21 13:00,35.007,
2026-09-21 14:00,35.385,
2026-09-21 15:00,35.603,
2026-09-21 16:00,35.762,
2026-09-21 17:00,36.01,
2026-09-21 18:00,36.178,
2026-09-21 19:00,36.265,
2026-09-21 20:00,36.337,
2026-09-21 21:00,36.491,
2026-09-21 22:00,36.658,
2026-09-21 23:00,36.767,
2026-09-22 00:00,36.812,
2026-09-22 01:00,36.668,
2026-09-22 02:00,36.325,
2026-09-22 03:00,35.951,
2026-09-22 04:00,35.645,
2026-09-22 05:00,35.432,
2026-09-22 06:00,35.293,
2026-09-22 07:00,35.205,
2026-09-22 08:00,35.14,
2026-09-22 09:00,35.094,
2026-09-22 10:00,35.056,
2026-09-22 11:00,35.036,
2026-09-22 12:00,35.013,
2026-09-22 13:00,35.066,
2026-09-22 14:00,35.441,
2026-09-22 15:00,35.622,
2026-09-22 16:00,35.706,
2026-09-22 17:00,35.833,
2026-09-22 18:00,36.062,
2026-09-22 19:00,36.22,
2026-09-22 20:00,36.319,
2026-09-22 21:00,36.389,
2026-09-22 22:00,36.443,
2026-09-22 23:00,36.484,
2026-09-23 00:00,36.509,
2026-09-23 01:00,36.453,
2026-09-23 02:00,36.223,
2026-09-23 03:00,35.908,
2026-09-23 04:00,35.632,
2026-09-23 05:00,35.428,
2026-09-23 06:00,35.29,
2026-09-23 07:00,35.195,
2026-09-23 08:00,35.129,
2026-09-23 09:00,35.087,
2026-09-23 10:00,35.051,
2026-09-23 11:00,35.029,
2026-09-23 12:00,35.004,
2026-09-23 13:00,35.062,
2026-09-23 14:00,35.441,
2026-09-23 15:00,35.622,
2026-09-23 16:00,35.775,
2026-09-23 17:00,36.019,
2026-09-23 18:00,36.189,
2026-09-23 19:00,36.279,
2026-09-23 20:00,36.325,
2026-09-23 21:00,36.391,
2026-09-23 22:00,36.441,
2026-09-23 23:00,36.479,
2026-09-24 00:00,36.485,
2026-09-24 01:00,36.34,
2026-09-24 02:00,36.049,
2026-09-24 03:00,35.744,
2026-09-24 04:00,35.506,
2026-09-24 05:00,35.337,
2026-09-24 06:00,35.224,
2026-09-24 07:00,35.149,
2026-09-24 08:00,35.087,
2026-09-24 09:00,35.051,
2026-09-24 10:00,35.026,
2026-09-24 11:00,35.002,
2026-09-24 12:00,34.984,
2026-09-24 13:00,34.976,
2026-09-24 14:00,35.323,
2026-09-24 15:00,35.567,
2026-09-24 16:00,35.731,
2026-09-24 17:00,35.988,
2026-09-24 18:00,36.174,
2026-09-24 19:00,36.262,
2026-09-24 20:00,36.314,
2026-09-24 21:00,36.341,
2026-09-24 22:00,36.348,
2026-09-24 23:00,36.356,
2026-09-25 00:00,36.366,
2026-09-25 01:00,36.33,
2026-09-25 02:00,36.137,
2026-09-25 03:00,35.85,
2026-09-25 04:00,35.595,
2026-09-25 05:00,35.398,
2026-09-25 06:00,35.261,
2026-09-25 07:00,35.167,
2026-09-25 08:00,35.104,
2026-09-25 09:00,35.055,
2026-09-25 10:00,35.02,
2026-09-25 11:00,35.007,
2026-09-25 12:00,34.982,
2026-09-25 13:00,35.086,
2026-09-25 14:00,35.464,
2026-09-25 15:00,35.621,
2026-09-25 16:00,35.73,
2026-09-25 17:00,35.959,
2026-09-25 18:00,36.143,
2026-09-25 19:00,36.268,
2026-09-25 20:00,36.368,
2026-09-25 21:00,36.452,
2026-09-25 22:00,36.498,
2026-09-25 23:00,36.515,
2026-09-26 00:00,36.511,
2026-09-26 01:00,36.368,
2026-09-26 02:00,36.085,
2026-09-26 03:00,35.774,
2026-09-26 04:00,35.523,
2026-09-26 05:00,35.345,
2026-09-26 06:00,35.222,
2026-09-26 07:00,35.141,
2026-09-26 08:00,35.081,
2026-09-26 09:00,35.042,
2026-09-26 10:00,35.007,
2026-09-26 11:00,34.982,
2026-09-26 12:00,34.966,
2026-09-26 13:00,34.945,
2026-09-26 14:00,34.964,
2026-09-26 15:00,34.945,
2026-09-26 16:00,34.922,
2026-09-26 17:00,35.251,
2026-09-26 18:00,35.983,
2026-09-26 19:00,36.256,
2026-09-26 20:00,36.374,
2026-09-26 21:00,36.526,
2026-09-26 22:00,36.707,
2026-09-26 23:00,36.843,
2026-09-27 00:00,36.889,
2026-09-27 01:00,36.704,
2026-09-27 02:00,36.335,
2026-09-27 03:00,35.946,
2026-09-27 04:00,35.636,
2026-09-27 05:00,35.428,
2026-09-27 06:00,35.292,
2026-09-27 07:00,35.204,
2026-09-27 08:00,35.142,
2026-09-27 09:00,35.1,
2026-09-27 10:00,35.06,
2026-09-27 11:00,35.041,
2026-09-27 12:00,35.015,
2026-09-27 13:00,35.009,
2026-09-27 14:00,35.358,
2026-09-27 15:00,35.636,
2026-09-27 16:00,35.864,
2026-09-27 17:00,36.135,
2026-09-27 18:00,36.297,
2026-09-27 19:00,36.381,
2026-09-27 20:00,36.423,
2026-09-27 21:00,36.457,
2026-09-27 22:00,36.473,
2026-09-27 23:00,36.478,
2026-09-28 00:00,36.463,
2026-09-28 01:00,36.293,
2026-09-28 02:00,36.003,
2026-09-28 03:00,35.709,
2026-09-28 04:00,35.479,
2026-09-28 05:00,35.321,
2026-09-28 06:00,35.208,
2026-09-28 07:00,35.134,
2026-09-28 08:00,35.084,
2026-09-28 09:00,35.045,
2026-09-28 10:00,35.017,
2026-09-28 11:00,35.005,
2026-09-28 12:00,34.983,
2026-09-28 13:00,35.026,
2026-09-28 14:00,35.46,
2026-09-28 15:00,35.669,
2026-09-28 16:00,35.846,
2026-09-28 17:00,36.128,
2026-09-28 18:00,36.285,
2026-09-28 19:00,36.379,
2026-09-28 20:00,36.424,
2026-09-28 21:00,36.449,
2026-09-28 22:00,36.463,
2026-09-28 23:00,36.474,
2026-09-29 00:00,36.433,
2026-09-29 01:00,36.232,
2026-09-29 02:00,35.939,
2026-09-29 03:00,35.655,
2026-09-29 04:00,35.444,
2026-09-29 05:00,35.298,
2026-09-29 06:00,35.199,
2026-09-29 07:00,35.127,
2026-09-29 08:00,35.078,
2026-09-29 09:00,35.047,
2026-09-29 10:00,35.015,
2026-09-29 11:00,35.002,
2026-09-29 12:00,34.986,
2026-09-29 13:00,34.959,
2026-09-29 14:00,34.947,
2026-09-29 15:00,34.956,
2026-09-29 16:00,35.645,
2026-09-29 17:00,36.136,
2026-09-29 18:00,36.317,
2026-09-29 19:00,36.398,
2026-09-29 20:00,36.436,
2026-09-29 21:00,36.458,
2026-09-29 22:00,36.469,
2026-09-29 23:00,36.484,
2026-09-30 00:00,36.488,
2026-09-30 01:00,36.427,
2026-09-30 02:00,36.199,
2026-09-30 03:00,35.893,
2026-09-30 04:00,35.623,
2026-09-30 05:00,35.426,
2026-09-30 06:00,35.292,
2026-09-30 07:00,35.199,
2026-09-30 08:00,35.133,
2026-09-30 09:00,35.091,
2026-09-30 10:00,35.056,
2026-09-30 11:00,35.028,
2026-09-30 12:00,35.013,
2026-09-30 13:00,34.995,
2026-09-30 14:00,34.979,
2026-09-30 15:00,35.45,
2026-09-30 16:00,36.064,
2026-09-30 17:00,36.296,
2026-09-30 18:00,36.414,
2026-09-30 19:00,36.473,
2026-09-30 20:00,36.494,
2026-09-30 21:00,36.507,
2026-09-30 22:00,36.51,
2026-09-30 23:00,36.595,
2026-10-01 00:00,36.654,
2026-10-01 01:00,36.506,
2026-10-01 02:00,36.214,
2026-10-01 03:00,35.906,
2026-10-01 04:00,35.67,
2026-10-01 05:00,35.507,
2026-10-01 06:00,35.391,
2026-10-01 07:00,35.31,
2026-10-01 08:00,35.246,
2026-10-01 09:00,35.201,
2026-10-01 10:00,35.163,
2026-10-01 11:00,35.127,
2026-10-01 12:00,35.107,
2026-10-01 13:00,35.083,
2026-10-01 14:00,35.264,
2026-10-01 15:00,35.619,
2026-10-01 16:00,35.886,
2026-10-01 17:00,36.163,
2026-10-01 18:00,36.336,
2026-10-01 19:00,36.423,
2026-10-01 20:00,36.469,
2026-10-01 21:00,36.49,
2026-10-01 22:00,36.505,
2026-10-01 23:00,36.515,
2026-10-02 00:00,36.485,
2026-10-02 01:00,36.294,
2026-10-02 02:00,35.993,
2026-10-02 03:00,35.703,
2026-10-02 04:00,35.483,
2026-10-02 05:00,35.333,
2026-10-02 06:00,35.228,
2026-10-02 07:00,35.161,
2026-10-02 08:00,35.109,
2026-10-02 09:00,35.07,
2026-10-02 10:00,35.044,
2026-10-02 11:00,35.026,
2026-10-02 12:00,35.012,
2026-10-02 13:00,34.995,
2026-10-02 14:00,34.976,
2026-10-02 15:00,34.977,
2026-10-02 16:00,35.388,
2026-10-02 17:00,35.989,
2026-10-02 18:00,36.234,
2026-10-02 19:00,36.42,
2026-10-02 20:00,36.485,
2026-10-02 21:00,36.574,
2026-10-02 22:00,36.704,
2026-10-02 23:00,36.81,
2026-10-03 00:00,36.874,
2026-10-03 01:00,36.805,
2026-10-03 02:00,36.561,
2026-10-03 03:00,36.234,
2026-10-03 04:00,35.936,
2026-10-03 05:00,35.715,
2026-10-03 06:00,35.569,
2026-10-03 07:00,35.473,
2026-10-03 08:00,35.402,
2026-10-03 09:00,35.345,
2026-10-03 10:00,35.304,
2026-10-03 11:00,35.267,
2026-10-03 12:00,35.237,
2026-10-03 13:00,35.208,
2026-10-03 14:00,35.187,
2026-10-03 15:00,35.17,
2026-10-03 16:00,35.462,
2026-10-03 17:00,36.028,
2026-10-03 18:00,36.305,
2026-10-03 19:00,36.436,
2026-10-03 20:00,36.497,
2026-10-03 21:00,36.533,
2026-10-03 22:00,36.553,
2026-10-03 23:00,36.557,
2026-10-04 00:00,36.556,
2026-10-04 01:00,36.515,
2026-10-04 02:00,36.295,
2026-10-04 03:00,35.987,
2026-10-04 04:00,35.708,
2026-10-04 05:00,35.5,
2026-10-04 06:00,35.362,
2026-10-04 07:00,35.267,
2026-10-04 08:00,35.204,
2026-10-04 09:00,35.16,
2026-10-04 10:00,35.12,
2026-10-04 11:00,35.097,
2026-10-04 12:00,35.078,
2026-10-04 13:00,35.06,
2026-10-04 14:00,35.05,
2026-10-04 15:00,35.039,
2026-10-04 16:00,35.415,
2026-10-04 17:00,36.006,
2026-10-04 18:00,36.279,
2026-10-04 19:00,36.389,
2026-10-04 20:00,36.446,
2026-10-04 21:00,36.481,
2026-10-04 22:00,36.493,
2026-10-04 23:00,36.5,
2026-10-05 00:00,36.514,
2026-10-05 01:00,36.482,
2026-10-05 02:00,36.278,
2026-10-05 03:00,35.974,
2026-10-05 04:00,35.689,
2026-10-05 05:00,35.475,
2026-10-05 06:00,35.328,
2026-10-05 07:00,35.228,
2026-10-05 08:00,35.163,
2026-10-05 09:00,35.113,
2026-10-05 10:00,35.076,
2026-10-05 11:00,35.054,
2026-10-05 12:00,35.031,
2026-10-05 13:00,35.017,
2026-10-05 14:00,35.005,
2026-10-05 15:00,34.99,
2026-10-05 16:00,35.388,
2026-10-05 17:00,36.0,
2026-10-05 18:00,36.266,
2026-10-05 19:00,36.378,
2026-10-05 20:00,36.44,
2026-10-05 21:00,36.507,
2026-10-05 22:00,36.54,
2026-10-05 23:00,36.547,
2026-10-06 00:00,36.558,
2026-10-06 01:00,36.516,
2026-10-06 02:00,36.312,
2026-10-06 03:00,36.009,
2026-10-06 04:00,35.724,
2026-10-06 05:00,35.513,
2026-10-06 06:00,35.372,
2026-10-06 07:00,35.281,
2026-10-06 08:00,35.217,
2026-10-06 09:00,35.174,
2026-10-06 10:00,35.141,
2026-10-06 11:00,35.116,
2026-10-06 12:00,35.101,
2026-10-06 13:00,35.079,
2026-10-06 14:00,35.064,
2026-10-06 15:00,35.072,
2026-10-06 16:00,35.621,
2026-10-06 17:00,36.11,
2026-10-06 18:00,36.328,
2026-10-06 19:00,36.428,
2026-10-06 20:00,36.489,
2026-10-06 21:00,36.526,
2026-10-06 22:00,36.554,
2026-10-06 23:00,36.576,
2026-10-07 00:00,36.584,
2026-10-07 01:00,36.565,
2026-10-07 02:00,36.372,
2026-10-07 03:00,36.071,
2026-10-07 04:00,35.772,
2026-10-07 05:00,35.545,
2026-10-07 06:00,35.389,
2026-10-07 07:00,35.285,
2026-10-07 08:00,35.214,
2026-10-07 09:00,35.163,
2026-10-07 10:00,35.123,
2026-10-07 11:00,35.099,
2026-10-07 12:00,35.073,
2026-10-07 13:00,35.058,
2026-10-07 14:00,35.045,
2026-10-07 15:00,35.016,
2026-10-07 16:00,35.603,
2026-10-07 17:00,36.122,
2026-10-07 18:00,36.34,
2026-10-07 19:00,36.449,
2026-10-07 20:00,36.507,
2026-10-07 21:00,36.534,
2026-10-07 22:00,36.559,
2026-10-07 23:00,36.583,
2026-10-08 00:00,36.595,
2026-10-08 01:00,36.555,
2026-10-08 02:00,36.344,
2026-10-08 03:00,36.038,
2026-10-08 04:00,35.759,
2026-10-08 05:00,35.547,
2026-10-08 06:00,35.405,
2026-10-08 07:00,35.311,
2026-10-08 08:00,35.244,
2026-10-08 09:00,35.192,
2026-10-08 10:00,35.158,
2026-10-08 11:00,35.124,
2026-10-08 12:00,35.102,
2026-10-08 13:00,35.086,
2026-10-08 14:00,35.068,
2026-10-08 15:00,35.079,
2026-10-08 16:00,35.622,
2026-10-08 17:00,36.109,
2026-10-08 18:00,36.333,
2026-10-08 19:00,36.435,
2026-10-08 20:00,36.486,
2026-10-08 21:00,36.514,
2026-10-08 22:00,36.528,
2026-10-08 23:00,36.537,
2026-10-09 00:00,36.545,
2026-10-09 01:00,36.527,
2026-10-09 02:00,36.348,
2026-10-09 03:00,36.053,
2026-10-09 04:00,35.751,
2026-10-09 05:00,35.521,
2026-10-09 06:00,35.363,
2026-10-09 07:00,35.256,
2026-10-09 08:00,35.185,
2026-10-09 09:00,35.131,
2026-10-09 10:00,35.1,
2026-10-09 11:00,35.067,
2026-10-09 12:00,35.042,
2026-10-09 13:00,35.038,
2026-10-09 14:00,35.02,
2026-10-09 15:00,34.996,
2026-10-09 16:00,35.475,
