datetime,value,discharge
2025-10-09 00:00,96.121,
2025-10-09 01:00,96.121,
2025-10-09 02:00,96.125,
2025-10-09 03:00,96.125,
2025-10-09 04:00,96.129,
2025-10-09 05:00,96.129,
2025-10-09 06:00,96.136,
2025-10-09 07:00,96.138,
2025-10-09 08:00,96.138,
2025-10-09 09:00,96.142,
2025-10-09 10:00,96.138,
2025-10-09 11:00,96.128,
2025-10-09 12:00,96.126,
2025-10-09 13:00,96.123,
2025-10-09 14:00,96.116,
2025-10-09 15:00,96.118,
2025-10-09 16:00,96.115,
2025-10-09 17:00,96.11,
2025-10-09 18:00,96.134,
2025-10-09 19:00,96.121,
2025-10-09 20:00,96.114,
2025-10-09 21:00,96.106,
2025-10-09 22:00,96.1,
2025-10-09 23:00,96.1,
2025-10-10 00:00,96.116,
2025-10-10 01:00,96.11,
2025-10-10 02:00,96.121,
2025-10-10 03:00,96.125,
2025-10-10 04:00,96.125,
2025-10-10 05:00,96.125,
2025-10-10 06:00,96.13,
2025-10-10 07:00,96.132,
2025-10-10 08:00,96.142,
2025-10-10 09:00,96.147,
2025-10-10 10:00,96.146,
2025-10-10 11:00,96.146,
2025-10-10 12:00,96.148,
2025-10-10 13:00,96.141,
2025-10-10 14:00,96.145,
2025-10-10 15:00,96.139,
2025-10-10 16:00,96.135,
2025-10-10 17:00,96.144,
2025-10-10 18:00,96.137,
2025-10-10 19:00,96.133,
2025-10-10 20:00,96.133,
2025-10-10 21:00,96.123,
2025-10-10 22:00,96.124,
2025-10-10 23:00,96.117,
2025-10-11 00:00,96.125,
2025-10-11 01:00,96.123,
2025-10-11 02:00,96.134,
2025-10-11 03:00,96.135,
2025-10-11 04:00,96.136,
2025-10-11 05:00,96.143,
2025-10-11 06:00,96.146,
2025-10-11 07:00,96.149,
2025-10-11 08:00,96.153,
2025-10-11 09:00,96.149,
2025-10-11 10:00,96.151,
2025-10-11 11:00,96.145,
2025-10-11 12:00,96.139,
2025-10-11 13:00,96.135,
2025-10-11 14:00,96.134,
2025-10-11 15:00,96.139,
2025-10-11 16:00,96.139,
2025-10-11 17:00,96.137,
2025-10-11 18:00,96.123,
2025-10-11 19:00,96.124,
2025-10-11 20:00,96.12,
2025-10-11 21:00,96.113,
2025-10-11 22:00,96.106,
2025-10-11 23:00,96.109,
2025-10-12 00:00,96.107,
2025-10-12 01:00,96.113,
2025-10-12 02:00,96.117,
2025-10-12 03:00,96.126,
2025-10-12 04:00,96.125,
2025-10-12 05:00,96.129,
2025-10-12 06:00,96.135,
2025-10-12 07:00,96.137,
2025-10-12 08:00,96.142,
2025-10-12 09:00,96.141,
2025-10-12 10:00,96.144,
2025-10-12 11:00,96.131,
2025-10-12 12:00,96.133,
2025-10-12 13:00,96.154,
2025-10-12 14:00,96.125,
2025-10-12 15:00,96.124,
2025-10-12 16:00,96.122,
2025-10-12 17:00,96.127,
2025-10-12 18:00,96.122,
2025-10-12 19:00,96.118,
2025-10-12 20:00,96.114,
2025-10-12 21:00,96.104,
2025-10-12 22:00,96.101,
2025-10-12 23:00,96.097,
2025-10-13 00:00,96.107,
2025-10-13 01:00,96.108,
2025-10-13 02:00,96.106,
2025-10-13 03:00,96.116,
2025-10-13 04:00,96.116,
2025-10-13 05:00,96.123,
2025-10-13 06:00,96.123,
2025-10-13 07:00,96.128,
2025-10-13 08:00,96.128,
2025-10-13 09:00,96.131,
2025-10-13 10:00,96.128,
2025-10-13 11:00,96.122,
2025-10-13 12:00,96.112,
2025-10-13 13:00,96.113,
2025-10-13 14:00,96.107,
2025-10-13 15:00,96.104,
2025-10-13 16:00,96.101,
2025-10-13 17:00,96.101,
2025-10-13 18:00,96.097,
2025-10-13 19:00,96.096,
2025-10-13 20:00,96.083,
2025-10-13 21:00,96.082,
2025-10-13 22:00,96.113,
2025-10-13 23:00,96.123,
2025-10-14 00:00,96.154,
2025-10-14 01:00,96.163,
2025-10-14 02:00,96.182,
2025-10-14 03:00,96.203,
2025-10-14 04:00,96.215,
2025-10-14 05:00,96.231,
2025-10-14 06:00,96.239,
2025-10-14 07:00,96.259,
2025-10-14 08:00,96.264,
2025-10-14 09:00,96.271,
2025-10-14 10:00,96.293,
2025-10-14 11:00,96.301,
2025-10-14 12:00,96.293,
2025-10-14 13:00,96.307,
2025-10-14 14:00,96.308,
2025-10-14 15:00,96.298,
2025-10-14 16:00,96.297,
2025-10-14 17:00,96.298,
2025-10-14 18:00,96.299,
2025-10-14 19:00,96.3,
2025-10-14 20:00,96.299,
2025-10-14 21:00,96.297,
2025-10-14 22:00,96.296,
2025-10-14 23:00,96.301,
2025-10-15 00:00,96.301,
2025-10-15 01:00,96.309,
2025-10-15 02:00,96.312,
2025-10-15 03:00,96.317,
2025-10-15 04:00,96.322,
2025-10-15 05:00,96.324,
2025-10-15 06:00,96.329,
2025-10-15 07:00,96.334,
2025-10-15 08:00,96.338,
2025-10-15 09:00,96.336,
2025-10-15 10:00,96.341,
2025-10-15 11:00,96.342,
2025-10-15 12:00,96.34,
2025-10-15 13:00,96.334,
2025-10-15 14:00,96.326,
2025-10-15 15:00,96.327,
2025-10-15 16:00,96.338,
2025-10-15 17:00,96.328,
2025-10-15 18:00,96.334,
2025-10-15 19:00,96.327,
2025-10-15 20:00,96.323,
2025-10-15 21:00,96.319,
2025-10-15 22:00,96.314,
2025-10-15 23:00,96.314,
2025-10-16 00:00,96.31,
2025-10-16 01:00,96.323,
2025-10-16 02:00,96.32,
2025-10-16 03:00,96.326,
2025-10-16 04:00,96.337,
2025-10-16 05:00,96.336,
2025-10-16 06:00,96.346,
2025-10-16 07:00,96.341,
2025-10-16 08:00,96.345,
2025-10-16 09:00,96.346,
2025-10-16 10:00,96.345,
2025-10-16 11:00,96.341,
2025-10-16 12:00,96.338,
2025-10-16 13:00,96.338,
2025-10-16 14:00,96.368,
2025-10-16 15:00,96.346,
2025-10-16 16:00,96.354,
2025-10-16 17:00,96.346,
2025-10-16 18:00,96.341,
2025-10-16 19:00,96.361,
2025-10-16 20:00,96.369,
2025-10-16 21:00,96.336,
2025-10-16 22:00,96.331,
2025-10-16 23:00,96.334,
2025-10-17 00:00,96.349,
2025-10-17 01:00,96.344,
2025-10-17 02:00,96.349,
2025-10-17 03:00,96.383,
2025-10-17 04:00,96.384,
2025-10-17 05:00,96.389,
2025-10-17 06:00,96.387,
2025-10-17 07:00,96.389,
2025-10-17 08:00,96.391,
2025-10-17 09:00,96.388,
2025-10-17 10:00,96.389,
2025-10-17 11:00,96.397,
2025-10-17 12:00,96.386,
2025-10-17 13:00,96.393,
2025-10-17 14:00,96.394,
2025-10-17 15:00,96.4,
2025-10-17 16:00,96.408,
2025-10-17 17:00,96.412,
2025-10-17 18:00,96.406,
2025-10-17 19:00,96.414,
2025-10-17 20:00,96.4,
2025-10-17 21:00,96.397,
2025-10-17 22:00,96.392,
2025-10-17 23:00,96.4,
2025-10-18 00:00,96.4,
2025-10-18 01:00,96.413,
2025-10-18 02:00,96.427,
2025-10-18 03:00,96.441,
2025-10-18 04:00,96.45,
2025-10-18 05:00,96.464,
2025-10-18 06:00,96.466,
2025-10-18 07:00,96.48,
2025-10-18 08:00,96.486,
2025-10-18 09:00,96.491,
2025-10-18 10:00,96.487,
2025-10-18 11:00,96.473,
2025-10-18 12:00,96.478,
2025-10-18 13:00,96.483,
2025-10-18 14:00,96.483,
2025-10-18 15:00,96.48,
2025-10-18 16:00,96.484,
2025-10-18 17:00,96.482,
2025-10-18 18:00,96.529,
2025-10-18 19:00,96.548,
2025-10-18 20:00,96.52,
2025-10-18 21:00,96.536,
2025-10-18 22:00,96.546,
2025-10-18 23:00,96.565,
2025-10-19 00:00,96.595,
2025-10-19 01:00,96.629,
2025-10-19 02:00,96.662,
2025-10-19 03:00,96.69,
2025-10-19 04:00,96.716,
2025-10-19 05:00,96.74,
2025-10-19 06:00,96.755,
2025-10-19 07:00,96.776,
2025-10-19 08:00,96.793,
2025-10-19 09:00,96.812,
2025-10-19 10:00,96.82,
2025-10-19 11:00,96.83,
2025-10-19 12:00,96.833,
2025-10-19 13:00,96.832,
2025-10-19 14:00,96.828,
2025-10-19 15:00,96.832,
2025-10-19 16:00,96.839,
2025-10-19 17:00,96.818,
2025-10-19 18:00,96.83,
2025-10-19 19:00,96.829,
2025-10-19 20:00,96.876,
2025-10-19 21:00,96.851,
2025-10-19 22:00,96.841,
2025-10-19 23:00,96.847,
2025-10-20 00:00,96.859,
2025-10-20 01:00,96.884,
2025-10-20 02:00,96.907,
2025-10-20 03:00,96.924,
2025-10-20 04:00,96.949,
2025-10-20 05:00,96.97,
2025-10-20 06:00,96.987,
2025-10-20 07:00,97.002,
2025-10-20 08:00,97.007,
2025-10-20 09:00,97.019,
2025-10-20 10:00,97.021,
2025-10-20 11:00,97.012,
2025-10-20 12:00,97.05,
2025-10-20 13:00,97.028,
2025-10-20 14:00,97.031,
2025-10-20 15:00,97.036,
2025-10-20 16:00,97.04,
2025-10-20 17:00,97.049,
2025-10-20 18:00,97.055,
2025-10-20 19:00,97.07,
2025-10-20 20:00,97.06,
2025-10-20 21:00,97.071,
2025-10-20 22:00,97.058,
2025-10-20 23:00,97.069,
2025-10-21 00:00,97.079,
2025-10-21 01:00,97.085,
2025-10-21 02:00,97.095,
2025-10-21 03:00,97.102,
2025-10-21 04:00,97.11,
2025-10-21 05:00,97.119,
2025-10-21 06:00,97.132,
2025-10-21 07:00,97.138,
2025-10-21 08:00,97.146,
2025-10-21 09:00,97.144,
2025-10-21 10:00,97.144,
2025-10-21 11:00,97.136,
2025-10-21 12:00,97.139,
2025-10-21 13:00,97.136,
2025-10-21 14:00,97.137,
2025-10-21 15:00,97.132,
2025-10-21 16:00,97.146,
2025-10-21 17:00,97.144,
2025-10-21 18:00,97.134,
2025-10-21 19:00,97.14,
2025-10-21 20:00,97.166,
2025-10-21 21:00,97.158,
2025-10-21 22:00,97.164,
2025-10-21 23:00,97.163,
2025-10-22 00:00,97.187,
2025-10-22 01:00,97.199,
2025-10-22 02:00,97.207,
2025-10-22 03:00,97.222,
2025-10-22 04:00,97.235,
2025-10-22 05:00,97.242,
2025-10-22 06:00,97.239,
2025-10-22 07:00,97.247,
2025-10-22 08:00,97.246,
2025-10-22 09:00,97.239,
2025-10-22 10:00,97.234,
2025-10-22 11:00,97.232,
2025-10-22 12:00,97.226,
2025-10-22 13:00,97.218,
2025-10-22 14:00,97.212,
2025-10-22 15:00,97.203,
2025-10-22 16:00,97.204,
2025-10-22 17:00,97.193,
2025-10-22 18:00,97.194,
2025-10-22 19:00,97.189,
2025-10-22 20:00,97.182,
2025-10-22 21:00,97.179,
2025-10-22 22:00,97.177,
2025-10-22 23:00,97.183,
2025-10-23 00:00,97.182,
2025-10-23 01:00,97.187,
2025-10-23 02:00,97.197,
2025-10-23 03:00,97.205,
2025-10-23 04:00,97.213,
2025-10-23 05:00,97.217,
2025-10-23 06:00,97.229,
2025-10-23 07:00,97.216,
2025-10-23 08:00,97.217,
2025-10-23 09:00,97.215,
2025-10-23 10:00,97.212,
2025-10-23 11:00,97.199,
2025-10-23 12:00,97.204,
2025-10-23 13:00,97.194,
2025-10-23 14:00,97.186,
2025-10-23 15:00,97.197,
2025-10-23 16:00,97.188,
2025-10-23 17:00,97.179,
2025-10-23 18:00,97.18,
2025-10-23 19:00,97.175,
2025-10-23 20:00,97.168,
2025-10-23 21:00,97.166,
2025-10-23 22:00,97.159,
2025-10-23 23:00,97.156,
2025-10-24 00:00,97.149,
2025-10-24 01:00,97.15,
2025-10-24 02:00,97.151,
2025-10-24 03:00,97.157,
2025-10-24 04:00,97.17,
2025-10-24 05:00,97.177,
2025-10-24 06:00,97.189,
2025-10-24 07:00,97.2,
2025-10-24 08:00,97.219,
2025-10-24 09:00,97.227,
2025-10-24 10:00,97.229,
2025-10-24 11:00,97.233,
2025-10-24 12:00,97.236,
2025-10-24 13:00,97.232,
2025-10-24 14:00,97.268,
2025-10-24 15:00,97.251,
2025-10-24 16:00,97.286,
2025-10-24 17:00,97.281,
2025-10-24 18:00,97.315,
2025-10-24 19:00,97.332,
2025-10-24 20:00,97.331,
2025-10-24 21:00,97.376,
2025-10-24 22:00,97.352,
2025-10-24 23:00,97.362,
2025-10-25 00:00,97.37,
2025-10-25 01:00,97.392,
2025-10-25 02:00,97.426,
2025-10-25 03:00,97.469,
2025-10-25 04:00,97.476,
2025-10-25 05:00,97.514,
2025-10-25 06:00,97.526,
2025-10-25 07:00,97.549,
2025-10-25 08:00,97.564,
2025-10-25 09:00,97.575,
2025-10-25 10:00,97.586,
2025-10-25 11:00,97.592,
2025-10-25 12:00,97.606,
2025-10-25 13:00,97.607,
2025-10-25 14:00,97.627,
2025-10-25 15:00,97.646,
2025-10-25 16:00,97.644,
2025-10-25 17:00,97.644,
2025-10-25 18:00,97.659,
2025-10-25 19:00,97.668,
2025-10-25 20:00,97.673,
2025-10-25 21:00,97.678,
2025-10-25 22:00,97.685,
2025-10-25 23:00,97.69,
2025-10-26 00:00,97.7,
2025-10-26 01:00,97.706,
2025-10-26 02:00,97.71,
2025-10-26 03:00,97.71,
2025-10-26 04:00,97.718,
2025-10-26 05:00,97.719,
2025-10-26 06:00,97.718,
2025-10-26 07:00,97.723,
2025-10-26 08:00,97.726,
2025-10-26 09:00,97.727,
2025-10-26 10:00,97.725,
2025-10-26 11:00,97.721,
2025-10-26 12:00,97.716,
2025-10-26 13:00,97.708,
2025-10-26 14:00,97.707,
2025-10-26 15:00,97.705,
2025-10-26 16:00,97.702,
2025-10-26 17:00,97.708,
2025-10-26 18:00,97.702,
2025-10-26 19:00,97.704,
2025-10-26 20:00,97.701,
2025-10-26 21:00,97.705,
2025-10-26 22:00,97.701,
2025-10-26 23:00,97.699,
2025-10-27 00:00,97.702,
2025-10-27 01:00,97.699,
2025-10-27 02:00,97.697,
2025-10-27 03:00,97.695,
2025-10-27 04:00,97.696,
2025-10-27 05:00,97.692,
2025-10-27 06:00,97.69,
2025-10-27 07:00,97.685,
2025-10-27 08:00,97.679,
2025-10-27 09:00,97.673,
2025-10-27 10:00,97.669,
2025-10-27 11:00,97.668,
2025-10-27 12:00,97.661,
2025-10-27 13:00,97.658,
2025-10-27 14:00,97.65,
2025-10-27 15:00,97.642,
2025-10-27 16:00,97.635,
2025-10-27 17:00,97.636,
2025-10-27 18:00,97.634,
2025-10-27 19:00,97.632,
2025-10-27 20:00,97.627,
2025-10-27 21:00,97.622,
2025-10-27 22:00,97.625,
2025-10-27 23:00,97.623,
2025-10-28 00:00,97.62,
2025-10-28 01:00,97.616,
2025-10-28 02:00,97.613,
2025-10-28 03:00,97.611,
2025-10-28 04:00,97.608,
2025-10-28 05:00,97.605,
2025-10-28 06:00,97.604,
2025-10-28 07:00,97.601,
2025-10-28 08:00,97.597,
2025-10-28 09:00,97.587,
2025-10-28 10:00,97.576,
2025-10-28 11:00,97.578,
2025-10-28 12:00,97.581,
2025-10-28 13:00,97.585,
2025-10-28 14:00,97.581,
2025-10-28 15:00,97.585,
2025-10-28 16:00,97.576,
2025-10-28 17:00,97.578,
2025-10-28 18:00,97.575,
2025-10-28 19:00,97.567,
2025-10-28 20:00,97.56,
2025-10-28 21:00,97.552,
2025-10-28 22:00,97.55,
2025-10-28 23:00,97.547,
2025-10-29 00:00,97.54,
2025-10-29 01:00,97.533,
2025-10-29 02:00,97.531,
2025-10-29 03:00,97.523,
2025-10-29 04:00,97.52,
2025-10-29 05:00,97.512,
2025-10-29 06:00,97.508,
2025-10-29 07:00,97.5,
2025-10-29 08:00,97.492,
2025-10-29 09:00,97.476,
2025-10-29 10:00,97.465,
2025-10-29 11:00,97.452,
2025-10-29 12:00,97.445,
2025-10-29 13:00,97.418,
2025-10-29 14:00,97.4,
2025-10-29 15:00,97.416,
2025-10-29 16:00,97.404,
2025-10-29 17:00,97.398,
2025-10-29 18:00,97.385,
2025-10-29 19:00,97.392,
2025-10-29 20:00,97.36,
2025-10-29 21:00,97.382,
2025-10-29 22:00,97.393,
2025-10-29 23:00,97.386,
2025-10-30 00:00,97.395,
2025-10-30 01:00,97.405,
2025-10-30 02:00,97.398,
2025-10-30 03:00,97.401,
2025-10-30 04:00,97.406,
2025-10-30 05:00,97.406,
2025-10-30 06:00,97.406,
2025-10-30 07:00,97.402,
2025-10-30 08:00,97.389,
2025-10-30 09:00,97.388,
2025-10-30 10:00,97.375,
2025-10-30 11:00,97.375,
2025-10-30 12:00,97.37,
2025-10-30 13:00,97.369,
2025-10-30 14:00,97.359,
2025-10-30 15:00,97.412,
2025-10-30 16:00,97.356,
2025-10-30 17:00,97.358,
2025-10-30 18:00,97.36,
2025-10-30 19:00,97.356,
2025-10-30 20:00,97.353,
2025-10-30 21:00,97.353,
2025-10-30 22:00,97.353,
2025-10-30 23:00,97.349,
2025-10-31 00:00,97.35,
2025-10-31 01:00,97.349,
2025-10-31 02:00,97.349,
2025-10-31 03:00,97.346,
2025-10-31 04:00,97.349,
2025-10-31 05:00,97.349,
2025-10-31 06:00,97.349,
2025-10-31 07:00,97.349,
2025-10-31 08:00,97.356,
2025-10-31 09:00,97.365,
2025-10-31 10:00,97.365,
2025-10-31 11:00,97.363,
2025-10-31 12:00,97.368,
2025-10-31 13:00,97.365,
2025-10-31 14:00,97.361,
2025-10-31 15:00,97.358,
2025-10-31 16:00,97.347,
2025-10-31 17:00,97.341,
2025-10-31 18:00,97.329,
2025-10-31 19:00,97.325,
2025-10-31 20:00,97.319,
2025-10-31 21:00,97.312,
2025-10-31 22:00,97.315,
2025-10-31 23:00,97.312,
2025-11-01 00:00,97.313,
2025-11-01 01:00,97.322,
2025-11-01 02:00,97.318,
2025-11-01 03:00,97.326,
2025-11-01 04:00,97.329,
2025-11-01 05:00,97.326,
2025-11-01 06:00,97.334,
2025-11-01 07:00,97.339,
2025-11-01 08:00,97.346,
2025-11-01 09:00,97.349,
2025-11-01 10:00,97.358,
2025-11-01 11:00,97.356,
2025-11-01 12:00,97.355,
2025-11-01 13:00,97.346,
2025-11-01 14:00,97.345,
2025-11-01 15:00,97.329,
2025-11-01 16:00,97.321,
2025-11-01 17:00,97.311,
2025-11-01 18:00,97.296,
2025-11-01 19:00,97.285,
2025-11-01 20:00,97.27,
2025-11-01 21:00,97.263,
2025-11-01 22:00,97.254,
2025-11-01 23:00,97.252,
2025-11-02 00:00,97.248,
2025-11-02 01:00,97.256,
2025-11-02 02:00,97.259,
2025-11-02 03:00,97.261,
2025-11-02 04:00,97.265,
2025-11-02 05:00,97.273,
2025-11-02 06:00,97.272,
2025-11-02 07:00,97.281,
2025-11-02 08:00,97.28,
2025-11-02 09:00,97.29,
2025-11-02 10:00,97.284,
2025-11-02 11:00,97.281,
2025-11-02 12:00,97.29,
2025-11-02 13:00,97.283,
2025-11-02 14:00,97.268,
2025-11-02 15:00,97.254,
2025-11-02 16:00,97.238,
2025-11-02 17:00,97.223,
2025-11-02 18:00,97.213,
2025-11-02 19:00,97.204,
2025-11-02 20:00,97.2,
2025-11-02 21:00,97.193,
2025-11-02 22:00,97.183,
2025-11-02 23:00,97.186,
2025-11-03 00:00,97.188,
2025-11-03 01:00,97.206,
2025-11-03 02:00,97.214,
2025-11-03 03:00,97.223,
2025-11-03 04:00,97.234,
2025-11-03 05:00,97.241,
2025-11-03 06:00,97.249,
2025-11-03 07:00,97.259,
2025-11-03 08:00,97.26,
2025-11-03 09:00,97.277,
2025-11-03 10:00,97.268,
2025-11-03 11:00,97.277,
2025-11-03 12:00,97.272,
2025-11-03 13:00,97.252,
2025-11-03 14:00,97.257,
2025-11-03 15:00,97.242,
2025-11-03 16:00,97.218,
2025-11-03 17:00,97.218,
2025-11-03 18:00,97.21,
2025-11-03 19:00,97.198,
2025-11-03 20:00,97.192,
2025-11-03 21:00,97.182,
2025-11-03 22:00,97.173,
2025-11-03 23:00,97.175,
2025-11-04 00:00,97.168,
2025-11-04 01:00,97.178,
2025-11-04 02:00,97.184,
2025-11-04 03:00,97.191,
2025-11-04 04:00,97.191,
2025-11-04 05:00,97.199,
2025-11-04 06:00,97.202,
2025-11-04 07:00,97.215,
2025-11-04 08:00,97.215,
2025-11-04 09:00,97.224,
2025-11-04 10:00,97.229,
2025-11-04 11:00,97.233,
2025-11-04 12:00,97.215,
2025-11-04 13:00,97.198,
2025-11-04 14:00,97.186,
2025-11-04 15:00,97.17,
2025-11-04 16:00,97.151,
2025-11-04 17:00,97.139,
2025-11-04 18:00,97.133,
2025-11-04 19:00,97.125,
2025-11-04 20:00,97.112,
2025-11-04 21:00,97.103,
2025-11-04 22:00,97.095,
2025-11-04 23:00,97.087,
2025-11-05 00:00,97.09,
2025-11-05 01:00,97.092,
2025-11-05 02:00,97.089,
2025-11-05 03:00,97.086,
2025-11-05 04:00,97.088,
2025-11-05 05:00,97.086,
2025-11-05 06:00,97.082,
2025-11-05 07:00,97.084,
2025-11-05 08:00,97.078,
2025-11-05 09:00,97.063,
2025-11-05 10:00,97.045,
2025-11-05 11:00,97.041,
2025-11-05 12:00,97.025,
2025-11-05 13:00,97.015,
2025-11-05 14:00,96.997,
2025-11-05 15:00,97.007,
2025-11-05 16:00,97.002,
2025-11-05 17:00,97.007,
2025-11-05 18:00,97.002,
2025-11-05 19:00,96.988,
2025-11-05 20:00,96.986,
2025-11-05 21:00,96.978,
2025-11-05 22:00,96.99,
2025-11-05 23:00,96.979,
2025-11-06 00:00,96.993,
2025-11-06 01:00,96.991,
2025-11-06 02:00,97.001,
2025-11-06 03:00,97.006,
2025-11-06 04:00,97.011,
2025-11-06 05:00,97.016,
2025-11-06 06:00,97.016,
2025-11-06 07:00,97.023,
2025-11-06 08:00,97.025,
2025-11-06 09:00,97.024,
2025-11-06 10:00,97.016,
2025-11-06 11:00,97.014,
2025-11-06 12:00,97.017,
2025-11-06 13:00,97.02,
2025-11-06 14:00,97.017,
2025-11-06 15:00,97.04,
2025-11-06 16:00,97.041,
2025-11-06 17:00,97.043,
2025-11-06 18:00,97.04,
2025-11-06 19:00,96.993,
2025-11-06 20:00,96.984,
2025-11-06 21:00,96.976,
2025-11-06 22:00,96.955,
2025-11-06 23:00,96.958,
2025-11-07 00:00,96.939,
2025-11-07 01:00,96.956,
2025-11-07 02:00,96.96,
2025-11-07 03:00,96.968,
2025-11-07 04:00,96.974,
2025-11-07 05:00,96.976,
2025-11-07 06:00,96.983,
2025-11-07 07:00,96.991,
2025-11-07 08:00,96.988,
2025-11-07 09:00,96.985,
2025-11-07 10:00,96.99,
2025-11-07 11:00,96.988,
2025-11-07 12:00,96.983,
2025-11-07 13:00,96.987,
2025-11-07 14:00,97.002,
2025-11-07 15:00,97.001,
2025-11-07 16:00,96.994,
2025-11-07 17:00,96.997,
2025-11-07 18:00,96.989,
2025-11-07 19:00,96.965,
2025-11-07 20:00,96.953,
2025-11-07 21:00,96.935,
2025-11-07 22:00,96.915,
2025-11-07 23:00,96.913,
2025-11-08 00:00,96.911,
2025-11-08 01:00,96.915,
2025-11-08 02:00,96.928,
2025-11-08 03:00,96.934,
2025-11-08 04:00,96.934,
2025-11-08 05:00,96.947,
2025-11-08 06:00,96.958,
2025-11-08 07:00,96.959,
2025-11-08 08:00,96.953,
2025-11-08 09:00,96.958,
2025-11-08 10:00,96.946,
2025-11-08 11:00,96.942,
2025-11-08 12:00,96.94,
2025-11-08 13:00,96.962,
2025-11-08 14:00,96.964,
2025-11-08 15:00,97.076,
2025-11-08 16:00,97.005,
2025-11-08 17:00,97.019,
2025-11-08 18:00,96.971,
2025-11-08 19:00,96.984,
2025-11-08 20:00,96.981,
2025-11-08 21:00,96.934,
2025-11-08 22:00,96.922,
2025-11-08 23:00,96.916,
2025-11-09 00:00,96.932,
2025-11-09 01:00,96.936,
2025-11-09 02:00,96.961,
2025-11-09 03:00,96.969,
2025-11-09 04:00,96.971,
2025-11-09 05:00,96.984,
2025-11-09 06:00,96.994,
2025-11-09 07:00,96.999,
2025-11-09 08:00,97.001,
2025-11-09 09:00,97.007,
2025-11-09 10:00,97.003,
2025-11-09 11:00,97.005,
2025-11-09 12:00,96.995,
2025-11-09 13:00,96.999,
2025-11-09 14:00,97.004,
2025-11-09 15:00,97.003,
2025-11-09 16:00,96.995,
2025-11-09 17:00,96.999,
2025-11-09 18:00,97.001,
2025-11-09 19:00,96.977,
2025-11-09 20:00,96.971,
2025-11-09 21:00,96.949,
2025-11-09 22:00,96.959,
2025-11-09 23:00,96.942,
2025-11-10 00:00,96.935,
2025-11-10 01:00,96.946,
2025-11-10 02:00,96.95,
2025-11-10 03:00,96.956,
2025-11-10 04:00,96.967,
2025-11-10 05:00,96.969,
2025-11-10 06:00,96.978,
2025-11-10 07:00,96.986,
2025-11-10 08:00,96.988,
2025-11-10 09:00,96.986,
2025-11-10 10:00,96.986,
2025-11-10 11:00,96.979,
2025-11-10 12:00,96.98,
2025-11-10 13:00,96.975,
2025-11-10 14:00,96.993,
2025-11-10 15:00,96.992,
2025-11-10 16:00,96.986,
2025-11-10 17:00,96.986,
2025-11-10 18:00,96.979,
2025-11-10 19:00,96.962,
2025-11-10 20:00,96.945,
2025-11-10 21:00,96.924,
2025-11-10 22:00,96.91,
2025-11-10 23:00,96.914,
2025-11-11 00:00,96.895,
2025-11-11 01:00,96.915,
2025-11-11 02:00,96.915,
2025-11-11 03:00,96.92,
2025-11-11 04:00,96.93,
2025-11-11 05:00,96.935,
2025-11-11 06:00,96.943,
2025-11-11 07:00,96.945,
2025-11-11 08:00,96.942,
2025-11-11 09:00,96.943,
2025-11-11 10:00,96.937,
2025-11-11 11:00,96.932,
2025-11-11 12:00,96.933,
2025-11-11 13:00,96.942,
2025-11-11 14:00,96.951,
2025-11-11 15:00,96.939,
2025-11-11 16:00,96.928,
2025-11-11 17:00,97.025,
2025-11-11 18:00,96.996,
2025-11-11 19:00,96.94,
2025-11-11 20:00,96.946,
2025-11-11 21:00,96.939,
2025-11-11 22:00,96.904,
2025-11-11 23:00,96.909,
2025-11-12 00:00,96.914,
2025-11-12 01:00,96.928,
2025-11-12 02:00,96.928,
2025-11-12 03:00,96.942,
2025-11-12 04:00,96.955,
2025-11-12 05:00,96.961,
2025-11-12 06:00,96.964,
2025-11-12 07:00,96.969,
2025-11-12 08:00,96.978,
2025-11-12 09:00,96.981,
2025-11-12 10:00,96.974,
2025-11-12 11:00,96.977,
2025-11-12 12:00,96.975,
2025-11-12 13:00,96.971,
2025-11-12 14:00,96.977,
2025-11-12 15:00,96.999,
2025-11-12 16:00,97.004,
2025-11-12 17:00,97.009,
2025-11-12 18:00,97.01,
2025-11-12 19:00,96.994,
2025-11-12 20:00,96.985,
2025-11-12 21:00,96.966,
2025-11-12 22:00,96.954,
2025-11-12 23:00,96.943,
2025-11-13 00:00,96.941,
2025-11-13 01:00,96.963,
2025-11-13 02:00,96.963,
2025-11-13 03:00,96.968,
2025-11-13 04:00,96.974,
2025-11-13 05:00,96.988,
2025-11-13 06:00,97.0,
2025-11-13 07:00,97.006,
2025-11-13 08:00,97.01,
2025-11-13 09:00,97.017,
2025-11-13 10:00,97.017,
2025-11-13 11:00,97.019,
2025-11-13 12:00,97.025,
2025-11-13 13:00,97.033,
2025-11-13 14:00,97.043,
2025-11-13 15:00,97.036,
2025-11-13 16:00,97.049,
2025-11-13 17:00,97.053,
2025-11-13 18:00,97.058,
2025-11-13 19:00,97.047,
2025-11-13 20:00,97.039,
2025-11-13 21:00,97.024,
2025-11-13 22:00,97.016,
2025-11-13 23:00,97.007,
2025-11-14 00:00,97.007,
2025-11-14 01:00,97.02,
2025-11-14 02:00,97.025,
2025-11-14 03:00,97.032,
2025-11-14 04:00,97.034,
2025-11-14 05:00,97.04,
2025-11-14 06:00,97.049,
2025-11-14 07:00,97.049,
2025-11-14 08:00,97.049,
2025-11-14 09:00,97.048,
2025-11-14 10:00,97.051,
2025-11-14 11:00,97.048,
2025-11-14 12:00,97.047,
2025-11-14 13:00,97.056,
2025-11-14 14:00,97.059,
2025-11-14 15:00,97.059,
2025-11-14 16:00,97.065,
2025-11-14 17:00,97.083,
2025-11-14 18:00,97.059,
2025-11-14 19:00,97.069,
2025-11-14 20:00,97.065,
2025-11-14 21:00,97.042,
2025-11-14 22:00,97.02,
2025-11-14 23:00,97.014,
2025-11-15 00:00,97.017,
2025-11-15 01:00,97.024,
2025-11-15 02:00,97.035,
2025-11-15 03:00,97.047,
2025-11-15 04:00,97.046,
2025-11-15 05:00,97.056,
2025-11-15 06:00,97.061,
2025-11-15 07:00,97.067,
2025-11-15 08:00,97.063,
2025-11-15 09:00,97.066,
2025-11-15 10:00,97.062,
2025-11-15 11:00,97.063,
2025-11-15 12:00,97.065,
2025-11-15 13:00,97.061,
2025-11-15 14:00,97.071,
2025-11-15 15:00,97.079,
2025-11-15 16:00,97.079,
2025-11-15 17:00,97.079,
2025-11-15 18:00,97.083,
2025-11-15 19:00,97.068,
2025-11-15 20:00,97.058,
2025-11-15 21:00,97.041,
2025-11-15 22:00,97.026,
2025-11-15 23:00,97.034,
2025-11-16 00:00,97.014,
2025-11-16 01:00,97.034,
2025-11-16 02:00,97.034,
2025-11-16 03:00,97.042,
2025-11-16 04:00,97.04,
2025-11-16 05:00,97.047,
2025-11-16 06:00,97.055,
2025-11-16 07:00,97.054,
2025-11-16 08:00,97.057,
2025-11-16 09:00,97.051,
2025-11-16 10:00,97.055,
2025-11-16 11:00,97.059,
2025-11-16 12:00,97.062,
2025-11-16 13:00,97.073,
2025-11-16 14:00,97.063,
2025-11-16 15:00,97.063,
2025-11-16 16:00,97.057,
2025-11-16 17:00,97.056,
2025-11-16 18:00,97.054,
2025-11-16 19:00,97.056,
2025-11-16 20:00,97.043,
2025-11-16 21:00,97.021,
2025-11-16 22:00,97.013,
2025-11-16 23:00,97.02,
2025-11-17 00:00,97.012,
2025-11-17 01:00,97.014,
2025-11-17 02:00,97.028,
2025-11-17 03:00,97.034,
2025-11-17 04:00,97.037,
2025-11-17 05:00,97.038,
2025-11-17 06:00,97.044,
2025-11-17 07:00,97.047,
2025-11-17 08:00,97.046,
2025-11-17 09:00,97.047,
2025-11-17 10:00,97.044,
2025-11-17 11:00,97.038,
2025-11-17 12:00,97.041,
2025-11-17 13:00,97.052,
2025-11-17 14:00,97.047,
2025-11-17 15:00,97.053,
2025-11-17 16:00,97.052,
2025-11-17 17:00,97.056,
2025-11-17 18:00,97.053,
2025-11-17 19:00,97.046,
2025-11-17 20:00,97.034,
2025-11-17 21:00,97.015,
2025-11-17 22:00,97.006,
2025-11-17 23:00,97.013,
2025-11-18 00:00,97.001,
2025-11-18 01:00,97.007,
2025-11-18 02:00,97.016,
2025-11-18 03:00,97.02,
2025-11-18 04:00,97.025,
2025-11-18 05:00,97.027,
2025-11-18 06:00,97.035,
2025-11-18 07:00,97.037,
2025-11-18 08:00,97.032,
2025-11-18 09:00,97.028,
2025-11-18 10:00,97.022,
2025-11-18 11:00,97.029,
2025-11-18 12:00,97.03,
2025-11-18 13:00,97.035,
2025-11-18 14:00,97.038,
2025-11-18 15:00,97.051,
2025-11-18 16:00,97.061,
2025-11-18 17:00,97.089,
2025-11-18 18:00,97.131,
2025-11-18 19:00,97.172,
2025-11-18 20:00,97.15,
2025-11-18 21:00,97.165,
2025-11-18 22:00,97.17,
2025-11-18 23:00,97.222,
2025-11-19 00:00,97.226,
2025-11-19 01:00,97.252,
2025-11-19 02:00,97.276,
2025-11-19 03:00,97.296,
2025-11-19 04:00,97.308,
2025-11-19 05:00,97.32,
2025-11-19 06:00,97.331,
2025-11-19 07:00,97.341,
2025-11-19 08:00,97.351,
2025-11-19 09:00,97.361,
2025-11-19 10:00,97.371,
2025-11-19 11:00,97.374,
2025-11-19 12:00,97.371,
2025-11-19 13:00,97.368,
2025-11-19 14:00,97.365,
2025-11-19 15:00,97.362,
2025-11-19 16:00,97.359,
2025-11-19 17:00,97.355,
2025-11-19 18:00,97.352,
2025-11-19 19:00,97.367,
2025-11-19 20:00,97.383,
2025-11-19 21:00,97.398,
2025-11-19 22:00,97.406,
2025-11-19 23:00,97.411,
2025-11-20 00:00,97.409,
2025-11-20 01:00,97.388,
2025-11-20 02:00,97.375,
2025-11-20 03:00,97.403,
2025-11-20 04:00,97.432,
2025-11-20 05:00,97.461,
2025-11-20 06:00,97.489,
2025-11-20 07:00,97.492,
2025-11-20 08:00,97.494,
2025-11-20 09:00,97.497,
2025-11-20 10:00,97.508,
2025-11-20 11:00,97.52,
2025-11-20 12:00,97.525,
2025-11-20 13:00,97.528,
2025-11-20 14:00,97.531,
2025-11-20 15:00,97.534,
2025-11-20 16:00,97.537,
2025-11-20 17:00,97.54,
2025-11-20 18:00,97.543,
2025-11-20 19:00,97.546,
2025-11-20 20:00,97.549,
2025-11-20 21:00,97.552,
2025-11-20 22:00,97.556,
2025-11-20 23:00,97.559,
2025-11-21 00:00,97.563,
2025-11-21 01:00,97.566,
2025-11-21 02:00,97.575,
2025-11-21 03:00,97.583,
2025-11-21 04:00,97.591,
2025-11-21 05:00,97.599,
2025-11-21 06:00,97.607,
2025-11-21 07:00,97.615,
2025-11-21 08:00,97.623,
2025-11-21 09:00,97.631,
2025-11-21 10:00,97.64,
2025-11-21 11:00,97.648,
2025-11-21 12:00,97.657,
2025-11-21 13:00,97.665,
2025-11-21 14:00,97.674,
2025-11-21 15:00,97.678,
2025-11-21 16:00,97.681,
2025-11-21 17:00,97.684,
2025-11-21 18:00,97.682,
2025-11-21 19:00,97.68,
2025-11-21 20:00,97.678,
2025-11-21 21:00,97.68,
2025-11-21 22:00,97.694,
2025-11-21 23:00,97.708,
2025-11-22 00:00,97.722,
2025-11-22 01:00,97.737,
2025-11-22 02:00,97.751,
2025-11-22 03:00,97.766,
2025-11-22 04:00,97.78,
2025-11-22 05:00,97.795,
2025-11-22 06:00,97.809,
2025-11-22 07:00,97.824,
2025-11-22 08:00,97.838,
2025-11-22 09:00,97.853,
2025-11-22 10:00,97.867,
2025-11-22 11:00,97.882,
2025-11-22 12:00,97.896,
2025-11-22 13:00,97.911,
2025-11-22 14:00,97.925,
2025-11-22 15:00,97.94,
2025-11-22 16:00,97.954,
2025-11-22 17:00,97.968,
2025-11-22 18:00,97.982,
2025-11-22 19:00,97.996,
2025-11-22 20:00,98.009,
2025-11-22 21:00,98.023,
2025-11-22 22:00,98.036,
2025-11-22 23:00,98.05,
2025-11-23 00:00,98.063,
2025-11-23 01:00,98.078,
2025-11-23 02:00,98.098,
2025-11-23 03:00,98.118,
2025-11-23 04:00,98.137,
2025-11-23 05:00,98.157,
2025-11-23 06:00,98.176,
2025-11-23 07:00,98.202,
2025-11-23 08:00,98.247,
2025-11-23 09:00,98.292,
2025-11-23 10:00,98.338,
2025-11-23 11:00,98.383,
2025-11-23 12:00,98.429,
2025-11-23 13:00,98.474,
2025-11-23 14:00,98.52,
2025-11-23 15:00,98.565,
2025-11-23 16:00,98.611,
2025-11-23 17:00,98.656,
2025-11-23 18:00,98.702,
2025-11-23 19:00,98.747,
2025-11-23 20:00,98.793,
2025-11-23 21:00,98.838,
2025-11-23 22:00,98.875,
2025-11-23 23:00,98.903,
2025-11-24 00:00,98.93,
2025-11-24 01:00,98.958,
2025-11-24 02:00,98.983,
2025-11-24 03:00,99.002,
2025-11-24 04:00,99.021,
2025-11-24 05:00,99.044,
2025-11-24 06:00,99.075,
2025-11-24 07:00,99.106,
2025-11-24 08:00,99.137,
2025-11-24 09:00,99.168,
2025-11-24 10:00,99.199,
2025-11-24 11:00,99.23,
2025-11-24 12:00,99.261,
2025-11-24 13:00,99.293,
2025-11-24 14:00,99.324,
2025-11-24 15:00,99.356,
2025-11-24 16:00,99.387,
2025-11-24 17:00,99.419,
2025-11-24 18:00,99.45,
2025-11-24 19:00,99.482,
2025-11-24 20:00,99.521,
2025-11-24 21:00,99.541,
2025-11-24 22:00,99.526,
2025-11-24 23:00,99.611,
2025-11-25 00:00,99.641,
2025-11-25 01:00,99.692,
2025-11-25 02:00,99.738,
2025-11-25 03:00,99.811,
2025-11-25 04:00,99.852,
2025-11-25 05:00,99.909,
2025-11-25 06:00,99.966,
2025-11-25 07:00,100.006,
2025-11-25 08:00,100.039,
2025-11-25 09:00,100.072,
2025-11-25 10:00,100.107,
2025-11-25 11:00,100.129,
2025-11-25 12:00,100.161,
2025-11-25 13:00,100.181,
2025-11-25 14:00,100.202,
2025-11-25 15:00,100.225,
2025-11-25 16:00,100.251,
2025-11-25 17:00,100.284,
2025-11-25 18:00,100.322,
2025-11-25 19:00,100.36,
2025-11-25 20:00,100.396,
2025-11-25 21:00,100.428,
2025-11-25 22:00,100.499,
2025-11-25 23:00,100.498,
2025-11-26 00:00,100.559,
2025-11-26 01:00,100.609,
2025-11-26 02:00,100.662,
2025-11-26 03:00,100.726,
2025-11-26 04:00,100.814,
2025-11-26 05:00,100.892,
2025-11-26 06:00,100.978,
2025-11-26 07:00,101.03,
2025-11-26 08:00,101.091,
2025-11-26 09:00,101.166,
2025-11-26 10:00,101.216,
2025-11-26 11:00,101.281,
2025-11-26 12:00,101.325,
2025-11-26 13:00,101.358,
2025-11-26 14:00,101.397,
2025-11-26 15:00,101.429,
2025-11-26 16:00,101.468,
2025-11-26 17:00,101.494,
2025-11-26 18:00,101.525,
2025-11-26 19:00,101.555,
2025-11-26 20:00,101.585,
2025-11-26 21:00,101.62,
2025-11-26 22:00,101.701,
2025-11-26 23:00,101.696,
2025-11-27 00:00,101.734,
2025-11-27 01:00,101.771,
2025-11-27 02:00,101.809,
2025-11-27 03:00,101.855,
2025-11-27 04:00,101.886,
2025-11-27 05:00,101.951,
2025-11-27 06:00,101.958,
2025-11-27 07:00,101.996,
2025-11-27 08:00,102.02,
2025-11-27 09:00,102.049,
2025-11-27 10:00,102.081,
2025-11-27 11:00,102.108,
2025-11-27 12:00,102.132,
2025-11-27 13:00,102.168,
2025-11-27 14:00,102.197,
2025-11-27 15:00,102.243,
2025-11-27 16:00,102.266,
2025-11-27 17:00,102.294,
2025-11-27 18:00,102.321,
2025-11-27 19:00,102.352,
2025-11-27 20:00,102.378,
2025-11-27 21:00,102.407,
2025-11-27 22:00,102.422,
2025-11-27 23:00,102.447,
2025-11-28 00:00,102.477,
2025-11-28 01:00,102.496,
2025-11-28 02:00,102.507,
2025-11-28 03:00,102.533,
2025-11-28 04:00,102.545,
2025-11-28 05:00,102.565,
2025-11-28 06:00,102.587,
2025-11-28 07:00,102.6,
2025-11-28 08:00,102.624,
2025-11-28 09:00,102.633,
2025-11-28 10:00,102.665,
2025-11-28 11:00,102.684,
2025-11-28 12:00,102.694,
2025-11-28 13:00,102.737,
2025-11-28 14:00,102.757,
2025-11-28 15:00,102.732,
2025-11-28 16:00,102.764,
2025-11-28 17:00,102.805,
2025-11-28 18:00,102.846,
2025-11-28 19:00,102.85,
2025-11-28 20:00,102.865,
2025-11-28 21:00,102.926,
2025-11-28 22:00,102.916,
2025-11-28 23:00,102.956,
2025-11-29 00:00,102.967,
2025-11-29 01:00,102.989,
2025-11-29 02:00,103.021,
2025-11-29 03:00,103.018,
2025-11-29 04:00,103.03,
2025-11-29 05:00,103.058,
2025-11-29 06:00,103.081,
2025-11-29 07:00,103.102,
2025-11-29 08:00,103.124,
2025-11-29 09:00,103.148,
2025-11-29 10:00,103.171,
2025-11-29 11:00,103.197,
2025-11-29 12:00,103.208,
2025-11-29 13:00,103.224,
2025-11-29 14:00,103.249,
2025-11-29 15:00,103.262,
2025-11-29 16:00,103.276,
2025-11-29 17:00,103.285,
2025-11-29 18:00,103.293,
2025-11-29 19:00,103.306,
2025-11-29 20:00,103.318,
2025-11-29 21:00,103.325,
2025-11-29 22:00,103.33,
2025-11-29 23:00,103.341,
2025-11-30 00:00,103.347,
2025-11-30 01:00,103.357,
2025-11-30 02:00,103.378,
2025-11-30 03:00,103.399,
2025-11-30 04:00,103.42,
2025-11-30 05:00,103.446,
2025-11-30 06:00,103.468,
2025-11-30 07:00,103.489,
2025-11-30 08:00,103.504,
2025-11-30 09:00,103.523,
2025-11-30 10:00,103.53,
2025-11-30 11:00,103.551,
2025-11-30 12:00,103.569,
2025-11-30 13:00,103.596,
2025-11-30 14:00,103.617,
2025-11-30 15:00,103.632,
2025-11-30 16:00,103.636,
2025-11-30 17:00,103.651,
2025-11-30 18:00,103.65,
2025-11-30 19:00,103.665,
2025-11-30 20:00,103.683,
2025-11-30 21:00,103.7,
2025-11-30 22:00,103.713,
2025-11-30 23:00,103.726,
2025-12-01 00:00,103.739,
2025-12-01 01:00,103.75,
2025-12-01 02:00,103.764,
2025-12-01 03:00,103.772,
2025-12-01 04:00,103.783,
2025-12-01 05:00,103.796,
2025-12-01 06:00,103.807,
2025-12-01 07:00,103.816,
2025-12-01 08:00,103.828,
2025-12-01 09:00,103.834,
2025-12-01 10:00,103.838,
2025-12-01 11:00,103.844,
2025-12-01 12:00,103.86,
2025-12-01 13:00,103.875,
2025-12-01 14:00,103.886,
2025-12-01 15:00,103.895,
2025-12-01 16:00,103.906,
2025-12-01 17:00,103.907,
2025-12-01 18:00,103.907,
2025-12-01 19:00,103.915,
2025-12-01 20:00,103.926,
2025-12-01 21:00,103.936,
2025-12-01 22:00,103.945,
2025-12-01 23:00,103.953,
2025-12-02 00:00,103.957,
2025-12-02 01:00,103.966,
2025-12-02 02:00,103.971,
2025-12-02 03:00,103.978,
2025-12-02 04:00,103.986,
2025-12-02 05:00,103.991,
2025-12-02 06:00,103.999,
2025-12-02 07:00,104.003,
2025-12-02 08:00,104.013,
2025-12-02 09:00,104.014,
2025-12-02 10:00,104.013,
2025-12-02 11:00,104.013,
2025-12-02 12:00,104.025,
2025-12-02 13:00,104.025,
2025-12-02 14:00,104.036,
2025-12-02 15:00,104.043,
2025-12-02 16:00,104.044,
2025-12-02 17:00,104.056,
2025-12-02 18:00,104.067,
2025-12-02 19:00,104.091,
2025-12-02 20:00,104.107,
2025-12-02 21:00,104.118,
2025-12-02 22:00,104.131,
2025-12-02 23:00,104.147,
2025-12-03 00:00,104.158,
2025-12-03 01:00,104.176,
2025-12-03 02:00,104.188,
2025-12-03 03:00,104.197,
2025-12-03 04:00,104.204,
2025-12-03 05:00,104.214,
2025-12-03 06:00,104.228,
2025-12-03 07:00,104.236,
2025-12-03 08:00,104.243,
2025-12-03 09:00,104.251,
2025-12-03 10:00,104.249,
2025-12-03 11:00,104.265,
2025-12-03 12:00,104.271,
2025-12-03 13:00,104.28,
2025-12-03 14:00,104.281,
2025-12-03 15:00,104.296,
2025-12-03 16:00,104.302,
2025-12-03 17:00,104.307,
2025-12-03 18:00,104.308,
2025-12-03 19:00,104.318,
2025-12-03 20:00,104.336,
2025-12-03 21:00,104.336,
2025-12-03 22:00,104.346,
2025-12-03 23:00,104.353,
2025-12-04 00:00,104.359,
2025-12-04 01:00,104.359,
2025-12-04 02:00,104.38,
2025-12-04 03:00,104.378,
2025-12-04 04:00,104.388,
2025-12-04 05:00,104.396,
2025-12-04 06:00,104.404,
2025-12-04 07:00,104.404,
2025-12-04 08:00,104.396,
2025-12-04 09:00,104.399,
2025-12-04 10:00,104.399,
2025-12-04 11:00,104.404,
2025-12-04 12:00,104.402,
2025-12-04 13:00,104.405,
2025-12-04 14:00,104.409,
2025-12-04 15:00,104.409,
2025-12-04 16:00,104.409,
2025-12-04 17:00,104.411,
2025-12-04 18:00,104.414,
2025-12-04 19:00,104.425,
2025-12-04 20:00,104.431,
2025-12-04 21:00,104.437,
2025-12-04 22:00,104.432,
2025-12-04 23:00,104.436,
2025-12-05 00:00,104.444,
2025-12-05 01:00,104.436,
2025-12-05 02:00,104.436,
2025-12-05 03:00,104.451,
2025-12-05 04:00,104.439,
2025-12-05 05:00,104.445,
2025-12-05 06:00,104.459,
2025-12-05 07:00,104.449,
2025-12-05 08:00,104.457,
2025-12-05 09:00,104.455,
2025-12-05 10:00,104.451,
2025-12-05 11:00,104.448,
2025-12-05 12:00,104.442,
2025-12-05 13:00,104.447,
2025-12-05 14:00,104.452,
2025-12-05 15:00,104.459,
2025-12-05 16:00,104.483,
2025-12-05 17:00,104.496,
2025-12-05 18:00,104.498,
2025-12-05 19:00,104.503,
2025-12-05 20:00,104.511,
2025-12-05 21:00,104.516,
2025-12-05 22:00,104.519,
2025-12-05 23:00,104.533,
2025-12-06 00:00,104.533,
2025-12-06 01:00,104.535,
2025-12-06 02:00,104.533,
2025-12-06 03:00,104.536,
2025-12-06 04:00,104.546,
2025-12-06 05:00,104.528,
2025-12-06 06:00,104.536,
2025-12-06 07:00,104.543,
2025-12-06 08:00,104.535,
2025-12-06 09:00,104.55,
2025-12-06 10:00,104.552,
2025-12-06 11:00,104.558,
2025-12-06 12:00,104.561,
2025-12-06 13:00,104.572,
2025-12-06 14:00,104.578,
2025-12-06 15:00,104.589,
2025-12-06 16:00,104.59,
2025-12-06 17:00,104.6,
2025-12-06 18:00,104.593,
2025-12-06 19:00,104.599,
2025-12-06 20:00,104.599,
2025-12-06 21:00,104.599,
2025-12-06 22:00,104.599,
2025-12-06 23:00,104.589,
2025-12-07 00:00,104.595,
2025-12-07 01:00,104.603,
2025-12-07 02:00,104.6,
2025-12-07 03:00,104.592,
2025-12-07 04:00,104.595,
2025-12-07 05:00,104.598,
2025-12-07 06:00,104.593,
2025-12-07 07:00,104.591,
2025-12-07 08:00,104.595,
2025-12-07 09:00,104.595,
2025-12-07 10:00,104.596,
2025-12-07 11:00,104.601,
2025-12-07 12:00,104.606,
2025-12-07 13:00,104.611,
2025-12-07 14:00,104.618,
2025-12-07 15:00,104.624,
2025-12-07 16:00,104.616,
2025-12-07 17:00,104.611,
2025-12-07 18:00,104.611,
2025-12-07 19:00,104.606,
2025-12-07 20:00,104.614,
2025-12-07 21:00,104.608,
2025-12-07 22:00,104.617,
2025-12-07 23:00,104.617,
2025-12-08 00:00,104.608,
2025-12-08 01:00,104.608,
2025-12-08 02:00,104.624,
2025-12-08 03:00,104.66,
2025-12-08 04:00,104.608,
2025-12-08 05:00,104.608,
2025-12-08 06:00,104.602,
2025-12-08 07:00,104.603,
2025-12-08 08:00,104.597,
2025-12-08 09:00,104.596,
2025-12-08 10:00,104.597,
2025-12-08 11:00,104.59,
2025-12-08 12:00,104.594,
2025-12-08 13:00,104.593,
2025-12-08 14:00,104.593,
2025-12-08 15:00,104.587,
2025-12-08 16:00,104.585,
2025-12-08 17:00,104.577,
2025-12-08 18:00,104.576,
2025-12-08 19:00,104.565,
2025-12-08 20:00,104.568,
2025-12-08 21:00,104.559,
2025-12-08 22:00,104.561,
2025-12-08 23:00,104.548,
2025-12-09 00:00,104.547,
2025-12-09 01:00,104.537,
2025-12-09 02:00,104.545,
2025-12-09 03:00,104.553,
2025-12-09 04:00,104.538,
2025-12-09 05:00,104.545,
2025-12-09 06:00,104.541,
2025-12-09 07:00,104.537,
2025-12-09 08:00,104.53,
2025-12-09 09:00,104.515,
2025-12-09 10:00,104.508,
2025-12-09 11:00,104.511,
2025-12-09 12:00,104.507,
2025-12-09 13:00,104.503,
2025-12-09 14:00,104.507,
2025-12-09 15:00,104.504,
2025-12-09 16:00,104.504,
2025-12-09 17:00,104.492,
2025-12-09 18:00,104.489,
2025-12-09 19:00,104.492,
2025-12-09 20:00,104.487,
2025-12-09 21:00,104.491,
2025-12-09 22:00,104.482,
2025-12-09 23:00,104.488,
2025-12-10 00:00,104.478,
2025-12-10 01:00,104.479,
2025-12-10 02:00,104.467,
2025-12-10 03:00,104.479,
2025-12-10 04:00,104.473,
2025-12-10 05:00,104.463,
2025-12-10 06:00,104.472,
2025-12-10 07:00,104.464,
2025-12-10 08:00,104.459,
2025-12-10 09:00,104.454,
2025-12-10 10:00,104.445,
2025-12-10 11:00,104.442,
2025-12-10 12:00,104.445,
2025-12-10 13:00,104.433,
2025-12-10 14:00,104.433,
2025-12-10 15:00,104.43,
2025-12-10 16:00,104.428,
2025-12-10 17:00,104.426,
2025-12-10 18:00,104.423,
2025-12-10 19:00,104.425,
2025-12-10 20:00,104.431,
2025-12-10 21:00,104.427,
2025-12-10 22:00,104.43,
2025-12-10 23:00,104.423,
2025-12-11 00:00,104.416,
2025-12-11 01:00,104.418,
2025-12-11 02:00,104.425,
2025-12-11 03:00,104.412,
2025-12-11 04:00,104.413,
2025-12-11 05:00,104.415,
2025-12-11 06:00,104.412,
2025-12-11 07:00,104.417,
2025-12-11 08:00,104.412,
2025-12-11 09:00,104.405,
2025-12-11 10:00,104.402,
2025-12-11 11:00,104.399,
2025-12-11 12:00,104.392,
2025-12-11 13:00,104.395,
2025-12-11 14:00,104.388,
2025-12-11 15:00,104.382,
2025-12-11 16:00,104.379,
2025-12-11 17:00,104.378,
2025-12-11 18:00,104.366,
2025-12-11 19:00,104.378,
2025-12-11 20:00,104.366,
2025-12-11 21:00,104.364,
2025-12-11 22:00,104.355,
2025-12-11 23:00,104.365,
2025-12-12 00:00,104.364,
2025-12-12 01:00,104.353,
2025-12-12 02:00,104.361,
2025-12-12 03:00,104.367,
2025-12-12 04:00,104.364,
2025-12-12 05:00,104.374,
2025-12-12 06:00,104.369,
2025-12-12 07:00,104.364,
2025-12-12 08:00,104.364,
2025-12-12 09:00,104.37,
2025-12-12 10:00,104.362,
2025-12-12 11:00,104.363,
2025-12-12 12:00,104.363,
2025-12-12 13:00,104.358,
2025-12-12 14:00,104.368,
2025-12-12 15:00,104.371,
2025-12-12 16:00,104.367,
2025-12-12 17:00,104.36,
2025-12-12 18:00,104.367,
2025-12-12 19:00,104.362,
2025-12-12 20:00,104.353,
2025-12-12 21:00,104.356,
2025-12-12 22:00,104.344,
2025-12-12 23:00,104.349,
2025-12-13 00:00,104.345,
2025-12-13 01:00,104.35,
2025-12-13 02:00,104.34,
2025-12-13 03:00,104.34,
2025-12-13 04:00,104.358,
2025-12-13 05:00,104.351,
2025-12-13 06:00,104.361,
2025-12-13 07:00,104.356,
2025-12-13 08:00,104.353,
2025-12-13 09:00,104.354,
2025-12-13 10:00,104.347,
2025-12-13 11:00,104.349,
2025-12-13 12:00,104.344,
2025-12-13 13:00,104.348,
2025-12-13 14:00,104.344,
2025-12-13 15:00,104.354,
2025-12-13 16:00,104.355,
2025-12-13 17:00,104.36,
2025-12-13 18:00,104.35,
2025-12-13 19:00,104.346,
2025-12-13 20:00,104.338,
2025-12-13 21:00,104.334,
2025-12-13 22:00,104.334,
2025-12-13 23:00,104.34,
2025-12-14 00:00,104.335,
2025-12-14 01:00,104.347,
2025-12-14 02:00,104.341,
2025-12-14 03:00,104.347,
2025-12-14 04:00,104.349,
2025-12-14 05:00,104.346,
2025-12-14 06:00,104.353,
2025-12-14 07:00,104.347,
2025-12-14 08:00,104.353,
2025-12-14 09:00,104.372,
2025-12-14 10:00,104.391,
2025-12-14 11:00,104.399,
2025-12-14 12:00,104.403,
2025-12-14 13:00,104.419,
2025-12-14 14:00,104.446,
2025-12-14 15:00,104.411,
2025-12-14 16:00,104.429,
2025-12-14 17:00,104.482,
2025-12-14 18:00,104.493,
2025-12-14 19:00,104.461,
2025-12-14 20:00,104.494,
2025-12-14 21:00,104.461,
2025-12-14 22:00,104.471,
2025-12-14 23:00,104.478,
2025-12-15 00:00,104.556,
2025-12-15 01:00,104.573,
2025-12-15 02:00,104.578,
2025-12-15 03:00,104.551,
2025-12-15 04:00,104.56,
2025-12-15 05:00,104.591,
2025-12-15 06:00,104.613,
2025-12-15 07:00,104.613,
2025-12-15 08:00,104.633,
2025-12-15 09:00,104.663,
2025-12-15 10:00,104.679,
2025-12-15 11:00,104.69,
2025-12-15 12:00,104.711,
2025-12-15 13:00,104.721,
2025-12-15 14:00,104.733,
2025-12-15 15:00,104.74,
2025-12-15 16:00,104.749,
2025-12-15 17:00,104.758,
2025-12-15 18:00,104.765,
2025-12-15 19:00,104.767,
2025-12-15 20:00,104.77,
2025-12-15 21:00,104.79,
2025-12-15 22:00,104.789,
2025-12-15 23:00,104.797,
2025-12-16 00:00,104.812,
2025-12-16 01:00,104.812,
2025-12-16 02:00,104.821,
2025-12-16 03:00,104.831,
2025-12-16 04:00,104.849,
2025-12-16 05:00,104.844,
2025-12-16 06:00,104.852,
2025-12-16 07:00,104.869,
2025-12-16 08:00,104.881,
2025-12-16 09:00,104.884,
2025-12-16 10:00,104.882,
2025-12-16 11:00,104.906,
2025-12-16 12:00,104.908,
2025-12-16 13:00,104.916,
2025-12-16 14:00,104.917,
2025-12-16 15:00,104.924,
2025-12-16 16:00,104.94,
2025-12-16 17:00,104.931,
2025-12-16 18:00,104.931,
2025-12-16 19:00,104.932,
2025-12-16 20:00,104.938,
2025-12-16 21:00,104.941,
2025-12-16 22:00,104.944,
2025-12-16 23:00,104.946,
2025-12-17 00:00,104.946,
2025-12-17 01:00,104.983,
2025-12-17 02:00,104.991,
2025-12-17 03:00,104.965,
2025-12-17 04:00,105.0,
2025-12-17 05:00,104.99,
2025-12-17 06:00,105.004,
2025-12-17 07:00,105.046,
2025-12-17 08:00,105.032,
2025-12-17 09:00,105.043,
2025-12-17 10:00,105.008,
2025-12-17 11:00,105.018,
2025-12-17 12:00,105.019,
2025-12-17 13:00,105.032,
2025-12-17 14:00,105.046,
2025-12-17 15:00,105.051,
2025-12-17 16:00,105.076,
2025-12-17 17:00,105.084,
2025-12-17 18:00,105.122,
2025-12-17 19:00,105.151,
2025-12-17 20:00,105.146,
2025-12-17 21:00,105.121,
2025-12-17 22:00,105.13,
2025-12-17 23:00,105.137,
2025-12-18 00:00,105.15,
2025-12-18 01:00,105.162,
2025-12-18 02:00,105.191,
2025-12-18 03:00,105.205,
2025-12-18 04:00,105.215,
2025-12-18 05:00,105.217,
2025-12-18 06:00,105.244,
2025-12-18 07:00,105.212,
2025-12-18 08:00,105.221,
2025-12-18 09:00,105.241,
2025-12-18 10:00,105.239,
2025-12-18 11:00,105.246,
2025-12-18 12:00,105.258,
2025-12-18 13:00,105.272,
2025-12-18 14:00,105.275,
2025-12-18 15:00,105.286,
2025-12-18 16:00,105.297,
2025-12-18 17:00,105.312,
2025-12-18 18:00,105.313,
2025-12-18 19:00,105.32,
2025-12-18 20:00,105.346,
2025-12-18 21:00,105.331,
2025-12-18 22:00,105.346,
2025-12-18 23:00,105.348,
2025-12-19 00:00,105.359,
2025-12-19 01:00,105.367,
2025-12-19 02:00,105.373,
2025-12-19 03:00,105.38,
2025-12-19 04:00,105.39,
2025-12-19 05:00,105.392,
2025-12-19 06:00,105.397,
2025-12-19 07:00,105.402,
2025-12-19 08:00,105.409,
2025-12-19 09:00,105.412,
2025-12-19 10:00,105.418,
2025-12-19 11:00,105.42,
2025-12-19 12:00,105.422,
2025-12-19 13:00,105.424,
2025-12-19 14:00,105.43,
2025-12-19 15:00,105.431,
2025-12-19 16:00,105.439,
2025-12-19 17:00,105.44,
2025-12-19 18:00,105.457,
2025-12-19 19:00,105.46,
2025-12-19 20:00,105.462,
2025-12-19 21:00,105.47,
2025-12-19 22:00,105.477,
2025-12-19 23:00,105.482,
2025-12-20 00:00,105.482,
2025-12-20 01:00,105.49,
2025-12-20 02:00,105.492,
2025-12-20 03:00,105.495,
2025-12-20 04:00,105.504,
2025-12-20 05:00,105.505,
2025-12-20 06:00,105.509,
2025-12-20 07:00,105.516,
2025-12-20 08:00,105.521,
2025-12-20 09:00,105.519,
2025-12-20 10:00,105.518,
2025-12-20 11:00,105.52,
2025-12-20 12:00,105.518,
2025-12-20 13:00,105.521,
2025-12-20 14:00,105.524,
2025-12-20 15:00,105.529,
2025-12-20 16:00,105.533,
2025-12-20 17:00,105.539,
2025-12-20 18:00,105.542,
2025-12-20 19:00,105.543,
2025-12-20 20:00,105.547,
2025-12-20 21:00,105.554,
2025-12-20 22:00,105.56,
2025-12-20 23:00,105.561,
2025-12-21 00:00,105.564,
2025-12-21 01:00,105.568,
2025-12-21 02:00,105.576,
2025-12-21 03:00,105.578,
2025-12-21 04:00,105.58,
2025-12-21 05:00,105.582,
2025-12-21 06:00,105.586,
2025-12-21 07:00,105.591,
2025-12-21 08:00,105.593,
2025-12-21 09:00,105.591,
2025-12-21 10:00,105.589,
2025-12-21 11:00,105.593,
2025-12-21 12:00,105.592,
2025-12-21 13:00,105.59,
2025-12-21 14:00,105.594,
2025-12-21 15:00,105.592,
2025-12-21 16:00,105.624,
2025-12-21 17:00,105.637,
2025-12-21 18:00,105.611,
2025-12-21 19:00,105.618,
2025-12-21 20:00,105.621,
2025-12-21 21:00,105.629,
2025-12-21 22:00,105.63,
2025-12-21 23:00,105.635,
2025-12-22 00:00,105.641,
2025-12-22 01:00,105.641,
2025-12-22 02:00,105.648,
2025-12-22 03:00,105.65,
2025-12-22 04:00,105.658,
2025-12-22 05:00,105.66,
2025-12-22 06:00,105.664,
2025-12-22 07:00,105.666,
2025-12-22 08:00,105.668,
2025-12-22 09:00,105.665,
2025-12-22 10:00,105.667,
2025-12-22 11:00,105.643,
2025-12-22 12:00,105.643,
2025-12-22 13:00,105.648,
2025-12-22 14:00,105.645,
2025-12-22 15:00,105.647,
2025-12-22 16:00,105.65,
2025-12-22 17:00,105.657,
2025-12-22 18:00,105.669,
2025-12-22 19:00,105.663,
2025-12-22 20:00,105.672,
2025-12-22 21:00,105.689,
2025-12-22 22:00,105.691,
2025-12-22 23:00,105.698,
2025-12-23 00:00,105.698,
2025-12-23 01:00,105.704,
2025-12-23 02:00,105.701,
2025-12-23 03:00,105.709,
2025-12-23 04:00,105.712,
2025-12-23 05:00,105.719,
2025-12-23 06:00,105.719,
2025-12-23 07:00,105.721,
2025-12-23 08:00,105.724,
2025-12-23 09:00,105.726,
2025-12-23 10:00,105.725,
2025-12-23 11:00,105.724,
2025-12-23 12:00,105.717,
2025-12-23 13:00,105.713,
2025-12-23 14:00,105.724,
2025-12-23 15:00,105.727,
2025-12-23 16:00,105.725,
2025-12-23 17:00,105.726,
2025-12-23 18:00,105.731,
2025-12-23 19:00,105.729,
2025-12-23 20:00,105.731,
2025-12-23 21:00,105.735,
2025-12-23 22:00,105.733,
2025-12-23 23:00,105.736,
2025-12-24 00:00,105.743,
2025-12-24 01:00,105.747,
2025-12-24 02:00,105.743,
2025-12-24 03:00,105.752,
2025-12-24 04:00,105.755,
2025-12-24 05:00,105.756,
2025-12-24 06:00,105.759,
2025-12-24 07:00,105.758,
2025-12-24 08:00,105.769,
2025-12-24 09:00,105.765,
2025-12-24 10:00,105.766,
2025-12-24 11:00,105.767,
2025-12-24 12:00,105.76,
2025-12-24 13:00,105.761,
2025-12-24 14:00,105.765,
2025-12-24 15:00,105.762,
2025-12-24 16:00,105.764,
2025-12-24 17:00,105.764,
2025-12-24 18:00,105.774,
2025-12-24 19:00,105.77,
2025-12-24 20:00,105.78,
2025-12-24 21:00,105.784,
2025-12-24 22:00,105.784,
2025-12-24 23:00,105.797,
2025-12-25 00:00,105.803,
2025-12-25 01:00,105.806,
2025-12-25 02:00,105.814,
2025-12-25 03:00,105.816,
2025-12-25 04:00,105.817,
2025-12-25 05:00,105.816,
2025-12-25 06:00,105.819,
2025-12-25 07:00,105.824,
2025-12-25 08:00,105.819,
2025-12-25 09:00,105.824,
2025-12-25 10:00,105.827,
2025-12-25 11:00,105.82,
2025-12-25 12:00,105.82,
2025-12-25 13:00,105.817,
2025-12-25 14:00,105.821,
2025-12-25 15:00,105.821,
2025-12-25 16:00,105.828,
2025-12-25 17:00,105.827,
2025-12-25 18:00,105.829,
2025-12-25 19:00,105.833,
2025-12-25 20:00,105.845,
2025-12-25 21:00,105.851,
2025-12-25 22:00,105.846,
2025-12-25 23:00,105.856,
2025-12-26 00:00,105.852,
2025-12-26 01:00,105.861,
2025-12-26 02:00,105.872,
2025-12-26 03:00,105.872,
2025-12-26 04:00,105.877,
2025-12-26 05:00,105.879,
2025-12-26 06:00,105.874,
2025-12-26 07:00,105.878,
2025-12-26 08:00,105.887,
2025-12-26 09:00,105.884,
2025-12-26 10:00,105.903,
2025-12-26 11:00,105.91,
2025-12-26 12:00,105.902,
2025-12-26 13:00,105.901,
2025-12-26 14:00,105.905,
2025-12-26 15:00,105.914,
2025-12-26 16:00,105.905,
2025-12-26 17:00,105.918,
2025-12-26 18:00,105.923,
2025-12-26 19:00,105.924,
2025-12-26 20:00,105.93,
2025-12-26 21:00,105.928,
2025-12-26 22:00,105.926,
2025-12-26 23:00,105.932,
2025-12-27 00:00,105.929,
2025-12-27 01:00,105.942,
2025-12-27 02:00,105.946,
2025-12-27 03:00,105.946,
2025-12-27 04:00,105.944,
2025-12-27 05:00,105.962,
2025-12-27 06:00,105.962,
2025-12-27 07:00,105.962,
2025-12-27 08:00,105.962,
2025-12-27 09:00,105.973,
2025-12-27 10:00,105.965,
2025-12-27 11:00,105.989,
2025-12-27 12:00,105.99,
2025-12-27 13:00,105.999,
2025-12-27 14:00,106.007,
2025-12-27 15:00,105.988,
2025-12-27 16:00,105.993,
2025-12-27 17:00,106.016,
2025-12-27 18:00,106.013,
2025-12-27 19:00,106.009,
2025-12-27 20:00,106.011,
2025-12-27 21:00,106.011,
2025-12-27 22:00,106.024,
2025-12-27 23:00,106.023,
2025-12-28 00:00,106.035,
2025-12-28 01:00,106.031,
2025-12-28 02:00,106.053,
2025-12-28 03:00,106.053,
2025-12-28 04:00,106.064,
2025-12-28 05:00,106.048,
2025-12-28 06:00,106.05,
2025-12-28 07:00,106.067,
2025-12-28 08:00,106.062,
2025-12-28 09:00,106.071,
2025-12-28 10:00,106.076,
2025-12-28 11:00,106.065,
2025-12-28 12:00,106.075,
2025-12-28 13:00,106.079,
2025-12-28 14:00,106.086,
2025-12-28 15:00,106.067,
2025-12-28 16:00,106.068,
2025-12-28 17:00,106.071,
2025-12-28 18:00,106.087,
2025-12-28 19:00,106.098,
2025-12-28 20:00,106.09,
2025-12-28 21:00,106.086,
2025-12-28 22:00,106.095,
2025-12-28 23:00,106.105,
2025-12-29 00:00,106.12,
2025-12-29 01:00,106.117,
2025-12-29 02:00,106.128,
2025-12-29 03:00,106.122,
2025-12-29 04:00,106.133,
2025-12-29 05:00,106.12,
2025-12-29 06:00,106.125,
2025-12-29 07:00,106.13,
2025-12-29 08:00,106.125,
2025-12-29 09:00,106.14,
2025-12-29 10:00,106.122,
2025-12-29 11:00,106.128,
2025-12-29 12:00,106.121,
2025-12-29 13:00,106.135,
2025-12-29 14:00,106.149,
2025-12-29 15:00,106.144,
2025-12-29 16:00,106.149,
2025-12-29 17:00,106.141,
2025-12-29 18:00,106.155,
2025-12-29 19:00,106.165,
2025-12-29 20:00,106.166,
2025-12-29 21:00,106.147,
2025-12-29 22:00,106.155,
2025-12-29 23:00,106.151,
2025-12-30 00:00,106.157,
2025-12-30 01:00,106.162,
2025-12-30 02:00,106.172,
2025-12-30 03:00,106.177,
2025-12-30 04:00,106.17,
2025-12-30 05:00,106.175,
2025-12-30 06:00,106.178,
2025-12-30 07:00,106.174,
2025-12-30 08:00,106.182,
2025-12-30 09:00,106.178,
2025-12-30 10:00,106.176,
2025-12-30 11:00,106.173,
2025-12-30 12:00,106.169,
2025-12-30 13:00,106.19,
2025-12-30 14:00,106.193,
2025-12-30 15:00,106.203,
2025-12-30 16:00,106.19,
2025-12-30 17:00,106.19,
2025-12-30 18:00,106.203,
2025-12-30 19:00,106.194,
2025-12-30 20:00,106.214,
2025-12-30 21:00,106.214,
2025-12-30 22:00,106.205,
2025-12-30 23:00,106.201,
2025-12-31 00:00,106.206,
2025-12-31 01:00,106.199,
2025-12-31 02:00,106.199,
2025-12-31 03:00,106.21,
2025-12-31 04:00,106.205,
2025-12-31 05:00,106.218,
2025-12-31 06:00,106.221,
2025-12-31 07:00,106.219,
2025-12-31 08:00,106.223,
2025-12-31 09:00,106.224,
2025-12-31 10:00,106.221,
2025-12-31 11:00,106.206,
2025-12-31 12:00,106.211,
2025-12-31 13:00,106.22,
2025-12-31 14:00,106.23,
2025-12-31 15:00,106.233,
2025-12-31 16:00,106.235,
2025-12-31 17:00,106.238,
2025-12-31 18:00,106.236,
2025-12-31 19:00,106.237,
2025-12-31 20:00,106.243,
2025-12-31 21:00,106.235,
2025-12-31 22:00,106.241,
2025-12-31 23:00,106.241,
2026-01-01 00:00,106.234,
2026-01-01 01:00,106.234,
2026-01-01 02:00,106.237,
2026-01-01 03:00,106.235,
2026-01-01 04:00,106.238,
2026-01-01 05:00,106.24,
2026-01-01 06:00,106.244,
2026-01-01 07:00,106.247,
2026-01-01 08:00,106.244,
2026-01-01 09:00,106.238,
2026-01-01 10:00,106.237,
2026-01-01 11:00,106.217,
2026-01-01 12:00,106.215,
2026-01-01 13:00,106.223,
2026-01-01 14:00,106.229,
2026-01-01 15:00,106.225,
2026-01-01 16:00,106.241,
2026-01-01 17:00,106.233,
2026-01-01 18:00,106.246,
2026-01-01 19:00,106.249,
2026-01-01 20:00,106.24,
2026-01-01 21:00,106.249,
2026-01-01 22:00,106.248,
2026-01-01 23:00,106.249,
2026-01-02 00:00,106.269,
2026-01-02 01:00,106.268,
2026-01-02 02:00,106.273,
2026-01-02 03:00,106.271,
2026-01-02 04:00,106.266,
2026-01-02 05:00,106.27,
2026-01-02 06:00,106.276,
2026-01-02 07:00,106.27,
2026-01-02 08:00,106.27,
2026-01-02 09:00,106.277,
2026-01-02 10:00,106.266,
2026-01-02 11:00,106.263,
2026-01-02 12:00,106.259,
2026-01-02 13:00,106.251,
2026-01-02 14:00,106.248,
2026-01-02 15:00,106.256,
2026-01-02 16:00,106.259,
2026-01-02 17:00,106.265,
2026-01-02 18:00,106.268,
2026-01-02 19:00,106.27,
2026-01-02 20:00,106.269,
2026-01-02 21:00,106.277,
2026-01-02 22:00,106.282,
2026-01-02 23:00,106.287,
2026-01-03 00:00,106.29,
2026-01-03 01:00,106.295,
2026-01-03 02:00,106.295,
2026-01-03 03:00,106.296,
2026-01-03 04:00,106.293,
2026-01-03 05:00,106.301,
2026-01-03 06:00,106.301,
2026-01-03 07:00,106.296,
2026-01-03 08:00,106.305,
2026-01-03 09:00,106.302,
2026-01-03 10:00,106.298,
2026-01-03 11:00,106.286,
2026-01-03 12:00,106.291,
2026-01-03 13:00,106.29,
2026-01-03 14:00,106.296,
2026-01-03 15:00,106.293,
2026-01-03 16:00,106.297,
2026-01-03 17:00,106.296,
2026-01-03 18:00,106.295,
2026-01-03 19:00,106.293,
2026-01-03 20:00,106.294,
2026-01-03 21:00,106.299,
2026-01-03 22:00,106.307,
2026-01-03 23:00,106.304,
2026-01-04 00:00,106.313,
2026-01-04 01:00,106.313,
2026-01-04 02:00,106.313,
2026-01-04 03:00,106.319,
2026-01-04 04:00,106.327,
2026-01-04 05:00,106.33,
2026-01-04 06:00,106.335,
2026-01-04 07:00,106.332,
2026-01-04 08:00,106.339,
2026-01-04 09:00,106.332,
2026-01-04 10:00,106.335,
2026-01-04 11:00,106.328,
2026-01-04 12:00,106.331,
2026-01-04 13:00,106.33,
2026-01-04 14:00,106.328,
2026-01-04 15:00,106.329,
2026-01-04 16:00,106.331,
2026-01-04 17:00,106.326,
2026-01-04 18:00,106.332,
2026-01-04 19:00,106.326,
2026-01-04 20:00,106.326,
2026-01-04 21:00,106.329,
2026-01-04 22:00,106.328,
2026-01-04 23:00,106.326,
2026-01-05 00:00,106.323,
2026-01-05 01:00,106.329,
2026-01-05 02:00,106.338,
2026-01-05 03:00,106.33,
2026-01-05 04:00,106.334,
2026-01-05 05:00,106.331,
2026-01-05 06:00,106.33,
2026-01-05 07:00,106.323,
2026-01-05 08:00,106.322,
2026-01-05 09:00,106.321,
2026-01-05 10:00,106.317,
2026-01-05 11:00,106.315,
2026-01-05 12:00,106.321,
2026-01-05 13:00,106.319,
2026-01-05 14:00,106.323,
2026-01-05 15:00,106.331,
2026-01-05 16:00,106.331,
2026-01-05 17:00,106.334,
2026-01-05 18:00,106.333,
2026-01-05 19:00,106.335,
2026-01-05 20:00,106.329,
2026-01-05 21:00,106.332,
2026-01-05 22:00,106.333,
2026-01-05 23:00,106.338,
2026-01-06 00:00,106.334,
2026-01-06 01:00,106.339,
2026-01-06 02:00,106.336,
2026-01-06 03:00,106.342,
2026-01-06 04:00,106.341,
2026-01-06 05:00,106.335,
2026-01-06 06:00,106.34,
2026-01-06 07:00,106.341,
2026-01-06 08:00,106.343,
2026-01-06 09:00,106.339,
2026-01-06 10:00,106.334,
2026-01-06 11:00,106.346,
2026-01-06 12:00,106.342,
2026-01-06 13:00,106.347,
2026-01-06 14:00,106.347,
2026-01-06 15:00,106.359,
2026-01-06 16:00,106.353,
2026-01-06 17:00,106.354,
2026-01-06 18:00,106.365,
2026-01-06 19:00,106.364,
2026-01-06 20:00,106.362,
2026-01-06 21:00,106.359,
2026-01-06 22:00,106.36,
2026-01-06 23:00,106.357,
2026-01-07 00:00,106.35,
2026-01-07 01:00,106.349,
2026-01-07 02:00,106.355,
2026-01-07 03:00,106.351,
2026-01-07 04:00,106.353,
2026-01-07 05:00,106.353,
2026-01-07 06:00,106.354,
2026-01-07 07:00,106.352,
2026-01-07 08:00,106.359,
2026-01-07 09:00,106.36,
2026-01-07 10:00,106.362,
2026-01-07 11:00,106.369,
2026-01-07 12:00,106.368,
2026-01-07 13:00,106.371,
2026-01-07 14:00,106.381,
2026-01-07 15:00,106.387,
2026-01-07 16:00,106.392,
2026-01-07 17:00,106.388,
2026-01-07 18:00,106.396,
2026-01-07 19:00,106.398,
2026-01-07 20:00,106.394,
2026-01-07 21:00,106.392,
2026-01-07 22:00,106.392,
2026-01-07 23:00,106.388,
2026-01-08 00:00,106.391,
2026-01-08 01:00,106.392,
2026-01-08 02:00,106.392,
2026-01-08 03:00,106.392,
2026-01-08 04:00,106.395,
2026-01-08 05:00,106.397,
2026-01-08 06:00,106.394,
2026-01-08 07:00,106.401,
2026-01-08 08:00,106.4,
2026-01-08 09:00,106.406,
2026-01-08 10:00,106.407,
2026-01-08 11:00,106.416,
2026-01-08 12:00,106.417,
2026-01-08 13:00,106.418,
2026-01-08 14:00,106.415,
2026-01-08 15:00,106.435,
2026-01-08 16:00,106.433,
2026-01-08 17:00,106.435,
2026-01-08 18:00,106.436,
2026-01-08 19:00,106.435,
2026-01-08 20:00,106.431,
2026-01-08 21:00,106.432,
2026-01-08 22:00,106.433,
2026-01-08 23:00,106.428,
2026-01-09 00:00,106.432,
2026-01-09 01:00,106.429,
2026-01-09 02:00,106.426,
2026-01-09 03:00,106.426,
2026-01-09 04:00,106.43,
2026-01-09 05:00,106.431,
2026-01-09 06:00,106.431,
2026-01-09 07:00,106.431,
2026-01-09 08:00,106.433,
2026-01-09 09:00,106.429,
2026-01-09 10:00,106.428,
2026-01-09 11:00,106.433,
2026-01-09 12:00,106.441,
2026-01-09 13:00,106.447,
2026-01-09 14:00,106.448,
2026-01-09 15:00,106.454,
2026-01-09 16:00,106.46,
2026-01-09 17:00,106.46,
2026-01-09 18:00,106.452,
2026-01-09 19:00,106.446,
2026-01-09 20:00,106.443,
2026-01-09 21:00,106.444,
2026-01-09 22:00,106.445,
2026-01-09 23:00,106.443,
2026-01-10 00:00,106.446,
2026-01-10 01:00,106.446,
2026-01-10 02:00,106.452,
2026-01-10 03:00,106.453,
2026-01-10 04:00,106.459,
2026-01-10 05:00,106.464,
2026-01-10 06:00,106.467,
2026-01-10 07:00,106.469,
2026-01-10 08:00,106.476,
2026-01-10 09:00,106.477,
2026-01-10 10:00,106.475,
2026-01-10 11:00,106.478,
2026-01-10 12:00,106.48,
2026-01-10 13:00,106.482,
2026-01-10 14:00,106.485,
2026-01-10 15:00,106.487,
2026-01-10 16:00,106.487,
2026-01-10 17:00,106.487,
2026-01-10 18:00,106.481,
2026-01-10 19:00,106.478,
2026-01-10 20:00,106.477,
2026-01-10 21:00,106.471,
2026-01-10 22:00,106.466,
2026-01-10 23:00,106.458,
2026-01-11 00:00,106.454,
2026-01-11 01:00,106.457,
2026-01-11 02:00,106.459,
2026-01-11 03:00,106.465,
2026-01-11 04:00,106.467,
2026-01-11 05:00,106.472,
2026-01-11 06:00,106.475,
2026-01-11 07:00,106.479,
2026-01-11 08:00,106.481,
2026-01-11 09:00,106.483,
2026-01-11 10:00,106.486,
2026-01-11 11:00,106.484,
2026-01-11 12:00,106.488,
2026-01-11 13:00,106.49,
2026-01-11 14:00,106.494,
2026-01-11 15:00,106.496,
2026-01-11 16:00,106.502,
2026-01-11 17:00,106.496,
2026-01-11 18:00,106.499,
2026-01-11 19:00,106.493,
2026-01-11 20:00,106.482,
2026-01-11 21:00,106.479,
2026-01-11 22:00,106.475,
2026-01-11 23:00,106.476,
2026-01-12 00:00,106.474,
2026-01-12 01:00,106.474,
2026-01-12 02:00,106.474,
2026-01-12 03:00,106.48,
2026-01-12 04:00,106.479,
2026-01-12 05:00,106.486,
2026-01-12 06:00,106.488,
2026-01-12 07:00,106.491,
2026-01-12 08:00,106.495,
2026-01-12 09:00,106.496,
2026-01-12 10:00,106.496,
2026-01-12 11:00,106.495,
2026-01-12 12:00,106.494,
2026-01-12 13:00,106.494,
2026-01-12 14:00,106.497,
2026-01-12 15:00,106.5,
2026-01-12 16:00,106.502,
2026-01-12 17:00,106.495,
2026-01-12 18:00,106.491,
2026-01-12 19:00,106.481,
2026-01-12 20:00,106.478,
2026-01-12 21:00,106.472,
2026-01-12 22:00,106.468,
2026-01-12 23:00,106.464,
2026-01-13 00:00,106.47,
2026-01-13 01:00,106.471,
2026-01-13 02:00,106.479,
2026-01-13 03:00,106.481,
2026-01-13 04:00,106.485,
2026-01-13 05:00,106.489,
2026-01-13 06:00,106.492,
2026-01-13 07:00,106.494,
2026-01-13 08:00,106.5,
2026-01-13 09:00,106.5,
2026-01-13 10:00,106.495,
2026-01-13 11:00,106.494,
2026-01-13 12:00,106.496,
2026-01-13 13:00,106.492,
2026-01-13 14:00,106.5,
2026-01-13 15:00,106.5,
2026-01-13 16:00,106.505,
2026-01-13 17:00,106.509,
2026-01-13 18:00,106.498,
2026-01-13 19:00,106.493,
2026-01-13 20:00,106.493,
2026-01-13 21:00,106.483,
2026-01-13 22:00,106.474,
2026-01-13 23:00,106.469,
2026-01-14 00:00,106.475,
2026-01-14 01:00,106.476,
2026-01-14 02:00,106.474,
2026-01-14 03:00,106.479,
2026-01-14 04:00,106.483,
2026-01-14 05:00,106.485,
2026-01-14 06:00,106.491,
2026-01-14 07:00,106.493,
2026-01-14 08:00,106.499,
2026-01-14 09:00,106.498,
2026-01-14 10:00,106.496,
2026-01-14 11:00,106.494,
2026-01-14 12:00,106.495,
2026-01-14 13:00,106.495,
2026-01-14 14:00,106.501,
2026-01-14 15:00,106.501,
2026-01-14 16:00,106.504,
2026-01-14 17:00,106.507,
2026-01-14 18:00,106.504,
2026-01-14 19:00,106.492,
2026-01-14 20:00,106.483,
2026-01-14 21:00,106.476,
2026-01-14 22:00,106.464,
2026-01-14 23:00,106.469,
2026-01-15 00:00,106.475,
2026-01-15 01:00,106.475,
2026-01-15 02:00,106.476,
2026-01-15 03:00,106.478,
2026-01-15 04:00,106.487,
2026-01-15 05:00,106.487,
2026-01-15 06:00,106.493,
2026-01-15 07:00,106.495,
2026-01-15 08:00,106.498,
2026-01-15 09:00,106.498,
2026-01-15 10:00,106.498,
2026-01-15 11:00,106.497,
2026-01-15 12:00,106.498,
2026-01-15 13:00,106.498,
2026-01-15 14:00,106.5,
2026-01-15 15:00,106.504,
2026-01-15 16:00,106.506,
2026-01-15 17:00,106.513,
2026-01-15 18:00,106.504,
2026-01-15 19:00,106.492,
2026-01-15 20:00,106.486,
2026-01-15 21:00,106.479,
2026-01-15 22:00,106.47,
2026-01-15 23:00,106.467,
2026-01-16 00:00,106.471,
2026-01-16 01:00,106.47,
2026-01-16 02:00,106.473,
2026-01-16 03:00,106.478,
2026-01-16 04:00,106.481,
2026-01-16 05:00,106.483,
2026-01-16 06:00,106.489,
2026-01-16 07:00,106.49,
2026-01-16 08:00,106.494,
2026-01-16 09:00,106.495,
2026-01-16 10:00,106.496,
2026-01-16 11:00,106.492,
2026-01-16 12:00,106.491,
2026-01-16 13:00,106.497,
2026-01-16 14:00,106.5,
2026-01-16 15:00,106.499,
2026-01-16 16:00,106.505,
2026-01-16 17:00,106.506,
2026-01-16 18:00,106.503,
2026-01-16 19:00,106.488,
2026-01-16 20:00,106.482,
2026-01-16 21:00,106.474,
2026-01-16 22:00,106.464,
2026-01-16 23:00,106.465,
2026-01-17 00:00,106.465,
2026-01-17 01:00,106.466,
2026-01-17 02:00,106.471,
2026-01-17 03:00,106.478,
2026-01-17 04:00,106.478,
2026-01-17 05:00,106.483,
2026-01-17 06:00,106.485,
2026-01-17 07:00,106.488,
2026-01-17 08:00,106.492,
2026-01-17 09:00,106.494,
2026-01-17 10:00,106.491,
2026-01-17 11:00,106.488,
2026-01-17 12:00,106.49,
2026-01-17 13:00,106.492,
2026-01-17 14:00,106.49,
2026-01-17 15:00,106.496,
2026-01-17 16:00,106.501,
2026-01-17 17:00,106.504,
2026-01-17 18:00,106.495,
2026-01-17 19:00,106.496,
2026-01-17 20:00,106.49,
2026-01-17 21:00,106.478,
2026-01-17 22:00,106.475,
2026-01-17 23:00,106.473,
2026-01-18 00:00,106.473,
2026-01-18 01:00,106.474,
2026-01-18 02:00,106.479,
2026-01-18 03:00,106.482,
2026-01-18 04:00,106.488,
2026-01-18 05:00,106.488,
2026-01-18 06:00,106.492,
2026-01-18 07:00,106.497,
2026-01-18 08:00,106.504,
2026-01-18 09:00,106.502,
2026-01-18 10:00,106.499,
2026-01-18 11:00,106.498,
2026-01-18 12:00,106.495,
2026-01-18 13:00,106.496,
2026-01-18 14:00,106.5,
2026-01-18 15:00,106.501,
2026-01-18 16:00,106.507,
2026-01-18 17:00,106.506,
2026-01-18 18:00,106.504,
2026-01-18 19:00,106.5,
2026-01-18 20:00,106.493,
2026-01-18 21:00,106.481,
2026-01-18 22:00,106.478,
2026-01-18 23:00,106.481,
2026-01-19 00:00,106.479,
2026-01-19 01:00,106.48,
2026-01-19 02:00,106.482,
2026-01-19 03:00,106.488,
2026-01-19 04:00,106.492,
2026-01-19 05:00,106.494,
2026-01-19 06:00,106.496,
2026-01-19 07:00,106.501,
2026-01-19 08:00,106.506,
2026-01-19 09:00,106.503,
2026-01-19 10:00,106.502,
2026-01-19 11:00,106.502,
2026-01-19 12:00,106.499,
2026-01-19 13:00,106.498,
2026-01-19 14:00,106.501,
2026-01-19 15:00,106.5,
2026-01-19 16:00,106.505,
2026-01-19 17:00,106.51,
2026-01-19 18:00,106.494,
2026-01-19 19:00,106.498,
2026-01-19 20:00,106.493,
2026-01-19 21:00,106.481,
2026-01-19 22:00,106.477,
2026-01-19 23:00,106.476,
2026-01-20 00:00,106.479,
2026-01-20 01:00,106.48,
2026-01-20 02:00,106.488,
2026-01-20 03:00,106.487,
2026-01-20 04:00,106.49,
2026-01-20 05:00,106.494,
2026-01-20 06:00,106.499,
2026-01-20 07:00,106.501,
2026-01-20 08:00,106.506,
2026-01-20 09:00,106.504,
2026-01-20 10:00,106.5,
2026-01-20 11:00,106.499,
2026-01-20 12:00,106.501,
2026-01-20 13:00,106.498,
2026-01-20 14:00,106.501,
2026-01-20 15:00,106.505,
2026-01-20 16:00,106.504,
2026-01-20 17:00,106.51,
2026-01-20 18:00,106.508,
2026-01-20 19:00,106.505,
2026-01-20 20:00,106.496,
2026-01-20 21:00,106.488,
2026-01-20 22:00,106.483,
2026-01-20 23:00,106.481,
2026-01-21 00:00,106.48,
2026-01-21 01:00,106.485,
2026-01-21 02:00,106.486,
2026-01-21 03:00,106.491,
2026-01-21 04:00,106.495,
2026-01-21 05:00,106.494,
2026-01-21 06:00,106.496,
2026-01-21 07:00,106.5,
2026-01-21 08:00,106.505,
2026-01-21 09:00,106.508,
2026-01-21 10:00,106.501,
2026-01-21 11:00,106.499,
2026-01-21 12:00,106.504,
2026-01-21 13:00,106.502,
2026-01-21 14:00,106.502,
2026-01-21 15:00,106.498,
2026-01-21 16:00,106.494,
2026-01-21 17:00,106.489,
2026-01-21 18:00,106.484,
2026-01-21 19:00,106.478,
2026-01-21 20:00,106.469,
2026-01-21 21:00,106.465,
2026-01-21 22:00,106.469,
2026-01-21 23:00,106.472,
2026-01-22 00:00,106.474,
2026-01-22 01:00,106.478,
2026-01-22 02:00,106.48,
2026-01-22 03:00,106.486,
2026-01-22 04:00,106.485,
2026-01-22 05:00,106.485,
2026-01-22 06:00,106.49,
2026-01-22 07:00,106.493,
2026-01-22 08:00,106.496,
2026-01-22 09:00,106.5,
2026-01-22 10:00,106.494,
2026-01-22 11:00,106.493,
2026-01-22 12:00,106.492,
2026-01-22 13:00,106.495,
2026-01-22 14:00,106.493,
2026-01-22 15:00,106.494,
2026-01-22 16:00,106.486,
2026-01-22 17:00,106.487,
2026-01-22 18:00,106.485,
2026-01-22 19:00,106.478,
2026-01-22 20:00,106.471,
2026-01-22 21:00,106.467,
2026-01-22 22:00,106.469,
2026-01-22 23:00,106.471,
2026-01-23 00:00,106.475,
2026-01-23 01:00,106.477,
2026-01-23 02:00,106.484,
2026-01-23 03:00,106.481,
2026-01-23 04:00,106.485,
2026-01-23 05:00,106.486,
2026-01-23 06:00,106.489,
2026-01-23 07:00,106.492,
2026-01-23 08:00,106.496,
2026-01-23 09:00,106.498,
2026-01-23 10:00,106.498,
2026-01-23 11:00,106.494,
2026-01-23 12:00,106.496,
2026-01-23 13:00,106.495,
2026-01-23 14:00,106.495,
2026-01-23 15:00,106.488,
2026-01-23 16:00,106.491,
2026-01-23 17:00,106.49,
2026-01-23 18:00,106.483,
2026-01-23 19:00,106.477,
2026-01-23 20:00,106.464,
2026-01-23 21:00,106.467,
2026-01-23 22:00,106.461,
2026-01-23 23:00,106.464,
2026-01-24 00:00,106.467,
2026-01-24 01:00,106.469,
2026-01-24 02:00,106.474,
2026-01-24 03:00,106.479,
2026-01-24 04:00,106.479,
2026-01-24 05:00,106.483,
2026-01-24 06:00,106.485,
2026-01-24 07:00,106.485,
2026-01-24 08:00,106.491,
2026-01-24 09:00,106.49,
2026-01-24 10:00,106.486,
2026-01-24 11:00,106.487,
2026-01-24 12:00,106.487,
2026-01-24 13:00,106.493,
2026-01-24 14:00,106.488,
2026-01-24 15:00,106.486,
2026-01-24 16:00,106.483,
2026-01-24 17:00,106.479,
2026-01-24 18:00,106.481,
2026-01-24 19:00,106.479,
2026-01-24 20:00,106.472,
2026-01-24 21:00,106.464,
2026-01-24 22:00,106.458,
2026-01-24 23:00,106.461,
2026-01-25 00:00,106.464,
2026-01-25 01:00,106.466,
2026-01-25 02:00,106.466,
2026-01-25 03:00,106.472,
2026-01-25 04:00,106.474,
2026-01-25 05:00,106.477,
2026-01-25 06:00,106.483,
2026-01-25 07:00,106.484,
2026-01-25 08:00,106.485,
2026-01-25 09:00,106.487,
2026-01-25 10:00,106.486,
2026-01-25 11:00,106.483,
2026-01-25 12:00,106.487,
2026-01-25 13:00,106.485,
2026-01-25 14:00,106.484,
2026-01-25 15:00,106.481,
2026-01-25 16:00,106.483,
2026-01-25 17:00,106.482,
2026-01-25 18:00,106.483,
2026-01-25 19:00,106.474,
2026-01-25 20:00,106.471,
2026-01-25 21:00,106.462,
2026-01-25 22:00,106.456,
2026-01-25 23:00,106.457,
2026-01-26 00:00,106.459,
2026-01-26 01:00,106.467,
2026-01-26 02:00,106.467,
2026-01-26 03:00,106.472,
2026-01-26 04:00,106.473,
2026-01-26 05:00,106.475,
2026-01-26 06:00,106.481,
2026-01-26 07:00,106.484,
2026-01-26 08:00,106.484,
2026-01-26 09:00,106.487,
2026-01-26 10:00,106.482,
2026-01-26 11:00,106.483,
2026-01-26 12:00,106.486,
2026-01-26 13:00,106.486,
2026-01-26 14:00,106.485,
2026-01-26 15:00,106.485,
2026-01-26 16:00,106.481,
2026-01-26 17:00,106.475,
2026-01-26 18:00,106.472,
2026-01-26 19:00,106.47,
2026-01-26 20:00,106.467,
2026-01-26 21:00,106.463,
2026-01-26 22:00,106.469,
2026-01-26 23:00,106.459,
2026-01-27 00:00,106.465,
2026-01-27 01:00,106.465,
2026-01-27 02:00,106.47,
2026-01-27 03:00,106.472,
2026-01-27 04:00,106.474,
2026-01-27 05:00,106.476,
2026-01-27 06:00,106.48,
2026-01-27 07:00,106.484,
2026-01-27 08:00,106.485,
2026-01-27 09:00,106.484,
2026-01-27 10:00,106.482,
2026-01-27 11:00,106.48,
2026-01-27 12:00,106.481,
2026-01-27 13:00,106.48,
2026-01-27 14:00,106.481,
2026-01-27 15:00,106.479,
2026-01-27 16:00,106.477,
2026-01-27 17:00,106.474,
2026-01-27 18:00,106.475,
2026-01-27 19:00,106.467,
2026-01-27 20:00,106.459,
2026-01-27 21:00,106.455,
2026-01-27 22:00,106.45,
2026-01-27 23:00,106.45,
2026-01-28 00:00,106.457,
2026-01-28 01:00,106.457,
2026-01-28 02:00,106.459,
2026-01-28 03:00,106.462,
2026-01-28 04:00,106.463,
2026-01-28 05:00,106.472,
2026-01-28 06:00,106.472,
2026-01-28 07:00,106.473,
2026-01-28 08:00,106.476,
2026-01-28 09:00,106.472,
2026-01-28 10:00,106.476,
2026-01-28 11:00,106.47,
2026-01-28 12:00,106.471,
2026-01-28 13:00,106.474,
2026-01-28 14:00,106.478,
2026-01-28 15:00,106.475,
2026-01-28 16:00,106.471,
2026-01-28 17:00,106.468,
2026-01-28 18:00,106.467,
2026-01-28 19:00,106.465,
2026-01-28 20:00,106.454,
2026-01-28 21:00,106.447,
2026-01-28 22:00,106.441,
2026-01-28 23:00,106.441,
2026-01-29 00:00,106.449,
2026-01-29 01:00,106.451,
2026-01-29 02:00,106.451,
2026-01-29 03:00,106.453,
2026-01-29 04:00,106.455,
2026-01-29 05:00,106.46,
2026-01-29 06:00,106.463,
2026-01-29 07:00,106.466,
2026-01-29 08:00,106.467,
2026-01-29 09:00,106.468,
2026-01-29 10:00,106.468,
2026-01-29 11:00,106.465,
2026-01-29 12:00,106.47,
2026-01-29 13:00,106.46,
2026-01-29 14:00,106.466,
2026-01-29 15:00,106.463,
2026-01-29 16:00,106.464,
2026-01-29 17:00,106.463,
2026-01-29 18:00,106.46,
2026-01-29 19:00,106.453,
2026-01-29 20:00,106.445,
2026-01-29 21:00,106.439,
2026-01-29 22:00,106.434,
2026-01-29 23:00,106.436,
2026-01-30 00:00,106.441,
2026-01-30 01:00,106.441,
2026-01-30 02:00,106.444,
2026-01-30 03:00,106.448,
2026-01-30 04:00,106.446,
2026-01-30 05:00,106.451,
2026-01-30 06:00,106.458,
2026-01-30 07:00,106.455,
2026-01-30 08:00,106.46,
2026-01-30 09:00,106.458,
2026-01-30 10:00,106.458,
2026-01-30 11:00,106.456,
2026-01-30 12:00,106.458,
2026-01-30 13:00,106.459,
2026-01-30 14:00,106.456,
2026-01-30 15:00,106.46,
2026-01-30 16:00,106.455,
2026-01-30 17:00,106.453,
2026-01-30 18:00,106.44,
2026-01-30 19:00,106.44,
2026-01-30 20:00,106.437,
2026-01-30 21:00,106.434,
2026-01-30 22:00,106.435,
2026-01-30 23:00,106.433,
2026-01-31 00:00,106.433,
2026-01-31 01:00,106.437,
2026-01-31 02:00,106.438,
2026-01-31 03:00,106.441,
2026-01-31 04:00,106.444,
2026-01-31 05:00,106.443,
2026-01-31 06:00,106.452,
2026-01-31 07:00,106.451,
2026-01-31 08:00,106.457,
2026-01-31 09:00,106.451,
2026-01-31 10:00,106.451,
2026-01-31 11:00,106.449,
2026-01-31 12:00,106.451,
2026-01-31 13:00,106.456,
2026-01-31 14:00,106.457,
2026-01-31 15:00,106.451,
2026-01-31 16:00,106.443,
2026-01-31 17:00,106.445,
2026-01-31 18:00,106.439,
2026-01-31 19:00,106.436,
2026-01-31 20:00,106.433,
2026-01-31 21:00,106.426,
2026-01-31 22:00,106.422,
2026-01-31 23:00,106.417,
2026-02-01 00:00,106.421,
2026-02-01 01:00,106.424,
2026-02-01 02:00,106.426,
2026-02-01 03:00,106.431,
2026-02-01 04:00,106.433,
2026-02-01 05:00,106.438,
2026-02-01 06:00,106.436,
2026-02-01 07:00,106.438,
2026-02-01 08:00,106.441,
2026-02-01 09:00,106.441,
2026-02-01 10:00,106.44,
2026-02-01 11:00,106.437,
2026-02-01 12:00,106.438,
2026-02-01 13:00,106.441,
2026-02-01 14:00,106.44,
2026-02-01 15:00,106.436,
2026-02-01 16:00,106.437,
2026-02-01 17:00,106.434,
2026-02-01 18:00,106.431,
2026-02-01 19:00,106.424,
2026-02-01 20:00,106.419,
2026-02-01 21:00,106.417,
2026-02-01 22:00,106.41,
2026-02-01 23:00,106.414,
2026-02-02 00:00,106.414,
2026-02-02 01:00,106.417,
2026-02-02 02:00,106.42,
2026-02-02 03:00,106.424,
2026-02-02 04:00,106.427,
2026-02-02 05:00,106.427,
2026-02-02 06:00,106.433,
2026-02-02 07:00,106.432,
2026-02-02 08:00,106.432,
2026-02-02 09:00,106.435,
2026-02-02 10:00,106.434,
2026-02-02 11:00,106.432,
2026-02-02 12:00,106.431,
2026-02-02 13:00,106.433,
2026-02-02 14:00,106.43,
2026-02-02 15:00,106.431,
2026-02-02 16:00,106.428,
2026-02-02 17:00,106.426,
2026-02-02 18:00,106.422,
2026-02-02 19:00,106.419,
2026-02-02 20:00,106.414,
2026-02-02 21:00,106.405,
2026-02-02 22:00,106.404,
2026-02-02 23:00,106.401,
2026-02-03 00:00,106.406,
2026-02-03 01:00,106.407,
2026-02-03 02:00,106.409,
2026-02-03 03:00,106.415,
2026-02-03 04:00,106.417,
2026-02-03 05:00,106.417,
2026-02-03 06:00,106.418,
2026-02-03 07:00,106.418,
2026-02-03 08:00,106.425,
2026-02-03 09:00,106.425,
2026-02-03 10:00,106.422,
2026-02-03 11:00,106.423,
2026-02-03 12:00,106.425,
2026-02-03 13:00,106.424,
2026-02-03 14:00,106.426,
2026-02-03 15:00,106.418,
2026-02-03 16:00,106.421,
2026-02-03 17:00,106.415,
2026-02-03 18:00,106.411,
2026-02-03 19:00,106.404,
2026-02-03 20:00,106.398,
2026-02-03 21:00,106.391,
2026-02-03 22:00,106.387,
2026-02-03 23:00,106.391,
2026-02-04 00:00,106.39,
2026-02-04 01:00,106.395,
2026-02-04 02:00,106.398,
2026-02-04 03:00,106.402,
2026-02-04 04:00,106.404,
2026-02-04 05:00,106.402,
2026-02-04 06:00,106.402,
2026-02-04 07:00,106.407,
2026-02-04 08:00,106.41,
2026-02-04 09:00,106.407,
2026-02-04 10:00,106.412,
2026-02-04 11:00,106.409,
2026-02-04 12:00,106.41,
2026-02-04 13:00,106.406,
2026-02-04 14:00,106.404,
2026-02-04 15:00,106.403,
2026-02-04 16:00,106.4,
2026-02-04 17:00,106.399,
2026-02-04 18:00,106.398,
2026-02-04 19:00,106.396,
2026-02-04 20:00,106.388,
2026-02-04 21:00,106.384,
2026-02-04 22:00,106.384,
2026-02-04 23:00,106.38,
2026-02-05 00:00,106.384,
2026-02-05 01:00,106.386,
2026-02-05 02:00,106.384,
2026-02-05 03:00,106.394,
2026-02-05 04:00,106.389,
2026-02-05 05:00,106.394,
2026-02-05 06:00,106.392,
2026-02-05 07:00,106.399,
2026-02-05 08:00,106.399,
2026-02-05 09:00,106.4,
2026-02-05 10:00,106.4,
2026-02-05 11:00,106.397,
2026-02-05 12:00,106.397,
2026-02-05 13:00,106.4,
2026-02-05 14:00,106.396,
2026-02-05 15:00,106.395,
2026-02-05 16:00,106.396,
2026-02-05 17:00,106.389,
2026-02-05 18:00,106.388,
2026-02-05 19:00,106.382,
2026-02-05 20:00,106.372,
2026-02-05 21:00,106.371,
2026-02-05 22:00,106.371,
2026-02-05 23:00,106.366,
2026-02-06 00:00,106.372,
2026-02-06 01:00,106.372,
2026-02-06 02:00,106.373,
2026-02-06 03:00,106.38,
2026-02-06 04:00,106.379,
2026-02-06 05:00,106.382,
2026-02-06 06:00,106.383,
2026-02-06 07:00,106.386,
2026-02-06 08:00,106.387,
2026-02-06 09:00,106.39,
2026-02-06 10:00,106.386,
2026-02-06 11:00,106.381,
2026-02-06 12:00,106.384,
2026-02-06 13:00,106.386,
2026-02-06 14:00,106.381,
2026-02-06 15:00,106.383,
2026-02-06 16:00,106.381,
2026-02-06 17:00,106.377,
2026-02-06 18:00,106.379,
2026-02-06 19:00,106.374,
2026-02-06 20:00,106.367,
2026-02-06 21:00,106.367,
2026-02-06 22:00,106.361,
2026-02-06 23:00,106.358,
2026-02-07 00:00,106.362,
2026-02-07 01:00,106.359,
2026-02-07 02:00,106.368,
2026-02-07 03:00,106.368,
2026-02-07 04:00,106.368,
2026-02-07 05:00,106.371,
2026-02-07 06:00,106.373,
2026-02-07 07:00,106.375,
2026-02-07 08:00,106.378,
2026-02-07 09:00,106.381,
2026-02-07 10:00,106.376,
2026-02-07 11:00,106.374,
2026-02-07 12:00,106.375,
2026-02-07 13:00,106.379,
2026-02-07 14:00,106.377,
2026-02-07 15:00,106.377,
2026-02-07 16:00,106.374,
2026-02-07 17:00,106.369,
2026-02-07 18:00,106.369,
2026-02-07 19:00,106.361,
2026-02-07 20:00,106.361,
2026-02-07 21:00,106.352,
2026-02-07 22:00,106.345,
2026-02-07 23:00,106.352,
2026-02-08 00:00,106.352,
2026-02-08 01:00,106.355,
2026-02-08 02:00,106.356,
2026-02-08 03:00,106.356,
2026-02-08 04:00,106.361,
2026-02-08 05:00,106.361,
2026-02-08 06:00,106.361,
2026-02-08 07:00,106.366,
2026-02-08 08:00,106.366,
2026-02-08 09:00,106.367,
2026-02-08 10:00,106.362,
2026-02-08 11:00,106.357,
2026-02-08 12:00,106.362,
2026-02-08 13:00,106.366,
2026-02-08 14:00,106.363,
2026-02-08 15:00,106.363,
2026-02-08 16:00,106.361,
2026-02-08 17:00,106.358,
2026-02-08 18:00,106.35,
2026-02-08 19:00,106.35,
2026-02-08 20:00,106.346,
2026-02-08 21:00,106.335,
2026-02-08 22:00,106.336,
2026-02-08 23:00,106.331,
2026-02-09 00:00,106.339,
2026-02-09 01:00,106.338,
2026-02-09 02:00,106.339,
2026-02-09 03:00,106.343,
2026-02-09 04:00,106.343,
2026-02-09 05:00,106.344,
2026-02-09 06:00,106.348,
2026-02-09 07:00,106.354,
2026-02-09 08:00,106.35,
2026-02-09 09:00,106.349,
2026-02-09 10:00,106.354,
2026-02-09 11:00,106.353,
2026-02-09 12:00,106.344,
2026-02-09 13:00,106.35,
2026-02-09 14:00,106.347,
2026-02-09 15:00,106.345,
2026-02-09 16:00,106.344,
2026-02-09 17:00,106.342,
2026-02-09 18:00,106.336,
2026-02-09 19:00,106.334,
2026-02-09 20:00,106.329,
2026-02-09 21:00,106.32,
2026-02-09 22:00,106.318,
2026-02-09 23:00,106.32,
2026-02-10 00:00,106.323,
2026-02-10 01:00,106.329,
2026-02-10 02:00,106.327,
2026-02-10 03:00,106.326,
2026-02-10 04:00,106.33,
2026-02-10 05:00,106.337,
2026-02-10 06:00,106.331,
2026-02-10 07:00,106.337,
2026-02-10 08:00,106.339,
2026-02-10 09:00,106.334,
2026-02-10 10:00,106.33,
2026-02-10 11:00,106.329,
2026-02-10 12:00,106.324,
2026-02-10 13:00,106.329,
2026-02-10 14:00,106.326,
2026-02-10 15:00,106.326,
2026-02-10 16:00,106.323,
2026-02-10 17:00,106.318,
2026-02-10 18:00,106.318,
2026-02-10 19:00,106.31,
2026-02-10 20:00,106.311,
2026-02-10 21:00,106.301,
2026-02-10 22:00,106.297,
2026-02-10 23:00,106.3,
2026-02-11 00:00,106.306,
2026-02-11 01:00,106.307,
2026-02-11 02:00,106.302,
2026-02-11 03:00,106.309,
2026-02-11 04:00,106.306,
2026-02-11 05:00,106.306,
2026-02-11 06:00,106.314,
2026-02-11 07:00,106.314,
2026-02-11 08:00,106.313,
2026-02-11 09:00,106.315,
2026-02-11 10:00,106.317,
2026-02-11 11:00,106.309,
2026-02-11 12:00,106.314,
2026-02-11 13:00,106.309,
2026-02-11 14:00,106.319,
2026-02-11 15:00,106.312,
2026-02-11 16:00,106.307,
2026-02-11 17:00,106.311,
2026-02-11 18:00,106.297,
2026-02-11 19:00,106.301,
2026-02-11 20:00,106.292,
2026-02-11 21:00,106.286,
2026-02-11 22:00,106.297,
2026-02-11 23:00,106.286,
2026-02-12 00:00,106.287,
2026-02-12 01:00,106.295,
2026-02-12 02:00,106.296,
2026-02-12 03:00,106.294,
2026-02-12 04:00,106.304,
2026-02-12 05:00,106.295,
2026-02-12 06:00,106.305,
2026-02-12 07:00,106.305,
2026-02-12 08:00,106.308,
2026-02-12 09:00,106.301,
2026-02-12 10:00,106.304,
2026-02-12 11:00,106.306,
2026-02-12 12:00,106.304,
2026-02-12 13:00,106.297,
2026-02-12 14:00,106.3,
2026-02-12 15:00,106.301,
2026-02-12 16:00,106.293,
2026-02-12 17:00,106.296,
2026-02-12 18:00,106.282,
2026-02-12 19:00,106.282,
2026-02-12 20:00,106.281,
2026-02-12 21:00,106.278,
2026-02-12 22:00,106.271,
2026-02-12 23:00,106.271,
2026-02-13 00:00,106.276,
2026-02-13 01:00,106.279,
2026-02-13 02:00,106.274,
2026-02-13 03:00,106.285,
2026-02-13 04:00,106.287,
2026-02-13 05:00,106.28,
2026-02-13 06:00,106.282,
2026-02-13 07:00,106.288,
2026-02-13 08:00,106.291,
2026-02-13 09:00,106.286,
2026-02-13 10:00,106.278,
2026-02-13 11:00,106.282,
2026-02-13 12:00,106.276,
2026-02-13 13:00,106.276,
2026-02-13 14:00,106.278,
2026-02-13 15:00,106.276,
2026-02-13 16:00,106.274,
2026-02-13 17:00,106.275,
2026-02-13 18:00,106.267,
2026-02-13 19:00,106.265,
2026-02-13 20:00,106.266,
2026-02-13 21:00,106.262,
2026-02-13 22:00,106.246,
2026-02-13 23:00,106.253,
2026-02-14 00:00,106.26,
2026-02-14 01:00,106.257,
2026-02-14 02:00,106.253,
2026-02-14 03:00,106.262,
2026-02-14 04:00,106.266,
2026-02-14 05:00,106.262,
2026-02-14 06:00,106.27,
2026-02-14 07:00,106.275,
2026-02-14 08:00,106.267,
2026-02-14 09:00,106.276,
2026-02-14 10:00,106.27,
2026-02-14 11:00,106.265,
2026-02-14 12:00,106.266,
2026-02-14 13:00,106.267,
2026-02-14 14:00,106.263,
2026-02-14 15:00,106.263,
2026-02-14 16:00,106.257,
2026-02-14 17:00,106.268,
2026-02-14 18:00,106.27,
2026-02-14 19:00,106.265,
2026-02-14 20:00,106.261,
2026-02-14 21:00,106.247,
2026-02-14 22:00,106.249,
2026-02-14 23:00,106.252,
2026-02-15 00:00,106.249,
2026-02-15 01:00,106.255,
2026-02-15 02:00,106.257,
2026-02-15 03:00,106.25,
2026-02-15 04:00,106.262,
2026-02-15 05:00,106.255,
2026-02-15 06:00,106.262,
2026-02-15 07:00,106.262,
2026-02-15 08:00,106.265,
2026-02-15 09:00,106.269,
2026-02-15 10:00,106.263,
2026-02-15 11:00,106.259,
2026-02-15 12:00,106.256,
2026-02-15 13:00,106.258,
2026-02-15 14:00,106.26,
2026-02-15 15:00,106.256,
2026-02-15 16:00,106.253,
2026-02-15 17:00,106.267,
2026-02-15 18:00,106.259,
2026-02-15 19:00,106.253,
2026-02-15 20:00,106.243,
2026-02-15 21:00,106.24,
2026-02-15 22:00,106.248,
2026-02-15 23:00,106.24,
2026-02-16 00:00,106.243,
2026-02-16 01:00,106.235,
2026-02-16 02:00,106.248,
2026-02-16 03:00,106.252,
2026-02-16 04:00,106.241,
2026-02-16 05:00,106.254,
2026-02-16 06:00,106.254,
2026-02-16 07:00,106.259,
2026-02-16 08:00,106.261,
2026-02-16 09:00,106.247,
2026-02-16 10:00,106.245,
2026-02-16 11:00,106.26,
2026-02-16 12:00,106.255,
2026-02-16 13:00,106.247,
2026-02-16 14:00,106.254,
2026-02-16 15:00,106.256,
2026-02-16 16:00,106.256,
2026-02-16 17:00,106.257,
2026-02-16 18:00,106.251,
2026-02-16 19:00,106.242,
2026-02-16 20:00,106.233,
2026-02-16 21:00,106.236,
2026-02-16 22:00,106.232,
2026-02-16 23:00,106.238,
2026-02-17 00:00,106.241,
2026-02-17 01:00,106.236,
2026-02-17 02:00,106.241,
2026-02-17 03:00,106.242,
2026-02-17 04:00,106.246,
2026-02-17 05:00,106.239,
2026-02-17 06:00,106.247,
2026-02-17 07:00,106.255,
2026-02-17 08:00,106.255,
2026-02-17 09:00,106.257,
2026-02-17 10:00,106.249,
2026-02-17 11:00,106.247,
2026-02-17 12:00,106.262,
2026-02-17 13:00,106.249,
2026-02-17 14:00,106.251,
2026-02-17 15:00,106.245,
2026-02-17 16:00,106.245,
2026-02-17 17:00,106.248,
2026-02-17 18:00,106.248,
2026-02-17 19:00,106.249,
2026-02-17 20:00,106.237,
2026-02-17 21:00,106.228,
2026-02-17 22:00,106.236,
2026-02-17 23:00,106.242,
2026-02-18 00:00,106.227,
2026-02-18 01:00,106.23,
2026-02-18 02:00,106.232,
2026-02-18 03:00,106.242,
2026-02-18 04:00,106.25,
2026-02-18 05:00,106.255,
2026-02-18 06:00,106.25,
2026-02-18 07:00,106.249,
2026-02-18 08:00,106.261,
2026-02-18 09:00,106.274,
2026-02-18 10:00,106.278,
2026-02-18 11:00,106.282,
2026-02-18 12:00,106.276,
2026-02-18 13:00,106.28,
2026-02-18 14:00,106.284,
2026-02-18 15:00,106.29,
2026-02-18 16:00,106.282,
2026-02-18 17:00,106.291,
2026-02-18 18:00,106.282,
2026-02-18 19:00,106.282,
2026-02-18 20:00,106.281,
2026-02-18 21:00,106.28,
2026-02-18 22:00,106.284,
2026-02-18 23:00,106.276,
2026-02-19 00:00,106.277,
2026-02-19 01:00,106.28,
2026-02-19 02:00,106.287,
2026-02-19 03:00,106.313,
2026-02-19 04:00,106.294,
2026-02-19 05:00,106.295,
2026-02-19 06:00,106.3,
2026-02-19 07:00,106.31,
2026-02-19 08:00,106.31,
2026-02-19 09:00,106.323,
2026-02-19 10:00,106.321,
2026-02-19 11:00,106.318,
2026-02-19 12:00,106.326,
2026-02-19 13:00,106.324,
2026-02-19 14:00,106.325,
2026-02-19 15:00,106.333,
2026-02-19 16:00,106.331,
2026-02-19 17:00,106.326,
2026-02-19 18:00,106.324,
2026-02-19 19:00,106.323,
2026-02-19 20:00,106.321,
2026-02-19 21:00,106.313,
2026-02-19 22:00,106.319,
2026-02-19 23:00,106.314,
2026-02-20 00:00,106.321,
2026-02-20 01:00,106.322,
2026-02-20 02:00,106.328,
2026-02-20 03:00,106.322,
2026-02-20 04:00,106.329,
2026-02-20 05:00,106.336,
2026-02-20 06:00,106.334,
2026-02-20 07:00,106.337,
2026-02-20 08:00,106.342,
2026-02-20 09:00,106.344,
2026-02-20 10:00,106.336,
2026-02-20 11:00,106.345,
2026-02-20 12:00,106.339,
2026-02-20 13:00,106.338,
2026-02-20 14:00,106.334,
2026-02-20 15:00,106.339,
2026-02-20 16:00,106.332,
2026-02-20 17:00,106.333,
2026-02-20 18:00,106.324,
2026-02-20 19:00,106.321,
2026-02-20 20:00,106.311,
2026-02-20 21:00,106.308,
2026-02-20 22:00,106.306,
2026-02-20 23:00,106.31,
2026-02-21 00:00,106.308,
2026-02-21 01:00,106.311,
2026-02-21 02:00,106.32,
2026-02-21 03:00,106.317,
2026-02-21 04:00,106.322,
2026-02-21 05:00,106.325,
2026-02-21 06:00,106.329,
2026-02-21 07:00,106.331,
2026-02-21 08:00,106.328,
2026-02-21 09:00,106.331,
2026-02-21 10:00,106.323,
2026-02-21 11:00,106.327,
2026-02-21 12:00,106.329,
2026-02-21 13:00,106.325,
2026-02-21 14:00,106.325,
2026-02-21 15:00,106.321,
2026-02-21 16:00,106.314,
2026-02-21 17:00,106.314,
2026-02-21 18:00,106.313,
2026-02-21 19:00,106.311,
2026-02-21 20:00,106.298,
2026-02-21 21:00,106.299,
2026-02-21 22:00,106.299,
2026-02-21 23:00,106.295,
2026-02-22 00:00,106.301,
2026-02-22 01:00,106.306,
2026-02-22 02:00,106.302,
2026-02-22 03:00,106.304,
2026-02-22 04:00,106.307,
2026-02-22 05:00,106.316,
2026-02-22 06:00,106.311,
2026-02-22 07:00,106.318,
2026-02-22 08:00,106.316,
2026-02-22 09:00,106.315,
2026-02-22 10:00,106.313,
2026-02-22 11:00,106.31,
2026-02-22 12:00,106.308,
2026-02-22 13:00,106.31,
2026-02-22 14:00,106.313,
2026-02-22 15:00,106.3,
2026-02-22 16:00,106.299,
2026-02-22 17:00,106.303,
2026-02-22 18:00,106.297,
2026-02-22 19:00,106.296,
2026-02-22 20:00,106.293,
2026-02-22 21:00,106.29,
2026-02-22 22:00,106.291,
2026-02-22 23:00,106.284,
2026-02-23 00:00,106.283,
2026-02-23 01:00,106.291,
2026-02-23 02:00,106.286,
2026-02-23 03:00,106.296,
2026-02-23 04:00,106.295,
2026-02-23 05:00,106.296,
2026-02-23 06:00,106.3,
2026-02-23 07:00,106.301,
2026-02-23 08:00,106.297,
2026-02-23 09:00,106.302,
2026-02-23 10:00,106.299,
2026-02-23 11:00,106.29,
2026-02-23 12:00,106.292,
2026-02-23 13:00,106.286,
2026-02-23 14:00,106.291,
2026-02-23 15:00,106.289,
2026-02-23 16:00,106.281,
2026-02-23 17:00,106.287,
2026-02-23 18:00,106.276,
2026-02-23 19:00,106.278,
2026-02-23 20:00,106.27,
2026-02-23 21:00,106.265,
2026-02-23 22:00,106.276,
2026-02-23 23:00,106.268,
2026-02-24 00:00,106.274,
2026-02-24 01:00,106.278,
2026-02-24 02:00,106.275,
2026-02-24 03:00,106.276,
2026-02-24 04:00,106.271,
2026-02-24 05:00,106.279,
2026-02-24 06:00,106.279,
2026-02-24 07:00,106.284,
2026-02-24 08:00,106.286,
2026-02-24 09:00,106.283,
2026-02-24 10:00,106.281,
2026-02-24 11:00,106.267,
2026-02-24 12:00,106.27,
2026-02-24 13:00,106.272,
2026-02-24 14:00,106.27,
2026-02-24 15:00,106.272,
2026-02-24 16:00,106.27,
2026-02-24 17:00,106.268,
2026-02-24 18:00,106.252,
2026-02-24 19:00,106.256,
2026-02-24 20:00,106.249,
2026-02-24 21:00,106.251,
2026-02-24 22:00,106.25,
2026-02-24 23:00,106.248,
2026-02-25 00:00,106.241,
2026-02-25 01:00,106.253,
2026-02-25 02:00,106.252,
2026-02-25 03:00,106.253,
2026-02-25 04:00,106.253,
2026-02-25 05:00,106.26,
2026-02-25 06:00,106.255,
2026-02-25 07:00,106.262,
2026-02-25 08:00,106.258,
2026-02-25 09:00,106.252,
2026-02-25 10:00,106.251,
2026-02-25 11:00,106.259,
2026-02-25 12:00,106.25,
2026-02-25 13:00,106.247,
2026-02-25 14:00,106.259,
2026-02-25 15:00,106.258,
2026-02-25 16:00,106.247,
2026-02-25 17:00,106.252,
2026-02-25 18:00,106.246,
2026-02-25 19:00,106.239,
2026-02-25 20:00,106.241,
2026-02-25 21:00,106.239,
2026-02-25 22:00,106.231,
2026-02-25 23:00,106.229,
2026-02-26 00:00,106.241,
2026-02-26 01:00,106.233,
2026-02-26 02:00,106.241,
2026-02-26 03:00,106.237,
2026-02-26 04:00,106.244,
2026-02-26 05:00,106.245,
2026-02-26 06:00,106.248,
2026-02-26 07:00,106.238,
2026-02-26 08:00,106.252,
2026-02-26 09:00,106.24,
2026-02-26 10:00,106.249,
2026-02-26 11:00,106.241,
2026-02-26 12:00,106.242,
2026-02-26 13:00,106.234,
2026-02-26 14:00,106.232,
2026-02-26 15:00,106.236,
2026-02-26 16:00,106.226,
2026-02-26 17:00,106.231,
2026-02-26 18:00,106.223,
2026-02-26 19:00,106.225,
2026-02-26 20:00,106.22,
2026-02-26 21:00,106.218,
2026-02-26 22:00,106.209,
2026-02-26 23:00,106.21,
2026-02-27 00:00,106.202,
2026-02-27 01:00,106.216,
2026-02-27 02:00,106.217,
2026-02-27 03:00,106.205,
2026-02-27 04:00,106.22,
2026-02-27 05:00,106.213,
2026-02-27 06:00,106.213,
2026-02-27 07:00,106.226,
2026-02-27 08:00,106.213,
2026-02-27 09:00,106.226,
2026-02-27 10:00,106.21,
2026-02-27 11:00,106.207,
2026-02-27 12:00,106.208,
2026-02-27 13:00,106.209,
2026-02-27 14:00,106.217,
2026-02-27 15:00,106.195,
2026-02-27 16:00,106.217,
2026-02-27 17:00,106.195,
2026-02-27 18:00,106.218,
2026-02-27 19:00,106.216,
2026-02-27 20:00,106.209,
2026-02-27 21:00,106.202,
2026-02-27 22:00,106.199,
2026-02-27 23:00,106.189,
2026-02-28 00:00,106.192,
2026-02-28 01:00,106.197,
2026-02-28 02:00,106.195,
2026-02-28 03:00,106.21,
2026-02-28 04:00,106.212,
2026-02-28 05:00,106.213,
2026-02-28 06:00,106.205,
2026-02-28 07:00,106.201,
2026-02-28 08:00,106.216,
2026-02-28 09:00,106.21,
2026-02-28 10:00,106.207,
2026-02-28 11:00,106.221,
2026-02-28 12:00,106.218,
2026-02-28 13:00,106.208,
2026-02-28 14:00,106.201,
2026-02-28 15:00,106.206,
2026-02-28 16:00,106.185,
2026-02-28 17:00,106.204,
2026-02-28 18:00,106.197,
2026-02-28 19:00,106.19,
2026-02-28 20:00,106.192,
2026-02-28 21:00,106.188,
2026-02-28 22:00,106.182,
2026-02-28 23:00,106.176,
2026-03-01 00:00,106.182,
2026-03-01 01:00,106.183,
2026-03-01 02:00,106.187,
2026-03-01 03:00,106.175,
2026-03-01 04:00,106.177,
2026-03-01 05:00,106.179,
2026-03-01 06:00,106.187,
2026-03-01 07:00,106.184,
2026-03-01 08:00,106.188,
2026-03-01 09:00,106.194,
2026-03-01 10:00,106.197,
2026-03-01 11:00,106.205,
2026-03-01 12:00,106.183,
2026-03-01 13:00,106.191,
2026-03-01 14:00,106.184,
2026-03-01 15:00,106.185,
2026-03-01 16:00,106.191,
2026-03-01 17:00,106.183,
2026-03-01 18:00,106.176,
2026-03-01 19:00,106.181,
2026-03-01 20:00,106.172,
2026-03-01 21:00,106.166,
2026-03-01 22:00,106.156,
2026-03-01 23:00,106.152,
2026-03-02 00:00,106.165,
2026-03-02 01:00,106.154,
2026-03-02 02:00,106.162,
2026-03-02 03:00,106.157,
2026-03-02 04:00,106.157,
2026-03-02 05:00,106.173,
2026-03-02 06:00,106.176,
2026-03-02 07:00,106.176,
2026-03-02 08:00,106.163,
2026-03-02 09:00,106.162,
2026-03-02 10:00,106.183,
2026-03-02 11:00,106.161,
2026-03-02 12:00,106.183,
2026-03-02 13:00,106.17,
2026-03-02 14:00,106.172,
2026-03-02 15:00,106.17,
2026-03-02 16:00,106.171,
2026-03-02 17:00,106.164,
2026-03-02 18:00,106.15,
2026-03-02 19:00,106.151,
2026-03-02 20:00,106.15,
2026-03-02 21:00,106.131,
2026-03-02 22:00,106.137,
2026-03-02 23:00,106.135,
2026-03-03 00:00,106.138,
2026-03-03 01:00,106.126,
2026-03-03 02:00,106.126,
2026-03-03 03:00,106.144,
2026-03-03 04:00,106.132,
2026-03-03 05:00,106.14,
2026-03-03 06:00,106.14,
2026-03-03 07:00,106.141,
2026-03-03 08:00,106.148,
2026-03-03 09:00,106.155,
2026-03-03 10:00,106.145,
2026-03-03 11:00,106.154,
2026-03-03 12:00,106.151,
2026-03-03 13:00,106.143,
2026-03-03 14:00,106.146,
2026-03-03 15:00,106.145,
2026-03-03 16:00,106.127,
2026-03-03 17:00,106.139,
2026-03-03 18:00,106.128,
2026-03-03 19:00,106.135,
2026-03-03 20:00,106.127,
2026-03-03 21:00,106.107,
2026-03-03 22:00,106.093,
2026-03-03 23:00,106.108,
2026-03-04 00:00,106.109,
2026-03-04 01:00,106.116,
2026-03-04 02:00,106.102,
2026-03-04 03:00,106.102,
2026-03-04 04:00,106.126,
2026-03-04 05:00,106.126,
2026-03-04 06:00,106.107,
2026-03-04 07:00,106.12,
2026-03-04 08:00,106.119,
2026-03-04 09:00,106.132,
2026-03-04 10:00,106.136,
2026-03-04 11:00,106.137,
2026-03-04 12:00,106.114,
2026-03-04 13:00,106.132,
2026-03-04 14:00,106.131,
2026-03-04 15:00,106.127,
2026-03-04 16:00,106.125,
2026-03-04 17:00,106.115,
2026-03-04 18:00,106.115,
2026-03-04 19:00,106.111,
2026-03-04 20:00,106.099,
2026-03-04 21:00,106.073,
2026-03-04 22:00,106.087,
2026-03-04 23:00,106.08,
2026-03-05 00:00,106.08,
2026-03-05 01:00,106.091,
2026-03-05 02:00,106.087,
2026-03-05 03:00,106.079,
2026-03-05 04:00,106.089,
2026-03-05 05:00,106.097,
2026-03-05 06:00,106.102,
2026-03-05 07:00,106.1,
2026-03-05 08:00,106.102,
2026-03-05 09:00,106.09,
2026-03-05 10:00,106.101,
2026-03-05 11:00,106.113,
2026-03-05 12:00,106.114,
2026-03-05 13:00,106.1,
2026-03-05 14:00,106.095,
2026-03-05 15:00,106.094,
2026-03-05 16:00,106.094,
2026-03-05 17:00,106.086,
2026-03-05 18:00,106.071,
2026-03-05 19:00,106.069,
2026-03-05 20:00,106.061,
2026-03-05 21:00,106.065,
2026-03-05 22:00,106.06,
2026-03-05 23:00,106.051,
2026-03-06 00:00,106.06,
2026-03-06 01:00,106.06,
2026-03-06 02:00,106.072,
2026-03-06 03:00,106.074,
2026-03-06 04:00,106.067,
2026-03-06 05:00,106.085,
2026-03-06 06:00,106.093,
2026-03-06 07:00,106.09,
2026-03-06 08:00,106.096,
2026-03-06 09:00,106.108,
2026-03-06 10:00,106.096,
2026-03-06 11:00,106.095,
2026-03-06 12:00,106.105,
2026-03-06 13:00,106.097,
2026-03-06 14:00,106.097,
2026-03-06 15:00,106.097,
2026-03-06 16:00,106.095,
2026-03-06 17:00,106.097,
2026-03-06 18:00,106.092,
2026-03-06 19:00,106.099,
2026-03-06 20:00,106.092,
2026-03-06 21:00,106.085,
2026-03-06 22:00,106.076,
2026-03-06 23:00,106.077,
2026-03-07 00:00,106.078,
2026-03-07 01:00,106.082,
2026-03-07 02:00,106.08,
2026-03-07 03:00,106.08,
2026-03-07 04:00,106.091,
2026-03-07 05:00,106.089,
2026-03-07 06:00,106.084,
2026-03-07 07:00,106.089,
2026-03-07 08:00,106.096,
2026-03-07 09:00,106.094,
2026-03-07 10:00,106.114,
2026-03-07 11:00,106.096,
2026-03-07 12:00,106.098,
2026-03-07 13:00,106.106,
2026-03-07 14:00,106.101,
2026-03-07 15:00,106.101,
2026-03-07 16:00,106.086,
2026-03-07 17:00,106.087,
2026-03-07 18:00,106.08,
2026-03-07 19:00,106.073,
2026-03-07 20:00,106.064,
2026-03-07 21:00,106.056,
2026-03-07 22:00,106.053,
2026-03-07 23:00,106.057,
2026-03-08 00:00,106.067,
2026-03-08 01:00,106.071,
2026-03-08 02:00,106.071,
2026-03-08 03:00,106.055,
2026-03-08 04:00,106.079,
2026-03-08 05:00,106.081,
2026-03-08 06:00,106.082,
2026-03-08 07:00,106.074,
2026-03-08 08:00,106.077,
2026-03-08 09:00,106.087,
2026-03-08 10:00,106.066,
2026-03-08 11:00,106.086,
2026-03-08 12:00,106.088,
2026-03-08 13:00,106.081,
2026-03-08 14:00,106.071,
2026-03-08 15:00,106.076,
2026-03-08 16:00,106.066,
2026-03-08 17:00,106.078,
2026-03-08 18:00,106.06,
2026-03-08 19:00,106.065,
2026-03-08 20:00,106.057,
2026-03-08 21:00,106.027,
2026-03-08 22:00,106.029,
2026-03-08 23:00,106.042,
2026-03-09 00:00,106.046,
2026-03-09 01:00,106.046,
2026-03-09 02:00,106.036,
2026-03-09 03:00,106.045,
2026-03-09 04:00,106.038,
2026-03-09 05:00,106.044,
2026-03-09 06:00,106.058,
2026-03-09 07:00,106.062,
2026-03-09 08:00,106.047,
2026-03-09 09:00,106.062,
2026-03-09 10:00,106.041,
2026-03-09 11:00,106.06,
2026-03-09 12:00,106.057,
2026-03-09 13:00,106.058,
2026-03-09 14:00,106.056,
2026-03-09 15:00,106.054,
2026-03-09 16:00,106.038,
2026-03-09 17:00,106.032,
2026-03-09 18:00,106.037,
2026-03-09 19:00,106.03,
2026-03-09 20:00,106.031,
2026-03-09 21:00,106.007,
2026-03-09 22:00,106.026,
2026-03-09 23:00,106.021,
2026-03-10 00:00,106.015,
2026-03-10 01:00,106.013,
2026-03-10 02:00,106.01,
2026-03-10 03:00,106.022,
2026-03-10 04:00,106.025,
2026-03-10 05:00,106.031,
2026-03-10 06:00,106.016,
2026-03-10 07:00,106.016,
2026-03-10 08:00,106.029,
2026-03-10 09:00,106.033,
2026-03-10 10:00,106.019,
2026-03-10 11:00,106.026,
2026-03-10 12:00,106.029,
2026-03-10 13:00,106.023,
2026-03-10 14:00,106.024,
2026-03-10 15:00,106.009,
2026-03-10 16:00,106.019,
2026-03-10 17:00,106.014,
2026-03-10 18:00,106.017,
2026-03-10 19:00,106.005,
2026-03-10 20:00,105.989,
2026-03-10 21:00,105.98,
2026-03-10 22:00,105.995,
2026-03-10 23:00,105.981,
2026-03-11 00:00,105.985,
2026-03-11 01:00,105.994,
2026-03-11 02:00,105.988,
2026-03-11 03:00,105.989,
2026-03-11 04:00,106.002,
2026-03-11 05:00,106.001,
2026-03-11 06:00,106.005,
2026-03-11 07:00,105.998,
2026-03-11 08:00,105.999,
2026-03-11 09:00,106.004,
2026-03-11 10:00,106.004,
2026-03-11 11:00,105.983,
2026-03-11 12:00,105.993,
2026-03-11 13:00,105.993,
2026-03-11 14:00,105.996,
2026-03-11 15:00,105.99,
2026-03-11 16:00,105.985,
2026-03-11 17:00,105.982,
2026-03-11 18:00,105.975,
2026-03-11 19:00,105.974,
2026-03-11 20:00,105.976,
2026-03-11 21:00,105.965,
2026-03-11 22:00,105.957,
2026-03-11 23:00,105.966,
2026-03-12 00:00,105.951,
2026-03-12 01:00,105.967,
2026-03-12 02:00,105.963,
2026-03-12 03:00,105.959,
2026-03-12 04:00,105.973,
2026-03-12 05:00,105.963,
2026-03-12 06:00,105.975,
2026-03-12 07:00,105.965,
2026-03-12 08:00,105.97,
2026-03-12 09:00,105.963,
2026-03-12 10:00,105.972,
2026-03-12 11:00,105.958,
2026-03-12 12:00,105.967,
2026-03-12 13:00,105.96,
2026-03-12 14:00,105.951,
2026-03-12 15:00,105.948,
2026-03-12 16:00,105.957,
2026-03-12 17:00,105.956,
2026-03-12 18:00,105.958,
2026-03-12 19:00,105.955,
2026-03-12 20:00,105.944,
2026-03-12 21:00,105.933,
2026-03-12 22:00,105.934,
2026-03-12 23:00,105.934,
2026-03-13 00:00,105.94,
2026-03-13 01:00,105.925,
2026-03-13 02:00,105.926,
2026-03-13 03:00,105.945,
2026-03-13 04:00,105.947,
2026-03-13 05:00,105.944,
2026-03-13 06:00,105.945,
2026-03-13 07:00,105.953,
2026-03-13 08:00,105.941,
2026-03-13 09:00,105.946,
2026-03-13 10:00,105.943,
2026-03-13 11:00,105.94,
2026-03-13 12:00,105.93,
2026-03-13 13:00,105.94,
2026-03-13 14:00,105.926,
2026-03-13 15:00,105.927,
2026-03-13 16:00,105.912,
2026-03-13 17:00,105.925,
2026-03-13 18:00,105.93,
2026-03-13 19:00,105.919,
2026-03-13 20:00,105.919,
2026-03-13 21:00,105.914,
2026-03-13 22:00,105.908,
2026-03-13 23:00,105.903,
2026-03-14 00:00,105.91,
2026-03-14 01:00,105.902,
2026-03-14 02:00,105.911,
2026-03-14 03:00,105.908,
2026-03-14 04:00,105.895,
2026-03-14 05:00,105.892,
2026-03-14 06:00,105.898,
2026-03-14 07:00,105.904,
2026-03-14 08:00,105.905,
2026-03-14 09:00,105.906,
2026-03-14 10:00,105.894,
2026-03-14 11:00,105.898,
2026-03-14 12:00,105.897,
2026-03-14 13:00,105.886,
2026-03-14 14:00,105.889,
2026-03-14 15:00,105.884,
2026-03-14 16:00,105.883,
2026-03-14 17:00,105.884,
2026-03-14 18:00,105.882,
2026-03-14 19:00,105.883,
2026-03-14 20:00,105.885,
2026-03-14 21:00,105.883,
2026-03-14 22:00,105.878,
2026-03-14 23:00,105.877,
2026-03-15 00:00,105.867,
2026-03-15 01:00,105.879,
2026-03-15 02:00,105.876,
2026-03-15 03:00,105.863,
2026-03-15 04:00,105.867,
2026-03-15 05:00,105.868,
2026-03-15 06:00,105.865,
2026-03-15 07:00,105.858,
2026-03-15 08:00,105.864,
2026-03-15 09:00,105.871,
2026-03-15 10:00,105.866,
2026-03-15 11:00,105.871,
2026-03-15 12:00,105.857,
2026-03-15 13:00,105.851,
2026-03-15 14:00,105.851,
2026-03-15 15:00,105.845,
2026-03-15 16:00,105.848,
2026-03-15 17:00,105.837,
2026-03-15 18:00,105.848,
2026-03-15 19:00,105.843,
2026-03-15 20:00,105.835,
2026-03-15 21:00,105.83,
2026-03-15 22:00,105.836,
2026-03-15 23:00,105.835,
2026-03-16 00:00,105.827,
2026-03-16 01:00,105.838,
2026-03-16 02:00,105.836,
2026-03-16 03:00,105.836,
2026-03-16 04:00,105.842,
2026-03-16 05:00,105.842,
2026-03-16 06:00,105.839,
2026-03-16 07:00,105.849,
2026-03-16 08:00,105.845,
2026-03-16 09:00,105.837,
2026-03-16 10:00,105.838,
2026-03-16 11:00,105.835,
2026-03-16 12:00,105.828,
2026-03-16 13:00,105.83,
2026-03-16 14:00,105.819,
2026-03-16 15:00,105.809,
2026-03-16 16:00,105.807,
2026-03-16 17:00,105.803,
2026-03-16 18:00,105.795,
2026-03-16 19:00,105.802,
2026-03-16 20:00,105.796,
2026-03-16 21:00,105.783,
2026-03-16 22:00,105.783,
2026-03-16 23:00,105.781,
2026-03-17 00:00,105.784,
2026-03-17 01:00,105.785,
2026-03-17 02:00,105.788,
2026-03-17 03:00,105.786,
2026-03-17 04:00,105.789,
2026-03-17 05:00,105.786,
2026-03-17 06:00,105.796,
2026-03-17 07:00,105.797,
2026-03-17 08:00,105.796,
2026-03-17 09:00,105.797,
2026-03-17 10:00,105.794,
2026-03-17 11:00,105.78,
2026-03-17 12:00,105.774,
2026-03-17 13:00,105.775,
2026-03-17 14:00,105.768,
2026-03-17 15:00,105.759,
2026-03-17 16:00,105.758,
2026-03-17 17:00,105.759,
2026-03-17 18:00,105.75,
2026-03-17 19:00,105.747,
2026-03-17 20:00,105.74,
2026-03-17 21:00,105.734,
2026-03-17 22:00,105.735,
2026-03-17 23:00,105.738,
2026-03-18 00:00,105.732,
2026-03-18 01:00,105.733,
2026-03-18 02:00,105.735,
2026-03-18 03:00,105.733,
2026-03-18 04:00,105.743,
2026-03-18 05:00,105.739,
2026-03-18 06:00,105.744,
2026-03-18 07:00,105.748,
2026-03-18 08:00,105.75,
2026-03-18 09:00,105.746,
2026-03-18 10:00,105.741,
2026-03-18 11:00,105.735,
2026-03-18 12:00,105.73,
2026-03-18 13:00,105.725,
2026-03-18 14:00,105.72,
2026-03-18 15:00,105.716,
2026-03-18 16:00,105.714,
2026-03-18 17:00,105.715,
2026-03-18 18:00,105.699,
2026-03-18 19:00,105.697,
2026-03-18 20:00,105.688,
2026-03-18 21:00,105.684,
2026-03-18 22:00,105.681,
2026-03-18 23:00,105.681,
2026-03-19 00:00,105.679,
2026-03-19 01:00,105.687,
2026-03-19 02:00,105.69,
2026-03-19 03:00,105.691,
2026-03-19 04:00,105.694,
2026-03-19 05:00,105.696,
2026-03-19 06:00,105.695,
2026-03-19 07:00,105.695,
2026-03-19 08:00,105.701,
2026-03-19 09:00,105.702,
2026-03-19 10:00,105.693,
2026-03-19 11:00,105.683,
2026-03-19 12:00,105.682,
2026-03-19 13:00,105.679,
2026-03-19 14:00,105.671,
2026-03-19 15:00,105.662,
2026-03-19 16:00,105.656,
2026-03-19 17:00,105.649,
2026-03-19 18:00,105.642,
2026-03-19 19:00,105.639,
2026-03-19 20:00,105.636,
2026-03-19 21:00,105.628,
2026-03-19 22:00,105.63,
2026-03-19 23:00,105.633,
2026-03-20 00:00,105.633,
2026-03-20 01:00,105.638,
2026-03-20 02:00,105.638,
2026-03-20 03:00,105.641,
2026-03-20 04:00,105.643,
2026-03-20 05:00,105.641,
2026-03-20 06:00,105.643,
2026-03-20 07:00,105.643,
2026-03-20 08:00,105.644,
2026-03-20 09:00,105.637,
2026-03-20 10:00,105.627,
2026-03-20 11:00,105.623,
2026-03-20 12:00,105.623,
2026-03-20 13:00,105.622,
2026-03-20 14:00,105.619,
2026-03-20 15:00,105.615,
2026-03-20 16:00,105.62,
2026-03-20 17:00,105.614,
2026-03-20 18:00,105.62,
2026-03-20 19:00,105.618,
2026-03-20 20:00,105.609,
2026-03-20 21:00,105.6,
2026-03-20 22:00,105.596,
2026-03-20 23:00,105.583,
2026-03-21 00:00,105.586,
2026-03-21 01:00,105.587,
2026-03-21 02:00,105.587,
2026-03-21 03:00,105.591,
2026-03-21 04:00,105.593,
2026-03-21 05:00,105.593,
2026-03-21 06:00,105.594,
2026-03-21 07:00,105.597,
2026-03-21 08:00,105.603,
2026-03-21 09:00,105.595,
2026-03-21 10:00,105.588,
2026-03-21 11:00,105.58,
2026-03-21 12:00,105.577,
2026-03-21 13:00,105.575,
2026-03-21 14:00,105.57,
2026-03-21 15:00,105.564,
2026-03-21 16:00,105.555,
2026-03-21 17:00,105.551,
2026-03-21 18:00,105.55,
2026-03-21 19:00,105.548,
2026-03-21 20:00,105.542,
2026-03-21 21:00,105.542,
2026-03-21 22:00,105.543,
2026-03-21 23:00,105.54,
2026-03-22 00:00,105.543,
2026-03-22 01:00,105.546,
2026-03-22 02:00,105.544,
2026-03-22 03:00,105.548,
2026-03-22 04:00,105.55,
2026-03-22 05:00,105.548,
2026-03-22 06:00,105.556,
2026-03-22 07:00,105.557,
2026-03-22 08:00,105.552,
2026-03-22 09:00,105.549,
2026-03-22 10:00,105.541,
2026-03-22 11:00,105.536,
2026-03-22 12:00,105.533,
2026-03-22 13:00,105.532,
2026-03-22 14:00,105.526,
2026-03-22 15:00,105.519,
2026-04-09 10:00,104.855,
2026-04-09 11:00,104.854,
2026-04-09 12:00,104.852,
2026-04-09 13:00,104.851,
2026-04-09 14:00,104.849,
2026-04-09 15:00,104.848,
2026-04-09 16:00,104.846,
2026-04-09 17:00,104.845,
2026-04-09 18:00,104.843,
2026-04-09 19:00,104.842,
2026-04-09 20:00,104.84,
2026-04-09 21:00,104.839,
2026-04-09 22:00,104.837,
2026-04-09 23:00,104.836,
2026-04-10 00:00,104.834,
2026-04-10 01:00,104.833,
2026-04-10 02:00,104.831,
2026-04-10 03:00,104.83,
2026-04-10 04:00,104.828,
2026-04-10 05:00,104.827,
2026-04-10 06:00,104.825,
2026-04-10 07:00,104.824,
2026-04-10 08:00,104.822,
2026-04-10 09:00,104.821,
2026-04-10 10:00,104.806,
2026-04-10 11:00,104.792,
2026-04-10 12:00,104.797,
2026-04-10 13:00,104.818,
2026-04-10 14:00,104.849,
2026-04-10 15:00,104.848,
2026-04-10 16:00,104.851,
2026-04-10 17:00,104.849,
2026-04-10 18:00,104.758,
2026-04-10 19:00,104.754,
2026-04-10 20:00,104.751,
2026-04-10 21:00,104.745,
2026-04-10 22:00,104.734,
2026-04-10 23:00,104.739,
2026-04-11 00:00,104.738,
2026-04-11 01:00,104.736,
2026-04-11 02:00,104.745,
2026-04-11 03:00,104.749,
2026-04-11 04:00,104.749,
2026-04-11 05:00,104.757,
2026-04-11 06:00,104.757,
2026-04-11 07:00,104.765,
2026-04-11 08:00,104.764,
2026-04-11 09:00,104.753,
2026-04-11 10:00,104.752,
2026-04-11 11:00,104.738,
2026-04-11 12:00,104.743,
2026-04-11 13:00,104.751,
2026-04-11 14:00,104.788,
2026-04-11 15:00,104.806,
2026-04-11 16:00,104.807,
2026-04-11 17:00,104.737,
2026-04-11 18:00,104.695,
2026-04-11 19:00,104.703,
2026-04-11 20:00,104.694,
2026-04-11 21:00,104.686,
2026-04-11 22:00,104.681,
2026-04-11 23:00,104.677,
2026-04-12 00:00,104.684,
2026-04-12 01:00,104.687,
2026-04-12 02:00,104.685,
2026-04-12 03:00,104.69,
2026-04-12 04:00,104.69,
2026-04-12 05:00,104.694,
2026-04-12 06:00,104.694,
2026-04-12 07:00,104.699,
2026-04-12 08:00,104.7,
2026-04-12 09:00,104.693,
2026-04-12 10:00,104.682,
2026-04-12 11:00,104.667,
2026-04-12 12:00,104.671,
2026-04-12 13:00,104.677,
2026-04-12 14:00,104.701,
2026-04-12 15:00,104.681,
2026-04-12 16:00,104.721,
2026-04-12 17:00,104.673,
2026-04-12 18:00,104.64,
2026-04-12 19:00,104.636,
2026-04-12 20:00,104.636,
2026-04-12 21:00,104.615,
2026-04-12 22:00,104.609,
2026-04-12 23:00,104.602,
2026-04-13 00:00,104.617,
2026-04-13 01:00,104.612,
2026-04-13 02:00,104.62,
2026-04-13 03:00,104.623,
2026-04-13 04:00,104.624,
2026-04-13 05:00,104.616,
2026-04-13 06:00,104.624,
2026-04-13 07:00,104.629,
2026-04-13 08:00,104.625,
2026-04-13 09:00,104.616,
2026-04-13 10:00,104.604,
2026-04-13 11:00,104.6,
2026-04-13 12:00,104.595,
2026-04-13 13:00,104.601,
2026-04-13 14:00,104.665,
2026-04-13 15:00,104.709,
2026-04-13 16:00,104.699,
2026-04-13 17:00,104.602,
2026-04-13 18:00,104.567,
2026-04-13 19:00,104.557,
2026-04-13 20:00,104.544,
2026-04-13 21:00,104.537,
2026-04-13 22:00,104.525,
2026-04-13 23:00,104.523,
2026-04-14 00:00,104.531,
2026-04-14 01:00,104.527,
2026-04-14 02:00,104.539,
2026-04-14 03:00,104.534,
2026-04-14 04:00,104.539,
2026-04-14 05:00,104.531,
2026-04-14 06:00,104.542,
2026-04-14 07:00,104.547,
2026-04-14 08:00,104.532,
2026-04-14 09:00,104.532,
2026-04-14 10:00,104.522,
2026-04-14 11:00,104.513,
2026-04-14 12:00,104.515,
2026-04-14 13:00,104.504,
2026-04-14 14:00,104.508,
2026-04-14 15:00,118.762,
2026-04-14 16:00,118.729,
2026-04-14 17:00,104.483,
2026-04-14 18:00,104.476,
2026-04-14 19:00,104.483,
2026-04-14 20:00,104.466,
2026-04-14 21:00,104.457,
2026-04-14 22:00,104.459,
2026-04-14 23:00,104.458,
2026-04-15 00:00,104.454,
2026-04-15 01:00,104.463,
2026-04-15 02:00,104.464,
2026-04-15 03:00,104.468,
2026-04-15 04:00,104.468,
2026-04-15 05:00,104.468,
2026-04-15 06:00,104.461,
2026-04-15 07:00,104.47,
2026-04-15 08:00,104.462,
2026-04-15 09:00,104.459,
2026-04-15 10:00,104.453,
2026-04-15 11:00,104.45,
2026-04-15 12:00,104.442,
2026-04-15 13:00,104.436,
2026-04-15 14:00,104.425,
2026-04-15 15:00,104.43,
2026-04-15 16:00,104.429,
2026-04-15 17:00,104.437,
2026-04-15 18:00,104.423,
2026-04-15 19:00,104.421,
2026-04-15 20:00,104.422,
2026-04-15 21:00,104.408,
2026-04-15 22:00,104.405,
2026-04-15 23:00,104.406,
2026-04-16 00:00,104.403,
2026-04-16 01:00,104.413,
2026-04-16 02:00,104.414,
2026-04-16 03:00,104.42,
2026-04-16 04:00,104.42,
2026-04-16 05:00,104.405,
2026-04-16 06:00,104.414,
2026-04-16 07:00,104.422,
2026-04-16 08:00,104.428,
2026-04-16 09:00,104.421,
2026-04-16 10:00,104.41,
2026-04-16 11:00,104.41,
2026-04-16 12:00,104.41,
2026-04-16 13:00,104.405,
2026-04-16 14:00,104.457,
2026-04-16 15:00,104.46,
2026-04-16 16:00,104.372,
2026-04-16 17:00,104.377,
2026-04-16 18:00,104.372,
2026-04-16 19:00,104.372,
2026-04-16 20:00,104.365,
2026-04-16 21:00,104.359,
2026-04-16 22:00,104.35,
2026-04-16 23:00,104.35,
2026-04-17 00:00,104.36,
2026-04-17 01:00,104.354,
2026-04-17 02:00,104.352,
2026-04-17 03:00,104.359,
2026-04-17 04:00,104.372,
2026-04-17 05:00,104.372,
2026-04-17 06:00,104.373,
2026-04-17 07:00,104.37,
2026-04-17 08:00,104.376,
2026-04-17 09:00,104.368,
2026-04-17 10:00,104.355,
2026-04-17 11:00,104.351,
2026-04-17 12:00,104.359,
2026-04-17 13:00,104.35,
2026-04-17 14:00,104.351,
2026-04-17 15:00,104.345,
2026-04-17 16:00,104.373,
2026-04-17 17:00,104.355,
2026-04-17 18:00,104.346,
2026-04-17 19:00,104.347,
2026-04-17 20:00,104.346,
2026-04-17 21:00,104.339,
2026-04-17 22:00,104.321,
2026-04-17 23:00,104.334,
2026-04-18 00:00,104.337,
2026-04-18 01:00,104.329,
2026-04-18 02:00,104.333,
2026-04-18 03:00,104.337,
2026-04-18 04:00,104.341,
2026-04-18 05:00,104.349,
2026-04-18 06:00,104.352,
2026-04-18 07:00,104.356,
2026-04-18 08:00,104.356,
2026-04-18 09:00,104.356,
2026-04-18 10:00,104.35,
2026-04-18 11:00,104.336,
2026-04-18 12:00,104.339,
2026-04-18 13:00,104.337,
2026-04-18 14:00,104.324,
2026-04-18 15:00,104.314,
2026-04-18 16:00,104.327,
2026-04-18 17:00,104.33,
2026-04-18 18:00,104.307,
2026-04-18 19:00,104.299,
2026-04-18 20:00,104.301,
2026-04-18 21:00,104.295,
2026-04-18 22:00,104.289,
2026-04-18 23:00,104.282,
2026-04-19 00:00,104.293,
2026-04-19 01:00,104.296,
2026-04-19 02:00,104.288,
2026-04-19 03:00,104.303,
2026-04-19 04:00,104.293,
2026-04-19 05:00,104.304,
2026-04-19 06:00,104.309,
2026-04-19 07:00,104.314,
2026-04-19 08:00,104.298,
2026-04-19 09:00,104.294,
2026-04-19 10:00,104.284,
2026-04-19 11:00,104.272,
2026-04-19 12:00,104.274,
2026-04-19 13:00,104.295,
2026-04-19 14:00,104.253,
2026-04-19 15:00,104.223,
2026-04-19 16:00,104.203,
2026-04-19 17:00,104.199,
2026-04-19 18:00,104.242,
2026-04-19 19:00,104.233,
2026-04-19 20:00,104.232,
2026-04-19 21:00,104.218,
2026-04-19 22:00,104.207,
2026-04-19 23:00,104.21,
2026-04-20 00:00,104.213,
2026-04-20 01:00,104.208,
2026-04-20 02:00,104.224,
2026-04-20 03:00,104.227,
2026-04-20 04:00,104.227,
2026-04-20 05:00,104.232,
2026-04-20 06:00,104.23,
2026-04-20 07:00,104.226,
2026-04-20 08:00,104.217,
2026-04-20 09:00,104.2,
2026-04-20 10:00,104.193,
2026-04-20 11:00,104.186,
2026-04-20 12:00,104.19,
2026-04-20 13:00,104.204,
2026-04-20 14:00,104.18,
2026-04-20 15:00,104.184,
2026-04-20 16:00,104.178,
2026-04-20 17:00,104.163,
2026-04-20 18:00,104.149,
2026-04-20 19:00,104.144,
2026-04-20 20:00,104.131,
2026-04-20 21:00,104.128,
2026-04-20 22:00,104.115,
2026-04-20 23:00,104.116,
2026-04-21 00:00,104.123,
2026-04-21 01:00,104.126,
2026-04-21 02:00,104.126,
2026-04-21 03:00,104.135,
2026-04-21 04:00,104.135,
2026-04-21 05:00,104.137,
2026-04-21 06:00,104.137,
2026-04-21 07:00,104.127,
2026-04-21 08:00,104.093,
2026-04-21 09:00,104.09,
2026-04-21 10:00,104.085,
2026-04-21 11:00,104.079,
2026-04-21 12:00,104.075,
2026-04-21 13:00,104.083,
2026-04-21 14:00,104.157,
2026-04-21 15:00,104.157,
2026-04-21 16:00,104.146,
2026-04-21 17:00,104.134,
2026-04-21 18:00,104.06,
2026-04-21 19:00,104.049,
2026-04-21 20:00,104.04,
2026-04-21 21:00,104.037,
2026-04-21 22:00,104.025,
2026-04-21 23:00,104.023,
2026-04-22 00:00,104.031,
2026-04-22 01:00,104.035,
2026-04-22 02:00,104.036,
2026-04-22 03:00,104.038,
2026-04-22 04:00,104.044,
2026-04-22 05:00,104.044,
2026-04-22 06:00,104.045,
2026-04-22 07:00,104.039,
2026-04-22 08:00,104.044,
2026-04-22 09:00,104.044,
2026-04-22 10:00,104.032,
2026-04-22 11:00,104.022,
2026-04-22 12:00,104.02,
2026-04-22 13:00,104.045,
2026-04-22 14:00,104.089,
2026-04-22 15:00,104.089,
2026-04-22 16:00,104.074,
2026-04-22 17:00,104.072,
2026-04-22 18:00,103.963,
2026-04-22 19:00,103.959,
2026-04-22 20:00,103.958,
2026-04-22 21:00,103.955,
2026-04-22 22:00,103.954,
2026-04-22 23:00,103.957,
2026-04-23 00:00,103.958,
2026-04-23 01:00,103.961,
2026-04-23 02:00,103.961,
2026-04-23 03:00,103.962,
2026-04-23 04:00,103.965,
2026-04-23 05:00,103.973,
2026-04-23 06:00,103.974,
2026-04-23 07:00,103.978,
2026-04-23 08:00,103.997,
2026-04-23 09:00,103.984,
2026-04-23 10:00,103.978,
2026-04-23 11:00,103.97,
2026-04-23 12:00,103.977,
2026-04-23 13:00,103.999,
2026-04-23 14:00,104.021,
2026-04-23 15:00,104.018,
2026-04-23 16:00,103.997,
2026-04-23 17:00,104.005,
2026-04-23 18:00,103.926,
2026-04-23 19:00,103.919,
2026-04-23 20:00,103.916,
2026-04-23 21:00,103.918,
2026-04-23 22:00,103.916,
2026-04-23 23:00,103.908,
2026-04-24 00:00,103.914,
2026-04-24 01:00,103.91,
2026-04-24 02:00,103.914,
2026-04-24 03:00,103.917,
2026-04-24 04:00,103.921,
2026-04-24 05:00,103.921,
2026-04-24 06:00,103.92,
2026-04-24 07:00,103.926,
2026-04-24 08:00,103.934,
2026-04-24 09:00,103.922,
2026-04-24 10:00,103.915,
2026-04-24 11:00,103.905,
2026-04-24 12:00,103.917,
2026-04-24 13:00,103.926,
2026-04-24 14:00,103.939,
2026-04-24 15:00,103.937,
2026-04-24 16:00,103.935,
2026-04-24 17:00,103.914,
2026-04-24 18:00,103.863,
2026-04-24 19:00,103.855,
2026-04-24 20:00,103.847,
2026-04-24 21:00,103.841,
2026-04-24 22:00,103.84,
2026-04-24 23:00,103.841,
2026-04-25 00:00,103.841,
2026-04-25 01:00,103.844,
2026-04-25 02:00,103.849,
2026-04-25 03:00,103.85,
2026-04-25 04:00,103.858,
2026-04-25 05:00,103.866,
2026-04-25 06:00,103.861,
2026-04-25 07:00,103.863,
2026-04-25 08:00,103.865,
2026-04-25 09:00,103.854,
2026-04-25 10:00,103.848,
2026-04-25 11:00,103.84,
2026-04-25 12:00,103.847,
2026-04-25 13:00,103.857,
2026-04-25 14:00,103.881,
2026-04-25 15:00,103.935,
2026-04-25 16:00,103.868,
2026-04-25 17:00,103.821,
2026-04-25 18:00,103.813,
2026-04-25 19:00,103.806,
2026-04-25 20:00,103.801,
2026-04-25 21:00,103.79,
2026-04-25 22:00,103.783,
2026-04-25 23:00,103.782,
2026-04-26 00:00,103.795,
2026-04-26 01:00,103.795,
2026-04-26 02:00,103.795,
2026-04-26 03:00,103.801,
2026-04-26 04:00,103.804,
2026-04-26 05:00,103.806,
2026-04-26 06:00,103.808,
2026-04-26 07:00,103.809,
2026-04-26 08:00,103.807,
2026-04-26 09:00,103.791,
2026-04-26 10:00,103.783,
2026-04-26 11:00,103.777,
2026-04-26 12:00,103.786,
2026-04-26 13:00,103.796,
2026-04-26 14:00,103.821,
2026-04-26 15:00,103.843,
2026-04-26 16:00,103.805,
2026-04-26 17:00,103.845,
2026-04-26 18:00,103.742,
2026-04-26 19:00,103.736,
2026-04-26 20:00,103.725,
2026-04-26 21:00,103.72,
2026-04-26 22:00,103.714,
2026-04-26 23:00,103.714,
2026-04-27 00:00,103.72,
2026-04-27 01:00,103.725,
2026-04-27 02:00,103.726,
2026-04-27 03:00,103.726,
2026-04-27 04:00,103.729,
2026-04-27 05:00,103.732,
2026-04-27 06:00,103.732,
2026-04-27 07:00,103.733,
2026-04-27 08:00,103.725,
2026-04-27 09:00,103.705,
2026-04-27 10:00,103.702,
2026-04-27 11:00,103.705,
2026-04-27 12:00,103.705,
2026-04-27 13:00,103.728,
2026-04-27 14:00,103.735,
2026-04-27 15:00,103.75,
2026-04-27 16:00,103.731,
2026-04-27 17:00,103.711,
2026-04-27 18:00,103.667,
2026-04-27 19:00,103.66,
2026-04-27 20:00,103.651,
2026-04-27 21:00,103.643,
2026-04-27 22:00,103.636,
2026-04-27 23:00,103.633,
2026-04-28 00:00,103.644,
2026-04-28 01:00,103.648,
2026-04-28 02:00,103.642,
2026-04-28 03:00,103.646,
2026-04-28 04:00,103.65,
2026-04-28 05:00,103.652,
2026-04-28 06:00,103.652,
2026-04-28 07:00,103.656,
2026-04-28 08:00,103.649,
2026-04-28 09:00,103.634,
2026-04-28 10:00,103.63,
2026-04-28 11:00,103.623,
2026-04-28 12:00,103.632,
2026-04-28 13:00,103.649,
2026-04-28 14:00,103.661,
2026-04-28 15:00,103.646,
2026-04-28 16:00,103.651,
2026-04-28 17:00,103.619,
2026-04-28 18:00,103.576,
2026-04-28 19:00,103.582,
2026-04-28 20:00,103.563,
2026-04-28 21:00,103.554,
2026-04-28 22:00,103.55,
2026-04-28 23:00,103.549,
2026-04-29 00:00,103.554,
2026-04-29 01:00,103.557,
2026-04-29 02:00,103.553,
2026-04-29 03:00,103.555,
2026-04-29 04:00,103.566,
2026-04-29 05:00,103.568,
2026-04-29 06:00,103.565,
2026-04-29 07:00,103.573,
2026-04-29 08:00,103.564,
2026-04-29 09:00,103.539,
2026-04-29 10:00,103.528,
2026-04-29 11:00,103.522,
2026-04-29 12:00,103.517,
2026-04-29 13:00,103.553,
2026-04-29 14:00,103.598,
2026-04-29 15:00,103.581,
2026-04-29 16:00,103.497,
2026-04-29 17:00,103.505,
2026-04-29 18:00,103.492,
2026-04-29 19:00,103.479,
2026-04-29 20:00,103.467,
2026-04-29 21:00,103.457,
2026-04-29 22:00,103.448,
2026-04-29 23:00,103.436,
2026-04-30 00:00,103.436,
2026-04-30 01:00,103.434,
2026-04-30 02:00,103.447,
2026-04-30 03:00,103.447,
2026-04-30 04:00,103.448,
2026-04-30 05:00,103.454,
2026-04-30 06:00,103.456,
2026-04-30 07:00,103.446,
2026-04-30 08:00,103.402,
2026-04-30 09:00,103.41,
2026-04-30 10:00,103.402,
2026-04-30 11:00,103.387,
2026-04-30 12:00,103.378,
2026-04-30 13:00,103.398,
2026-04-30 14:00,103.502,
2026-04-30 15:00,103.532,
2026-04-30 16:00,103.399,
2026-04-30 17:00,103.373,
2026-04-30 18:00,103.365,
2026-04-30 19:00,103.355,
2026-04-30 20:00,103.341,
2026-04-30 21:00,103.327,
2026-04-30 22:00,103.318,
2026-04-30 23:00,103.308,
2026-05-01 00:00,103.314,
2026-05-01 01:00,103.318,
2026-05-01 02:00,103.32,
2026-05-01 03:00,103.318,
2026-05-01 04:00,103.324,
2026-05-01 05:00,103.324,
2026-05-01 06:00,103.324,
2026-05-01 07:00,103.337,
2026-05-01 08:00,103.365,
2026-05-01 09:00,103.36,
2026-05-01 10:00,103.348,
2026-05-01 11:00,103.345,
2026-05-01 12:00,103.339,
2026-05-01 13:00,103.362,
2026-05-01 14:00,103.321,
2026-05-01 15:00,103.353,
2026-05-01 16:00,103.296,
2026-05-01 17:00,103.294,
2026-05-01 18:00,103.288,
2026-05-01 19:00,103.285,
2026-05-01 20:00,103.278,
2026-05-01 21:00,103.275,
2026-05-01 22:00,103.27,
2026-05-01 23:00,103.268,
2026-05-02 00:00,103.268,
2026-05-02 01:00,103.272,
2026-05-02 02:00,103.274,
2026-05-02 03:00,103.272,
2026-05-02 04:00,103.274,
2026-05-02 05:00,103.277,
2026-05-02 06:00,103.279,
2026-05-02 07:00,103.282,
2026-05-02 08:00,103.293,
2026-05-02 09:00,103.281,
2026-05-02 10:00,103.275,
2026-05-02 11:00,103.262,
2026-05-02 12:00,103.266,
2026-05-02 13:00,103.273,
2026-05-02 14:00,103.281,
2026-05-02 15:00,103.282,
2026-05-02 16:00,103.236,
2026-05-02 17:00,103.246,
2026-05-02 18:00,103.248,
2026-05-02 19:00,103.241,
2026-05-02 20:00,103.248,
2026-05-02 21:00,103.243,
2026-05-02 22:00,103.236,
2026-05-02 23:00,103.239,
2026-05-03 00:00,103.239,
2026-05-03 01:00,103.244,
2026-05-03 02:00,103.249,
2026-05-03 03:00,103.251,
2026-05-03 04:00,103.253,
2026-05-03 05:00,103.256,
2026-05-03 06:00,103.265,
2026-05-03 07:00,103.268,
2026-05-03 08:00,103.275,
2026-05-03 09:00,103.27,
2026-05-03 10:00,103.265,
2026-05-03 11:00,103.256,
2026-05-03 12:00,103.256,
2026-05-03 13:00,103.253,
2026-05-03 14:00,103.279,
2026-05-03 15:00,103.272,
2026-05-03 16:00,103.292,
2026-05-03 17:00,103.277,
2026-05-03 18:00,103.212,
2026-05-03 19:00,103.21,
2026-05-03 20:00,103.202,
2026-05-03 21:00,103.195,
2026-05-03 22:00,103.191,
2026-05-03 23:00,103.184,
2026-05-04 00:00,103.184,
2026-05-04 01:00,103.19,
2026-05-04 02:00,103.193,
2026-05-04 03:00,103.19,
2026-05-04 04:00,103.195,
2026-05-04 05:00,103.199,
2026-05-04 06:00,103.201,
2026-05-04 07:00,103.207,
2026-05-04 08:00,103.201,
2026-05-04 09:00,103.197,
2026-05-04 10:00,103.19,
2026-05-04 11:00,103.185,
2026-05-04 12:00,103.189,
2026-05-04 13:00,103.19,
2026-05-04 14:00,103.176,
2026-05-04 15:00,103.165,
2026-05-04 16:00,103.164,
2026-05-04 17:00,103.16,
2026-05-04 18:00,103.151,
2026-05-04 19:00,103.148,
2026-05-04 20:00,103.139,
2026-05-04 21:00,103.127,
2026-05-04 22:00,103.12,
2026-05-04 23:00,103.107,
2026-05-05 00:00,103.113,
2026-05-05 01:00,103.119,
2026-05-05 02:00,103.121,
2026-05-05 03:00,103.121,
2026-05-05 04:00,103.126,
2026-05-05 05:00,103.126,
2026-05-05 06:00,103.129,
2026-05-05 07:00,103.129,
2026-05-05 08:00,103.132,
2026-05-05 09:00,103.131,
2026-05-05 10:00,103.116,
2026-05-05 11:00,103.112,
2026-05-05 12:00,103.114,
2026-05-05 13:00,103.116,
2026-05-05 14:00,103.115,
2026-05-05 15:00,103.119,
2026-05-05 16:00,103.092,
2026-05-05 17:00,103.079,
2026-05-05 18:00,103.069,
2026-05-05 19:00,103.062,
2026-05-05 20:00,103.054,
2026-05-05 21:00,103.044,
2026-05-05 22:00,103.04,
2026-05-05 23:00,103.034,
2026-05-06 00:00,103.032,
2026-05-06 01:00,103.037,
2026-05-06 02:00,103.038,
2026-05-06 03:00,103.038,
2026-05-06 04:00,103.045,
2026-05-06 05:00,103.047,
2026-05-06 06:00,103.052,
2026-05-06 07:00,103.053,
2026-05-06 08:00,103.042,
2026-05-06 09:00,103.032,
2026-05-06 10:00,103.024,
2026-05-06 11:00,103.02,
2026-05-06 12:00,103.021,
2026-05-06 13:00,103.021,
2026-05-06 14:00,103.024,
2026-05-06 15:00,103.009,
2026-05-06 16:00,103.001,
2026-05-06 17:00,103.007,
2026-05-06 18:00,102.99,
2026-05-06 19:00,102.991,
2026-05-06 20:00,102.98,
2026-05-06 21:00,102.968,
2026-05-06 22:00,102.956,
2026-05-06 23:00,102.958,
2026-05-07 00:00,102.945,
2026-05-07 01:00,102.955,
2026-05-07 02:00,102.965,
2026-05-07 03:00,102.963,
2026-05-07 04:00,102.967,
2026-05-07 05:00,102.968,
2026-05-07 06:00,102.972,
2026-05-07 07:00,102.971,
2026-05-07 08:00,102.954,
2026-05-07 09:00,102.951,
2026-05-07 10:00,102.945,
2026-05-07 11:00,102.933,
2026-05-07 12:00,102.932,
2026-05-07 13:00,102.957,
2026-05-07 14:00,102.957,
2026-05-07 15:00,102.941,
2026-05-07 16:00,102.929,
2026-05-07 17:00,102.935,
2026-05-07 18:00,102.998,
2026-05-07 19:00,102.954,
2026-05-07 20:00,102.955,
2026-05-07 21:00,102.94,
2026-05-07 22:00,102.934,
2026-05-07 23:00,102.934,
2026-05-08 00:00,102.949,
2026-05-08 01:00,102.947,
2026-05-08 02:00,102.959,
2026-05-08 03:00,102.959,
2026-05-08 04:00,102.964,
2026-05-08 05:00,102.969,
2026-05-08 06:00,102.976,
2026-05-08 07:00,102.979,
2026-05-08 08:00,102.978,
2026-05-08 09:00,102.971,
2026-05-08 10:00,102.954,
2026-05-08 11:00,102.951,
2026-05-08 12:00,102.957,
2026-05-08 13:00,102.955,
2026-05-08 14:00,102.958,
2026-05-08 15:00,102.946,
2026-05-08 16:00,102.938,
2026-05-08 17:00,102.934,
2026-05-08 18:00,102.926,
2026-05-08 19:00,102.93,
2026-05-08 20:00,102.916,
2026-05-08 21:00,102.907,
2026-05-08 22:00,102.894,
2026-05-08 23:00,102.905,
2026-05-09 00:00,102.888,
2026-05-09 01:00,102.889,
2026-05-09 02:00,102.888,
2026-05-09 03:00,102.907,
2026-05-09 04:00,102.913,
2026-05-09 05:00,102.914,
2026-05-09 06:00,102.918,
2026-05-09 07:00,102.919,
2026-05-09 08:00,102.93,
2026-05-09 09:00,102.926,
2026-05-09 10:00,102.918,
2026-05-09 11:00,102.903,
2026-05-09 12:00,102.906,
2026-05-09 13:00,102.907,
2026-05-09 14:00,102.917,
2026-05-09 15:00,102.916,
2026-05-09 16:00,102.907,
2026-05-09 17:00,102.902,
2026-05-09 18:00,102.902,
2026-05-09 19:00,102.891,
2026-05-09 20:00,102.892,
2026-05-09 21:00,102.877,
2026-05-09 22:00,102.869,
2026-05-09 23:00,102.862,
2026-05-10 00:00,102.866,
2026-05-10 01:00,102.871,
2026-05-10 02:00,102.879,
2026-05-10 03:00,102.875,
2026-05-10 04:00,102.876,
2026-05-10 05:00,102.886,
2026-05-10 06:00,102.89,
2026-05-10 07:00,102.89,
2026-05-10 08:00,102.859,
2026-05-10 09:00,102.86,
2026-05-10 10:00,102.867,
2026-05-10 11:00,102.85,
2026-05-10 12:00,102.846,
2026-05-10 13:00,102.85,
2026-05-10 14:00,102.855,
2026-05-10 15:00,102.857,
2026-05-10 16:00,102.857,
2026-05-10 17:00,102.862,
2026-05-10 18:00,102.858,
2026-05-10 19:00,102.847,
2026-05-10 20:00,102.835,
2026-05-10 21:00,102.838,
2026-05-10 22:00,102.828,
2026-05-10 23:00,102.83,
2026-05-11 00:00,102.841,
2026-05-11 01:00,102.858,
2026-05-11 02:00,102.869,
2026-05-11 03:00,102.882,
2026-05-11 04:00,102.894,
2026-05-11 05:00,102.904,
2026-05-11 06:00,102.909,
2026-05-11 07:00,102.919,
2026-05-11 08:00,102.921,
2026-05-11 09:00,102.906,
2026-05-11 10:00,102.905,
2026-05-11 11:00,102.898,
2026-05-11 12:00,102.898,
2026-05-11 13:00,102.921,
2026-05-11 14:00,102.91,
2026-05-11 15:00,102.907,
2026-05-11 16:00,102.899,
2026-05-11 17:00,102.903,
2026-05-11 18:00,102.9,
2026-05-11 19:00,102.894,
2026-05-11 20:00,102.885,
2026-05-11 21:00,102.878,
2026-05-11 22:00,102.879,
2026-05-11 23:00,102.874,
2026-05-12 00:00,102.88,
2026-05-12 01:00,102.889,
2026-05-12 02:00,102.892,
2026-05-12 03:00,102.892,
2026-05-12 04:00,102.901,
2026-05-12 05:00,102.906,
2026-05-12 06:00,102.907,
2026-05-12 07:00,102.905,
2026-05-12 08:00,102.904,
2026-05-12 09:00,102.895,
2026-05-12 10:00,102.881,
2026-05-12 11:00,102.873,
2026-05-12 12:00,102.885,
2026-05-12 13:00,102.896,
2026-05-12 14:00,102.904,
2026-05-12 15:00,102.92,
2026-05-12 16:00,102.967,
2026-05-12 17:00,102.945,
2026-05-12 18:00,102.925,
2026-05-12 19:00,102.935,
2026-05-12 20:00,102.925,
2026-05-12 21:00,102.905,
2026-05-12 22:00,102.917,
2026-05-12 23:00,102.917,
2026-05-13 00:00,102.917,
2026-05-13 01:00,102.925,
2026-05-13 02:00,102.93,
2026-05-13 03:00,102.936,
2026-05-13 04:00,102.94,
2026-05-13 05:00,102.945,
2026-05-13 06:00,102.95,
2026-05-13 07:00,102.956,
2026-05-13 08:00,102.939,
2026-05-13 09:00,102.933,
2026-05-13 10:00,102.932,
2026-05-13 11:00,102.928,
2026-05-13 12:00,102.926,
2026-05-13 13:00,102.941,
2026-05-13 14:00,102.957,
2026-05-13 15:00,102.935,
2026-05-13 16:00,102.922,
2026-05-13 17:00,102.917,
2026-05-13 18:00,102.91,
2026-05-13 19:00,102.905,
2026-05-13 20:00,102.901,
2026-05-13 21:00,102.896,
2026-05-13 22:00,102.884,
2026-05-13 23:00,102.884,
2026-05-14 00:00,102.899,
2026-05-14 01:00,102.902,
2026-05-14 02:00,102.904,
2026-05-14 03:00,102.915,
2026-05-14 04:00,102.919,
2026-05-14 05:00,102.924,
2026-05-14 06:00,102.925,
2026-05-14 07:00,102.928,
2026-05-14 08:00,102.922,
2026-05-14 09:00,102.918,
2026-05-14 10:00,102.913,
2026-05-14 11:00,102.912,
2026-05-14 12:00,102.91,
2026-05-14 13:00,102.909,
2026-05-14 14:00,102.906,
2026-05-14 15:00,102.901,
2026-05-14 16:00,102.908,
2026-05-14 17:00,102.886,
2026-05-14 18:00,102.887,
2026-05-14 19:00,102.885,
2026-05-14 20:00,102.871,
2026-05-14 21:00,102.86,
2026-05-14 22:00,102.856,
2026-05-14 23:00,102.861,
2026-05-15 00:00,102.872,
2026-05-15 01:00,102.875,
2026-05-15 02:00,102.874,
2026-05-15 03:00,102.882,
2026-05-15 04:00,102.893,
2026-05-15 05:00,102.895,
2026-05-15 06:00,102.901,
2026-05-15 07:00,102.901,
2026-05-15 08:00,102.884,
2026-05-15 09:00,102.87,
2026-05-15 10:00,102.865,
2026-05-15 11:00,102.872,
2026-05-15 12:00,102.875,
2026-05-15 13:00,102.872,
2026-05-15 14:00,102.875,
2026-05-15 15:00,102.891,
2026-05-15 16:00,102.878,
2026-05-15 17:00,102.882,
2026-05-15 18:00,102.865,
2026-05-15 19:00,102.863,
2026-05-15 20:00,102.877,
2026-05-15 21:00,102.915,
2026-05-15 22:00,102.949,
2026-05-15 23:00,102.981,
2026-05-16 00:00,103.008,
2026-05-16 01:00,103.018,
2026-05-16 02:00,103.087,
2026-05-16 03:00,103.085,
2026-05-16 04:00,103.105,
2026-05-16 05:00,103.124,
2026-05-16 06:00,103.144,
2026-05-16 07:00,103.162,
2026-05-16 08:00,103.179,
2026-05-16 09:00,103.188,
2026-05-16 10:00,103.193,
2026-05-16 11:00,103.206,
2026-05-16 12:00,103.216,
2026-05-16 13:00,103.23,
2026-05-16 14:00,103.236,
2026-05-16 15:00,103.233,
2026-05-16 16:00,103.237,
2026-05-16 17:00,103.224,
2026-05-16 18:00,103.215,
2026-05-16 19:00,103.215,
2026-05-16 20:00,103.221,
2026-05-16 21:00,103.214,
2026-05-16 22:00,103.218,
2026-05-16 23:00,103.218,
2026-05-17 00:00,103.22,
2026-05-17 01:00,103.224,
2026-05-17 02:00,103.232,
2026-05-17 03:00,103.237,
2026-05-17 04:00,103.242,
2026-05-17 05:00,103.245,
2026-05-17 06:00,103.25,
2026-05-17 07:00,103.255,
2026-05-17 08:00,103.264,
2026-05-17 09:00,103.262,
2026-05-17 10:00,103.258,
2026-05-17 11:00,103.247,
2026-05-17 12:00,103.251,
2026-05-17 13:00,103.266,
2026-05-17 14:00,103.281,
2026-05-17 15:00,103.287,
2026-05-17 16:00,103.266,
2026-05-17 17:00,103.29,
2026-05-17 18:00,103.217,
2026-05-17 19:00,103.212,
2026-05-17 20:00,103.216,
2026-05-17 21:00,103.218,
2026-05-17 22:00,103.215,
2026-05-17 23:00,103.225,
2026-05-18 00:00,103.22,
2026-05-18 01:00,103.224,
2026-05-18 02:00,103.232,
2026-05-18 03:00,103.234,
2026-05-18 04:00,103.237,
2026-05-18 05:00,103.24,
2026-05-18 06:00,103.242,
2026-05-18 07:00,103.244,
2026-05-18 08:00,103.249,
2026-05-18 09:00,103.254,
2026-05-18 10:00,103.245,
2026-05-18 11:00,103.24,
2026-05-18 12:00,103.24,
2026-05-18 13:00,103.254,
2026-05-18 14:00,103.256,
2026-05-18 15:00,103.246,
2026-05-18 16:00,103.254,
2026-05-18 17:00,103.241,
2026-05-18 18:00,103.204,
2026-05-18 19:00,103.202,
2026-05-18 20:00,103.2,
2026-05-18 21:00,103.199,
2026-05-18 22:00,103.195,
2026-05-18 23:00,103.195,
2026-05-19 00:00,103.199,
2026-05-19 01:00,103.201,
2026-05-19 02:00,103.209,
2026-05-19 03:00,103.215,
2026-05-19 04:00,103.215,
2026-05-19 05:00,103.218,
2026-05-19 06:00,103.225,
2026-05-19 07:00,103.225,
2026-05-19 08:00,103.225,
2026-05-19 09:00,103.222,
2026-05-19 10:00,103.217,
2026-05-19 11:00,103.212,
2026-05-19 12:00,103.211,
2026-05-19 13:00,103.209,
2026-05-19 14:00,103.21,
2026-05-19 15:00,103.224,
2026-05-19 16:00,103.227,
2026-05-19 17:00,103.205,
2026-05-19 18:00,103.197,
2026-05-19 19:00,103.187,
2026-05-19 20:00,103.192,
2026-05-19 21:00,103.19,
2026-05-19 22:00,103.172,
2026-05-19 23:00,103.183,
2026-05-20 00:00,103.177,
2026-05-20 01:00,103.185,
2026-05-20 02:00,103.183,
2026-05-20 03:00,103.19,
2026-05-20 04:00,103.19,
2026-05-20 05:00,103.196,
2026-05-20 06:00,103.193,
2026-05-20 07:00,103.197,
2026-05-20 08:00,103.199,
2026-05-20 09:00,103.202,
2026-05-20 10:00,103.19,
2026-05-20 11:00,103.193,
2026-05-20 12:00,103.191,
2026-05-20 13:00,103.19,
2026-05-20 14:00,103.177,
2026-05-20 15:00,103.175,
2026-05-20 16:00,103.2,
2026-05-20 17:00,103.186,
2026-05-20 18:00,103.182,
2026-05-20 19:00,103.169,
2026-05-20 20:00,103.172,
2026-05-20 21:00,103.167,
2026-05-20 22:00,103.162,
2026-05-20 23:00,103.163,
2026-05-21 00:00,103.166,
2026-05-21 01:00,103.169,
2026-05-21 02:00,103.176,
2026-05-21 03:00,103.182,
2026-05-21 04:00,103.179,
2026-05-21 05:00,103.182,
2026-05-21 06:00,103.184,
2026-05-21 07:00,103.188,
2026-05-21 08:00,103.191,
2026-05-21 09:00,103.188,
2026-05-21 10:00,103.191,
2026-05-21 11:00,103.182,
2026-05-21 12:00,103.188,
2026-05-21 13:00,103.186,
2026-05-21 14:00,103.201,
2026-05-21 15:00,103.209,
2026-05-21 16:00,103.205,
2026-05-21 17:00,103.155,
2026-05-21 18:00,103.148,
2026-05-21 19:00,103.146,
2026-05-21 20:00,103.14,
2026-05-21 21:00,103.141,
2026-05-21 22:00,103.136,
2026-05-21 23:00,103.137,
2026-05-22 00:00,103.134,
2026-05-22 01:00,103.138,
2026-05-22 02:00,103.141,
2026-05-22 03:00,103.146,
2026-05-22 04:00,103.148,
2026-05-22 05:00,103.156,
2026-05-22 06:00,103.156,
2026-05-22 07:00,103.162,
2026-05-22 08:00,103.157,
2026-05-22 09:00,103.15,
2026-05-22 10:00,103.142,
2026-05-22 11:00,103.144,
2026-05-22 12:00,103.147,
2026-05-22 13:00,103.15,
2026-05-22 14:00,103.158,
2026-05-22 15:00,103.166,
2026-05-22 16:00,103.142,
2026-05-22 17:00,103.123,
2026-05-22 18:00,103.109,
2026-05-22 19:00,103.111,
2026-05-22 20:00,103.109,
2026-05-22 21:00,103.103,
2026-05-22 22:00,103.101,
2026-05-22 23:00,103.096,
2026-05-23 00:00,103.1,
2026-05-23 01:00,103.103,
2026-05-23 02:00,103.108,
2026-05-23 03:00,103.111,
2026-05-23 04:00,103.117,
2026-05-23 05:00,103.117,
2026-05-23 06:00,103.119,
2026-05-23 07:00,103.121,
2026-05-23 08:00,103.12,
2026-05-23 09:00,103.104,
2026-05-23 10:00,103.097,
2026-05-23 11:00,103.096,
2026-05-23 12:00,103.104,
2026-05-23 13:00,103.106,
2026-05-23 14:00,103.11,
2026-05-23 15:00,103.115,
2026-05-23 16:00,103.116,
2026-05-23 17:00,103.077,
2026-05-23 18:00,103.067,
2026-05-23 19:00,103.065,
2026-05-23 20:00,103.068,
2026-05-23 21:00,103.06,
2026-05-23 22:00,103.058,
2026-05-23 23:00,103.061,
2026-05-24 00:00,103.064,
2026-05-24 01:00,103.07,
2026-05-24 02:00,103.069,
2026-05-24 03:00,103.075,
2026-05-24 04:00,103.075,
2026-05-24 05:00,103.077,
2026-05-24 06:00,103.085,
2026-05-24 07:00,103.085,
2026-05-24 08:00,103.078,
2026-05-24 09:00,103.082,
2026-05-24 10:00,103.075,
2026-05-24 11:00,103.08,
2026-05-24 12:00,103.072,
2026-05-24 13:00,103.066,
2026-05-24 14:00,103.075,
2026-05-24 15:00,103.067,
2026-05-24 16:00,103.041,
2026-05-24 17:00,103.046,
2026-05-24 18:00,103.034,
2026-05-24 19:00,103.032,
2026-05-24 20:00,103.029,
2026-05-24 21:00,103.023,
2026-05-24 22:00,103.021,
2026-05-24 23:00,103.02,
2026-05-25 00:00,103.019,
2026-05-25 01:00,103.019,
2026-05-25 02:00,103.021,
2026-05-25 03:00,103.024,
2026-05-25 04:00,103.029,
2026-05-25 05:00,103.034,
2026-05-25 06:00,103.037,
2026-05-25 07:00,103.038,
2026-05-25 08:00,103.019,
2026-05-25 09:00,103.011,
2026-05-25 10:00,103.008,
2026-05-25 11:00,103.003,
2026-05-25 12:00,103.009,
2026-05-25 13:00,103.014,
2026-05-25 14:00,103.022,
2026-05-25 15:00,103.017,
2026-05-25 16:00,103.003,
2026-05-25 17:00,103.002,
2026-05-25 18:00,102.989,
2026-05-25 19:00,102.985,
2026-05-25 20:00,103.004,
2026-05-25 21:00,102.969,
2026-05-25 22:00,102.964,
2026-05-25 23:00,102.967,
2026-05-26 00:00,102.972,
2026-05-26 01:00,102.977,
2026-05-26 02:00,102.979,
2026-05-26 03:00,102.984,
2026-05-26 04:00,102.983,
2026-05-26 05:00,102.983,
2026-05-26 06:00,102.988,
2026-05-26 07:00,102.988,
2026-05-26 08:00,102.969,
2026-05-26 09:00,102.965,
2026-05-26 10:00,102.967,
2026-05-26 11:00,102.963,
2026-05-26 12:00,102.966,
2026-05-26 13:00,102.971,
2026-05-26 14:00,102.981,
2026-05-26 15:00,102.983,
2026-05-26 16:00,102.975,
2026-05-26 17:00,102.975,
2026-05-26 18:00,102.94,
2026-05-26 19:00,102.934,
2026-05-26 20:00,102.932,
2026-05-26 21:00,102.926,
2026-05-26 22:00,102.926,
2026-05-26 23:00,102.92,
2026-05-27 00:00,102.922,
2026-05-27 01:00,102.925,
2026-05-27 02:00,102.931,
2026-05-27 03:00,102.938,
2026-05-27 04:00,102.935,
2026-05-27 05:00,102.939,
2026-05-27 06:00,102.944,
2026-05-27 07:00,102.943,
2026-05-27 08:00,102.93,
2026-05-27 09:00,102.922,
2026-05-27 10:00,102.905,
2026-05-27 11:00,102.913,
2026-05-27 12:00,102.922,
2026-05-27 13:00,102.913,
2026-05-27 14:00,102.911,
2026-05-27 15:00,102.906,
2026-05-27 16:00,102.899,
2026-05-27 17:00,102.892,
2026-05-27 18:00,102.89,
2026-05-27 19:00,102.888,
2026-05-27 20:00,102.879,
2026-05-27 21:00,102.873,
2026-05-27 22:00,102.866,
2026-05-27 23:00,102.867,
2026-05-28 00:00,102.868,
2026-05-28 01:00,102.872,
2026-05-28 02:00,102.875,
2026-05-28 03:00,102.875,
2026-05-28 04:00,102.878,
2026-05-28 05:00,102.886,
2026-05-28 06:00,102.885,
2026-05-28 07:00,102.878,
2026-05-28 08:00,102.85,
2026-05-28 09:00,102.835,
2026-05-28 10:00,102.836,
2026-05-28 11:00,102.843,
2026-05-28 12:00,102.846,
2026-05-28 13:00,102.84,
2026-05-28 14:00,102.835,
2026-05-28 15:00,102.84,
2026-05-28 16:00,102.829,
2026-05-28 17:00,102.829,
2026-05-28 18:00,102.821,
2026-05-28 19:00,102.822,
2026-05-28 20:00,102.816,
2026-05-28 21:00,102.813,
2026-05-28 22:00,102.807,
2026-05-28 23:00,102.808,
2026-05-29 00:00,102.802,
2026-05-29 01:00,102.804,
2026-05-29 02:00,102.812,
2026-05-29 03:00,102.813,
2026-05-29 04:00,102.816,
2026-05-29 05:00,102.817,
2026-05-29 06:00,102.817,
2026-05-29 07:00,102.817,
2026-05-29 08:00,102.808,
2026-05-29 09:00,102.797,
2026-05-29 10:00,102.787,
2026-05-29 11:00,102.779,
2026-05-29 12:00,102.783,
2026-05-29 13:00,102.767,
2026-05-29 14:00,102.8,
2026-05-29 15:00,102.795,
2026-05-29 16:00,102.79,
2026-05-29 17:00,102.779,
2026-05-29 18:00,102.769,
2026-05-29 19:00,102.764,
2026-05-29 20:00,102.766,
2026-05-29 21:00,102.76,
2026-05-29 22:00,102.751,
2026-05-29 23:00,102.754,
2026-05-30 00:00,102.749,
2026-05-30 01:00,102.752,
2026-05-30 02:00,102.753,
2026-05-30 03:00,102.753,
2026-05-30 04:00,102.754,
2026-05-30 05:00,102.753,
2026-05-30 06:00,102.753,
2026-05-30 07:00,102.753,
2026-05-30 08:00,102.756,
2026-05-30 09:00,102.75,
2026-05-30 10:00,102.747,
2026-05-30 11:00,102.739,
2026-05-30 12:00,102.741,
2026-05-30 13:00,102.737,
2026-05-30 14:00,102.736,
2026-05-30 15:00,102.716,
2026-05-30 16:00,102.716,
2026-05-30 17:00,102.701,
2026-05-30 18:00,102.699,
2026-05-30 19:00,102.706,
2026-05-30 20:00,102.7,
2026-05-30 21:00,102.693,
2026-05-30 22:00,102.694,
2026-05-30 23:00,102.693,
2026-05-31 00:00,102.693,
2026-05-31 01:00,102.694,
2026-05-31 02:00,102.701,
2026-05-31 03:00,102.704,
2026-05-31 04:00,102.703,
2026-05-31 05:00,102.7,
2026-05-31 06:00,102.703,
2026-05-31 07:00,102.703,
2026-05-31 08:00,102.709,
2026-05-31 09:00,102.703,
2026-05-31 10:00,102.699,
2026-05-31 11:00,102.697,
2026-05-31 12:00,102.696,
2026-05-31 13:00,102.685,
2026-05-31 14:00,102.685,
2026-05-31 15:00,102.682,
2026-05-31 16:00,102.674,
2026-05-31 17:00,102.656,
2026-05-31 18:00,102.655,
2026-05-31 19:00,102.656,
2026-05-31 20:00,102.653,
2026-05-31 21:00,102.649,
2026-05-31 22:00,102.647,
2026-05-31 23:00,102.642,
2026-06-01 00:00,102.642,
2026-06-01 01:00,102.647,
2026-06-01 02:00,102.65,
2026-06-01 03:00,102.65,
2026-06-01 04:00,102.645,
2026-06-01 05:00,102.65,
2026-06-01 06:00,102.65,
2026-06-01 07:00,102.653,
2026-06-01 08:00,102.661,
2026-06-01 09:00,102.658,
2026-06-01 10:00,102.651,
2026-06-01 11:00,102.654,
2026-06-01 12:00,102.652,
2026-06-01 13:00,102.642,
2026-06-01 14:00,102.65,
2026-06-01 15:00,102.624,
2026-06-01 16:00,102.623,
2026-06-01 17:00,102.615,
2026-06-01 18:00,102.613,
2026-06-01 19:00,102.605,
2026-06-01 20:00,102.594,
2026-06-01 21:00,102.592,
2026-06-01 22:00,102.592,
2026-06-01 23:00,102.585,
2026-06-02 00:00,102.582,
2026-06-02 01:00,102.588,
2026-06-02 02:00,102.588,
2026-06-02 03:00,102.592,
2026-06-02 04:00,102.592,
2026-06-02 05:00,102.592,
2026-06-02 06:00,102.598,
2026-06-02 07:00,102.599,
2026-06-02 08:00,102.609,
2026-06-02 09:00,102.598,
2026-06-02 10:00,102.603,
2026-06-02 11:00,102.612,
2026-06-02 12:00,102.61,
2026-06-02 13:00,102.597,
2026-06-02 14:00,102.594,
2026-06-02 15:00,102.587,
2026-06-02 16:00,102.577,
2026-06-02 17:00,102.578,
2026-06-02 18:00,102.58,
2026-06-02 19:00,102.57,
2026-06-02 20:00,102.557,
2026-06-02 21:00,102.555,
2026-06-02 22:00,102.549,
2026-06-02 23:00,102.556,
2026-06-03 00:00,102.558,
2026-06-03 01:00,102.569,
2026-06-03 02:00,102.566,
2026-06-03 03:00,102.57,
2026-06-03 04:00,102.578,
2026-06-03 05:00,102.578,
2026-06-03 06:00,102.585,
2026-06-03 07:00,102.585,
2026-06-03 08:00,102.589,
2026-06-03 09:00,102.588,
2026-06-03 10:00,102.588,
2026-06-03 11:00,102.585,
2026-06-03 12:00,102.573,
2026-06-03 13:00,102.57,
2026-06-03 14:00,102.564,
2026-06-03 15:00,102.564,
2026-06-03 16:00,102.548,
2026-06-03 17:00,102.542,
2026-06-03 18:00,102.543,
2026-06-03 19:00,102.534,
2026-06-03 20:00,102.522,
2026-06-03 21:00,102.523,
2026-06-03 22:00,102.515,
2026-06-03 23:00,102.51,
2026-06-04 00:00,102.513,
2026-06-04 01:00,102.52,
2026-06-04 02:00,102.512,
2026-06-04 03:00,102.519,
2026-06-04 04:00,102.523,
2026-06-04 05:00,102.525,
2026-06-04 06:00,102.525,
2026-06-04 07:00,102.526,
2026-06-04 08:00,102.522,
2026-06-04 09:00,102.523,
2026-06-04 10:00,102.522,
2026-06-04 11:00,102.522,
2026-06-04 12:00,102.52,
2026-06-04 13:00,102.496,
2026-06-04 14:00,102.515,
2026-06-04 16:00,102.497,
2026-06-04 17:00,102.481,
2026-06-04 18:00,102.48,
2026-06-04 19:00,102.475,
2026-06-04 20:00,102.464,
2026-06-04 21:00,102.454,
2026-06-04 22:00,102.454,
2026-06-04 23:00,102.45,
2026-06-05 00:00,102.46,
2026-06-05 01:00,102.466,
2026-06-05 02:00,102.458,
2026-06-05 03:00,102.463,
2026-06-05 04:00,102.463,
2026-06-05 05:00,102.461,
2026-06-05 06:00,102.464,
2026-06-05 07:00,102.476,
2026-06-05 08:00,102.467,
2026-06-05 09:00,102.464,
2026-06-05 10:00,102.454,
2026-06-05 11:00,102.448,
2026-06-05 12:00,102.452,
2026-06-05 13:00,102.446,
2026-06-05 14:00,102.442,
2026-06-05 15:00,102.441,
2026-06-05 16:00,102.429,
2026-06-05 17:00,102.421,
2026-06-05 18:00,102.42,
2026-06-05 19:00,102.416,
2026-06-05 20:00,102.414,
2026-06-05 21:00,102.421,
2026-06-05 22:00,102.413,
2026-06-05 23:00,102.413,
2026-06-06 00:00,102.418,
2026-06-06 01:00,102.423,
2026-06-06 02:00,102.446,
2026-06-06 03:00,102.435,
2026-06-06 04:00,102.432,
2026-06-06 05:00,102.436,
2026-06-06 06:00,102.435,
2026-06-06 07:00,102.44,
2026-06-06 08:00,102.431,
2026-06-06 09:00,102.428,
2026-06-06 10:00,102.425,
2026-06-06 11:00,102.42,
2026-06-06 12:00,102.426,
2026-06-06 13:00,102.423,
2026-06-06 14:00,102.424,
2026-06-06 15:00,102.435,
2026-06-06 16:00,102.429,
2026-06-06 17:00,102.425,
2026-06-06 18:00,102.425,
2026-06-06 19:00,102.42,
2026-06-06 20:00,102.408,
2026-06-06 21:00,102.4,
2026-06-06 22:00,102.388,
2026-06-06 23:00,102.39,
2026-06-07 00:00,102.39,
2026-06-07 01:00,102.39,
2026-06-07 02:00,102.396,
2026-06-07 03:00,102.398,
2026-06-07 04:00,102.398,
2026-06-07 05:00,102.401,
2026-06-07 06:00,102.398,
2026-06-07 07:00,102.403,
2026-06-07 08:00,102.395,
2026-06-07 09:00,102.389,
2026-06-07 10:00,102.385,
2026-06-07 11:00,102.381,
2026-06-07 12:00,102.391,
2026-06-07 13:00,102.384,
2026-06-07 14:00,102.386,
2026-06-07 15:00,102.389,
2026-06-07 16:00,102.382,
2026-06-07 17:00,102.386,
2026-06-07 18:00,102.386,
2026-06-07 19:00,102.388,
2026-06-07 20:00,102.38,
2026-06-07 21:00,102.375,
2026-06-07 22:00,102.361,
2026-06-07 23:00,102.358,
2026-06-08 00:00,102.356,
2026-06-08 01:00,102.363,
2026-06-08 02:00,102.362,
2026-06-08 03:00,102.366,
2026-06-08 04:00,102.369,
2026-06-08 05:00,102.371,
2026-06-08 06:00,102.371,
2026-06-08 07:00,102.368,
2026-06-08 08:00,102.36,
2026-06-08 09:00,102.357,
2026-06-08 10:00,102.356,
2026-06-08 11:00,102.355,
2026-06-08 12:00,102.356,
2026-06-08 13:00,102.36,
2026-06-08 14:00,102.356,
2026-06-08 15:00,102.358,
2026-06-08 16:00,102.35,
2026-06-08 17:00,102.349,
2026-06-08 18:00,102.336,
2026-06-08 19:00,102.342,
2026-06-08 20:00,102.331,
2026-06-08 21:00,102.32,
2026-06-08 22:00,102.314,
2026-06-08 23:00,102.312,
2026-06-09 00:00,102.312,
2026-06-09 01:00,102.307,
2026-06-09 02:00,102.315,
2026-06-09 03:00,102.317,
2026-06-09 04:00,102.312,
2026-06-09 05:00,102.319,
2026-06-09 06:00,102.323,
2026-06-09 07:00,102.319,
2026-06-09 08:00,102.31,
2026-06-09 09:00,102.308,
2026-06-09 10:00,102.306,
2026-06-09 11:00,102.3,
2026-06-09 12:00,102.306,
2026-06-09 13:00,102.31,
2026-06-09 14:00,102.31,
2026-06-09 15:00,102.307,
2026-06-09 16:00,102.305,
2026-06-09 17:00,102.3,
2026-06-09 18:00,102.309,
2026-06-09 19:00,102.299,
2026-06-09 20:00,102.285,
2026-06-09 21:00,102.279,
2026-06-09 22:00,102.267,
2026-06-09 23:00,102.255,
2026-06-10 00:00,102.259,
2026-06-10 01:00,102.26,
2026-06-10 02:00,102.266,
2026-06-10 03:00,102.266,
2026-06-10 04:00,102.266,
2026-06-10 05:00,102.272,
2026-06-10 06:00,102.272,
2026-06-10 07:00,102.272,
2026-06-10 08:00,102.272,
2026-06-10 09:00,102.267,
2026-06-10 10:00,102.256,
2026-06-10 11:00,102.253,
2026-06-10 12:00,102.252,
2026-06-10 13:00,102.252,
2026-06-10 14:00,102.258,
2026-06-10 15:00,102.259,
2026-06-10 16:00,102.255,
2026-06-10 17:00,102.27,
2026-06-10 18:00,102.265,
2026-06-10 19:00,102.252,
2026-06-10 20:00,102.242,
2026-06-10 21:00,102.234,
2026-06-10 22:00,102.219,
2026-06-10 23:00,102.21,
2026-06-11 00:00,102.216,
2026-06-11 01:00,102.23,
2026-06-11 02:00,102.223,
2026-06-11 03:00,102.225,
2026-06-11 04:00,102.227,
2026-06-11 05:00,102.232,
2026-06-11 06:00,102.233,
2026-06-11 07:00,102.233,
2026-06-11 08:00,102.236,
2026-06-11 09:00,102.229,
2026-06-11 10:00,102.227,
2026-06-11 11:00,102.221,
2026-06-11 12:00,102.216,
2026-06-11 13:00,102.212,
2026-06-11 14:00,102.21,
2026-06-11 15:00,102.208,
2026-06-11 16:00,102.212,
2026-06-11 17:00,102.203,
2026-06-11 18:00,102.192,
2026-06-11 19:00,102.183,
2026-06-11 20:00,102.174,
2026-06-11 21:00,102.162,
2026-06-11 22:00,102.163,
2026-06-11 23:00,102.156,
2026-06-12 00:00,102.159,
2026-06-12 01:00,102.164,
2026-06-12 02:00,102.167,
2026-06-12 03:00,102.164,
2026-06-12 04:00,102.167,
2026-06-12 05:00,102.169,
2026-06-12 06:00,102.17,
2026-06-12 07:00,102.171,
2026-06-12 08:00,102.168,
2026-06-12 09:00,102.165,
2026-06-12 10:00,102.16,
2026-06-12 11:00,102.153,
2026-06-12 12:00,102.145,
2026-06-12 13:00,102.145,
2026-06-12 14:00,102.14,
2026-06-12 15:00,102.136,
2026-06-12 16:00,102.137,
2026-06-12 17:00,102.148,
2026-06-12 18:00,102.171,
2026-06-12 19:00,102.145,
2026-06-12 20:00,102.136,
2026-06-12 21:00,102.119,
2026-06-12 22:00,102.119,
2026-06-12 23:00,102.123,
2026-06-13 00:00,102.125,
2026-06-13 01:00,102.125,
2026-06-13 02:00,102.131,
2026-06-13 03:00,102.135,
2026-06-13 04:00,102.14,
2026-06-13 05:00,102.14,
2026-06-13 06:00,102.145,
2026-06-13 07:00,102.148,
2026-06-13 08:00,102.148,
2026-06-13 09:00,102.143,
2026-06-13 10:00,102.144,
2026-06-13 11:00,102.137,
2026-06-13 12:00,102.134,
2026-06-13 13:00,102.131,
2026-06-13 14:00,102.122,
2026-06-13 15:00,102.117,
2026-06-13 16:00,102.117,
2026-06-13 17:00,102.108,
2026-06-13 18:00,102.105,
2026-06-13 19:00,102.104,
2026-06-13 20:00,102.095,
2026-06-13 21:00,102.089,
2026-06-13 22:00,102.089,
2026-06-13 23:00,102.082,
2026-06-14 00:00,102.09,
2026-06-14 01:00,102.091,
2026-06-14 02:00,102.094,
2026-06-14 03:00,102.096,
2026-06-14 04:00,102.096,
2026-06-14 05:00,102.104,
2026-06-14 06:00,102.102,
2026-06-14 07:00,102.101,
2026-06-14 08:00,102.101,
2026-06-14 09:00,102.102,
2026-06-14 10:00,102.097,
2026-06-14 11:00,102.093,
2026-06-14 12:00,102.087,
2026-06-14 13:00,102.081,
2026-06-14 14:00,102.08,
2026-06-14 15:00,102.077,
2026-06-14 16:00,102.077,
2026-06-14 17:00,102.116,
2026-06-14 18:00,102.093,
2026-06-14 19:00,102.105,
2026-06-14 20:00,102.135,
2026-06-14 21:00,102.099,
2026-06-14 22:00,102.106,
2026-06-14 23:00,102.103,
2026-06-15 00:00,102.111,
2026-06-15 01:00,102.118,
2026-06-15 02:00,102.129,
2026-06-15 03:00,102.138,
2026-06-15 04:00,102.138,
2026-06-15 05:00,102.142,
2026-06-15 06:00,102.126,
2026-06-15 07:00,102.116,
2026-06-15 08:00,102.115,
2026-06-15 09:00,102.128,
2026-06-15 10:00,102.123,
2026-06-15 11:00,102.121,
2026-06-15 12:00,102.122,
2026-06-15 13:00,102.121,
2026-06-15 14:00,102.12,
2026-06-15 15:00,102.115,
2026-06-15 16:00,102.119,
2026-06-15 17:00,102.133,
2026-06-15 18:00,102.137,
2026-06-15 19:00,102.132,
2026-06-15 20:00,102.13,
2026-06-15 21:00,102.124,
2026-06-15 22:00,102.128,
2026-06-15 23:00,102.146,
2026-06-16 00:00,102.166,
2026-06-16 01:00,102.148,
2026-06-16 02:00,102.151,
2026-06-16 03:00,102.156,
2026-06-16 04:00,102.162,
2026-06-16 05:00,102.172,
2026-06-16 06:00,102.175,
2026-06-16 07:00,102.179,
2026-06-16 08:00,102.178,
2026-06-16 09:00,102.175,
2026-06-16 10:00,102.173,
2026-06-16 11:00,102.17,
2026-06-16 12:00,102.164,
2026-06-16 13:00,102.164,
2026-06-16 14:00,102.199,
2026-06-16 15:00,102.174,
2026-06-16 16:00,102.165,
2026-06-16 17:00,102.173,
2026-06-16 18:00,102.234,
2026-06-16 19:00,102.221,
2026-06-16 20:00,102.233,
2026-06-16 21:00,102.205,
2026-06-16 22:00,102.197,
2026-06-16 23:00,102.21,
2026-06-17 00:00,102.213,
2026-06-17 01:00,102.217,
2026-06-17 02:00,102.223,
2026-06-17 03:00,102.227,
2026-06-17 04:00,102.233,
2026-06-17 05:00,102.234,
2026-06-17 06:00,102.241,
2026-06-17 07:00,102.24,
2026-06-17 08:00,102.237,
2026-06-17 09:00,102.231,
2026-06-17 10:00,102.234,
2026-06-17 11:00,102.226,
2026-06-17 12:00,102.223,
2026-06-17 13:00,102.219,
2026-06-17 14:00,102.242,
2026-06-17 15:00,102.226,
2026-06-17 16:00,102.233,
2026-06-17 17:00,102.219,
2026-06-17 18:00,102.232,
2026-06-17 19:00,102.229,
2026-06-17 20:00,102.222,
2026-06-17 21:00,102.217,
2026-06-17 22:00,102.222,
2026-06-17 23:00,102.229,
2026-06-18 00:00,102.232,
2026-06-18 01:00,102.227,
2026-06-18 02:00,102.232,
2026-06-18 03:00,102.234,
2026-06-18 04:00,102.227,
2026-06-18 05:00,102.233,
2026-06-18 06:00,102.233,
2026-06-18 07:00,102.23,
2026-06-18 08:00,102.228,
2026-06-18 09:00,102.212,
2026-06-18 10:00,102.208,
2026-06-18 11:00,102.201,
2026-06-18 12:00,102.199,
2026-06-18 13:00,102.198,
2026-06-18 14:00,102.194,
2026-06-18 15:00,102.196,
2026-06-18 16:00,102.195,
2026-06-18 17:00,102.193,
2026-06-18 18:00,102.206,
2026-06-18 19:00,102.205,
2026-06-18 20:00,102.248,
2026-06-18 21:00,102.264,
2026-06-18 22:00,102.254,
2026-06-18 23:00,102.27,
2026-06-19 00:00,102.276,
2026-06-19 01:00,102.286,
2026-06-19 02:00,102.286,
2026-06-19 03:00,102.287,
2026-06-19 04:00,102.296,
2026-06-19 05:00,102.291,
2026-06-19 06:00,102.298,
2026-06-19 07:00,102.293,
2026-06-19 08:00,102.284,
2026-06-19 09:00,102.275,
2026-06-19 10:00,102.27,
2026-06-19 11:00,102.265,
2026-06-19 12:00,102.266,
2026-06-19 13:00,102.266,
2026-06-19 14:00,102.268,
2026-06-19 15:00,102.288,
2026-06-19 16:00,102.33,
2026-06-19 17:00,102.309,
2026-06-19 18:00,102.31,
2026-06-19 19:00,102.309,
2026-06-19 20:00,102.319,
2026-06-19 21:00,102.311,
2026-06-19 22:00,102.311,
2026-06-19 23:00,102.317,
2026-06-20 00:00,102.319,
2026-06-20 01:00,102.326,
2026-06-20 02:00,102.33,
2026-06-20 03:00,102.33,
2026-06-20 04:00,102.331,
2026-06-20 05:00,102.335,
2026-06-20 06:00,102.335,
2026-06-20 07:00,102.332,
2026-06-20 08:00,102.331,
2026-06-20 09:00,102.319,
2026-06-20 10:00,102.319,
2026-06-20 11:00,102.323,
2026-06-20 12:00,102.327,
2026-06-20 13:00,102.331,
2026-06-20 14:00,102.332,
2026-06-20 15:00,102.328,
2026-06-20 16:00,102.34,
2026-06-20 17:00,102.355,
2026-06-20 18:00,102.344,
2026-06-20 19:00,102.337,
2026-06-20 20:00,102.337,
2026-06-20 21:00,102.334,
2026-06-20 22:00,102.333,
2026-06-20 23:00,102.332,
2026-06-21 00:00,102.346,
2026-06-21 01:00,102.347,
2026-06-21 02:00,102.355,
2026-06-21 03:00,102.359,
2026-06-21 04:00,102.37,
2026-06-21 05:00,102.374,
2026-06-21 06:00,102.382,
2026-06-21 07:00,102.384,
2026-06-21 08:00,102.384,
2026-06-21 09:00,102.372,
2026-06-21 10:00,102.369,
2026-06-21 11:00,102.364,
2026-06-21 12:00,102.363,
2026-06-21 13:00,102.362,
2026-06-21 14:00,102.359,
2026-06-21 15:00,102.368,
2026-06-21 16:00,102.36,
2026-06-21 17:00,102.385,
2026-06-21 18:00,102.398,
2026-06-21 19:00,102.385,
2026-06-21 20:00,102.409,
2026-06-21 21:00,102.413,
2026-06-21 22:00,102.395,
2026-06-21 23:00,102.399,
2026-06-22 00:00,102.41,
2026-06-22 01:00,102.432,
2026-06-22 02:00,102.437,
2026-06-22 03:00,102.44,
2026-06-22 04:00,102.452,
2026-06-22 05:00,102.457,
2026-06-22 06:00,102.465,
2026-06-22 07:00,102.469,
2026-06-22 08:00,102.469,
2026-06-22 09:00,102.461,
2026-06-22 10:00,102.455,
2026-06-22 11:00,102.46,
2026-06-22 12:00,102.456,
2026-06-22 13:00,102.461,
2026-06-22 14:00,102.468,
2026-06-22 15:00,102.459,
2026-06-22 16:00,102.449,
2026-06-22 17:00,102.452,
2026-06-22 18:00,102.447,
2026-06-22 19:00,102.437,
2026-06-22 20:00,102.43,
2026-06-22 21:00,102.432,
2026-06-22 22:00,102.429,
2026-06-22 23:00,102.425,
2026-06-23 00:00,102.43,
2026-06-23 01:00,102.438,
2026-06-23 02:00,102.435,
2026-06-23 03:00,102.443,
2026-06-23 04:00,102.447,
2026-06-23 05:00,102.448,
2026-06-23 06:00,102.453,
2026-06-23 07:00,102.453,
2026-06-23 08:00,102.453,
2026-06-23 09:00,102.447,
2026-06-23 10:00,102.446,
2026-06-23 11:00,102.442,
2026-06-23 12:00,102.45,
2026-06-23 13:00,102.479,
2026-06-23 14:00,102.483,
2026-06-23 15:00,102.469,
2026-06-23 16:00,102.456,
2026-06-23 17:00,102.463,
2026-06-23 18:00,102.465,
2026-06-23 19:00,102.448,
2026-06-23 20:00,102.447,
2026-06-23 21:00,102.436,
2026-06-23 22:00,102.427,
2026-06-23 23:00,102.432,
2026-06-24 00:00,102.437,
2026-06-24 01:00,102.444,
2026-06-24 02:00,102.439,
2026-06-24 03:00,102.449,
2026-06-24 04:00,102.452,
2026-06-24 05:00,102.455,
2026-06-24 06:00,102.457,
2026-06-24 07:00,102.463,
2026-06-24 08:00,102.457,
2026-06-24 09:00,102.448,
2026-06-24 10:00,102.444,
2026-06-24 11:00,102.441,
2026-06-24 12:00,102.449,
2026-06-24 13:00,102.452,
2026-06-24 14:00,102.452,
2026-06-24 15:00,102.461,
2026-06-24 16:00,102.45,
2026-06-24 17:00,102.456,
2026-06-24 18:00,102.45,
2026-06-24 19:00,102.443,
2026-06-24 20:00,102.441,
2026-06-24 21:00,102.435,
2026-06-24 22:00,102.429,
2026-06-24 23:00,102.427,
2026-06-25 00:00,102.436,
2026-06-25 01:00,102.439,
2026-06-25 02:00,102.441,
2026-06-25 03:00,102.449,
2026-06-25 04:00,102.456,
2026-06-25 05:00,102.455,
2026-06-25 06:00,102.463,
2026-06-25 07:00,102.473,
2026-06-25 08:00,102.465,
2026-06-25 09:00,102.456,
2026-06-25 10:00,102.456,
2026-06-25 11:00,102.456,
2026-06-25 12:00,102.458,
2026-06-25 13:00,102.47,
2026-06-25 14:00,102.469,
2026-06-25 15:00,102.463,
2026-06-25 16:00,102.462,
2026-06-25 17:00,102.477,
2026-06-25 18:00,102.471,
2026-06-25 19:00,102.461,
2026-06-25 20:00,102.45,
2026-06-25 21:00,102.449,
2026-06-25 22:00,102.44,
2026-06-25 23:00,102.435,
2026-06-26 00:00,102.442,
2026-06-26 01:00,102.442,
2026-06-26 02:00,102.448,
2026-06-26 03:00,102.453,
2026-06-26 04:00,102.453,
2026-06-26 05:00,102.458,
2026-06-26 06:00,102.463,
2026-06-26 07:00,102.468,
2026-06-26 08:00,102.464,
2026-06-26 09:00,102.453,
2026-06-26 10:00,102.455,
2026-06-26 11:00,102.454,
2026-06-26 12:00,102.454,
2026-06-26 13:00,102.459,
2026-06-26 14:00,102.467,
2026-06-26 15:00,102.455,
2026-06-26 16:00,102.449,
2026-06-26 17:00,102.448,
2026-06-26 18:00,102.446,
2026-06-26 19:00,102.438,
2026-06-26 20:00,102.432,
2026-06-26 21:00,102.424,
2026-06-26 22:00,102.42,
2026-06-26 23:00,102.41,
2026-06-27 00:00,102.416,
2026-06-27 01:00,102.415,
2026-06-27 02:00,102.418,
2026-06-27 03:00,102.426,
2026-06-27 04:00,102.428,
2026-06-27 05:00,102.436,
2026-06-27 06:00,102.43,
2026-06-27 07:00,102.434,
2026-06-27 08:00,102.438,
2026-06-27 09:00,102.442,
2026-06-27 10:00,102.438,
2026-06-27 11:00,102.424,
2026-06-27 12:00,102.432,
2026-06-27 13:00,102.437,
2026-06-27 14:00,102.434,
2026-06-27 15:00,102.43,
2026-06-27 16:00,102.429,
2026-06-27 17:00,102.423,
2026-06-27 18:00,102.429,
2026-06-27 19:00,102.427,
2026-06-27 20:00,102.404,
2026-06-27 21:00,102.405,
2026-06-27 22:00,102.404,
2026-06-27 23:00,102.388,
2026-06-28 00:00,102.389,
2026-06-28 01:00,102.4,
2026-06-28 02:00,102.401,
2026-06-28 03:00,102.403,
2026-06-28 04:00,102.41,
2026-06-28 05:00,102.411,
2026-06-28 06:00,102.414,
2026-06-28 07:00,102.414,
2026-06-28 08:00,102.415,
2026-06-28 09:00,102.411,
2026-06-28 10:00,102.408,
2026-06-28 11:00,102.408,
2026-06-28 12:00,102.41,
2026-06-28 13:00,102.411,
2026-06-28 14:00,102.407,
2026-06-28 15:00,102.41,
2026-06-28 16:00,102.402,
2026-06-28 17:00,102.403,
2026-06-28 18:00,102.414,
2026-06-28 19:00,102.408,
2026-06-28 20:00,102.406,
2026-06-28 21:00,102.409,
2026-06-28 22:00,102.42,
2026-06-28 23:00,102.402,
2026-06-29 00:00,102.401,
2026-06-29 01:00,102.409,
2026-06-29 02:00,102.417,
2026-06-29 03:00,102.425,
2026-06-29 04:00,102.424,
2026-06-29 05:00,102.431,
2026-06-29 06:00,102.437,
2026-06-29 07:00,102.437,
2026-06-29 08:00,102.444,
2026-06-29 09:00,102.447,
2026-06-29 10:00,102.445,
2026-06-29 11:00,102.452,
2026-06-29 12:00,102.457,
2026-06-29 13:00,102.457,
2026-06-29 14:00,102.457,
2026-06-29 15:00,102.447,
2026-06-29 16:00,102.454,
2026-06-29 17:00,102.448,
2026-06-29 18:00,102.44,
2026-06-29 19:00,102.435,
2026-06-29 20:00,102.429,
2026-06-29 21:00,102.423,
2026-06-29 22:00,102.416,
2026-06-29 23:00,102.419,
2026-06-30 00:00,102.421,
2026-06-30 01:00,102.428,
2026-06-30 02:00,102.435,
2026-06-30 03:00,102.435,
2026-06-30 04:00,102.437,
2026-06-30 05:00,102.437,
2026-06-30 06:00,102.444,
2026-06-30 07:00,102.444,
2026-06-30 08:00,102.437,
2026-06-30 09:00,102.431,
2026-06-30 10:00,102.438,
2026-06-30 11:00,102.435,
2026-06-30 12:00,102.436,
2026-06-30 13:00,102.443,
2026-06-30 14:00,102.438,
2026-06-30 15:00,102.433,
2026-06-30 16:00,102.427,
2026-06-30 17:00,102.425,
2026-06-30 18:00,102.42,
2026-06-30 19:00,102.418,
2026-06-30 20:00,102.409,
2026-06-30 21:00,102.402,
2026-06-30 22:00,102.394,
2026-06-30 23:00,102.394,
2026-07-01 00:00,102.406,
2026-07-01 01:00,102.405,
2026-07-01 02:00,102.409,
2026-07-01 03:00,102.409,
2026-07-01 04:00,102.414,
2026-07-01 05:00,102.414,
2026-07-01 06:00,102.423,
2026-07-01 07:00,102.423,
2026-07-01 08:00,102.407,
2026-07-01 09:00,102.409,
2026-07-01 10:00,102.403,
2026-07-01 11:00,102.398,
2026-07-01 12:00,102.404,
2026-07-01 13:00,102.389,
2026-07-01 14:00,102.405,
2026-07-01 15:00,102.404,
2026-07-01 16:00,102.413,
2026-07-01 17:00,102.405,
2026-07-01 18:00,102.401,
2026-07-01 19:00,102.389,
2026-07-01 20:00,102.387,
2026-07-01 21:00,102.376,
2026-07-01 22:00,102.362,
2026-07-01 23:00,102.357,
2026-07-02 00:00,102.356,
2026-07-02 01:00,102.374,
2026-07-02 02:00,102.37,
2026-07-02 03:00,102.371,
2026-07-02 04:00,102.371,
2026-07-02 05:00,102.372,
2026-07-02 06:00,102.377,
2026-07-02 07:00,102.377,
2026-07-02 08:00,102.382,
2026-07-02 09:00,102.375,
2026-07-02 10:00,102.355,
2026-07-02 11:00,102.352,
2026-07-02 12:00,102.351,
2026-07-02 13:00,102.348,
2026-07-02 14:00,102.361,
2026-07-02 15:00,102.353,
2026-07-02 16:00,102.35,
2026-07-02 17:00,102.356,
2026-07-02 18:00,102.353,
2026-07-02 19:00,102.342,
2026-07-02 20:00,102.338,
2026-07-02 21:00,102.326,
2026-07-02 22:00,102.318,
2026-07-02 23:00,102.311,
2026-07-03 00:00,102.309,
2026-07-03 01:00,102.314,
2026-07-03 02:00,102.319,
2026-07-03 03:00,102.317,
2026-07-03 04:00,102.317,
2026-07-03 05:00,102.319,
2026-07-03 06:00,102.325,
2026-07-03 07:00,102.327,
2026-07-03 08:00,102.326,
2026-07-03 09:00,102.331,
2026-07-03 10:00,102.325,
2026-07-03 11:00,102.316,
2026-07-03 12:00,102.315,
2026-07-03 13:00,102.309,
2026-07-03 14:00,102.303,
2026-07-03 15:00,102.302,
2026-07-03 16:00,102.296,
2026-07-03 17:00,102.298,
2026-07-03 18:00,102.291,
2026-07-03 19:00,102.28,
2026-07-03 20:00,102.272,
2026-07-03 21:00,102.265,
2026-07-03 22:00,102.253,
2026-07-03 23:00,102.246,
2026-07-04 00:00,102.245,
2026-07-04 01:00,102.252,
2026-07-04 02:00,102.255,
2026-07-04 03:00,102.258,
2026-07-04 04:00,102.257,
2026-07-04 05:00,102.26,
2026-07-04 06:00,102.262,
2026-07-04 07:00,102.265,
2026-07-04 08:00,102.269,
2026-07-04 09:00,102.261,
2026-07-04 10:00,102.249,
2026-07-04 11:00,102.238,
2026-07-04 12:00,102.236,
2026-07-04 13:00,102.234,
2026-07-04 14:00,102.271,
2026-07-04 15:00,102.244,
2026-07-04 16:00,102.252,
2026-07-04 17:00,102.253,
2026-07-04 18:00,102.237,
2026-07-04 19:00,102.23,
2026-07-04 20:00,102.218,
2026-07-04 21:00,102.21,
2026-07-04 22:00,102.19,
2026-07-04 23:00,102.198,
2026-07-05 00:00,102.189,
2026-07-05 01:00,102.196,
2026-07-05 02:00,102.201,
2026-07-05 03:00,102.198,
2026-07-05 04:00,102.202,
2026-07-05 05:00,102.204,
2026-07-05 06:00,102.208,
2026-07-05 07:00,102.208,
2026-07-05 08:00,102.201,
2026-07-05 09:00,102.196,
2026-07-05 10:00,102.185,
2026-07-05 11:00,102.18,
2026-07-05 12:00,102.181,
2026-07-05 13:00,102.177,
2026-07-05 14:00,102.174,
2026-07-05 15:00,102.172,
2026-07-05 16:00,102.174,
2026-07-05 17:00,102.166,
2026-07-05 18:00,102.161,
2026-07-05 19:00,102.16,
2026-07-05 20:00,102.15,
2026-07-05 21:00,102.14,
2026-07-05 22:00,102.133,
2026-07-05 23:00,102.125,
2026-07-06 00:00,102.122,
2026-07-06 01:00,102.129,
2026-07-06 02:00,102.136,
2026-07-06 03:00,102.139,
2026-07-06 04:00,102.14,
2026-07-06 05:00,102.143,
2026-07-06 06:00,102.148,
2026-07-06 07:00,102.147,
2026-07-06 08:00,102.143,
2026-07-06 09:00,102.142,
2026-07-06 10:00,102.137,
2026-07-06 11:00,102.127,
2026-07-06 12:00,102.124,
2026-07-06 13:00,102.12,
2026-07-06 14:00,102.111,
2026-07-06 15:00,102.102,
2026-07-06 16:00,102.1,
2026-07-06 17:00,102.095,
2026-07-06 18:00,102.094,
2026-07-06 19:00,102.088,
2026-07-06 20:00,102.083,
2026-07-06 21:00,102.079,
2026-07-06 22:00,102.071,
2026-07-06 23:00,102.069,
2026-07-07 00:00,102.068,
2026-07-07 01:00,102.071,
2026-07-07 02:00,102.074,
2026-07-07 03:00,102.08,
2026-07-07 04:00,102.082,
2026-07-07 05:00,102.088,
2026-07-07 06:00,102.091,
2026-07-07 07:00,102.094,
2026-07-07 08:00,102.095,
2026-07-07 09:00,102.097,
2026-07-07 10:00,102.091,
2026-07-07 11:00,102.087,
2026-07-07 12:00,102.083,
2026-07-07 13:00,102.079,
2026-07-07 14:00,102.071,
2026-07-07 15:00,102.068,
2026-07-07 16:00,102.068,
2026-07-07 17:00,102.067,
2026-07-07 18:00,102.06,
2026-07-07 19:00,102.061,
2026-07-07 20:00,102.053,
2026-07-07 21:00,102.047,
2026-07-07 22:00,102.043,
2026-07-07 23:00,102.036,
2026-07-08 00:00,102.036,
2026-07-08 01:00,102.038,
2026-07-08 02:00,102.04,
2026-07-08 03:00,102.04,
2026-07-08 04:00,102.044,
2026-07-08 05:00,102.05,
2026-07-08 06:00,102.05,
2026-07-08 07:00,102.051,
2026-07-08 08:00,102.056,
2026-07-08 09:00,102.06,
2026-07-08 10:00,102.053,
2026-07-08 11:00,102.049,
2026-07-08 12:00,102.045,
2026-07-08 13:00,102.042,
2026-07-08 14:00,102.038,
2026-07-08 15:00,102.031,
2026-07-08 16:00,102.029,
2026-07-08 17:00,102.022,
2026-07-08 18:00,102.015,
2026-07-08 19:00,102.01,
2026-07-08 20:00,102.01,
2026-07-08 21:00,101.999,
2026-07-08 22:00,101.992,
2026-07-08 23:00,101.996,
2026-07-09 00:00,101.992,
2026-07-09 01:00,101.991,
2026-07-09 02:00,101.995,
2026-07-09 03:00,101.997,
2026-07-09 04:00,102.001,
2026-07-09 05:00,102.004,
2026-07-09 06:00,102.004,
2026-07-09 07:00,102.004,
2026-07-09 08:00,102.005,
2026-07-09 09:00,102.001,
2026-07-09 10:00,101.995,
2026-07-09 11:00,101.989,
2026-07-09 12:00,101.978,
2026-07-09 13:00,101.971,
2026-07-09 14:00,101.972,
2026-07-09 15:00,101.957,
2026-07-09 16:00,101.949,
2026-07-09 17:00,101.956,
2026-07-09 18:00,101.962,
2026-07-09 19:00,101.956,
2026-07-09 20:00,101.954,
2026-07-09 21:00,101.954,
2026-07-09 22:00,101.959,
2026-07-09 23:00,101.956,
2026-07-10 00:00,101.958,
2026-07-10 01:00,101.966,
2026-07-10 02:00,101.966,
2026-07-10 03:00,101.966,
2026-07-10 04:00,101.974,
2026-07-10 05:00,101.976,
2026-07-10 06:00,101.973,
2026-07-10 07:00,101.98,
2026-07-10 08:00,101.982,
2026-07-10 09:00,101.976,
2026-07-10 10:00,101.968,
2026-07-10 11:00,101.965,
2026-07-10 12:00,101.957,
2026-07-10 13:00,101.956,
2026-07-10 14:00,101.95,
2026-07-10 15:00,101.943,
2026-07-10 16:00,101.935,
2026-07-10 17:00,101.927,
2026-07-10 18:00,101.924,
2026-07-10 19:00,101.922,
2026-07-10 20:00,101.914,
2026-07-10 21:00,101.908,
2026-07-10 22:00,101.9,
2026-07-10 23:00,101.9,
2026-07-11 00:00,101.906,
2026-07-11 01:00,101.906,
2026-07-11 02:00,101.907,
2026-07-11 03:00,101.914,
2026-07-11 04:00,101.916,
2026-07-11 05:00,101.919,
2026-07-11 06:00,101.918,
2026-07-11 07:00,101.923,
2026-07-11 08:00,101.918,
2026-07-11 09:00,101.909,
2026-07-11 10:00,101.906,
2026-07-11 11:00,101.905,
2026-07-11 12:00,101.896,
2026-07-11 13:00,101.9,
2026-07-11 14:00,101.9,
2026-07-11 15:00,101.91,
2026-07-11 16:00,101.892,
2026-07-11 17:00,101.887,
2026-07-11 18:00,101.882,
2026-07-11 19:00,101.875,
2026-07-11 20:00,101.867,
2026-07-11 21:00,101.854,
2026-07-11 22:00,101.855,
2026-07-11 23:00,101.854,
2026-07-12 00:00,101.861,
2026-07-12 01:00,101.862,
2026-07-12 02:00,101.862,
2026-07-12 03:00,101.864,
2026-07-12 04:00,101.872,
2026-07-12 05:00,101.87,
2026-07-12 06:00,101.874,
2026-07-12 07:00,101.875,
2026-07-12 08:00,101.873,
2026-07-12 09:00,101.866,
2026-07-12 10:00,101.862,
2026-07-12 11:00,101.858,
2026-07-12 12:00,101.852,
2026-07-12 13:00,101.854,
2026-07-12 14:00,101.844,
2026-07-12 15:00,101.836,
2026-07-12 16:00,101.826,
2026-07-12 17:00,101.817,
2026-07-12 18:00,101.818,
2026-07-12 19:00,101.814,
2026-07-12 20:00,101.804,
2026-07-12 21:00,101.799,
2026-07-12 22:00,101.8,
2026-07-12 23:00,101.79,
2026-07-13 00:00,101.796,
2026-07-13 01:00,101.796,
2026-07-13 02:00,101.798,
2026-07-13 03:00,101.802,
2026-07-13 04:00,101.804,
2026-07-13 05:00,101.81,
2026-07-13 06:00,101.807,
2026-07-13 07:00,101.811,
2026-07-13 08:00,101.811,
2026-07-13 09:00,101.807,
2026-07-13 10:00,101.806,
2026-07-13 11:00,101.802,
2026-07-13 12:00,101.79,
2026-07-13 13:00,101.776,
2026-07-13 14:00,101.779,
2026-07-13 15:00,101.769,
2026-07-13 16:00,101.762,
2026-07-13 17:00,101.76,
2026-07-13 18:00,101.759,
2026-07-13 19:00,101.747,
2026-07-13 20:00,101.74,
2026-07-13 21:00,101.733,
2026-07-13 22:00,101.722,
2026-07-13 23:00,101.717,
2026-07-14 00:00,101.724,
2026-07-14 01:00,101.73,
2026-07-14 02:00,101.727,
2026-07-14 03:00,101.725,
2026-07-14 04:00,101.734,
2026-07-14 05:00,101.734,
2026-07-14 06:00,101.733,
2026-07-14 07:00,101.74,
2026-07-14 08:00,101.736,
2026-07-14 09:00,101.732,
2026-07-14 10:00,101.721,
2026-07-14 11:00,101.725,
2026-07-14 12:00,101.716,
2026-07-14 13:00,101.713,
2026-07-14 14:00,101.708,
2026-07-14 15:00,101.698,
2026-07-14 16:00,101.699,
2026-07-14 17:00,101.692,
2026-07-14 18:00,101.686,
2026-07-14 19:00,101.687,
2026-07-14 20:00,101.683,
2026-07-14 21:00,101.669,
2026-07-14 22:00,101.669,
2026-07-14 23:00,101.651,
2026-07-15 00:00,101.659,
2026-07-15 01:00,101.666,
2026-07-15 02:00,101.663,
2026-07-15 03:00,101.663,
2026-07-15 04:00,101.674,
2026-07-15 05:00,101.672,
2026-07-15 06:00,101.672,
2026-07-15 07:00,101.679,
2026-07-15 08:00,101.681,
2026-07-15 09:00,101.67,
2026-07-15 10:00,101.659,
2026-07-15 11:00,101.661,
2026-07-15 12:00,101.655,
2026-07-15 13:00,101.652,
2026-07-15 14:00,101.67,
2026-07-15 15:00,101.669,
2026-07-15 16:00,101.669,
2026-07-15 17:00,101.669,
2026-07-15 18:00,101.652,
2026-07-15 19:00,101.65,
2026-07-15 20:00,101.633,
2026-07-15 21:00,101.62,
2026-07-15 22:00,101.63,
2026-07-15 23:00,101.618,
2026-07-16 00:00,101.621,
2026-07-16 01:00,101.625,
2026-07-16 02:00,101.625,
2026-07-16 03:00,101.625,
2026-07-16 04:00,101.625,
2026-07-16 05:00,101.632,
2026-07-16 06:00,101.627,
2026-07-16 07:00,101.633,
2026-07-16 08:00,101.626,
2026-07-16 09:00,101.62,
2026-07-16 10:00,101.613,
2026-07-16 11:00,101.611,
2026-07-16 12:00,101.607,
2026-07-16 13:00,101.599,
2026-07-16 14:00,101.595,
2026-07-16 15:00,101.582,
2026-07-16 16:00,101.578,
2026-07-16 17:00,101.574,
2026-07-16 18:00,101.574,
2026-07-16 19:00,101.57,
2026-07-16 20:00,101.562,
2026-07-16 21:00,101.563,
2026-07-16 22:00,101.565,
2026-07-16 23:00,101.552,
2026-07-17 00:00,101.568,
2026-07-17 01:00,101.578,
2026-07-17 02:00,101.578,
2026-07-17 03:00,101.571,
2026-07-17 04:00,101.583,
2026-07-17 05:00,101.586,
2026-07-17 06:00,101.586,
2026-07-17 07:00,101.584,
2026-07-17 08:00,101.587,
2026-07-17 09:00,101.579,
2026-07-17 10:00,101.573,
2026-07-17 11:00,101.567,
2026-07-17 12:00,101.561,
2026-07-17 13:00,101.557,
2026-07-17 14:00,101.555,
2026-07-17 15:00,101.551,
2026-07-17 16:00,101.548,
2026-07-17 17:00,101.604,
2026-07-17 18:00,101.619,
2026-07-17 19:00,101.621,
2026-07-17 20:00,101.617,
2026-07-17 21:00,101.632,
2026-07-17 22:00,101.643,
2026-07-17 23:00,101.644,
2026-07-18 00:00,101.658,
2026-07-18 01:00,101.676,
2026-07-18 02:00,101.679,
2026-07-18 03:00,101.688,
2026-07-18 04:00,101.701,
2026-07-18 05:00,101.716,
2026-07-18 06:00,101.718,
2026-07-18 07:00,101.726,
2026-07-18 08:00,101.733,
2026-07-18 09:00,101.725,
2026-07-18 10:00,101.725,
2026-07-18 11:00,101.722,
2026-07-18 12:00,101.717,
2026-07-18 13:00,101.712,
2026-07-18 14:00,101.719,
2026-07-18 15:00,101.716,
2026-07-18 16:00,101.713,
2026-07-18 17:00,101.751,
2026-07-18 18:00,101.713,
2026-07-18 19:00,101.713,
2026-07-18 20:00,101.704,
2026-07-18 21:00,101.69,
2026-07-18 22:00,101.694,
2026-07-18 23:00,101.69,
2026-07-19 00:00,101.695,
2026-07-19 01:00,101.705,
2026-07-19 02:00,101.705,
2026-07-19 03:00,101.709,
2026-07-19 04:00,101.714,
2026-07-19 05:00,101.717,
2026-07-19 06:00,101.721,
2026-07-19 07:00,101.725,
2026-07-19 08:00,101.716,
2026-07-19 09:00,101.707,
2026-07-19 10:00,101.701,
2026-07-19 11:00,101.704,
2026-07-19 12:00,101.706,
2026-07-19 13:00,101.702,
2026-07-19 14:00,101.705,
2026-07-19 15:00,101.694,
2026-07-19 16:00,101.696,
2026-07-19 17:00,101.695,
2026-07-19 18:00,101.687,
2026-07-19 19:00,101.687,
2026-07-19 20:00,101.678,
2026-07-19 21:00,101.662,
2026-07-19 22:00,101.663,
2026-07-19 23:00,101.662,
2026-07-20 00:00,101.663,
2026-07-20 01:00,101.664,
2026-07-20 02:00,101.672,
2026-07-20 03:00,101.675,
2026-07-20 04:00,101.675,
2026-07-20 05:00,101.677,
2026-07-20 06:00,101.679,
2026-07-20 07:00,101.684,
2026-07-20 08:00,101.684,
2026-07-20 09:00,101.675,
2026-07-20 10:00,101.673,
2026-07-20 11:00,101.662,
2026-07-20 12:00,101.667,
2026-07-20 13:00,101.655,
2026-07-20 14:00,101.666,
2026-07-20 15:00,101.656,
2026-07-20 16:00,101.658,
2026-07-20 17:00,101.655,
2026-07-20 18:00,101.646,
2026-07-20 19:00,101.642,
2026-07-20 20:00,101.646,
2026-07-20 21:00,101.63,
2026-07-20 22:00,101.619,
2026-07-20 23:00,101.619,
2026-07-21 00:00,101.632,
2026-07-21 01:00,101.635,
2026-07-21 02:00,101.637,
2026-07-21 03:00,101.643,
2026-07-21 04:00,101.645,
2026-07-21 05:00,101.642,
2026-07-21 06:00,101.648,
2026-07-21 07:00,101.656,
2026-07-21 08:00,101.647,
2026-07-21 09:00,101.64,
2026-07-21 10:00,101.637,
2026-07-21 11:00,101.632,
2026-07-21 12:00,101.629,
2026-07-21 13:00,101.615,
2026-07-21 14:00,101.624,
2026-07-21 15:00,101.609,
2026-07-21 16:00,101.61,
2026-07-21 17:00,101.602,
2026-07-21 18:00,101.608,
2026-07-21 19:00,101.604,
2026-07-21 20:00,101.593,
2026-07-21 21:00,101.589,
2026-07-21 22:00,101.585,
2026-07-21 23:00,101.58,
2026-07-22 00:00,101.581,
2026-07-22 01:00,101.594,
2026-07-22 02:00,101.595,
2026-07-22 03:00,101.602,
2026-07-22 04:00,101.612,
2026-07-22 05:00,101.611,
2026-07-22 06:00,101.612,
2026-07-22 07:00,101.622,
2026-07-22 08:00,101.616,
2026-07-22 09:00,101.61,
2026-07-22 10:00,101.612,
2026-07-22 11:00,101.607,
2026-07-22 12:00,101.601,
2026-07-22 13:00,101.596,
2026-07-22 14:00,101.592,
2026-07-22 15:00,101.586,
2026-07-22 16:00,101.587,
2026-07-22 17:00,101.572,
2026-07-22 18:00,101.574,
2026-07-22 19:00,101.572,
2026-07-22 20:00,101.565,
2026-07-22 21:00,101.562,
2026-07-22 22:00,101.56,
2026-07-22 23:00,101.553,
2026-07-23 00:00,101.559,
2026-07-23 01:00,101.569,
2026-07-23 02:00,101.573,
2026-07-23 03:00,101.571,
2026-07-23 04:00,101.574,
2026-07-23 05:00,101.582,
2026-07-23 06:00,101.579,
2026-07-23 07:00,101.584,
2026-07-23 08:00,101.581,
2026-07-23 09:00,101.579,
2026-07-23 10:00,101.563,
2026-07-23 11:00,101.567,
2026-07-23 12:00,101.562,
2026-07-23 13:00,101.561,
2026-07-23 14:00,101.557,
2026-07-23 15:00,101.551,
2026-07-23 16:00,101.547,
2026-07-23 17:00,101.534,
2026-07-23 18:00,101.525,
2026-07-23 19:00,101.527,
2026-07-23 20:00,101.525,
2026-07-23 21:00,101.519,
2026-07-23 22:00,101.512,
2026-07-23 23:00,101.508,
2026-07-24 00:00,101.515,
2026-07-24 01:00,101.516,
2026-07-24 02:00,101.518,
2026-07-24 03:00,101.519,
2026-07-24 04:00,101.526,
2026-07-24 05:00,101.525,
2026-07-24 06:00,101.529,
2026-07-24 07:00,101.532,
2026-07-24 08:00,101.534,
2026-07-24 09:00,101.531,
2026-07-24 10:00,101.53,
2026-07-24 11:00,101.522,
2026-07-24 12:00,101.519,
2026-07-24 13:00,101.515,
2026-07-24 14:00,101.526,
2026-07-24 15:00,101.511,
2026-07-24 16:00,101.507,
2026-07-24 17:00,101.499,
2026-07-24 18:00,101.491,
2026-07-24 19:00,101.491,
2026-07-24 20:00,101.486,
2026-07-24 21:00,101.479,
2026-07-24 22:00,101.476,
2026-07-24 23:00,101.479,
2026-07-25 00:00,101.481,
2026-07-25 01:00,101.482,
2026-07-25 02:00,101.484,
2026-07-25 03:00,101.492,
2026-07-25 04:00,101.492,
2026-07-25 05:00,101.493,
2026-07-25 06:00,101.489,
2026-07-25 07:00,101.501,
2026-07-25 08:00,101.504,
2026-07-25 09:00,101.505,
2026-07-25 10:00,101.501,
2026-07-25 11:00,101.494,
2026-07-25 12:00,101.487,
2026-07-25 13:00,101.48,
2026-07-25 14:00,101.475,
2026-07-25 15:00,101.469,
2026-07-25 16:00,101.466,
2026-07-25 17:00,101.464,
2026-07-25 18:00,101.458,
2026-07-25 19:00,101.456,
2026-07-25 20:00,101.454,
2026-07-25 21:00,101.449,
2026-07-25 22:00,101.442,
2026-07-25 23:00,101.442,
2026-07-26 00:00,101.448,
2026-07-26 01:00,101.45,
2026-07-26 02:00,101.448,
2026-07-26 03:00,101.45,
2026-07-26 04:00,101.454,
2026-07-26 05:00,101.461,
2026-07-26 06:00,101.455,
2026-07-26 07:00,101.458,
2026-07-26 08:00,101.466,
2026-07-26 09:00,101.47,
2026-07-26 10:00,101.461,
2026-07-26 11:00,101.454,
2026-07-26 12:00,101.453,
2026-07-26 13:00,101.452,
2026-07-26 14:00,101.457,
2026-07-26 15:00,101.453,
2026-07-26 16:00,101.456,
2026-07-26 17:00,101.459,
2026-07-26 18:00,101.45,
2026-07-26 19:00,101.445,
2026-07-26 20:00,101.433,
2026-07-26 21:00,101.428,
2026-07-26 22:00,101.431,
2026-07-26 23:00,101.416,
2026-07-27 00:00,101.43,
2026-07-27 01:00,101.43,
2026-07-27 02:00,101.43,
2026-07-27 03:00,101.438,
2026-07-27 04:00,101.436,
2026-07-27 05:00,101.436,
2026-07-27 06:00,101.443,
2026-07-27 07:00,101.443,
2026-07-27 08:00,101.448,
2026-07-27 09:00,101.447,
2026-07-27 10:00,101.443,
2026-07-27 11:00,101.439,
2026-07-27 12:00,101.434,
2026-07-27 13:00,101.432,
2026-07-27 14:00,101.43,
2026-07-27 15:00,101.427,
2026-07-27 16:00,101.418,
2026-07-27 17:00,101.424,
2026-07-27 18:00,101.421,
2026-07-27 19:00,101.415,
2026-07-27 20:00,101.405,
2026-07-27 21:00,101.405,
2026-07-27 22:00,101.393,
2026-07-27 23:00,101.386,
2026-07-28 00:00,101.388,
2026-07-28 01:00,101.396,
2026-07-28 02:00,101.396,
2026-07-28 03:00,101.403,
2026-07-28 04:00,101.405,
2026-07-28 05:00,101.399,
2026-07-28 06:00,101.409,
2026-07-28 07:00,101.407,
2026-07-28 08:00,101.409,
2026-07-28 09:00,101.41,
2026-07-28 10:00,101.404,
2026-07-28 11:00,101.4,
2026-07-28 12:00,101.39,
2026-07-28 13:00,101.39,
2026-07-28 14:00,101.386,
2026-07-28 15:00,101.386,
2026-07-28 16:00,101.386,
2026-07-28 17:00,101.381,
2026-07-28 18:00,101.381,
2026-07-28 19:00,101.378,
2026-07-28 20:00,101.366,
2026-07-28 21:00,101.36,
2026-07-28 22:00,101.348,
2026-07-28 23:00,101.349,
2026-07-29 00:00,101.346,
2026-07-29 01:00,101.347,
2026-07-29 02:00,101.352,
2026-07-29 03:00,101.352,
2026-07-29 04:00,101.344,
2026-07-29 05:00,101.368,
2026-07-29 06:00,101.361,
2026-07-29 07:00,101.382,
2026-07-29 08:00,101.386,
2026-07-29 09:00,101.381,
2026-07-29 10:00,101.38,
2026-07-29 11:00,101.388,
2026-07-29 12:00,101.378,
2026-07-29 13:00,101.372,
2026-07-29 14:00,101.377,
2026-07-29 15:00,101.374,
2026-07-29 16:00,101.37,
2026-07-29 17:00,101.367,
2026-07-29 18:00,101.37,
2026-07-29 19:00,101.363,
2026-07-29 20:00,101.35,
2026-07-29 21:00,101.344,
2026-07-29 22:00,101.335,
2026-07-29 23:00,101.331,
2026-07-30 00:00,101.33,
2026-07-30 01:00,101.328,
2026-07-30 02:00,101.343,
2026-07-30 03:00,101.339,
2026-07-30 04:00,101.343,
2026-07-30 05:00,101.34,
2026-07-30 06:00,101.348,
2026-07-30 07:00,101.344,
2026-07-30 08:00,101.344,
2026-07-30 09:00,101.343,
2026-07-30 10:00,101.34,
2026-07-30 11:00,101.338,
2026-07-30 12:00,101.33,
2026-07-30 13:00,101.328,
2026-07-30 14:00,101.331,
2026-07-30 15:00,101.322,
2026-07-30 16:00,101.326,
2026-07-30 17:00,101.322,
2026-07-30 18:00,101.312,
2026-07-30 19:00,101.315,
2026-07-30 20:00,101.306,
2026-07-30 21:00,101.297,
2026-07-30 22:00,101.287,
2026-07-30 23:00,101.288,
2026-07-31 00:00,101.29,
2026-07-31 01:00,101.283,
2026-07-31 02:00,101.288,
2026-07-31 03:00,101.295,
2026-07-31 04:00,101.291,
2026-07-31 05:00,101.295,
2026-07-31 06:00,101.296,
2026-07-31 07:00,101.303,
2026-07-31 08:00,101.307,
2026-07-31 09:00,101.299,
2026-07-31 10:00,101.287,
2026-07-31 11:00,101.291,
2026-07-31 12:00,101.282,
2026-07-31 13:00,101.284,
2026-07-31 14:00,101.288,
2026-07-31 15:00,101.291,
2026-07-31 16:00,101.305,
2026-07-31 17:00,101.291,
2026-07-31 18:00,101.29,
2026-07-31 19:00,101.295,
2026-07-31 20:00,101.276,
2026-07-31 21:00,101.264,
2026-07-31 22:00,101.254,
2026-07-31 23:00,101.264,
2026-08-01 00:00,101.261,
2026-08-01 01:00,101.26,
2026-08-01 02:00,101.266,
2026-08-01 03:00,101.274,
2026-08-01 04:00,101.276,
2026-08-01 05:00,101.275,
2026-08-01 06:00,101.274,
2026-08-01 07:00,101.286,
2026-08-01 08:00,101.279,
2026-08-01 09:00,101.27,
2026-08-01 10:00,101.264,
2026-08-01 11:00,101.266,
2026-08-01 12:00,101.262,
2026-08-01 13:00,101.256,
2026-08-01 14:00,101.252,
2026-08-01 15:00,101.256,
2026-08-01 16:00,101.248,
2026-08-01 17:00,101.256,
2026-08-01 18:00,101.256,
2026-08-01 19:00,101.244,
2026-08-01 20:00,101.236,
2026-08-01 21:00,101.257,
2026-08-01 22:00,101.247,
2026-08-01 23:00,101.265,
2026-08-02 00:00,101.279,
2026-08-02 01:00,101.28,
2026-08-02 02:00,101.294,
2026-08-02 03:00,101.31,
2026-08-02 04:00,101.32,
2026-08-02 05:00,101.333,
2026-08-02 06:00,101.35,
2026-08-02 07:00,101.36,
2026-08-02 08:00,101.371,
2026-08-02 09:00,101.374,
2026-08-02 10:00,101.371,
2026-08-02 11:00,101.376,
2026-08-02 12:00,101.382,
2026-08-02 13:00,101.382,
2026-08-02 14:00,101.389,
2026-08-02 15:00,101.387,
2026-08-02 16:00,101.385,
2026-08-02 17:00,101.386,
2026-08-02 18:00,101.378,
2026-08-02 19:00,101.385,
2026-08-02 20:00,101.378,
2026-08-02 21:00,101.377,
2026-08-02 22:00,101.373,
2026-08-02 23:00,101.375,
2026-08-03 00:00,101.38,
2026-08-03 01:00,101.391,
2026-08-03 02:00,101.424,
2026-08-03 03:00,101.474,
2026-08-03 04:00,101.495,
2026-08-03 05:00,101.506,
2026-08-03 06:00,101.534,
2026-08-03 07:00,101.553,
2026-08-03 08:00,101.572,
2026-08-03 09:00,101.585,
2026-08-03 10:00,101.594,
2026-08-03 11:00,101.606,
2026-08-03 12:00,101.615,
2026-08-03 13:00,101.626,
2026-08-03 14:00,101.637,
2026-08-03 15:00,101.64,
2026-08-03 16:00,101.651,
2026-08-03 17:00,101.676,
2026-08-03 18:00,101.686,
2026-08-03 19:00,101.693,
2026-08-03 20:00,101.699,
2026-08-03 21:00,101.714,
2026-08-03 22:00,101.715,
2026-08-03 23:00,101.735,
2026-08-04 00:00,101.754,
2026-08-04 01:00,101.774,
2026-08-04 02:00,101.78,
2026-08-04 03:00,101.805,
2026-08-04 04:00,101.812,
2026-08-04 05:00,101.822,
2026-08-04 06:00,101.835,
2026-08-04 07:00,101.844,
2026-08-04 08:00,101.855,
2026-08-04 09:00,101.868,
2026-08-04 10:00,101.875,
2026-08-04 11:00,101.878,
2026-08-04 12:00,101.873,
2026-08-04 13:00,101.871,
2026-08-04 14:00,101.878,
2026-08-04 15:00,101.877,
2026-08-04 16:00,101.875,
2026-08-04 17:00,101.88,
2026-08-04 18:00,101.887,
2026-08-04 19:00,101.891,
2026-08-04 20:00,101.885,
2026-08-04 21:00,101.884,
2026-08-04 22:00,101.883,
2026-08-04 23:00,101.886,
2026-08-05 00:00,101.886,
2026-08-05 01:00,101.896,
2026-08-05 02:00,101.904,
2026-08-05 03:00,101.908,
2026-08-05 04:00,101.911,
2026-08-05 05:00,101.921,
2026-08-05 06:00,101.927,
2026-08-05 07:00,101.932,
2026-08-05 08:00,101.935,
2026-08-05 09:00,101.932,
2026-08-05 10:00,101.934,
2026-08-05 11:00,101.932,
2026-08-05 12:00,101.93,
2026-08-05 13:00,101.929,
2026-08-05 14:00,101.931,
2026-08-05 15:00,101.928,
2026-08-05 16:00,101.942,
2026-08-05 17:00,101.95,
2026-08-05 18:00,101.952,
2026-08-05 19:00,101.94,
2026-08-05 20:00,101.938,
2026-08-05 21:00,101.93,
2026-08-05 22:00,101.923,
2026-08-05 23:00,101.928,
2026-08-06 00:00,101.923,
2026-08-06 01:00,101.927,
2026-08-06 02:00,101.934,
2026-08-06 03:00,101.934,
2026-08-06 04:00,101.94,
2026-08-06 05:00,101.943,
2026-08-06 06:00,101.949,
2026-08-06 07:00,101.949,
2026-08-06 08:00,101.95,
2026-08-06 09:00,101.953,
2026-08-06 10:00,101.946,
2026-08-06 11:00,101.945,
2026-08-06 12:00,101.943,
2026-08-06 13:00,101.944,
2026-08-06 14:00,101.939,
2026-08-06 15:00,101.938,
2026-08-06 16:00,101.937,
2026-08-06 17:00,101.96,
2026-08-06 18:00,101.948,
2026-08-06 19:00,101.943,
2026-08-06 20:00,101.935,
2026-08-06 21:00,101.932,
2026-08-06 22:00,101.924,
2026-08-06 23:00,101.917,
2026-08-07 00:00,101.92,
2026-08-07 01:00,101.93,
2026-08-07 02:00,101.936,
2026-08-07 03:00,101.942,
2026-08-07 04:00,101.942,
2026-08-07 05:00,101.948,
2026-08-07 06:00,101.95,
2026-08-07 07:00,101.951,
2026-08-07 08:00,101.955,
2026-08-07 09:00,101.955,
2026-08-07 10:00,101.955,
2026-08-07 11:00,101.948,
2026-08-07 12:00,101.947,
2026-08-07 13:00,101.945,
2026-08-07 14:00,101.941,
2026-08-07 15:00,101.936,
2026-08-07 16:00,101.936,
2026-08-07 17:00,101.94,
2026-08-07 18:00,101.944,
2026-08-07 19:00,101.937,
2026-08-07 20:00,101.929,
2026-08-07 21:00,101.927,
2026-08-07 22:00,101.918,
2026-08-07 23:00,101.92,
2026-08-08 00:00,101.914,
2026-08-08 01:00,101.916,
2026-08-08 02:00,101.924,
2026-08-08 03:00,101.926,
2026-08-08 04:00,101.929,
2026-08-08 05:00,101.935,
2026-08-08 06:00,101.936,
2026-08-08 07:00,101.935,
2026-08-08 08:00,101.941,
2026-08-08 09:00,101.938,
2026-08-08 10:00,101.936,
2026-08-08 11:00,101.929,
2026-08-08 12:00,101.927,
2026-08-08 13:00,101.928,
2026-08-08 14:00,101.922,
2026-08-08 15:00,101.918,
2026-08-08 16:00,101.916,
2026-08-08 17:00,101.914,
2026-08-08 18:00,101.911,
2026-08-08 19:00,101.906,
2026-08-08 20:00,101.898,
2026-08-08 21:00,101.896,
2026-08-08 22:00,101.889,
2026-08-08 23:00,101.889,
2026-08-09 00:00,101.894,
2026-08-09 01:00,101.892,
2026-08-09 02:00,101.898,
2026-08-09 03:00,101.903,
2026-08-09 04:00,101.903,
2026-08-09 05:00,101.907,
2026-08-09 06:00,101.912,
2026-08-09 07:00,101.916,
2026-08-09 08:00,101.916,
2026-08-09 09:00,101.911,
2026-08-09 10:00,101.911,
2026-08-09 11:00,101.906,
2026-08-09 12:00,101.905,
2026-08-09 13:00,101.903,
2026-08-09 14:00,101.9,
2026-08-09 15:00,101.89,
2026-08-09 16:00,101.886,
2026-08-09 17:00,101.888,
2026-08-09 18:00,101.885,
2026-08-09 19:00,101.876,
2026-08-09 20:00,101.872,
2026-08-09 21:00,101.868,
2026-08-09 22:00,101.853,
2026-08-09 23:00,101.852,
2026-08-10 00:00,101.861,
2026-08-10 01:00,101.859,
2026-08-10 02:00,101.867,
2026-08-10 03:00,101.869,
2026-08-10 04:00,101.872,
2026-08-10 05:00,101.878,
2026-08-10 06:00,101.878,
2026-08-10 07:00,101.881,
2026-08-10 08:00,101.882,
2026-08-10 09:00,101.881,
2026-08-10 10:00,101.881,
2026-08-10 11:00,101.882,
2026-08-10 12:00,101.889,
2026-08-10 13:00,101.882,
2026-08-10 14:00,101.883,
2026-08-10 15:00,101.87,
2026-08-10 16:00,101.868,
2026-08-10 17:00,101.864,
2026-08-10 18:00,101.857,
2026-08-10 19:00,101.851,
2026-08-10 20:00,101.845,
2026-08-10 21:00,101.84,
2026-08-10 22:00,101.83,
2026-08-10 23:00,101.836,
2026-08-11 00:00,101.838,
2026-08-11 01:00,101.838,
2026-08-11 02:00,101.842,
2026-08-11 03:00,101.85,
2026-08-11 04:00,101.849,
2026-08-11 05:00,101.851,
2026-08-11 06:00,101.856,
2026-08-11 07:00,101.859,
2026-08-11 08:00,101.856,
2026-08-11 09:00,101.85,
2026-08-11 10:00,101.848,
2026-08-11 11:00,101.847,
2026-08-11 12:00,101.846,
2026-08-11 13:00,101.841,
2026-08-11 14:00,101.842,
2026-08-11 15:00,101.834,
2026-08-11 16:00,101.838,
2026-08-11 17:00,101.845,
2026-08-11 18:00,101.831,
2026-08-11 19:00,101.828,
2026-08-11 20:00,101.818,
2026-08-11 21:00,101.812,
2026-08-11 22:00,101.806,
2026-08-11 23:00,101.806,
2026-08-12 00:00,101.804,
2026-08-12 01:00,101.812,
2026-08-12 02:00,101.817,
2026-08-12 03:00,101.812,
2026-08-12 04:00,101.817,
2026-08-12 05:00,101.823,
2026-08-12 06:00,101.82,
2026-08-12 07:00,101.831,
2026-08-12 08:00,101.821,
2026-08-12 09:00,101.82,
2026-08-12 10:00,101.816,
2026-08-12 11:00,101.822,
2026-08-12 12:00,101.82,
2026-08-12 13:00,101.819,
2026-08-12 14:00,101.807,
2026-08-12 15:00,101.801,
2026-08-12 16:00,101.8,
2026-08-12 17:00,101.793,
2026-08-12 18:00,101.783,
2026-08-12 19:00,101.784,
2026-08-12 20:00,101.774,
2026-08-12 21:00,101.772,
2026-08-12 22:00,101.771,
2026-08-12 23:00,101.755,
2026-08-13 00:00,101.765,
2026-08-13 01:00,101.772,
2026-08-13 02:00,101.773,
2026-08-13 03:00,101.775,
2026-08-13 04:00,101.78,
2026-08-13 05:00,101.783,
2026-08-13 06:00,101.786,
2026-08-13 07:00,101.791,
2026-08-13 08:00,101.79,
2026-08-13 09:00,101.789,
2026-08-13 10:00,101.784,
2026-08-13 11:00,101.782,
2026-08-13 12:00,101.782,
2026-08-13 13:00,101.778,
2026-08-13 14:00,101.774,
2026-08-13 15:00,101.765,
2026-08-13 16:00,101.752,
2026-08-13 17:00,101.747,
2026-08-13 18:00,101.746,
2026-08-13 19:00,101.739,
2026-08-13 20:00,101.732,
2026-08-13 21:00,101.728,
2026-08-13 22:00,101.721,
2026-08-13 23:00,101.717,
2026-08-14 00:00,101.726,
2026-08-14 01:00,101.722,
2026-08-14 02:00,101.722,
2026-08-14 03:00,101.731,
2026-08-14 04:00,101.732,
2026-08-14 05:00,101.733,
2026-08-14 06:00,101.736,
2026-08-14 07:00,101.74,
2026-08-14 08:00,101.738,
2026-08-14 09:00,101.739,
2026-08-14 10:00,101.734,
2026-08-14 11:00,101.773,
2026-08-14 12:00,101.776,
2026-08-14 13:00,101.764,
2026-08-14 14:00,101.769,
2026-08-14 15:00,101.761,
2026-08-14 16:00,101.755,
2026-08-14 17:00,101.755,
2026-08-14 18:00,101.755,
2026-08-14 19:00,101.746,
2026-08-14 20:00,101.734,
2026-08-14 21:00,101.726,
2026-08-14 22:00,101.727,
2026-08-14 23:00,101.726,
2026-08-15 00:00,101.73,
2026-08-15 01:00,101.743,
2026-08-15 02:00,101.745,
2026-08-15 03:00,101.748,
2026-08-15 04:00,101.753,
2026-08-15 05:00,101.755,
2026-08-15 06:00,101.765,
2026-08-15 07:00,101.771,
2026-08-15 08:00,101.771,
2026-08-15 09:00,101.764,
2026-08-15 10:00,101.763,
2026-08-15 11:00,101.763,
2026-08-15 12:00,101.759,
2026-08-15 13:00,101.749,
2026-08-15 14:00,101.754,
2026-08-15 15:00,101.748,
2026-08-15 16:00,101.735,
2026-08-15 17:00,101.74,
2026-08-15 18:00,101.737,
2026-08-15 19:00,101.732,
2026-08-15 20:00,101.726,
2026-08-15 21:00,101.718,
2026-08-15 22:00,101.716,
2026-08-15 23:00,101.712,
2026-08-16 00:00,101.721,
2026-08-16 01:00,101.725,
2026-08-16 02:00,101.723,
2026-08-16 03:00,101.731,
2026-08-16 04:00,101.733,
2026-08-16 05:00,101.739,
2026-08-16 06:00,101.736,
2026-08-16 07:00,101.741,
2026-08-16 08:00,101.735,
2026-08-16 09:00,101.73,
2026-08-16 10:00,101.725,
2026-08-16 11:00,101.726,
2026-08-16 12:00,101.725,
2026-08-16 13:00,101.727,
2026-08-16 14:00,101.744,
2026-08-16 15:00,101.721,
2026-08-16 16:00,101.716,
2026-08-16 17:00,101.714,
2026-08-16 18:00,101.708,
2026-08-16 19:00,101.701,
2026-08-16 20:00,101.695,
2026-08-16 21:00,101.687,
2026-08-16 22:00,101.677,
2026-08-16 23:00,101.675,
2026-08-17 00:00,101.684,
2026-08-17 01:00,101.687,
2026-08-17 02:00,101.685,
2026-08-17 03:00,101.689,
2026-08-17 04:00,101.69,
2026-08-17 05:00,101.695,
2026-08-17 06:00,101.697,
2026-08-17 07:00,101.697,
2026-08-17 08:00,101.701,
2026-08-17 09:00,101.692,
2026-08-17 10:00,101.686,
2026-08-17 11:00,101.687,
2026-08-17 12:00,101.685,
2026-08-17 13:00,101.677,
2026-08-17 14:00,101.678,
2026-08-17 15:00,101.664,
2026-08-17 16:00,101.663,
2026-08-17 17:00,101.657,
2026-08-17 18:00,101.658,
2026-08-17 19:00,101.655,
2026-08-17 20:00,101.65,
2026-08-17 21:00,101.639,
2026-08-17 22:00,101.642,
2026-08-17 23:00,101.63,
2026-08-18 00:00,101.635,
2026-08-18 01:00,101.643,
2026-08-18 02:00,101.644,
2026-08-18 03:00,101.646,
2026-08-18 04:00,101.652,
2026-08-18 05:00,101.652,
2026-08-18 06:00,101.652,
2026-08-18 07:00,101.652,
2026-08-18 08:00,101.656,
2026-08-18 09:00,101.653,
2026-08-18 10:00,101.648,
2026-08-18 11:00,101.639,
2026-08-18 12:00,101.636,
2026-08-18 13:00,101.63,
2026-08-18 14:00,101.637,
2026-08-18 15:00,101.63,
2026-08-18 16:00,101.619,
2026-08-18 17:00,101.632,
2026-08-18 18:00,101.626,
2026-08-18 19:00,101.609,
2026-08-18 20:00,101.606,
2026-08-18 21:00,101.597,
2026-08-18 22:00,101.604,
2026-08-18 23:00,101.586,
2026-08-19 00:00,101.59,
2026-08-19 01:00,101.595,
2026-08-19 02:00,101.599,
2026-08-19 03:00,101.598,
2026-08-19 04:00,101.603,
2026-08-19 05:00,101.605,
2026-08-19 06:00,101.603,
2026-08-19 07:00,101.612,
2026-08-19 08:00,101.61,
2026-08-19 09:00,101.605,
2026-08-19 10:00,101.603,
2026-08-19 11:00,101.604,
2026-08-19 12:00,101.601,
2026-08-19 13:00,101.6,
2026-08-19 14:00,101.602,
2026-08-19 15:00,101.584,
2026-08-19 16:00,101.575,
2026-08-19 17:00,101.566,
2026-08-19 18:00,101.566,
2026-08-19 19:00,101.562,
2026-08-19 20:00,101.557,
2026-08-19 21:00,101.548,
2026-08-19 22:00,101.546,
2026-08-19 23:00,101.551,
2026-08-20 00:00,101.551,
2026-08-20 01:00,101.554,
2026-08-20 02:00,101.551,
2026-08-20 03:00,101.555,
2026-08-20 04:00,101.558,
2026-08-20 05:00,101.565,
2026-08-20 06:00,101.561,
2026-08-20 07:00,101.568,
2026-08-20 08:00,101.562,
2026-08-20 09:00,101.558,
2026-08-20 10:00,101.565,
2026-08-20 11:00,101.562,
2026-08-20 12:00,101.557,
2026-08-20 13:00,101.554,
2026-08-20 14:00,101.556,
2026-08-20 15:00,101.54,
2026-08-20 16:00,101.539,
2026-08-20 17:00,101.537,
2026-08-20 18:00,101.526,
2026-08-20 19:00,101.525,
2026-08-20 20:00,101.515,
2026-08-20 21:00,101.507,
2026-08-20 22:00,101.505,
2026-08-20 23:00,101.504,
2026-08-21 00:00,101.506,
2026-08-21 01:00,101.514,
2026-08-21 02:00,101.513,
2026-08-21 03:00,101.514,
2026-08-21 04:00,101.521,
2026-08-21 05:00,101.521,
2026-08-21 06:00,101.519,
2026-08-21 07:00,101.519,
2026-08-21 08:00,101.527,
2026-08-21 09:00,101.522,
2026-08-21 10:00,101.521,
2026-08-21 11:00,101.526,
2026-08-21 12:00,101.517,
2026-08-21 13:00,101.513,
2026-08-21 14:00,101.514,
2026-08-21 15:00,101.507,
2026-08-21 16:00,101.498,
2026-08-21 17:00,101.486,
2026-08-21 18:00,101.485,
2026-08-21 19:00,101.478,
2026-08-21 20:00,101.468,
2026-08-21 21:00,101.464,
2026-08-21 22:00,101.469,
2026-08-21 23:00,101.462,
2026-08-22 00:00,101.463,
2026-08-22 01:00,101.468,
2026-08-22 02:00,101.471,
2026-08-22 03:00,101.471,
2026-08-22 04:00,101.472,
2026-08-22 05:00,101.479,
2026-08-22 06:00,101.477,
2026-08-22 07:00,101.479,
2026-08-22 08:00,101.484,
2026-08-22 09:00,101.483,
2026-08-22 10:00,101.483,
2026-08-22 11:00,101.485,
2026-08-22 12:00,101.476,
2026-08-22 13:00,101.483,
2026-08-22 14:00,101.475,
2026-08-22 15:00,101.466,
2026-08-22 16:00,101.462,
2026-08-22 17:00,101.468,
2026-08-22 18:00,101.463,
2026-08-22 19:00,101.448,
2026-08-22 20:00,101.444,
2026-08-22 21:00,101.435,
2026-08-22 22:00,101.428,
2026-08-22 23:00,101.423,
2026-08-23 00:00,101.435,
2026-08-23 01:00,101.435,
2026-08-23 02:00,101.432,
2026-08-23 03:00,101.432,
2026-08-23 04:00,101.44,
2026-08-23 05:00,101.44,
2026-08-23 06:00,101.44,
2026-08-23 07:00,101.442,
2026-08-23 08:00,101.447,
2026-08-23 09:00,101.444,
2026-08-23 10:00,101.441,
2026-08-23 11:00,101.435,
2026-08-23 12:00,101.44,
2026-08-23 13:00,101.437,
2026-08-23 14:00,101.429,
2026-08-23 15:00,101.427,
2026-08-23 16:00,101.424,
2026-08-23 17:00,101.417,
2026-08-23 18:00,101.406,
2026-08-23 19:00,101.402,
2026-08-23 20:00,101.387,
2026-08-23 21:00,101.386,
2026-08-23 22:00,101.384,
2026-08-23 23:00,101.383,
2026-08-24 00:00,101.383,
2026-08-24 01:00,101.388,
2026-08-24 02:00,101.389,
2026-08-24 03:00,101.387,
2026-08-24 04:00,101.392,
2026-08-24 05:00,101.394,
2026-08-24 06:00,101.397,
2026-08-24 07:00,101.402,
2026-08-24 08:00,101.404,
2026-08-24 09:00,101.397,
2026-08-24 10:00,101.397,
2026-08-24 11:00,101.392,
2026-08-24 12:00,101.394,
2026-08-24 13:00,101.395,
2026-08-24 14:00,101.384,
2026-08-24 15:00,101.372,
2026-08-24 16:00,101.378,
2026-08-24 17:00,101.367,
2026-08-24 18:00,101.366,
2026-08-24 19:00,101.357,
2026-08-24 20:00,101.344,
2026-08-24 21:00,101.34,
2026-08-24 22:00,101.338,
2026-08-24 23:00,101.338,
2026-08-25 00:00,101.335,
2026-08-25 01:00,101.331,
2026-08-25 02:00,101.346,
2026-08-25 03:00,101.343,
2026-08-25 04:00,101.34,
2026-08-25 05:00,101.352,
2026-08-25 06:00,101.35,
2026-08-25 07:00,101.352,
2026-08-25 08:00,101.347,
2026-08-25 09:00,101.349,
2026-08-25 10:00,101.349,
2026-08-25 11:00,101.353,
2026-08-25 12:00,101.346,
2026-08-25 13:00,101.329,
2026-08-25 14:00,101.333,
2026-08-25 15:00,101.376,
2026-08-25 16:00,101.356,
2026-08-25 17:00,101.351,
2026-08-25 18:00,101.353,
2026-08-25 19:00,101.345,
2026-08-25 20:00,101.326,
2026-08-25 21:00,101.328,
2026-08-25 22:00,101.329,
2026-08-25 23:00,101.319,
2026-08-26 00:00,101.316,
2026-08-26 01:00,101.331,
2026-08-26 02:00,101.333,
2026-08-26 03:00,101.328,
2026-08-26 04:00,101.339,
2026-08-26 05:00,101.344,
2026-08-26 06:00,101.339,
2026-08-26 07:00,101.344,
2026-08-26 08:00,101.348,
2026-08-26 09:00,101.342,
2026-08-26 10:00,101.337,
2026-08-26 11:00,101.337,
2026-08-26 12:00,101.336,
2026-08-26 13:00,101.339,
2026-08-26 14:00,101.344,
2026-08-26 15:00,101.337,
2026-08-26 16:00,101.324,
2026-08-26 17:00,101.332,
2026-08-26 18:00,101.329,
2026-08-26 19:00,101.314,
2026-08-26 20:00,101.307,
2026-08-26 21:00,101.303,
2026-08-26 22:00,101.284,
2026-08-26 23:00,101.273,
2026-08-27 00:00,101.28,
2026-08-27 01:00,101.281,
2026-08-27 02:00,101.281,
2026-08-27 03:00,101.284,
2026-08-27 04:00,101.284,
2026-08-27 05:00,101.287,
2026-08-27 06:00,101.291,
2026-08-27 07:00,101.284,
2026-08-27 08:00,101.298,
2026-08-27 09:00,101.29,
2026-08-27 10:00,101.292,
2026-08-27 11:00,101.285,
2026-08-27 12:00,101.278,
2026-08-27 13:00,101.269,
2026-08-27 14:00,101.258,
2026-08-27 15:00,101.252,
2026-08-27 16:00,101.259,
2026-08-27 17:00,101.246,
2026-08-27 18:00,101.242,
2026-08-27 19:00,101.24,
2026-08-27 20:00,101.227,
2026-08-27 21:00,101.216,
2026-08-27 22:00,101.214,
2026-08-27 23:00,101.205,
2026-08-28 00:00,101.215,
2026-08-28 01:00,101.213,
2026-08-28 02:00,101.209,
2026-08-28 03:00,101.211,
2026-08-28 04:00,101.214,
2026-08-28 05:00,101.226,
2026-08-28 06:00,101.226,
2026-08-28 07:00,101.226,
2026-08-28 08:00,101.225,
2026-08-28 09:00,101.219,
2026-08-28 10:00,101.215,
2026-08-28 11:00,101.203,
2026-08-28 12:00,101.201,
2026-08-28 13:00,101.191,
2026-08-28 14:00,101.185,
2026-08-28 15:00,101.182,
2026-08-28 16:00,101.179,
2026-08-28 17:00,101.159,
2026-08-28 18:00,101.158,
2026-08-28 19:00,101.159,
2026-08-28 20:00,101.151,
2026-08-28 21:00,101.142,
2026-08-28 22:00,101.13,
2026-08-28 23:00,101.136,
2026-08-29 00:00,101.131,
2026-08-29 01:00,101.131,
2026-08-29 02:00,101.143,
2026-08-29 03:00,101.14,
2026-08-29 04:00,101.14,
2026-08-29 05:00,101.141,
2026-08-29 06:00,101.141,
2026-08-29 07:00,101.151,
2026-08-29 08:00,101.143,
2026-08-29 09:00,101.137,
2026-08-29 10:00,101.132,
2026-08-29 11:00,101.129,
2026-08-29 12:00,101.112,
2026-08-29 13:00,101.108,
2026-08-29 14:00,101.113,
2026-08-29 15:00,101.11,
2026-08-29 16:00,101.11,
2026-08-29 17:00,101.102,
2026-08-29 18:00,101.09,
2026-08-29 19:00,101.084,
2026-08-29 20:00,101.076,
2026-08-29 21:00,101.066,
2026-08-29 22:00,101.064,
2026-08-29 23:00,101.059,
2026-08-30 00:00,101.061,
2026-08-30 01:00,101.066,
2026-08-30 02:00,101.061,
2026-08-30 03:00,101.061,
2026-08-30 04:00,101.069,
2026-08-30 05:00,101.077,
2026-08-30 06:00,101.066,
2026-08-30 07:00,101.074,
2026-08-30 08:00,101.071,
2026-08-30 09:00,101.063,
2026-08-30 10:00,101.05,
2026-08-30 11:00,101.058,
2026-08-30 12:00,101.055,
2026-08-30 13:00,101.048,
2026-08-30 14:00,101.045,
2026-08-30 15:00,101.037,
2026-08-30 16:00,101.041,
2026-08-30 17:00,101.033,
2026-08-30 18:00,101.023,
2026-08-30 19:00,101.018,
2026-08-30 20:00,101.015,
2026-08-30 21:00,101.0,
2026-08-30 22:00,100.993,
2026-08-30 23:00,100.992,
2026-08-31 00:00,100.985,
2026-08-31 01:00,100.99,
2026-08-31 02:00,100.998,
2026-08-31 03:00,100.996,
2026-08-31 04:00,100.993,
2026-08-31 05:00,100.995,
2026-08-31 06:00,101.003,
2026-08-31 07:00,100.998,
2026-08-31 08:00,100.994,
2026-08-31 09:00,100.987,
2026-08-31 10:00,100.984,
2026-08-31 11:00,100.978,
2026-08-31 12:00,100.979,
2026-08-31 13:00,100.974,
2026-08-31 14:00,100.972,
2026-08-31 15:00,100.96,
2026-08-31 16:00,100.95,
2026-08-31 17:00,100.952,
2026-08-31 18:00,100.951,
2026-08-31 19:00,100.941,
2026-08-31 20:00,100.938,
2026-08-31 21:00,100.927,
2026-08-31 22:00,100.916,
2026-08-31 23:00,100.909,
2026-09-01 00:00,100.907,
2026-09-01 01:00,100.911,
2026-09-01 02:00,100.915,
2026-09-01 03:00,100.913,
2026-09-01 04:00,100.916,
2026-09-01 05:00,100.918,
2026-09-01 06:00,100.921,
2026-09-01 07:00,100.916,
2026-09-01 08:00,100.916,
2026-09-01 09:00,100.911,
2026-09-01 10:00,100.903,
2026-09-01 11:00,100.898,
2026-09-01 12:00,100.908,
2026-09-01 13:00,100.899,
2026-09-01 14:00,100.894,
2026-09-01 15:00,100.896,
2026-09-01 16:00,100.915,
2026-09-01 17:00,100.884,
2026-09-01 18:00,100.888,
2026-09-01 19:00,100.875,
2026-09-01 20:00,100.863,
2026-09-01 21:00,100.858,
2026-09-01 22:00,100.846,
2026-09-01 23:00,100.84,
2026-09-02 00:00,100.839,
2026-09-02 01:00,100.844,
2026-09-02 02:00,100.848,
2026-09-02 03:00,100.849,
2026-09-02 04:00,100.854,
2026-09-02 05:00,100.857,
2026-09-02 06:00,100.857,
2026-09-02 07:00,100.858,
2026-09-02 08:00,100.862,
2026-09-02 09:00,100.859,
2026-09-02 10:00,100.854,
2026-09-02 11:00,100.851,
2026-09-02 12:00,100.85,
2026-09-02 13:00,100.847,
2026-09-02 14:00,100.843,
2026-09-02 15:00,100.834,
2026-09-02 16:00,100.832,
2026-09-02 17:00,100.83,
2026-09-02 18:00,100.82,
2026-09-02 19:00,100.828,
2026-09-02 20:00,100.814,
2026-09-02 21:00,100.811,
2026-09-02 22:00,100.814,
2026-09-02 23:00,100.812,
2026-09-03 00:00,100.817,
2026-09-03 01:00,100.821,
2026-09-03 02:00,100.831,
2026-09-03 03:00,100.833,
2026-09-03 04:00,100.84,
2026-09-03 05:00,100.845,
2026-09-03 06:00,100.848,
2026-09-03 07:00,100.852,
2026-09-03 08:00,100.863,
2026-09-03 09:00,100.861,
2026-09-03 10:00,100.858,
2026-09-03 11:00,100.858,
2026-09-03 12:00,100.862,
2026-09-03 13:00,100.858,
2026-09-03 14:00,100.857,
2026-09-03 15:00,100.855,
2026-09-03 16:00,100.847,
2026-09-03 17:00,100.839,
2026-09-03 18:00,100.837,
2026-09-03 19:00,100.837,
2026-09-03 20:00,100.829,
2026-09-03 21:00,100.818,
2026-09-03 22:00,100.815,
2026-09-03 23:00,100.819,
2026-09-04 00:00,100.811,
2026-09-04 01:00,100.817,
2026-09-04 02:00,100.825,
2026-09-04 03:00,100.826,
2026-09-04 04:00,100.829,
2026-09-04 05:00,100.828,
2026-09-04 06:00,100.833,
2026-09-04 07:00,100.833,
2026-09-04 08:00,100.838,
2026-09-04 09:00,100.841,
2026-09-04 10:00,100.839,
2026-09-04 11:00,100.839,
2026-09-04 12:00,100.837,
2026-09-04 13:00,100.84,
2026-09-04 14:00,100.831,
2026-09-04 15:00,100.826,
2026-09-04 16:00,100.82,
2026-09-04 17:00,100.813,
2026-09-04 18:00,100.801,
2026-09-04 19:00,100.8,
2026-09-04 20:00,100.793,
2026-09-04 21:00,100.785,
2026-09-04 22:00,100.777,
2026-09-04 23:00,100.778,
2026-09-05 00:00,100.774,
2026-09-05 01:00,100.777,
2026-09-05 02:00,100.78,
2026-09-05 03:00,100.783,
2026-09-05 04:00,100.782,
2026-09-05 05:00,100.789,
2026-09-05 06:00,100.787,
2026-09-05 07:00,100.793,
2026-09-05 08:00,100.799,
2026-09-05 09:00,100.794,
2026-09-05 10:00,100.791,
2026-09-05 11:00,100.79,
2026-09-05 12:00,100.788,
2026-09-05 13:00,100.78,
2026-09-05 14:00,100.784,
2026-09-05 15:00,100.765,
2026-09-05 16:00,100.784,
2026-09-05 17:00,100.767,
2026-09-05 18:00,100.747,
2026-09-05 19:00,100.743,
2026-09-05 20:00,100.739,
2026-09-05 21:00,100.733,
2026-09-05 22:00,100.725,
2026-09-05 23:00,100.724,
2026-09-06 00:00,100.718,
2026-09-06 01:00,100.722,
2026-09-06 02:00,100.723,
2026-09-06 03:00,100.728,
2026-09-06 04:00,100.728,
2026-09-06 05:00,100.734,
2026-09-06 06:00,100.733,
2026-09-06 07:00,100.734,
2026-09-06 08:00,100.735,
2026-09-06 09:00,100.739,
2026-09-06 10:00,100.735,
2026-09-06 11:00,100.734,
2026-09-06 12:00,100.734,
2026-09-06 13:00,100.726,
2026-09-06 14:00,100.726,
2026-09-06 15:00,100.717,
2026-09-06 16:00,100.71,
2026-09-06 17:00,100.703,
2026-09-06 18:00,100.692,
2026-09-06 19:00,100.684,
2026-09-06 20:00,100.673,
2026-09-06 21:00,100.667,
2026-09-06 22:00,100.658,
2026-09-06 23:00,100.648,
2026-09-07 00:00,100.651,
2026-09-07 01:00,100.655,
2026-09-07 02:00,100.66,
2026-09-07 03:00,100.66,
2026-09-07 04:00,100.66,
2026-09-07 05:00,100.663,
2026-09-07 06:00,100.667,
2026-09-07 07:00,100.667,
2026-09-07 08:00,100.669,
2026-09-07 09:00,100.669,
2026-09-07 10:00,100.67,
2026-09-07 11:00,100.668,
2026-09-07 12:00,100.667,
2026-09-07 13:00,100.663,
2026-09-07 14:00,100.656,
2026-09-07 15:00,100.647,
2026-09-07 16:00,100.641,
2026-09-07 17:00,100.637,
2026-09-07 18:00,100.623,
2026-09-07 19:00,100.62,
2026-09-07 20:00,100.613,
2026-09-07 21:00,100.602,
2026-09-07 22:00,100.588,
2026-09-07 23:00,100.581,
2026-09-08 00:00,100.583,
2026-09-08 01:00,100.587,
2026-09-08 02:00,100.59,
2026-09-08 03:00,100.594,
2026-09-08 04:00,100.595,
2026-09-08 05:00,100.595,
2026-09-08 06:00,100.601,
2026-09-08 07:00,100.603,
2026-09-08 08:00,100.6,
2026-09-08 09:00,100.601,
2026-09-08 10:00,100.599,
2026-09-08 11:00,100.599,
2026-09-08 12:00,100.598,
2026-09-08 13:00,100.596,
2026-09-08 14:00,100.588,
2026-09-08 15:00,100.58,
2026-09-08 16:00,100.569,
2026-09-08 17:00,100.565,
2026-09-08 18:00,100.562,
2026-09-08 19:00,100.554,
2026-09-08 20:00,100.544,
2026-09-08 21:00,100.533,
2026-09-08 22:00,100.517,
2026-09-08 23:00,100.512,
2026-09-09 00:00,100.518,
2026-09-09 01:00,100.518,
2026-09-09 02:00,100.523,
2026-09-09 03:00,100.528,
2026-09-09 04:00,100.523,
2026-09-09 05:00,100.528,
2026-09-09 06:00,100.531,
2026-09-09 07:00,100.533,
2026-09-09 08:00,100.533,
2026-09-09 09:00,100.531,
2026-09-09 10:00,100.53,
2026-09-09 11:00,100.527,
2026-09-09 12:00,100.531,
2026-09-09 13:00,100.526,
2026-09-09 14:00,100.527,
2026-09-09 15:00,100.531,
2026-09-09 16:00,100.543,
2026-09-09 17:00,100.529,
2026-09-09 18:00,100.511,
2026-09-09 19:00,100.501,
2026-09-09 20:00,100.497,
2026-09-09 21:00,100.48,
2026-09-09 22:00,100.463,
2026-09-09 23:00,100.454,
2026-09-10 00:00,100.45,
2026-09-10 01:00,100.446,
2026-09-10 02:00,100.449,
2026-09-10 03:00,100.451,
2026-09-10 04:00,100.453,
2026-09-10 05:00,100.443,
2026-09-10 06:00,100.449,
2026-09-10 07:00,100.439,
2026-09-10 08:00,100.443,
2026-09-10 09:00,100.429,
2026-09-10 10:00,100.428,
2026-09-10 11:00,100.421,
2026-09-10 12:00,100.422,
2026-09-10 13:00,100.421,
2026-09-10 14:00,100.426,
2026-09-10 15:00,100.435,
2026-09-10 16:00,100.448,
2026-09-10 17:00,100.428,
2026-09-10 18:00,100.413,
2026-09-10 19:00,100.407,
2026-09-10 20:00,100.388,
2026-09-10 21:00,100.367,
2026-09-10 22:00,100.368,
2026-09-10 23:00,100.37,
2026-09-11 00:00,100.369,
2026-09-11 01:00,100.371,
2026-09-11 02:00,100.378,
2026-09-11 03:00,100.373,
2026-09-11 04:00,100.376,
2026-09-11 05:00,100.383,
2026-09-11 06:00,100.383,
2026-09-11 07:00,100.385,
2026-09-11 08:00,100.384,
2026-09-11 09:00,100.387,
2026-09-11 10:00,100.383,
2026-09-11 11:00,100.383,
2026-09-11 12:00,100.379,
2026-09-11 13:00,100.383,
2026-09-11 14:00,100.39,
2026-09-11 15:00,100.391,
2026-09-11 16:00,100.384,
2026-09-11 17:00,100.377,
2026-09-11 18:00,100.357,
2026-09-11 19:00,100.359,
2026-09-11 20:00,100.338,
2026-09-11 21:00,100.327,
2026-09-11 22:00,100.313,
2026-09-11 23:00,100.321,
2026-09-12 00:00,100.303,
2026-09-12 01:00,100.314,
2026-09-12 02:00,100.315,
2026-09-12 03:00,100.317,
2026-09-12 04:00,100.322,
2026-09-12 05:00,100.327,
2026-09-12 06:00,100.332,
2026-09-12 07:00,100.333,
2026-09-12 08:00,100.333,
2026-09-12 09:00,100.333,
2026-09-12 10:00,100.33,
2026-09-12 11:00,100.322,
2026-09-12 12:00,100.32,
2026-09-12 13:00,100.316,
2026-09-12 14:00,100.321,
2026-09-12 15:00,100.315,
2026-09-12 16:00,100.306,
2026-09-12 17:00,100.303,
2026-09-12 18:00,100.288,
2026-09-12 19:00,100.277,
2026-09-12 20:00,100.278,
2026-09-12 21:00,100.273,
2026-09-12 22:00,100.249,
2026-09-12 23:00,100.255,
2026-09-13 00:00,100.237,
2026-09-13 01:00,100.245,
2026-09-13 02:00,100.248,
2026-09-13 03:00,100.243,
2026-09-13 04:00,100.249,
2026-09-13 05:00,100.252,
2026-09-13 06:00,100.253,
2026-09-13 07:00,100.25,
2026-09-13 08:00,100.254,
2026-09-13 09:00,100.249,
2026-09-13 10:00,100.243,
2026-09-13 11:00,100.241,
2026-09-13 12:00,100.239,
2026-09-13 13:00,100.242,
2026-09-13 14:00,100.238,
2026-09-13 15:00,100.227,
2026-09-13 16:00,100.228,
2026-09-13 17:00,100.229,
2026-09-13 18:00,100.212,
2026-09-13 19:00,100.244,
2026-09-13 20:00,100.201,
2026-09-13 21:00,100.179,
2026-09-13 22:00,100.222,
2026-09-13 23:00,100.211,
2026-09-14 00:00,100.182,
2026-09-14 01:00,100.197,
2026-09-14 02:00,100.195,
2026-09-14 03:00,100.195,
2026-09-14 04:00,100.198,
2026-09-14 05:00,100.208,
2026-09-14 06:00,100.209,
2026-09-14 07:00,100.208,
2026-09-14 08:00,100.212,
2026-09-14 09:00,100.225,
2026-09-14 10:00,100.224,
2026-09-14 11:00,100.228,
2026-09-14 12:00,100.238,
2026-09-14 13:00,100.228,
2026-09-14 14:00,100.234,
2026-09-14 15:00,100.226,
2026-09-14 16:00,100.229,
2026-09-14 17:00,100.254,
2026-09-14 18:00,100.232,
2026-09-14 19:00,100.232,
2026-09-14 20:00,100.223,
2026-09-14 21:00,100.211,
2026-09-14 22:00,100.2,
2026-09-14 23:00,100.192,
2026-09-15 00:00,100.19,
2026-09-15 01:00,100.203,
2026-09-15 02:00,100.204,
2026-09-15 03:00,100.208,
2026-09-15 04:00,100.217,
2026-09-15 05:00,100.217,
2026-09-15 06:00,100.22,
2026-09-15 07:00,100.223,
2026-09-15 08:00,100.229,
2026-09-15 09:00,100.227,
2026-09-15 10:00,100.223,
2026-09-15 11:00,100.225,
2026-09-15 12:00,100.223,
2026-09-15 13:00,100.221,
2026-09-15 14:00,100.216,
2026-09-15 15:00,100.205,
2026-09-15 16:00,100.197,
2026-09-15 17:00,100.199,
2026-09-15 18:00,100.191,
2026-09-15 19:00,100.191,
2026-09-15 20:00,100.195,
2026-09-15 21:00,100.17,
2026-09-15 22:00,100.162,
2026-09-15 23:00,100.162,
2026-09-16 00:00,100.147,
2026-09-16 01:00,100.157,
2026-09-16 02:00,100.163,
2026-09-16 03:00,100.159,
2026-09-16 04:00,100.159,
2026-09-16 05:00,100.17,
2026-09-16 06:00,100.164,
2026-09-16 07:00,100.166,
2026-09-16 08:00,100.173,
2026-09-16 09:00,100.175,
2026-09-16 10:00,100.172,
2026-09-16 11:00,100.173,
2026-09-16 12:00,100.177,
2026-09-16 13:00,100.168,
2026-09-16 14:00,100.17,
2026-09-16 15:00,100.156,
2026-09-16 16:00,100.152,
2026-09-16 17:00,100.158,
2026-09-16 18:00,100.14,
2026-09-16 19:00,100.139,
2026-09-16 20:00,100.127,
2026-09-16 21:00,100.12,
2026-09-16 22:00,100.108,
2026-09-16 23:00,100.104,
2026-09-17 00:00,100.101,
2026-09-17 01:00,100.108,
2026-09-17 02:00,100.109,
2026-09-17 03:00,100.114,
2026-09-17 04:00,100.114,
2026-09-17 05:00,100.119,
2026-09-17 06:00,100.119,
2026-09-17 07:00,100.122,
2026-09-17 08:00,100.126,
2026-09-17 09:00,100.129,
2026-09-17 10:00,100.126,
2026-09-17 11:00,100.123,
2026-09-17 12:00,100.125,
2026-09-17 13:00,100.121,
2026-09-17 14:00,100.12,
2026-09-17 15:00,100.112,
2026-09-17 16:00,100.104,
2026-09-17 17:00,100.094,
2026-09-17 18:00,100.078,
2026-09-17 19:00,100.098,
2026-09-17 20:00,100.088,
2026-09-17 21:00,100.076,
2026-09-17 22:00,100.064,
2026-09-17 23:00,100.056,
2026-09-18 00:00,100.054,
2026-09-18 01:00,100.061,
2026-09-18 02:00,100.06,
2026-09-18 03:00,100.062,
2026-09-18 04:00,100.069,
2026-09-18 05:00,100.069,
2026-09-18 06:00,100.072,
2026-09-18 07:00,100.074,
2026-09-18 08:00,100.079,
2026-09-18 09:00,100.076,
2026-09-18 10:00,100.076,
2026-09-18 11:00,100.082,
2026-09-18 12:00,100.083,
2026-09-18 13:00,100.08,
2026-09-18 14:00,100.078,
2026-09-18 15:00,100.081,
2026-09-18 16:00,100.08,
2026-09-18 17:00,100.067,
2026-09-18 18:00,100.063,
2026-09-18 19:00,100.068,
2026-09-18 20:00,100.047,
2026-09-18 21:00,100.039,
2026-09-18 22:00,100.031,
2026-09-18 23:00,100.024,
2026-09-19 00:00,100.014,
2026-09-19 01:00,100.033,
2026-09-19 02:00,100.029,
2026-09-19 03:00,100.031,
2026-09-19 04:00,100.04,
2026-09-19 05:00,100.041,
2026-09-19 06:00,100.041,
2026-09-19 07:00,100.045,
2026-09-19 08:00,100.053,
2026-09-19 09:00,100.051,
2026-09-19 10:00,100.054,
2026-09-19 11:00,100.051,
2026-09-19 12:00,100.054,
2026-09-19 13:00,100.047,
2026-09-19 14:00,100.045,
2026-09-19 15:00,100.036,
2026-09-19 16:00,100.025,
2026-09-19 17:00,100.017,
2026-09-19 18:00,100.019,
2026-09-19 19:00,100.011,
2026-09-19 20:00,100.015,
2026-09-19 21:00,100.008,
2026-09-19 22:00,100.007,
2026-09-19 23:00,100.004,
2026-09-20 00:00,100.007,
2026-09-20 01:00,100.015,
2026-09-20 02:00,100.021,
2026-09-20 03:00,100.032,
2026-09-20 04:00,100.037,
2026-09-20 05:00,100.045,
2026-09-20 06:00,100.051,
2026-09-20 07:00,100.051,
2026-09-20 08:00,100.065,
2026-09-20 09:00,100.067,
2026-09-20 10:00,100.067,
2026-09-20 11:00,100.067,
2026-09-20 12:00,100.083,
2026-09-20 13:00,100.078,
2026-09-20 14:00,100.076,
2026-09-20 15:00,100.067,
2026-09-20 16:00,100.053,
2026-09-20 17:00,100.052,
2026-09-20 18:00,100.046,
2026-09-20 19:00,100.04,
2026-09-20 20:00,100.029,
2026-09-20 21:00,100.023,
2026-09-20 22:00,100.01,
2026-09-20 23:00,100.01,
2026-09-21 00:00,100.003,
2026-09-21 01:00,100.008,
2026-09-21 02:00,100.014,
2026-09-21 03:00,100.014,
2026-09-21 04:00,100.019,
2026-09-21 05:00,100.019,
2026-09-21 06:00,100.024,
2026-09-21 07:00,100.027,
2026-09-21 08:00,100.033,
2026-09-21 09:00,100.026,
2026-09-21 10:00,100.028,
2026-09-21 11:00,100.016,
2026-09-21 12:00,100.011,
2026-09-21 13:00,100.014,
2026-09-21 14:00,100.002,
2026-09-21 15:00,100.0,
2026-09-21 16:00,100.004,
2026-09-21 17:00,100.003,
2026-09-21 18:00,99.999,
2026-09-21 19:00,99.993,
2026-09-21 20:00,99.983,
2026-09-21 21:00,99.976,
2026-09-21 22:00,99.967,
2026-09-21 23:00,99.967,
2026-09-22 00:00,99.976,
2026-09-22 01:00,99.972,
2026-09-22 02:00,99.975,
2026-09-22 03:00,99.98,
2026-09-22 04:00,99.982,
2026-09-22 05:00,99.98,
2026-09-22 06:00,99.987,
2026-09-22 07:00,99.992,
2026-09-22 08:00,99.996,
2026-09-22 09:00,99.992,
2026-09-22 10:00,99.991,
2026-09-22 11:00,99.99,
2026-09-22 12:00,99.982,
2026-09-22 13:00,99.979,
2026-09-22 14:00,99.973,
2026-09-22 15:00,99.972,
2026-09-22 16:00,99.973,
2026-09-22 17:00,99.977,
2026-09-22 18:00,99.972,
2026-09-22 19:00,99.96,
2026-09-22 20:00,99.953,
2026-09-22 21:00,99.949,
2026-09-22 22:00,99.942,
2026-09-22 23:00,99.942,
2026-09-23 00:00,99.94,
2026-09-23 01:00,99.943,
2026-09-23 02:00,99.945,
2026-09-23 03:00,99.953,
2026-09-23 04:00,99.956,
2026-09-23 05:00,99.956,
2026-09-23 06:00,99.962,
2026-09-23 07:00,99.968,
2026-09-23 08:00,99.968,
2026-09-23 09:00,99.962,
2026-09-23 10:00,99.961,
2026-09-23 11:00,99.963,
2026-09-23 12:00,99.954,
2026-09-23 13:00,99.953,
2026-09-23 14:00,99.95,
2026-09-23 15:00,99.943,
2026-09-23 16:00,99.941,
2026-09-23 17:00,99.932,
2026-09-23 18:00,99.926,
2026-09-23 19:00,99.923,
2026-09-23 20:00,99.917,
2026-09-23 21:00,99.913,
2026-09-23 22:00,99.906,
2026-09-23 23:00,99.898,
2026-09-24 00:00,99.913,
2026-09-24 01:00,99.914,
2026-09-24 02:00,99.914,
2026-09-24 03:00,99.913,
2026-09-24 04:00,99.922,
2026-09-24 05:00,99.921,
2026-09-24 06:00,99.922,
2026-09-24 07:00,99.931,
2026-09-24 08:00,99.929,
2026-09-24 09:00,99.924,
2026-09-24 10:00,99.928,
2026-09-24 11:00,99.921,
2026-09-24 12:00,99.916,
2026-09-24 13:00,99.908,
2026-09-24 14:00,99.906,
2026-09-24 15:00,99.896,
2026-09-24 16:00,99.888,
2026-09-24 17:00,99.877,
2026-09-24 18:00,99.876,
2026-09-24 19:00,99.88,
2026-09-24 20:00,99.873,
2026-09-24 21:00,99.872,
2026-09-24 22:00,99.863,
2026-09-24 23:00,99.857,
2026-09-25 00:00,99.857,
2026-09-25 01:00,99.865,
2026-09-25 02:00,99.868,
2026-09-25 03:00,99.869,
2026-09-25 04:00,99.871,
2026-09-25 05:00,99.876,
2026-09-25 06:00,99.877,
2026-09-25 07:00,99.88,
2026-09-25 08:00,99.884,
2026-09-25 09:00,99.882,
2026-09-25 10:00,99.869,
2026-09-25 11:00,99.87,
2026-09-25 12:00,99.864,
2026-09-25 13:00,99.851,
2026-09-25 14:00,99.848,
2026-09-25 15:00,99.846,
2026-09-25 16:00,99.839,
2026-09-25 17:00,99.829,
2026-09-25 18:00,99.822,
2026-09-25 19:00,99.822,
2026-09-25 20:00,99.814,
2026-09-25 21:00,99.805,
2026-09-25 22:00,99.799,
2026-09-25 23:00,99.799,
2026-09-26 00:00,99.799,
2026-09-26 01:00,99.802,
2026-09-26 02:00,99.809,
2026-09-26 03:00,99.809,
2026-09-26 04:00,99.817,
2026-09-26 05:00,99.821,
2026-09-26 06:00,99.82,
2026-09-26 07:00,99.82,
2026-09-26 08:00,99.826,
2026-09-26 09:00,99.816,
2026-09-26 10:00,99.822,
2026-09-26 11:00,99.811,
2026-09-26 12:00,99.81,
2026-09-26 13:00,99.799,
2026-09-26 14:00,99.825,
2026-09-26 15:00,99.807,
2026-09-26 16:00,99.807,
2026-09-26 17:00,99.807,
2026-09-26 18:00,99.804,
2026-09-26 19:00,99.784,
2026-09-26 20:00,99.78,
2026-09-26 21:00,99.76,
2026-09-26 22:00,99.749,
2026-09-26 23:00,99.749,
2026-09-27 00:00,99.76,
2026-09-27 01:00,99.759,
2026-09-27 02:00,99.761,
2026-09-27 03:00,99.767,
2026-09-27 04:00,99.768,
2026-09-27 05:00,99.769,
2026-09-27 06:00,99.772,
2026-09-27 07:00,99.777,
2026-09-27 08:00,99.773,
2026-09-27 09:00,99.774,
2026-09-27 10:00,99.763,
2026-09-27 11:00,99.766,
2026-09-27 12:00,99.748,
2026-09-27 13:00,99.771,
2026-09-27 14:00,99.746,
2026-09-27 15:00,99.734,
2026-09-27 16:00,99.725,
2026-09-27 17:00,99.726,
2026-09-27 18:00,99.718,
2026-09-27 19:00,99.702,
2026-09-27 20:00,99.707,
2026-09-27 21:00,99.693,
2026-09-27 22:00,99.685,
2026-09-27 23:00,99.699,
2026-09-28 00:00,99.701,
2026-09-28 01:00,99.703,
2026-09-28 02:00,99.7,
2026-09-28 03:00,99.699,
2026-09-28 04:00,99.709,
2026-09-28 05:00,99.713,
2026-09-28 06:00,99.71,
2026-09-28 07:00,99.708,
2026-09-28 08:00,99.717,
2026-09-28 09:00,99.711,
2026-09-28 10:00,99.706,
2026-09-28 11:00,99.693,
2026-09-28 12:00,99.685,
2026-09-28 13:00,99.687,
2026-09-28 14:00,99.681,
2026-09-28 15:00,99.658,
2026-09-28 16:00,99.663,
2026-09-28 17:00,99.655,
2026-09-28 18:00,99.657,
2026-09-28 19:00,99.651,
2026-09-28 20:00,99.648,
2026-09-28 21:00,99.636,
2026-09-28 22:00,99.637,
2026-09-28 23:00,99.642,
2026-09-29 00:00,99.642,
2026-09-29 01:00,99.645,
2026-09-29 02:00,99.644,
2026-09-29 03:00,99.65,
2026-09-29 04:00,99.651,
2026-09-29 05:00,99.644,
2026-09-29 06:00,99.65,
2026-09-29 07:00,99.658,
2026-09-29 08:00,99.659,
2026-09-29 09:00,99.656,
2026-09-29 10:00,99.656,
2026-09-29 11:00,99.653,
2026-09-29 12:00,99.643,
2026-09-29 13:00,99.636,
2026-09-29 14:00,99.623,
2026-09-29 15:00,99.631,
2026-09-29 16:00,99.613,
2026-09-29 17:00,99.608,
2026-09-29 18:00,99.613,
2026-09-29 19:00,99.596,
2026-09-29 20:00,99.587,
2026-09-29 21:00,99.592,
2026-09-29 22:00,99.584,
2026-09-29 23:00,99.58,
2026-09-30 00:00,99.586,
2026-09-30 01:00,99.585,
2026-09-30 02:00,99.586,
2026-09-30 03:00,99.598,
2026-09-30 04:00,99.586,
2026-09-30 05:00,99.601,
2026-09-30 06:00,99.605,
2026-09-30 07:00,99.606,
2026-09-30 08:00,99.611,
2026-09-30 09:00,99.603,
2026-09-30 10:00,99.608,
2026-09-30 11:00,99.597,
2026-09-30 12:00,99.592,
2026-09-30 13:00,99.584,
2026-09-30 14:00,99.573,
2026-09-30 15:00,99.569,
2026-09-30 16:00,99.567,
2026-09-30 17:00,99.58,
2026-09-30 18:00,99.587,
2026-09-30 19:00,99.573,
2026-09-30 20:00,99.572,
2026-09-30 21:00,99.574,
2026-09-30 22:00,99.572,
2026-09-30 23:00,99.582,
2026-10-01 00:00,99.59,
2026-10-01 01:00,99.602,
2026-10-01 02:00,99.607,
2026-10-01 03:00,99.615,
2026-10-01 04:00,99.62,
2026-10-01 05:00,99.622,
2026-10-01 06:00,99.627,
2026-10-01 07:00,99.635,
2026-10-01 08:00,99.643,
2026-10-01 09:00,99.64,
2026-10-01 10:00,99.638,
2026-10-01 11:00,99.629,
2026-10-01 12:00,99.63,
2026-10-01 13:00,99.622,
2026-10-01 14:00,99.616,
2026-10-01 15:00,99.603,
2026-10-01 16:00,99.596,
2026-10-01 17:00,99.594,
2026-10-01 18:00,99.587,
2026-10-01 19:00,99.579,
2026-10-01 20:00,99.568,
2026-10-01 21:00,99.567,
2026-10-01 22:00,99.569,
2026-10-01 23:00,99.563,
2026-10-02 00:00,99.572,
2026-10-02 01:00,99.577,
2026-10-02 02:00,99.579,
2026-10-02 03:00,99.571,
2026-10-02 04:00,99.582,
2026-10-02 05:00,99.587,
2026-10-02 06:00,99.59,
2026-10-02 07:00,99.593,
2026-10-02 08:00,99.596,
2026-10-02 09:00,99.595,
2026-10-02 10:00,99.592,
2026-10-02 11:00,99.589,
2026-10-02 12:00,99.585,
2026-10-02 13:00,99.575,
2026-10-02 14:00,99.569,
2026-10-02 15:00,99.554,
2026-10-02 16:00,99.552,
2026-10-02 17:00,99.555,
2026-10-02 18:00,99.543,
2026-10-02 19:00,99.565,
2026-10-02 20:00,99.549,
2026-10-02 21:00,99.534,
2026-10-02 22:00,99.524,
2026-10-02 23:00,99.537,
2026-10-03 00:00,99.544,
2026-10-03 01:00,99.536,
2026-10-03 02:00,99.546,
2026-10-03 03:00,99.563,
2026-10-03 04:00,99.563,
2026-10-03 05:00,99.576,
2026-10-03 06:00,99.576,
2026-10-03 07:00,99.573,
2026-10-03 08:00,99.588,
2026-10-03 09:00,99.592,
2026-10-03 10:00,99.592,
2026-10-03 11:00,99.59,
2026-10-03 12:00,99.588,
2026-10-03 13:00,99.576,
2026-10-03 14:00,99.585,
2026-10-03 15:00,99.583,
2026-10-03 16:00,99.584,
2026-10-03 17:00,99.575,
2026-10-03 18:00,99.569,
2026-10-03 19:00,99.56,
2026-10-03 20:00,99.564,
2026-10-03 21:00,99.557,
2026-10-03 22:00,99.555,
2026-10-03 23:00,99.569,
2026-10-04 00:00,99.567,
2026-10-04 01:00,99.574,
2026-10-04 02:00,99.59,
2026-10-04 03:00,99.597,
2026-10-04 04:00,99.593,
2026-10-04 05:00,99.607,
2026-10-04 06:00,99.607,
2026-10-04 07:00,99.612,
2026-10-04 08:00,99.621,
2026-10-04 09:00,99.615,
2026-10-04 10:00,99.622,
2026-10-04 11:00,99.625,
2026-10-04 12:00,99.622,
2026-10-04 13:00,99.617,
2026-10-04 14:00,99.606,
2026-10-04 15:00,99.604,
2026-10-04 16:00,99.587,
2026-10-04 17:00,99.587,
2026-10-04 18:00,99.584,
2026-10-04 19:00,99.578,
2026-10-04 20:00,99.575,
2026-10-04 21:00,99.568,
2026-10-04 22:00,99.553,
2026-10-04 23:00,99.551,
2026-10-05 00:00,99.559,
2026-10-05 01:00,99.564,
2026-10-05 02:00,99.563,
2026-10-05 03:00,99.565,
2026-10-05 04:00,99.572,
2026-10-05 05:00,99.58,
2026-10-05 06:00,99.58,
2026-10-05 07:00,99.583,
2026-10-05 08:00,99.585,
2026-10-05 09:00,99.581,
2026-10-05 10:00,99.58,
2026-10-05 11:00,99.584,
2026-10-05 12:00,99.578,
2026-10-05 13:00,99.575,
2026-10-05 14:00,99.569,
2026-10-05 15:00,99.563,
2026-10-05 16:00,99.551,
2026-10-05 17:00,99.547,
2026-10-05 18:00,99.541,
2026-10-05 19:00,99.537,
2026-10-05 20:00,99.541,
2026-10-05 21:00,99.512,
2026-10-05 22:00,99.515,
2026-10-05 23:00,99.511,
2026-10-06 00:00,99.508,
2026-10-06 01:00,99.527,
2026-10-06 02:00,99.549,
2026-10-06 03:00,99.554,
2026-10-06 04:00,99.547,
2026-10-06 05:00,99.575,
2026-10-06 06:00,99.574,
2026-10-06 07:00,99.562,
2026-10-06 08:00,99.577,
2026-10-06 09:00,99.574,
2026-10-06 10:00,99.575,
2026-10-06 11:00,99.578,
2026-10-06 12:00,99.58,
2026-10-06 13:00,99.581,
2026-10-06 14:00,99.57,
2026-10-06 15:00,99.556,
2026-10-06 16:00,99.56,
2026-10-06 17:00,99.561,
2026-10-06 18:00,99.554,
2026-10-06 19:00,99.553,
2026-10-06 20:00,99.547,
2026-10-06 21:00,99.539,
2026-10-06 22:00,99.536,
2026-10-06 23:00,99.539,
2026-10-07 00:00,99.521,
2026-10-07 01:00,99.536,
2026-10-07 02:00,99.534,
2026-10-07 03:00,99.536,
2026-10-07 04:00,99.54,
2026-10-07 05:00,99.546,
2026-10-07 06:00,99.542,
2026-10-07 07:00,99.554,
2026-10-07 08:00,99.556,
2026-10-07 09:00,99.558,
2026-10-07 10:00,99.56,
2026-10-07 11:00,99.553,
2026-10-07 12:00,99.544,
2026-10-07 13:00,99.548,
2026-10-07 14:00,99.53,
2026-10-07 15:00,99.541,
2026-10-07 16:00,99.533,
2026-10-07 17:00,99.54,
2026-10-07 18:00,99.528,
2026-10-07 19:00,99.517,
2026-10-07 20:00,99.509,
2026-10-07 21:00,99.512,
2026-10-07 22:00,99.497,
2026-10-07 23:00,99.508,
2026-10-08 00:00,99.515,
2026-10-08 01:00,99.525,
2026-10-08 02:00,99.525,
2026-10-08 03:00,99.542,
2026-10-08 04:00,99.54,
2026-10-08 05:00,99.55,
2026-10-08 06:00,99.558,
2026-10-08 07:00,99.567,
2026-10-08 08:00,99.564,
2026-10-08 09:00,99.572,
2026-10-08 10:00,99.567,
2026-10-08 11:00,99.57,
2026-10-08 12:00,99.564,
2026-10-08 13:00,99.562,
2026-10-08 14:00,99.559,
2026-10-08 15:00,99.554,
2026-10-08 16:00,99.545,
2026-10-08 17:00,99.545,
2026-10-08 18:00,99.54,
2026-10-08 19:00,99.538,
2026-10-08 20:00,99.53,
2026-10-08 21:00,99.525,
2026-10-08 22:00,99.513,
2026-10-08 23:00,99.513,
2026-10-09 00:00,99.504,
2026-10-09 01:00,99.521,
2026-10-09 02:00,99.516,
2026-10-09 03:00,99.517,
2026-10-09 04:00,99.52,
2026-10-09 05:00,99.529,
2026-10-09 06:00,99.532,
2026-10-09 07:00,99.544,
2026-10-09 08:00,99.545,
2026-10-09 09:00,99.538,
2026-10-09 10:00,99.542,
2026-10-09 11:00,99.545,
2026-10-09 12:00,99.544,
2026-10-09 13:00,99.531,
2026-10-09 14:00,99.532,
2026-10-09 15:00,99.527,
2026-10-09 16:00,99.524,
