datetime,value,discharge
2025-10-09 00:00,331.721,
2025-10-09 01:00,331.723,
2025-10-09 02:00,331.725,
2025-10-09 03:00,331.727,
2025-10-09 04:00,331.729,
2025-10-09 05:00,331.731,
2025-10-09 06:00,331.724,
2025-10-09 07:00,331.718,
2025-10-09 08:00,331.718,
2025-10-09 09:00,331.714,
2025-10-09 10:00,331.707,
2025-10-09 11:00,331.708,
2025-10-09 12:00,331.708,
2025-10-09 13:00,331.709,
2025-10-09 14:00,331.709,
2025-10-09 15:00,331.702,
2025-10-09 16:00,331.706,
2025-10-09 17:00,331.724,
2025-10-09 18:00,331.728,
2025-10-09 19:00,331.739,
2025-10-09 20:00,331.766,
2025-10-09 21:00,331.759,
2025-10-09 22:00,331.756,
2025-10-09 23:00,331.753,
2025-10-10 00:00,331.75,
2025-10-10 01:00,331.747,
2025-10-10 02:00,331.744,
2025-10-10 03:00,331.741,
2025-10-10 04:00,331.738,
2025-10-10 05:00,331.735,
2025-10-10 06:00,331.73,
2025-10-10 07:00,331.728,
2025-10-10 08:00,331.722,
2025-10-10 09:00,331.719,
2025-10-10 10:00,331.717,
2025-10-10 11:00,331.715,
2025-10-10 12:00,331.711,
2025-10-10 13:00,331.709,
2025-10-10 14:00,331.709,
2025-10-10 15:00,331.708,
2025-10-10 16:00,331.714,
2025-10-10 17:00,331.735,
2025-10-10 18:00,331.744,
2025-10-10 19:00,331.756,
2025-10-10 20:00,331.761,
2025-10-10 21:00,331.755,
2025-10-10 22:00,331.753,
2025-10-10 23:00,331.751,
2025-10-11 00:00,331.749,
2025-10-11 01:00,331.747,
2025-10-11 02:00,331.745,
2025-10-11 03:00,331.742,
2025-10-11 04:00,331.74,
2025-10-11 05:00,331.737,
2025-10-11 06:00,331.73,
2025-10-11 07:00,331.724,
2025-10-11 08:00,331.72,
2025-10-11 09:00,331.718,
2025-10-11 10:00,331.715,
2025-10-11 11:00,331.714,
2025-10-11 12:00,331.713,
2025-10-11 13:00,331.712,
2025-10-11 14:00,331.712,
2025-10-11 15:00,331.714,
2025-10-11 16:00,331.711,
2025-10-11 17:00,331.716,
2025-10-11 18:00,331.717,
2025-10-11 19:00,331.723,
2025-10-11 20:00,331.723,
2025-10-11 21:00,331.724,
2025-10-11 22:00,331.725,
2025-10-11 23:00,331.726,
2025-10-12 00:00,331.727,
2025-10-12 01:00,331.728,
2025-10-12 02:00,331.728,
2025-10-12 03:00,331.729,
2025-10-12 04:00,331.729,
2025-10-12 05:00,331.73,
2025-10-12 06:00,331.726,
2025-10-12 07:00,331.731,
2025-10-12 08:00,331.719,
2025-10-12 09:00,331.716,
2025-10-12 10:00,331.712,
2025-10-12 11:00,331.711,
2025-10-12 12:00,331.708,
2025-10-12 13:00,331.706,
2025-10-12 14:00,331.707,
2025-10-12 15:00,331.707,
2025-10-12 16:00,331.708,
2025-10-12 17:00,331.71,
2025-10-12 18:00,331.712,
2025-10-12 19:00,331.713,
2025-10-12 20:00,331.714,
2025-10-12 21:00,331.714,
2025-10-12 22:00,331.716,
2025-10-12 23:00,331.718,
2025-10-13 00:00,331.72,
2025-10-13 01:00,331.722,
2025-10-13 02:00,331.723,
2025-10-13 03:00,331.725,
2025-10-13 04:00,331.726,
2025-10-13 05:00,331.728,
2025-10-13 06:00,331.722,
2025-10-13 07:00,331.725,
2025-10-13 08:00,331.71,
2025-10-13 09:00,331.706,
2025-10-13 10:00,331.703,
2025-10-13 11:00,331.704,
2025-10-13 12:00,331.702,
2025-10-13 13:00,331.704,
2025-10-13 14:00,331.702,
2025-10-13 15:00,331.7,
2025-10-13 16:00,331.7,
2025-10-13 17:00,331.704,
2025-10-13 18:00,331.711,
2025-10-13 19:00,331.725,
2025-10-13 20:00,331.765,
2025-10-13 21:00,331.778,
2025-10-13 22:00,331.779,
2025-10-13 23:00,331.78,
2025-10-14 00:00,331.782,
2025-10-14 01:00,331.783,
2025-10-14 02:00,331.785,
2025-10-14 03:00,331.786,
2025-10-14 04:00,331.788,
2025-10-14 05:00,331.789,
2025-10-14 06:00,331.783,
2025-10-14 07:00,331.775,
2025-10-14 08:00,331.766,
2025-10-14 09:00,331.766,
2025-10-14 10:00,331.771,
2025-10-14 11:00,331.764,
2025-10-14 12:00,331.768,
2025-10-14 13:00,331.773,
2025-10-14 14:00,331.773,
2025-10-14 15:00,331.764,
2025-10-14 16:00,331.755,
2025-10-14 17:00,331.751,
2025-10-14 18:00,331.753,
2025-10-14 19:00,331.751,
2025-10-14 20:00,331.751,
2025-10-14 21:00,331.75,
2025-10-14 22:00,331.751,
2025-10-14 23:00,331.752,
2025-10-15 00:00,331.753,
2025-10-15 01:00,331.753,
2025-10-15 02:00,331.754,
2025-10-15 03:00,331.754,
2025-10-15 04:00,331.755,
2025-10-15 05:00,331.755,
2025-10-15 06:00,331.746,
2025-10-15 07:00,331.743,
2025-10-15 08:00,331.733,
2025-10-15 09:00,331.729,
2025-10-15 10:00,331.726,
2025-10-15 11:00,331.727,
2025-10-15 12:00,331.727,
2025-10-15 13:00,331.724,
2025-10-15 14:00,331.722,
2025-10-15 15:00,331.726,
2025-10-15 16:00,331.726,
2025-10-15 17:00,331.729,
2025-10-15 18:00,331.731,
2025-10-15 19:00,331.733,
2025-10-15 20:00,331.734,
2025-10-15 21:00,331.735,
2025-10-15 22:00,331.736,
2025-10-15 23:00,331.738,
2025-10-16 00:00,331.74,
2025-10-16 01:00,331.741,
2025-10-16 02:00,331.743,
2025-10-16 03:00,331.745,
2025-10-16 04:00,331.746,
2025-10-16 05:00,331.748,
2025-10-16 06:00,331.743,
2025-10-16 07:00,331.738,
2025-10-16 08:00,331.731,
2025-10-16 09:00,331.73,
2025-10-16 10:00,331.729,
2025-10-16 11:00,331.726,
2025-10-16 12:00,331.725,
2025-10-16 13:00,331.723,
2025-10-16 14:00,331.754,
2025-10-16 15:00,331.774,
2025-10-16 16:00,331.797,
2025-10-16 17:00,331.793,
2025-10-16 18:00,331.78,
2025-10-16 19:00,331.782,
2025-10-16 20:00,331.788,
2025-10-16 21:00,331.794,
2025-10-16 22:00,331.792,
2025-10-16 23:00,331.789,
2025-10-17 00:00,331.786,
2025-10-17 01:00,331.783,
2025-10-17 02:00,331.78,
2025-10-17 03:00,331.777,
2025-10-17 04:00,331.773,
2025-10-17 05:00,331.77,
2025-10-17 06:00,331.762,
2025-10-17 07:00,331.764,
2025-10-17 08:00,331.758,
2025-10-17 09:00,331.749,
2025-10-17 10:00,331.743,
2025-10-17 11:00,331.744,
2025-10-17 12:00,331.742,
2025-10-17 13:00,331.741,
2025-10-17 14:00,331.736,
2025-10-17 15:00,331.733,
2025-10-17 16:00,331.743,
2025-10-17 17:00,331.746,
2025-10-17 18:00,331.751,
2025-10-17 19:00,331.763,
2025-10-17 20:00,331.768,
2025-10-17 21:00,331.765,
2025-10-17 22:00,331.764,
2025-10-17 23:00,331.763,
2025-10-18 00:00,331.762,
2025-10-18 01:00,331.761,
2025-10-18 02:00,331.76,
2025-10-18 03:00,331.758,
2025-10-18 04:00,331.757,
2025-10-18 05:00,331.755,
2025-10-18 06:00,331.748,
2025-10-18 07:00,331.746,
2025-10-18 08:00,331.74,
2025-10-18 09:00,331.735,
2025-10-18 10:00,331.729,
2025-10-18 11:00,331.727,
2025-10-18 12:00,331.739,
2025-10-18 13:00,331.734,
2025-10-18 14:00,331.729,
2025-10-18 15:00,331.731,
2025-10-18 16:00,331.731,
2025-10-18 17:00,331.733,
2025-10-18 18:00,331.734,
2025-10-18 19:00,331.74,
2025-10-18 20:00,331.746,
2025-10-18 21:00,331.762,
2025-10-18 22:00,331.762,
2025-10-18 23:00,331.762,
2025-10-19 00:00,331.762,
2025-10-19 01:00,331.762,
2025-10-19 02:00,331.762,
2025-10-19 03:00,331.763,
2025-10-19 04:00,331.763,
2025-10-19 05:00,331.764,
2025-10-19 06:00,331.755,
2025-10-19 07:00,331.749,
2025-10-19 08:00,331.745,
2025-10-19 09:00,331.74,
2025-10-19 10:00,331.731,
2025-10-19 11:00,331.727,
2025-10-19 12:00,331.732,
2025-10-19 13:00,331.757,
2025-10-19 14:00,331.833,
2025-10-19 15:00,331.882,
2025-10-19 16:00,331.832,
2025-10-19 17:00,331.821,
2025-10-19 18:00,331.851,
2025-10-19 19:00,331.829,
2025-10-19 20:00,331.824,
2025-10-19 21:00,331.821,
2025-10-19 22:00,331.818,
2025-10-19 23:00,331.815,
2025-10-20 00:00,331.812,
2025-10-20 01:00,331.809,
2025-10-20 02:00,331.807,
2025-10-20 03:00,331.804,
2025-10-20 04:00,331.802,
2025-10-20 05:00,331.799,
2025-10-20 06:00,331.791,
2025-10-20 07:00,331.782,
2025-10-20 08:00,331.773,
2025-10-20 09:00,331.767,
2025-10-20 10:00,331.764,
2025-10-20 11:00,331.759,
2025-10-20 12:00,331.765,
2025-10-20 13:00,331.763,
2025-10-20 14:00,331.76,
2025-10-20 15:00,331.758,
2025-10-20 16:00,331.755,
2025-10-20 17:00,331.754,
2025-10-20 18:00,331.755,
2025-10-20 19:00,331.754,
2025-10-20 20:00,331.755,
2025-10-20 21:00,331.755,
2025-10-20 22:00,331.756,
2025-10-20 23:00,331.757,
2025-10-21 00:00,331.758,
2025-10-21 01:00,331.759,
2025-10-21 02:00,331.759,
2025-10-21 03:00,331.76,
2025-10-21 04:00,331.76,
2025-10-21 05:00,331.761,
2025-10-21 06:00,331.756,
2025-10-21 07:00,331.754,
2025-10-21 08:00,331.742,
2025-10-21 09:00,331.739,
2025-10-21 10:00,331.735,
2025-10-21 11:00,331.735,
2025-10-21 12:00,331.736,
2025-10-21 13:00,331.734,
2025-10-21 14:00,331.732,
2025-10-21 15:00,331.735,
2025-10-21 16:00,331.738,
2025-10-21 17:00,331.739,
2025-10-21 18:00,331.74,
2025-10-21 19:00,331.752,
2025-10-21 20:00,331.776,
2025-10-21 21:00,331.782,
2025-10-21 22:00,331.783,
2025-10-21 23:00,331.785,
2025-10-22 00:00,331.786,
2025-10-22 01:00,331.788,
2025-10-22 02:00,331.789,
2025-10-22 03:00,331.791,
2025-10-22 04:00,331.792,
2025-10-22 05:00,331.794,
2025-10-22 06:00,331.787,
2025-10-22 07:00,331.783,
2025-10-22 08:00,331.774,
2025-10-22 09:00,331.77,
2025-10-22 10:00,331.768,
2025-10-22 11:00,331.765,
2025-10-22 12:00,331.761,
2025-10-22 13:00,331.756,
2025-10-22 14:00,331.757,
2025-10-22 15:00,331.759,
2025-10-22 16:00,331.76,
2025-10-22 17:00,331.762,
2025-10-22 18:00,331.767,
2025-10-22 19:00,331.77,
2025-10-22 20:00,331.771,
2025-10-22 21:00,331.771,
2025-10-22 22:00,331.771,
2025-10-22 23:00,331.771,
2025-10-23 00:00,331.771,
2025-10-23 01:00,331.77,
2025-10-23 02:00,331.77,
2025-10-23 03:00,331.769,
2025-10-23 04:00,331.769,
2025-10-23 05:00,331.768,
2025-10-23 06:00,331.761,
2025-10-23 07:00,331.76,
2025-10-23 08:00,331.753,
2025-10-23 09:00,331.751,
2025-10-23 10:00,331.746,
2025-10-23 11:00,331.741,
2025-10-23 12:00,331.741,
2025-10-23 13:00,331.741,
2025-10-23 14:00,331.751,
2025-10-23 15:00,331.757,
2025-10-23 16:00,331.763,
2025-10-23 17:00,331.76,
2025-10-23 18:00,331.756,
2025-10-23 19:00,331.752,
2025-10-23 20:00,331.753,
2025-10-23 21:00,331.75,
2025-10-23 22:00,331.751,
2025-10-23 23:00,331.752,
2025-10-24 00:00,331.753,
2025-10-24 01:00,331.754,
2025-10-24 02:00,331.755,
2025-10-24 03:00,331.755,
2025-10-24 04:00,331.756,
2025-10-24 05:00,331.756,
2025-10-24 06:00,331.752,
2025-10-24 07:00,331.753,
2025-10-24 08:00,331.742,
2025-10-24 09:00,331.737,
2025-10-24 10:00,331.734,
2025-10-24 11:00,331.737,
2025-10-24 12:00,331.734,
2025-10-24 13:00,331.735,
2025-10-24 14:00,331.742,
2025-10-24 15:00,331.762,
2025-10-24 16:00,331.84,
2025-10-24 17:00,331.838,
2025-10-24 18:00,331.882,
2025-10-24 19:00,331.884,
2025-10-24 20:00,331.876,
2025-10-24 21:00,331.868,
2025-10-24 22:00,331.86,
2025-10-24 23:00,331.852,
2025-10-25 00:00,331.844,
2025-10-25 01:00,331.836,
2025-10-25 02:00,331.828,
2025-10-25 03:00,331.821,
2025-10-25 04:00,331.813,
2025-10-25 05:00,331.806,
2025-10-25 06:00,331.798,
2025-10-25 07:00,331.792,
2025-10-25 08:00,331.784,
2025-10-25 09:00,331.779,
2025-10-25 10:00,331.774,
2025-10-25 11:00,331.77,
2025-10-25 12:00,331.766,
2025-10-25 13:00,331.764,
2025-10-25 14:00,331.765,
2025-10-25 15:00,331.772,
2025-10-25 16:00,331.872,
2025-10-25 17:00,331.858,
2025-10-25 18:00,331.835,
2025-10-25 19:00,331.816,
2025-10-25 20:00,331.805,
2025-10-25 21:00,331.802,
2025-10-25 22:00,331.8,
2025-10-25 23:00,331.798,
2025-10-26 00:00,331.796,
2025-10-26 01:00,331.794,
2025-10-26 02:00,331.792,
2025-10-26 03:00,331.79,
2025-10-26 04:00,331.788,
2025-10-26 05:00,331.785,
2025-10-26 06:00,331.777,
2025-10-26 07:00,331.774,
2025-10-26 08:00,331.765,
2025-10-26 09:00,331.759,
2025-10-26 10:00,331.756,
2025-10-26 11:00,331.756,
2025-10-26 12:00,331.752,
2025-10-26 13:00,331.753,
2025-10-26 14:00,331.748,
2025-10-26 15:00,331.748,
2025-10-26 16:00,331.75,
2025-10-26 17:00,331.752,
2025-10-26 18:00,331.753,
2025-10-26 19:00,331.754,
2025-10-26 20:00,331.754,
2025-10-26 21:00,331.756,
2025-10-26 22:00,331.757,
2025-10-26 23:00,331.758,
2025-10-27 00:00,331.759,
2025-10-27 01:00,331.76,
2025-10-27 02:00,331.762,
2025-10-27 03:00,331.763,
2025-10-27 04:00,331.765,
2025-10-27 05:00,331.766,
2025-10-27 06:00,331.761,
2025-10-27 07:00,331.756,
2025-10-27 08:00,331.748,
2025-10-27 09:00,331.744,
2025-10-27 10:00,331.742,
2025-10-27 11:00,331.741,
2025-10-27 12:00,331.742,
2025-10-27 13:00,331.741,
2025-10-27 14:00,331.743,
2025-10-27 15:00,331.742,
2025-10-27 16:00,331.74,
2025-10-27 17:00,331.744,
2025-10-27 18:00,331.748,
2025-10-27 19:00,331.748,
2025-10-27 20:00,331.75,
2025-10-27 21:00,331.751,
2025-10-27 22:00,331.752,
2025-10-27 23:00,331.753,
2025-10-28 00:00,331.754,
2025-10-28 01:00,331.755,
2025-10-28 02:00,331.757,
2025-10-28 03:00,331.758,
2025-10-28 04:00,331.76,
2025-10-28 05:00,331.761,
2025-10-28 06:00,331.756,
2025-10-28 07:00,331.751,
2025-10-28 08:00,331.744,
2025-10-28 09:00,331.744,
2025-10-28 10:00,331.738,
2025-10-28 11:00,331.738,
2025-10-28 12:00,331.739,
2025-10-28 13:00,331.738,
2025-10-28 14:00,331.738,
2025-10-28 15:00,331.737,
2025-10-28 16:00,331.736,
2025-10-28 17:00,331.738,
2025-10-28 18:00,331.741,
2025-10-28 19:00,331.743,
2025-10-28 20:00,331.744,
2025-10-28 21:00,331.745,
2025-10-28 22:00,331.746,
2025-10-28 23:00,331.747,
2025-10-29 00:00,331.748,
2025-10-29 01:00,331.749,
2025-10-29 02:00,331.75,
2025-10-29 03:00,331.751,
2025-10-29 04:00,331.753,
2025-10-29 05:00,331.754,
2025-10-29 06:00,331.751,
2025-10-29 07:00,331.746,
2025-10-29 08:00,331.744,
2025-10-29 09:00,331.741,
2025-10-29 10:00,331.739,
2025-10-29 11:00,331.737,
2025-10-29 12:00,331.734,
2025-10-29 13:00,331.735,
2025-10-29 14:00,331.734,
2025-10-29 15:00,331.734,
2025-10-29 16:00,331.733,
2025-10-29 17:00,331.736,
2025-10-29 18:00,331.737,
2025-10-29 19:00,331.738,
2025-10-29 20:00,331.739,
2025-10-29 21:00,331.74,
2025-10-29 22:00,331.741,
2025-10-29 23:00,331.742,
2025-10-30 00:00,331.743,
2025-10-30 01:00,331.744,
2025-10-30 02:00,331.745,
2025-10-30 03:00,331.746,
2025-10-30 04:00,331.747,
2025-10-30 05:00,331.748,
2025-10-30 06:00,331.746,
2025-10-30 07:00,331.744,
2025-10-30 08:00,331.735,
2025-10-30 09:00,331.726,
2025-10-30 10:00,331.727,
2025-10-30 11:00,331.723,
2025-10-30 12:00,331.726,
2025-10-30 13:00,331.724,
2025-10-30 14:00,331.724,
2025-10-30 15:00,331.729,
2025-10-30 16:00,331.742,
2025-10-30 17:00,331.755,
2025-10-30 18:00,331.762,
2025-10-30 19:00,331.768,
2025-10-30 20:00,331.764,
2025-10-30 21:00,331.763,
2025-10-30 22:00,331.762,
2025-10-30 23:00,331.761,
2025-10-31 00:00,331.76,
2025-10-31 01:00,331.758,
2025-10-31 02:00,331.757,
2025-10-31 03:00,331.755,
2025-10-31 04:00,331.754,
2025-10-31 05:00,331.752,
2025-10-31 06:00,331.746,
2025-10-31 07:00,331.749,
2025-10-31 08:00,331.74,
2025-10-31 09:00,331.735,
2025-10-31 10:00,331.73,
2025-10-31 11:00,331.729,
2025-10-31 12:00,331.731,
2025-10-31 13:00,331.729,
2025-10-31 14:00,331.73,
2025-10-31 15:00,331.729,
2025-10-31 16:00,331.728,
2025-10-31 17:00,331.731,
2025-10-31 18:00,331.731,
2025-10-31 19:00,331.733,
2025-10-31 20:00,331.733,
2025-10-31 21:00,331.734,
2025-10-31 22:00,331.735,
2025-10-31 23:00,331.736,
2025-11-01 00:00,331.737,
2025-11-01 01:00,331.738,
2025-11-01 02:00,331.74,
2025-11-01 03:00,331.741,
2025-11-01 04:00,331.743,
2025-11-01 05:00,331.744,
2025-11-01 06:00,331.742,
2025-11-01 07:00,331.741,
2025-11-01 08:00,331.735,
2025-11-01 09:00,331.733,
2025-11-01 10:00,331.73,
2025-11-01 11:00,331.727,
2025-11-01 12:00,331.726,
2025-11-01 13:00,331.724,
2025-11-01 14:00,331.721,
2025-11-01 15:00,331.717,
2025-11-01 16:00,331.719,
2025-11-01 17:00,331.725,
2025-11-01 18:00,331.727,
2025-11-01 19:00,331.729,
2025-11-01 20:00,331.73,
2025-11-01 21:00,331.731,
2025-11-01 22:00,331.733,
2025-11-01 23:00,331.735,
2025-11-02 00:00,331.737,
2025-11-02 01:00,331.739,
2025-11-02 02:00,331.74,
2025-11-02 03:00,331.742,
2025-11-02 04:00,331.743,
2025-11-02 05:00,331.745,
2025-11-02 06:00,331.739,
2025-11-02 07:00,331.736,
2025-11-02 08:00,331.731,
2025-11-02 09:00,331.726,
2025-11-02 10:00,331.723,
2025-11-02 11:00,331.722,
2025-11-02 12:00,331.722,
2025-11-02 13:00,331.721,
2025-11-02 14:00,331.717,
2025-11-02 15:00,331.715,
2025-11-02 16:00,331.717,
2025-11-02 17:00,331.722,
2025-11-02 18:00,331.723,
2025-11-02 19:00,331.727,
2025-11-02 20:00,331.728,
2025-11-02 21:00,331.729,
2025-11-02 22:00,331.731,
2025-11-02 23:00,331.733,
2025-11-03 00:00,331.735,
2025-11-03 01:00,331.737,
2025-11-03 02:00,331.739,
2025-11-03 03:00,331.741,
2025-11-03 04:00,331.743,
2025-11-03 05:00,331.744,
2025-11-03 06:00,331.741,
2025-11-03 07:00,331.739,
2025-11-03 08:00,331.733,
2025-11-03 09:00,331.727,
2025-11-03 10:00,331.722,
2025-11-03 11:00,331.719,
2025-11-03 12:00,331.719,
2025-11-03 13:00,331.718,
2025-11-03 14:00,331.716,
2025-11-03 15:00,331.706,
2025-11-03 16:00,331.702,
2025-11-03 17:00,331.706,
2025-11-03 18:00,331.716,
2025-11-03 19:00,331.725,
2025-11-03 20:00,331.728,
2025-11-03 21:00,331.73,
2025-11-03 22:00,331.732,
2025-11-03 23:00,331.734,
2025-11-04 00:00,331.736,
2025-11-04 01:00,331.737,
2025-11-04 02:00,331.739,
2025-11-04 03:00,331.74,
2025-11-04 04:00,331.742,
2025-11-04 05:00,331.743,
2025-11-04 06:00,331.74,
2025-11-04 07:00,331.737,
2025-11-04 08:00,331.731,
2025-11-04 09:00,331.723,
2025-11-04 10:00,331.721,
2025-11-04 11:00,331.72,
2025-11-04 12:00,331.722,
2025-11-04 13:00,331.72,
2025-11-04 14:00,331.72,
2025-11-04 15:00,331.718,
2025-11-04 16:00,331.717,
2025-11-04 17:00,331.722,
2025-11-04 18:00,331.724,
2025-11-04 19:00,331.726,
2025-11-04 20:00,331.727,
2025-11-04 21:00,331.728,
2025-11-04 22:00,331.728,
2025-11-04 23:00,331.729,
2025-11-05 00:00,331.73,
2025-11-05 01:00,331.73,
2025-11-05 02:00,331.731,
2025-11-05 03:00,331.731,
2025-11-05 04:00,331.731,
2025-11-05 05:00,331.731,
2025-11-05 06:00,331.731,
2025-11-05 07:00,331.731,
2025-11-05 08:00,331.724,
2025-11-05 09:00,331.721,
2025-11-05 10:00,331.724,
2025-11-05 11:00,331.721,
2025-11-05 12:00,331.718,
2025-11-05 13:00,331.719,
2025-11-05 14:00,331.718,
2025-11-05 15:00,331.718,
2025-11-05 16:00,331.722,
2025-11-05 17:00,331.723,
2025-11-05 18:00,331.725,
2025-11-05 19:00,331.726,
2025-11-05 20:00,331.726,
2025-11-05 21:00,331.727,
2025-11-05 22:00,331.728,
2025-11-05 23:00,331.728,
2025-11-06 00:00,331.729,
2025-11-06 01:00,331.729,
2025-11-06 02:00,331.729,
2025-11-06 03:00,331.729,
2025-11-06 04:00,331.729,
2025-11-06 05:00,331.729,
2025-11-06 06:00,331.728,
2025-11-06 07:00,331.729,
2025-11-06 08:00,331.727,
2025-11-06 09:00,331.72,
2025-11-06 10:00,331.716,
2025-11-06 11:00,331.719,
2025-11-06 12:00,331.72,
2025-11-06 13:00,331.72,
2025-11-06 14:00,331.719,
2025-11-06 15:00,331.719,
2025-11-06 16:00,331.729,
2025-11-06 17:00,331.741,
2025-11-06 18:00,331.755,
2025-11-06 19:00,331.768,
2025-11-06 20:00,331.765,
2025-11-06 21:00,331.761,
2025-11-06 22:00,331.754,
2025-11-06 23:00,331.747,
2025-11-07 00:00,331.742,
2025-11-07 01:00,331.739,
2025-11-07 02:00,331.737,
2025-11-07 03:00,331.735,
2025-11-07 04:00,331.734,
2025-11-07 05:00,331.734,
2025-11-07 06:00,331.733,
2025-11-07 07:00,331.732,
2025-11-07 08:00,331.731,
2025-11-07 09:00,331.73,
2025-11-07 10:00,331.728,
2025-11-07 11:00,331.726,
2025-11-07 12:00,331.723,
2025-11-07 13:00,331.721,
2025-11-07 14:00,331.724,
2025-11-07 15:00,331.723,
2025-11-07 16:00,331.725,
2025-11-07 17:00,331.729,
2025-11-07 18:00,331.73,
2025-11-07 19:00,331.735,
2025-11-07 20:00,331.739,
2025-11-07 21:00,331.742,
2025-11-07 22:00,331.741,
2025-11-07 23:00,331.739,
2025-11-08 00:00,331.735,
2025-11-08 01:00,331.734,
2025-11-08 02:00,331.733,
2025-11-08 03:00,331.732,
2025-11-08 04:00,331.732,
2025-11-08 05:00,331.732,
2025-11-08 06:00,331.732,
2025-11-08 07:00,331.731,
2025-11-08 08:00,331.729,
2025-11-08 09:00,331.723,
2025-11-08 10:00,331.72,
2025-11-08 11:00,331.721,
2025-11-08 12:00,331.722,
2025-11-08 13:00,331.719,
2025-11-08 14:00,331.718,
2025-11-08 15:00,331.716,
2025-11-08 16:00,331.815,
2025-11-08 17:00,331.971,
2025-11-08 18:00,331.942,
2025-11-08 19:00,331.88,
2025-11-08 20:00,331.841,
2025-11-08 21:00,331.818,
2025-11-08 22:00,331.804,
2025-11-08 23:00,331.793,
2025-11-09 00:00,331.783,
2025-11-09 01:00,331.776,
2025-11-09 02:00,331.769,
2025-11-09 03:00,331.765,
2025-11-09 04:00,331.761,
2025-11-09 05:00,331.758,
2025-11-09 06:00,331.757,
2025-11-09 07:00,331.755,
2025-11-09 08:00,331.75,
2025-11-09 09:00,331.744,
2025-11-09 10:00,331.741,
2025-11-09 11:00,331.736,
2025-11-09 12:00,331.735,
2025-11-09 13:00,331.733,
2025-11-09 14:00,331.732,
2025-11-09 15:00,331.729,
2025-11-09 16:00,331.731,
2025-11-09 17:00,331.736,
2025-11-09 18:00,331.737,
2025-11-09 19:00,331.738,
2025-11-09 20:00,331.739,
2025-11-09 21:00,331.74,
2025-11-09 22:00,331.741,
2025-11-09 23:00,331.742,
2025-11-10 00:00,331.744,
2025-11-10 01:00,331.746,
2025-11-10 02:00,331.745,
2025-11-10 03:00,331.745,
2025-11-10 04:00,331.746,
2025-11-10 05:00,331.745,
2025-11-10 06:00,331.745,
2025-11-10 07:00,331.744,
2025-11-10 08:00,331.74,
2025-11-10 09:00,331.732,
2025-11-10 10:00,331.73,
2025-11-10 11:00,331.729,
2025-11-10 12:00,331.726,
2025-11-10 13:00,331.726,
2025-11-10 14:00,331.726,
2025-11-10 15:00,331.725,
2025-11-10 16:00,331.726,
2025-11-10 17:00,331.728,
2025-11-10 18:00,331.73,
2025-11-10 19:00,331.731,
2025-11-10 20:00,331.731,
2025-11-10 21:00,331.731,
2025-11-10 22:00,331.732,
2025-11-10 23:00,331.732,
2025-11-11 00:00,331.732,
2025-11-11 01:00,331.733,
2025-11-11 02:00,331.733,
2025-11-11 03:00,331.733,
2025-11-11 04:00,331.734,
2025-11-11 05:00,331.734,
2025-11-11 06:00,331.734,
2025-11-11 07:00,331.733,
2025-11-11 08:00,331.729,
2025-11-11 09:00,331.723,
2025-11-11 10:00,331.721,
2025-11-11 11:00,331.72,
2025-11-11 12:00,331.721,
2025-11-11 13:00,331.721,
2025-11-11 14:00,331.721,
2025-11-11 15:00,331.72,
2025-11-11 16:00,331.72,
2025-11-11 17:00,331.751,
2025-11-11 18:00,331.821,
2025-11-11 19:00,331.931,
2025-11-11 20:00,331.878,
2025-11-11 21:00,331.832,
2025-11-11 22:00,331.805,
2025-11-11 23:00,331.787,
2025-11-12 00:00,331.776,
2025-11-12 01:00,331.768,
2025-11-12 02:00,331.762,
2025-11-12 03:00,331.759,
2025-11-12 04:00,331.759,
2025-11-12 05:00,331.756,
2025-11-12 06:00,331.754,
2025-11-12 07:00,331.752,
2025-11-12 08:00,331.749,
2025-11-12 09:00,331.743,
2025-11-12 10:00,331.738,
2025-11-12 11:00,331.736,
2025-11-12 12:00,331.734,
2025-11-12 13:00,331.731,
2025-11-12 14:00,331.736,
2025-11-12 15:00,331.736,
2025-11-12 16:00,331.745,
2025-11-12 17:00,331.752,
2025-11-12 18:00,331.755,
2025-11-12 19:00,331.754,
2025-11-12 20:00,331.75,
2025-11-12 21:00,331.748,
2025-11-12 22:00,331.747,
2025-11-12 23:00,331.746,
2025-11-13 00:00,331.745,
2025-11-13 01:00,331.745,
2025-11-13 02:00,331.744,
2025-11-13 03:00,331.744,
2025-11-13 04:00,331.744,
2025-11-13 05:00,331.744,
2025-11-13 06:00,331.743,
2025-11-13 07:00,331.742,
2025-11-13 08:00,331.74,
2025-11-13 09:00,331.738,
2025-11-13 10:00,331.73,
2025-11-13 11:00,331.727,
2025-11-13 12:00,331.724,
2025-11-13 13:00,331.722,
2025-11-13 14:00,331.728,
2025-11-13 15:00,331.727,
2025-11-13 16:00,331.729,
2025-11-13 17:00,331.733,
2025-11-13 18:00,331.735,
2025-11-13 19:00,331.741,
2025-11-13 20:00,331.747,
2025-11-13 21:00,331.749,
2025-11-13 22:00,331.747,
2025-11-13 23:00,331.745,
2025-11-14 00:00,331.744,
2025-11-14 01:00,331.743,
2025-11-14 02:00,331.742,
2025-11-14 03:00,331.741,
2025-11-14 04:00,331.741,
2025-11-14 05:00,331.741,
2025-11-14 06:00,331.74,
2025-11-14 07:00,331.74,
2025-11-14 08:00,331.738,
2025-11-14 09:00,331.737,
2025-11-14 10:00,331.735,
2025-11-14 11:00,331.734,
2025-11-14 12:00,331.732,
2025-11-14 13:00,331.732,
2025-11-14 14:00,331.732,
2025-11-14 15:00,331.732,
2025-11-14 16:00,331.731,
2025-11-14 17:00,331.735,
2025-11-14 18:00,331.737,
2025-11-14 19:00,331.738,
2025-11-14 20:00,331.742,
2025-11-14 21:00,331.746,
2025-11-14 22:00,331.75,
2025-11-14 23:00,331.752,
2025-11-15 00:00,331.753,
2025-11-15 01:00,331.75,
2025-11-15 02:00,331.749,
2025-11-15 03:00,331.747,
2025-11-15 04:00,331.744,
2025-11-15 05:00,331.743,
2025-11-15 06:00,331.742,
2025-11-15 07:00,331.741,
2025-11-15 08:00,331.733,
2025-11-15 09:00,331.731,
2025-11-15 10:00,331.729,
2025-11-15 11:00,331.728,
2025-11-15 12:00,331.723,
2025-11-15 13:00,331.727,
2025-11-15 14:00,331.727,
2025-11-15 15:00,331.735,
2025-11-15 16:00,331.735,
2025-11-15 17:00,331.735,
2025-11-15 18:00,331.735,
2025-11-15 19:00,331.735,
2025-11-15 20:00,331.736,
2025-11-15 21:00,331.737,
2025-11-15 22:00,331.737,
2025-11-15 23:00,331.738,
2025-11-16 00:00,331.737,
2025-11-16 01:00,331.736,
2025-11-16 02:00,331.737,
2025-11-16 03:00,331.737,
2025-11-16 04:00,331.737,
2025-11-16 05:00,331.737,
2025-11-16 06:00,331.737,
2025-11-16 07:00,331.736,
2025-11-16 08:00,331.734,
2025-11-16 09:00,331.734,
2025-11-16 10:00,331.732,
2025-11-16 11:00,331.729,
2025-11-16 12:00,331.728,
2025-11-16 13:00,331.731,
2025-11-16 14:00,331.729,
2025-11-16 15:00,331.727,
2025-11-16 16:00,331.727,
2025-11-16 17:00,331.729,
2025-11-16 18:00,331.732,
2025-11-16 19:00,331.734,
2025-11-16 20:00,331.733,
2025-11-16 21:00,331.734,
2025-11-16 22:00,331.734,
2025-11-16 23:00,331.734,
2025-11-17 00:00,331.735,
2025-11-17 01:00,331.735,
2025-11-17 02:00,331.735,
2025-11-17 03:00,331.735,
2025-11-17 04:00,331.735,
2025-11-17 05:00,331.734,
2025-11-17 06:00,331.734,
2025-11-17 07:00,331.734,
2025-11-17 08:00,331.731,
2025-11-17 09:00,331.726,
2025-11-17 10:00,331.725,
2025-11-17 11:00,331.726,
2025-11-17 12:00,331.725,
2025-11-17 13:00,331.726,
2025-11-17 14:00,331.724,
2025-11-17 15:00,331.73,
2025-11-17 16:00,331.73,
2025-11-17 17:00,331.731,
2025-11-17 18:00,331.73,
2025-11-17 19:00,331.73,
2025-11-17 20:00,331.73,
2025-11-17 21:00,331.731,
2025-11-17 22:00,331.731,
2025-11-17 23:00,331.731,
2025-11-18 00:00,331.731,
2025-11-18 01:00,331.731,
2025-11-18 02:00,331.731,
2025-11-18 03:00,331.732,
2025-11-18 04:00,331.732,
2025-11-18 05:00,331.732,
2025-11-18 06:00,331.732,
2025-11-18 07:00,331.731,
2025-11-18 08:00,331.728,
2025-11-18 09:00,331.723,
2025-11-18 10:00,331.724,
2025-11-18 11:00,331.71,
2025-11-18 12:00,331.705,
2025-11-18 13:00,331.708,
2025-11-18 14:00,331.741,
2025-11-18 15:00,331.764,
2025-11-18 16:00,331.742,
2025-11-18 17:00,331.735,
2025-11-18 18:00,331.894,
2025-11-18 19:00,332.064,
2025-11-18 20:00,332.134,
2025-11-18 21:00,332.011,
2025-11-18 22:00,331.934,
2025-11-18 23:00,331.887,
2025-11-19 00:00,331.86,
2025-11-19 01:00,331.838,
2025-11-19 02:00,331.823,
2025-11-19 03:00,331.813,
2025-11-19 04:00,331.805,
2025-11-19 05:00,331.797,
2025-11-19 06:00,331.79,
2025-11-19 07:00,331.785,
2025-11-19 08:00,331.78,
2025-11-19 09:00,331.775,
2025-11-19 10:00,331.77,
2025-11-19 11:00,331.762,
2025-11-19 12:00,331.748,
2025-11-19 13:00,331.734,
2025-11-19 14:00,331.72,
2025-11-19 15:00,331.707,
2025-11-19 16:00,331.705,
2025-11-19 17:00,331.705,
2025-11-19 18:00,331.71,
2025-11-19 19:00,331.761,
2025-11-19 20:00,331.812,
2025-11-19 21:00,331.863,
2025-11-19 22:00,331.888,
2025-11-19 23:00,331.907,
2025-11-20 00:00,331.916,
2025-11-20 01:00,331.877,
2025-11-20 02:00,331.842,
2025-11-20 03:00,331.814,
2025-11-20 04:00,331.804,
2025-11-20 05:00,331.794,
2025-11-20 06:00,331.784,
2025-11-20 07:00,331.774,
2025-11-20 08:00,331.764,
2025-11-20 09:00,331.755,
2025-11-20 10:00,331.753,
2025-11-20 11:00,331.753,
2025-11-20 12:00,331.753,
2025-11-20 13:00,331.753,
2025-11-20 14:00,331.753,
2025-11-20 15:00,331.754,
2025-11-20 16:00,331.754,
2025-11-20 17:00,331.755,
2025-11-20 18:00,331.755,
2025-11-20 19:00,331.756,
2025-11-20 20:00,331.756,
2025-11-20 21:00,331.757,
2025-11-20 22:00,331.757,
2025-11-20 23:00,331.758,
2025-11-21 00:00,331.758,
2025-11-21 01:00,331.759,
2025-11-21 02:00,331.759,
2025-11-21 03:00,331.76,
2025-11-21 04:00,331.761,
2025-11-21 05:00,331.762,
2025-11-21 06:00,331.763,
2025-11-21 07:00,331.762,
2025-11-21 08:00,331.761,
2025-11-21 09:00,331.76,
2025-11-21 10:00,331.759,
2025-11-21 11:00,331.758,
2025-11-21 12:00,331.757,
2025-11-21 13:00,331.755,
2025-11-21 14:00,331.754,
2025-11-21 15:00,331.752,
2025-11-21 16:00,331.75,
2025-11-21 17:00,331.748,
2025-11-21 18:00,331.746,
2025-11-21 19:00,331.744,
2025-11-21 20:00,331.742,
2025-11-21 21:00,331.782,
2025-11-21 22:00,331.883,
2025-11-21 23:00,331.984,
2025-11-22 00:00,332.086,
2025-11-22 01:00,332.117,
2025-11-22 02:00,332.113,
2025-11-22 03:00,332.109,
2025-11-22 04:00,332.105,
2025-11-22 05:00,332.101,
2025-11-22 06:00,332.097,
2025-11-22 07:00,332.093,
2025-11-22 08:00,332.089,
2025-11-22 09:00,332.085,
2025-11-22 10:00,332.081,
2025-11-22 11:00,332.077,
2025-11-22 12:00,332.073,
2025-11-22 13:00,332.068,
2025-11-22 14:00,332.064,
2025-11-22 15:00,332.059,
2025-11-22 16:00,332.055,
2025-11-22 17:00,332.05,
2025-11-22 18:00,332.046,
2025-11-22 19:00,332.041,
2025-11-22 20:00,332.037,
2025-11-22 21:00,332.032,
2025-11-22 22:00,332.028,
2025-11-22 23:00,332.023,
2025-11-23 00:00,332.019,
2025-11-23 01:00,332.017,
2025-11-23 02:00,332.017,
2025-11-23 03:00,332.017,
2025-11-23 04:00,332.017,
2025-11-23 05:00,332.017,
2025-11-23 06:00,332.017,
2025-11-23 07:00,332.017,
2025-11-23 08:00,332.017,
2025-11-23 09:00,332.017,
2025-11-23 10:00,332.017,
2025-11-23 11:00,332.017,
2025-11-23 12:00,332.017,
2025-11-23 13:00,332.017,
2025-11-23 14:00,332.017,
2025-11-23 15:00,332.017,
2025-11-23 16:00,332.017,
2025-11-23 17:00,332.017,
2025-11-23 18:00,332.017,
2025-11-23 19:00,332.017,
2025-11-23 20:00,332.017,
2025-11-23 21:00,332.017,
2025-11-23 22:00,332.017,
2025-11-23 23:00,332.017,
2025-11-24 00:00,332.017,
2025-11-24 01:00,332.016,
2025-11-24 02:00,332.016,
2025-11-24 03:00,332.015,
2025-11-24 04:00,332.015,
2025-11-24 05:00,332.017,
2025-11-24 06:00,332.034,
2025-11-24 07:00,332.051,
2025-11-24 08:00,332.069,
2025-11-24 09:00,332.086,
2025-11-24 10:00,332.086,
2025-11-24 11:00,332.08,
2025-11-24 12:00,332.074,
2025-11-24 13:00,332.068,
2025-11-24 14:00,332.062,
2025-11-24 15:00,332.056,
2025-11-24 16:00,332.05,
2025-11-24 17:00,332.044,
2025-11-24 18:00,332.038,
2025-11-24 19:00,332.032,
2025-11-24 20:00,332.047,
2025-11-24 21:00,332.133,
2025-11-24 22:00,332.16,
2025-11-24 23:00,332.092,
2025-11-25 00:00,332.073,
2025-11-25 01:00,332.174,
2025-11-25 02:00,332.422,
2025-11-25 03:00,332.437,
2025-11-25 04:00,332.434,
2025-11-25 05:00,332.261,
2025-11-25 06:00,332.173,
2025-11-25 07:00,332.12,
2025-11-25 08:00,332.087,
2025-11-25 09:00,332.065,
2025-11-25 10:00,332.047,
2025-11-25 11:00,332.031,
2025-11-25 12:00,332.045,
2025-11-25 13:00,332.064,
2025-11-25 14:00,332.034,
2025-11-25 15:00,332.014,
2025-11-25 16:00,332.004,
2025-11-25 17:00,331.997,
2025-11-25 18:00,331.994,
2025-11-25 19:00,331.993,
2025-11-25 20:00,331.986,
2025-11-25 21:00,331.978,
2025-11-25 22:00,331.994,
2025-11-25 23:00,332.112,
2025-11-26 00:00,332.184,
2025-11-26 01:00,332.175,
2025-11-26 02:00,332.175,
2025-11-26 03:00,332.201,
2025-11-26 04:00,332.178,
2025-11-26 05:00,332.207,
2025-11-26 06:00,332.205,
2025-11-26 07:00,332.188,
2025-11-26 08:00,332.195,
2025-11-26 09:00,332.141,
2025-11-26 10:00,332.112,
2025-11-26 11:00,332.105,
2025-11-26 12:00,332.104,
2025-11-26 13:00,332.085,
2025-11-26 14:00,332.063,
2025-11-26 15:00,332.05,
2025-11-26 16:00,332.035,
2025-11-26 17:00,332.025,
2025-11-26 18:00,332.016,
2025-11-26 19:00,332.01,
2025-11-26 20:00,332.002,
2025-11-26 21:00,332.002,
2025-11-26 22:00,332.061,
2025-11-26 23:00,332.193,
2025-11-27 00:00,332.138,
2025-11-27 01:00,332.083,
2025-11-27 02:00,332.07,
2025-11-27 03:00,332.061,
2025-11-27 04:00,332.059,
2025-11-27 05:00,332.063,
2025-11-27 06:00,332.066,
2025-11-27 07:00,332.053,
2025-11-27 08:00,332.035,
2025-11-27 09:00,332.022,
2025-11-27 10:00,332.01,
2025-11-27 11:00,331.999,
2025-11-27 12:00,331.996,
2025-11-27 13:00,331.994,
2025-11-27 14:00,331.991,
2025-11-27 15:00,331.989,
2025-11-27 16:00,331.986,
2025-11-27 17:00,331.982,
2025-11-27 18:00,331.976,
2025-11-27 19:00,331.971,
2025-11-27 20:00,331.967,
2025-11-27 21:00,331.963,
2025-11-27 22:00,331.961,
2025-11-27 23:00,331.957,
2025-11-28 00:00,331.965,
2025-11-28 01:00,331.974,
2025-11-28 02:00,331.964,
2025-11-28 03:00,331.955,
2025-11-28 04:00,331.95,
2025-11-28 05:00,331.946,
2025-11-28 06:00,331.943,
2025-11-28 07:00,331.94,
2025-11-28 08:00,331.937,
2025-11-28 09:00,331.936,
2025-11-28 10:00,331.936,
2025-11-28 11:00,331.946,
2025-11-28 12:00,331.958,
2025-11-28 13:00,331.953,
2025-11-28 14:00,331.951,
2025-11-28 15:00,331.949,
2025-11-28 16:00,331.943,
2025-11-28 17:00,331.946,
2025-11-28 18:00,331.967,
2025-11-28 19:00,331.983,
2025-11-28 20:00,331.978,
2025-11-28 21:00,331.969,
2025-11-28 22:00,331.965,
2025-11-28 23:00,331.983,
2025-11-29 00:00,332.008,
2025-11-29 01:00,332.031,
2025-11-29 02:00,332.03,
2025-11-29 03:00,332.028,
2025-11-29 04:00,332.024,
2025-11-29 05:00,332.002,
2025-11-29 06:00,331.986,
2025-11-29 07:00,331.975,
2025-11-29 08:00,331.964,
2025-11-29 09:00,331.957,
2025-11-29 10:00,331.949,
2025-11-29 11:00,331.943,
2025-11-29 12:00,331.94,
2025-11-29 13:00,331.935,
2025-11-29 14:00,331.931,
2025-11-29 15:00,331.928,
2025-11-29 16:00,331.926,
2025-11-29 17:00,331.926,
2025-11-29 18:00,331.926,
2025-11-29 19:00,331.924,
2025-11-29 20:00,331.923,
2025-11-29 21:00,331.921,
2025-11-29 22:00,331.919,
2025-11-29 23:00,331.917,
2025-11-30 00:00,331.915,
2025-11-30 01:00,331.913,
2025-11-30 02:00,331.911,
2025-11-30 03:00,331.91,
2025-11-30 04:00,331.909,
2025-11-30 05:00,331.907,
2025-11-30 06:00,331.906,
2025-11-30 07:00,331.904,
2025-11-30 08:00,331.898,
2025-11-30 09:00,331.892,
2025-11-30 10:00,331.888,
2025-11-30 11:00,331.886,
2025-11-30 12:00,331.884,
2025-11-30 13:00,331.882,
2025-11-30 14:00,331.88,
2025-11-30 15:00,331.875,
2025-11-30 16:00,331.879,
2025-11-30 17:00,331.883,
2025-11-30 18:00,331.884,
2025-11-30 19:00,331.884,
2025-11-30 20:00,331.884,
2025-11-30 21:00,331.884,
2025-11-30 22:00,331.883,
2025-11-30 23:00,331.881,
2025-12-01 00:00,331.88,
2025-12-01 01:00,331.88,
2025-12-01 02:00,331.879,
2025-12-01 03:00,331.879,
2025-12-01 04:00,331.88,
2025-12-01 05:00,331.879,
2025-12-01 06:00,331.879,
2025-12-01 07:00,331.877,
2025-12-01 08:00,331.874,
2025-12-01 09:00,331.887,
2025-12-01 10:00,331.891,
2025-12-01 11:00,331.888,
2025-12-01 12:00,331.887,
2025-12-01 13:00,331.885,
2025-12-01 14:00,331.882,
2025-12-01 15:00,331.878,
2025-12-01 16:00,331.882,
2025-12-01 17:00,331.887,
2025-12-01 18:00,331.863,
2025-12-01 19:00,331.862,
2025-12-01 20:00,331.865,
2025-12-01 21:00,331.862,
2025-12-01 22:00,331.862,
2025-12-01 23:00,331.862,
2025-12-02 00:00,331.862,
2025-12-02 01:00,331.861,
2025-12-02 02:00,331.861,
2025-12-02 03:00,331.86,
2025-12-02 04:00,331.859,
2025-12-02 05:00,331.858,
2025-12-02 06:00,331.857,
2025-12-02 07:00,331.857,
2025-12-02 08:00,331.849,
2025-12-02 09:00,331.846,
2025-12-02 10:00,331.843,
2025-12-02 11:00,331.838,
2025-12-02 12:00,331.837,
2025-12-02 13:00,331.836,
2025-12-02 14:00,331.832,
2025-12-02 15:00,331.829,
2025-12-02 16:00,331.833,
2025-12-02 17:00,331.837,
2025-12-02 18:00,331.838,
2025-12-02 19:00,331.841,
2025-12-02 20:00,331.841,
2025-12-02 21:00,331.842,
2025-12-02 22:00,331.841,
2025-12-02 23:00,331.841,
2025-12-03 00:00,331.84,
2025-12-03 01:00,331.841,
2025-12-03 02:00,331.84,
2025-12-03 03:00,331.84,
2025-12-03 04:00,331.84,
2025-12-03 05:00,331.839,
2025-12-03 06:00,331.838,
2025-12-03 07:00,331.838,
2025-12-03 08:00,331.834,
2025-12-03 09:00,331.827,
2025-12-03 10:00,331.825,
2025-12-03 11:00,331.824,
2025-12-03 12:00,331.824,
2025-12-03 13:00,331.823,
2025-12-03 14:00,331.82,
2025-12-03 15:00,331.815,
2025-12-03 16:00,331.821,
2025-12-03 17:00,331.825,
2025-12-03 18:00,331.825,
2025-12-03 19:00,331.826,
2025-12-03 20:00,331.826,
2025-12-03 21:00,331.827,
2025-12-03 22:00,331.827,
2025-12-03 23:00,331.827,
2025-12-04 00:00,331.828,
2025-12-04 01:00,331.827,
2025-12-04 02:00,331.827,
2025-12-04 03:00,331.827,
2025-12-04 04:00,331.827,
2025-12-04 05:00,331.827,
2025-12-04 06:00,331.827,
2025-12-04 07:00,331.826,
2025-12-04 08:00,331.818,
2025-12-04 09:00,331.814,
2025-12-04 10:00,331.812,
2025-12-04 11:00,331.808,
2025-12-04 12:00,331.808,
2025-12-04 13:00,331.809,
2025-12-04 14:00,331.809,
2025-12-04 15:00,331.81,
2025-12-04 16:00,331.81,
2025-12-04 17:00,331.813,
2025-12-04 18:00,331.814,
2025-12-04 19:00,331.814,
2025-12-04 20:00,331.819,
2025-12-04 21:00,331.818,
2025-12-04 22:00,331.818,
2025-12-04 23:00,331.818,
2025-12-05 00:00,331.818,
2025-12-05 01:00,331.818,
2025-12-05 02:00,331.818,
2025-12-05 03:00,331.818,
2025-12-05 04:00,331.817,
2025-12-05 05:00,331.817,
2025-12-05 06:00,331.817,
2025-12-05 07:00,331.816,
2025-12-05 08:00,331.809,
2025-12-05 09:00,331.807,
2025-12-05 10:00,331.804,
2025-12-05 11:00,331.802,
2025-12-05 12:00,331.802,
2025-12-05 13:00,331.801,
2025-12-05 14:00,331.8,
2025-12-05 15:00,331.803,
2025-12-05 16:00,331.803,
2025-12-05 17:00,331.807,
2025-12-05 18:00,331.81,
2025-12-05 19:00,331.812,
2025-12-05 20:00,331.81,
2025-12-05 21:00,331.809,
2025-12-05 22:00,331.809,
2025-12-05 23:00,331.809,
2025-12-06 00:00,331.808,
2025-12-06 01:00,331.809,
2025-12-06 02:00,331.809,
2025-12-06 03:00,331.808,
2025-12-06 04:00,331.81,
2025-12-06 05:00,331.815,
2025-12-06 06:00,331.824,
2025-12-06 07:00,331.823,
2025-12-06 08:00,331.815,
2025-12-06 09:00,331.807,
2025-12-06 10:00,331.803,
2025-12-06 11:00,331.801,
2025-12-06 12:00,331.801,
2025-12-06 13:00,331.8,
2025-12-06 14:00,331.803,
2025-12-06 15:00,331.808,
2025-12-06 16:00,331.822,
2025-12-06 17:00,331.85,
2025-12-06 18:00,331.833,
2025-12-06 19:00,331.818,
2025-12-06 20:00,331.814,
2025-12-06 21:00,331.809,
2025-12-06 22:00,331.806,
2025-12-06 23:00,331.805,
2025-12-07 00:00,331.804,
2025-12-07 01:00,331.803,
2025-12-07 02:00,331.803,
2025-12-07 03:00,331.803,
2025-12-07 04:00,331.802,
2025-12-07 05:00,331.802,
2025-12-07 06:00,331.802,
2025-12-07 07:00,331.801,
2025-12-07 08:00,331.794,
2025-12-07 09:00,331.792,
2025-12-07 10:00,331.789,
2025-12-07 11:00,331.785,
2025-12-07 12:00,331.787,
2025-12-07 13:00,331.787,
2025-12-07 14:00,331.783,
2025-12-07 15:00,331.783,
2025-12-07 16:00,331.788,
2025-12-07 17:00,331.789,
2025-12-07 18:00,331.79,
2025-12-07 19:00,331.791,
2025-12-07 20:00,331.792,
2025-12-07 21:00,331.793,
2025-12-07 22:00,331.793,
2025-12-07 23:00,331.793,
2025-12-08 00:00,331.792,
2025-12-08 01:00,331.792,
2025-12-08 02:00,331.795,
2025-12-08 03:00,331.803,
2025-12-08 04:00,331.81,
2025-12-08 05:00,331.811,
2025-12-08 06:00,331.804,
2025-12-08 07:00,331.798,
2025-12-08 08:00,331.791,
2025-12-08 09:00,331.787,
2025-12-08 10:00,331.786,
2025-12-08 11:00,331.784,
2025-12-08 12:00,331.783,
2025-12-08 13:00,331.782,
2025-12-08 14:00,331.782,
2025-12-08 15:00,331.78,
2025-12-08 16:00,331.779,
2025-12-08 17:00,331.784,
2025-12-08 18:00,331.784,
2025-12-08 19:00,331.785,
2025-12-08 20:00,331.786,
2025-12-08 21:00,331.786,
2025-12-08 22:00,331.786,
2025-12-08 23:00,331.786,
2025-12-09 00:00,331.785,
2025-12-09 01:00,331.785,
2025-12-09 02:00,331.786,
2025-12-09 03:00,331.786,
2025-12-09 04:00,331.786,
2025-12-09 05:00,331.786,
2025-12-09 06:00,331.786,
2025-12-09 07:00,331.785,
2025-12-09 08:00,331.779,
2025-12-09 09:00,331.775,
2025-12-09 10:00,331.812,
2025-12-09 11:00,331.815,
2025-12-09 12:00,331.817,
2025-12-09 13:00,331.813,
2025-12-09 14:00,331.784,
2025-12-09 15:00,331.77,
2025-12-09 16:00,331.77,
2025-12-09 17:00,331.772,
2025-12-09 18:00,331.775,
2025-12-09 19:00,331.777,
2025-12-09 20:00,331.778,
2025-12-09 21:00,331.778,
2025-12-09 22:00,331.778,
2025-12-09 23:00,331.778,
2025-12-10 00:00,331.779,
2025-12-10 01:00,331.779,
2025-12-10 02:00,331.779,
2025-12-10 03:00,331.78,
2025-12-10 04:00,331.78,
2025-12-10 05:00,331.78,
2025-12-10 06:00,331.78,
2025-12-10 07:00,331.779,
2025-12-10 08:00,331.772,
2025-12-10 09:00,331.77,
2025-12-10 10:00,331.767,
2025-12-10 11:00,331.767,
2025-12-10 12:00,331.765,
2025-12-10 13:00,331.766,
2025-12-10 14:00,331.764,
2025-12-10 15:00,331.76,
2025-12-10 16:00,331.763,
2025-12-10 17:00,331.765,
2025-12-10 18:00,331.768,
2025-12-10 19:00,331.77,
2025-12-10 20:00,331.771,
2025-12-10 21:00,331.772,
2025-12-10 22:00,331.772,
2025-12-10 23:00,331.773,
2025-12-11 00:00,331.773,
2025-12-11 01:00,331.773,
2025-12-11 02:00,331.773,
2025-12-11 03:00,331.774,
2025-12-11 04:00,331.773,
2025-12-11 05:00,331.773,
2025-12-11 06:00,331.772,
2025-12-11 07:00,331.772,
2025-12-11 08:00,331.768,
2025-12-11 09:00,331.766,
2025-12-11 10:00,331.762,
2025-12-11 11:00,331.759,
2025-12-11 12:00,331.761,
2025-12-11 13:00,331.762,
2025-12-11 14:00,331.76,
2025-12-11 15:00,331.762,
2025-12-11 16:00,331.761,
2025-12-11 17:00,331.764,
2025-12-11 18:00,331.764,
2025-12-11 19:00,331.765,
2025-12-11 20:00,331.766,
2025-12-11 21:00,331.766,
2025-12-11 22:00,331.766,
2025-12-11 23:00,331.767,
2025-12-12 00:00,331.767,
2025-12-12 01:00,331.767,
2025-12-12 02:00,331.767,
2025-12-12 03:00,331.767,
2025-12-12 04:00,331.767,
2025-12-12 05:00,331.766,
2025-12-12 06:00,331.766,
2025-12-12 07:00,331.766,
2025-12-12 08:00,331.761,
2025-12-12 09:00,331.756,
2025-12-12 10:00,331.756,
2025-12-12 11:00,331.757,
2025-12-12 12:00,331.756,
2025-12-12 13:00,331.755,
2025-12-12 14:00,331.752,
2025-12-12 15:00,331.755,
2025-12-12 16:00,331.754,
2025-12-12 17:00,331.756,
2025-12-12 18:00,331.759,
2025-12-12 19:00,331.761,
2025-12-12 20:00,331.767,
2025-12-12 21:00,331.771,
2025-12-12 22:00,331.772,
2025-12-12 23:00,331.767,
2025-12-13 00:00,331.764,
2025-12-13 01:00,331.763,
2025-12-13 02:00,331.763,
2025-12-13 03:00,331.763,
2025-12-13 04:00,331.763,
2025-12-13 05:00,331.763,
2025-12-13 06:00,331.762,
2025-12-13 07:00,331.762,
2025-12-13 08:00,331.76,
2025-12-13 09:00,331.757,
2025-12-13 10:00,331.753,
2025-12-13 11:00,331.752,
2025-12-13 12:00,331.752,
2025-12-13 13:00,331.751,
2025-12-13 14:00,331.752,
2025-12-13 15:00,331.756,
2025-12-13 16:00,331.76,
2025-12-13 17:00,331.764,
2025-12-13 18:00,331.765,
2025-12-13 19:00,331.764,
2025-12-13 20:00,331.761,
2025-12-13 21:00,331.759,
2025-12-13 22:00,331.759,
2025-12-13 23:00,331.759,
2025-12-14 00:00,331.758,
2025-12-14 01:00,331.758,
2025-12-14 02:00,331.757,
2025-12-14 03:00,331.757,
2025-12-14 04:00,331.757,
2025-12-14 05:00,331.758,
2025-12-14 06:00,331.763,
2025-12-14 07:00,331.768,
2025-12-14 08:00,331.774,
2025-12-14 09:00,331.774,
2025-12-14 10:00,331.774,
2025-12-14 11:00,331.795,
2025-12-14 12:00,331.957,
2025-12-14 13:00,332.146,
2025-12-14 14:00,332.088,
2025-12-14 15:00,332.039,
2025-12-14 16:00,331.961,
2025-12-14 17:00,331.927,
2025-12-14 18:00,331.929,
2025-12-14 19:00,331.908,
2025-12-14 20:00,331.877,
2025-12-14 21:00,331.86,
2025-12-14 22:00,331.847,
2025-12-14 23:00,331.836,
2025-12-15 00:00,331.828,
2025-12-15 01:00,331.848,
2025-12-15 02:00,331.943,
2025-12-15 03:00,331.938,
2025-12-15 04:00,331.908,
2025-12-15 05:00,331.89,
2025-12-15 06:00,331.907,
2025-12-15 07:00,331.961,
2025-12-15 08:00,331.939,
2025-12-15 09:00,331.907,
2025-12-15 10:00,331.881,
2025-12-15 11:00,331.87,
2025-12-15 12:00,331.855,
2025-12-15 13:00,331.845,
2025-12-15 14:00,331.836,
2025-12-15 15:00,331.831,
2025-12-15 16:00,331.826,
2025-12-15 17:00,331.823,
2025-12-15 18:00,331.821,
2025-12-15 19:00,331.819,
2025-12-15 20:00,331.817,
2025-12-15 21:00,331.816,
2025-12-15 22:00,331.82,
2025-12-15 23:00,331.819,
2025-12-16 00:00,331.815,
2025-12-16 01:00,331.815,
2025-12-16 02:00,331.82,
2025-12-16 03:00,331.83,
2025-12-16 04:00,331.837,
2025-12-16 05:00,331.843,
2025-12-16 06:00,331.846,
2025-12-16 07:00,331.848,
2025-12-16 08:00,331.854,
2025-12-16 09:00,331.859,
2025-12-16 10:00,331.86,
2025-12-16 11:00,331.855,
2025-12-16 12:00,331.855,
2025-12-16 13:00,331.847,
2025-12-16 14:00,331.834,
2025-12-16 15:00,331.827,
2025-12-16 16:00,331.823,
2025-12-16 17:00,331.82,
2025-12-16 18:00,331.818,
2025-12-16 19:00,331.816,
2025-12-16 20:00,331.818,
2025-12-16 21:00,331.816,
2025-12-16 22:00,331.817,
2025-12-16 23:00,331.815,
2025-12-17 00:00,331.813,
2025-12-17 01:00,331.814,
2025-12-17 02:00,331.816,
2025-12-17 03:00,331.818,
2025-12-17 04:00,331.823,
2025-12-17 05:00,331.845,
2025-12-17 06:00,331.87,
2025-12-17 07:00,331.882,
2025-12-17 08:00,331.91,
2025-12-17 09:00,331.919,
2025-12-17 10:00,331.913,
2025-12-17 11:00,331.893,
2025-12-17 12:00,331.88,
2025-12-17 13:00,331.887,
2025-12-17 14:00,331.878,
2025-12-17 15:00,331.867,
2025-12-17 16:00,331.859,
2025-12-17 17:00,331.857,
2025-12-17 18:00,331.871,
2025-12-17 19:00,331.901,
2025-12-17 20:00,331.904,
2025-12-17 21:00,331.89,
2025-12-17 22:00,331.885,
2025-12-17 23:00,331.874,
2025-12-18 00:00,331.864,
2025-12-18 01:00,331.857,
2025-12-18 02:00,331.854,
2025-12-18 03:00,331.857,
2025-12-18 04:00,331.87,
2025-12-18 05:00,331.909,
2025-12-18 06:00,331.927,
2025-12-18 07:00,331.903,
2025-12-18 08:00,331.887,
2025-12-18 09:00,331.875,
2025-12-18 10:00,331.873,
2025-12-18 11:00,331.869,
2025-12-18 12:00,331.868,
2025-12-18 13:00,331.867,
2025-12-18 14:00,331.862,
2025-12-18 15:00,331.86,
2025-12-18 16:00,331.855,
2025-12-18 17:00,331.855,
2025-12-18 18:00,331.856,
2025-12-18 19:00,331.853,
2025-12-18 20:00,331.85,
2025-12-18 21:00,331.847,
2025-12-18 22:00,331.845,
2025-12-18 23:00,331.844,
2025-12-19 00:00,331.842,
2025-12-19 01:00,331.839,
2025-12-19 02:00,331.837,
2025-12-19 03:00,331.837,
2025-12-19 04:00,331.834,
2025-12-19 05:00,331.832,
2025-12-19 06:00,331.83,
2025-12-19 07:00,331.828,
2025-12-19 08:00,331.825,
2025-12-19 09:00,331.823,
2025-12-19 10:00,331.82,
2025-12-19 11:00,331.819,
2025-12-19 12:00,331.814,
2025-12-19 13:00,331.815,
2025-12-19 14:00,331.812,
2025-12-19 15:00,331.81,
2025-12-19 16:00,331.812,
2025-12-19 17:00,331.812,
2025-12-19 18:00,331.814,
2025-12-19 19:00,331.814,
2025-12-19 20:00,331.815,
2025-12-19 21:00,331.815,
2025-12-19 22:00,331.815,
2025-12-19 23:00,331.814,
2025-12-20 00:00,331.814,
2025-12-20 01:00,331.813,
2025-12-20 02:00,331.815,
2025-12-20 03:00,331.812,
2025-12-20 04:00,331.812,
2025-12-20 05:00,331.811,
2025-12-20 06:00,331.81,
2025-12-20 07:00,331.81,
2025-12-20 08:00,331.805,
2025-12-20 09:00,331.801,
2025-12-20 10:00,331.801,
2025-12-20 11:00,331.797,
2025-12-20 12:00,331.795,
2025-12-20 13:00,331.797,
2025-12-20 14:00,331.797,
2025-12-20 15:00,331.797,
2025-12-20 16:00,331.798,
2025-12-20 17:00,331.798,
2025-12-20 18:00,331.8,
2025-12-20 19:00,331.801,
2025-12-20 20:00,331.801,
2025-12-20 21:00,331.801,
2025-12-20 22:00,331.801,
2025-12-20 23:00,331.8,
2025-12-21 00:00,331.8,
2025-12-21 01:00,331.8,
2025-12-21 02:00,331.8,
2025-12-21 03:00,331.8,
2025-12-21 04:00,331.799,
2025-12-21 05:00,331.799,
2025-12-21 06:00,331.799,
2025-12-21 07:00,331.797,
2025-12-21 08:00,331.792,
2025-12-21 09:00,331.793,
2025-12-21 10:00,331.789,
2025-12-21 11:00,331.788,
2025-12-21 12:00,331.786,
2025-12-21 13:00,331.786,
2025-12-21 14:00,331.785,
2025-12-21 15:00,331.786,
2025-12-21 16:00,331.802,
2025-12-21 17:00,331.845,
2025-12-21 18:00,331.917,
2025-12-21 19:00,331.863,
2025-12-21 20:00,331.83,
2025-12-21 21:00,331.816,
2025-12-21 22:00,331.81,
2025-12-21 23:00,331.806,
2025-12-22 00:00,331.804,
2025-12-22 01:00,331.803,
2025-12-22 02:00,331.802,
2025-12-22 03:00,331.8,
2025-12-22 04:00,331.799,
2025-12-22 05:00,331.799,
2025-12-22 06:00,331.798,
2025-12-22 07:00,331.797,
2025-12-22 08:00,331.791,
2025-12-22 09:00,331.787,
2025-12-22 10:00,331.787,
2025-12-22 11:00,331.787,
2025-12-22 12:00,331.786,
2025-12-22 13:00,331.784,
2025-12-22 14:00,331.782,
2025-12-22 15:00,331.781,
2025-12-22 16:00,331.784,
2025-12-22 17:00,331.783,
2025-12-22 18:00,331.786,
2025-12-22 19:00,331.787,
2025-12-22 20:00,331.788,
2025-12-22 21:00,331.788,
2025-12-22 22:00,331.788,
2025-12-22 23:00,331.788,
2025-12-23 00:00,331.788,
2025-12-23 01:00,331.788,
2025-12-23 02:00,331.788,
2025-12-23 03:00,331.788,
2025-12-23 04:00,331.788,
2025-12-23 05:00,331.788,
2025-12-23 06:00,331.788,
2025-12-23 07:00,331.788,
2025-12-23 08:00,331.781,
2025-12-23 09:00,331.777,
2025-12-23 10:00,331.775,
2025-12-23 11:00,331.773,
2025-12-23 12:00,331.773,
2025-12-23 13:00,331.772,
2025-12-23 14:00,331.794,
2025-12-23 15:00,331.815,
2025-12-23 16:00,331.816,
2025-12-23 17:00,331.818,
2025-12-23 18:00,331.82,
2025-12-23 19:00,331.822,
2025-12-23 20:00,331.824,
2025-12-23 21:00,331.824,
2025-12-23 22:00,331.824,
2025-12-23 23:00,331.824,
2025-12-24 00:00,331.824,
2025-12-24 01:00,331.825,
2025-12-24 02:00,331.825,
2025-12-24 03:00,331.825,
2025-12-24 04:00,331.825,
2025-12-24 05:00,331.825,
2025-12-24 06:00,331.825,
2025-12-24 07:00,331.825,
2025-12-24 08:00,331.819,
2025-12-24 09:00,331.815,
2025-12-24 10:00,331.811,
2025-12-24 11:00,331.811,
2025-12-24 12:00,331.813,
2025-12-24 13:00,331.774,
2025-12-24 14:00,331.766,
2025-12-24 15:00,331.762,
2025-12-24 16:00,331.763,
2025-12-24 17:00,331.764,
2025-12-24 18:00,331.765,
2025-12-24 19:00,331.769,
2025-12-24 20:00,331.771,
2025-12-24 21:00,331.771,
2025-12-24 22:00,331.772,
2025-12-24 23:00,331.772,
2025-12-25 00:00,331.773,
2025-12-25 01:00,331.772,
2025-12-25 02:00,331.773,
2025-12-25 03:00,331.773,
2025-12-25 04:00,331.773,
2025-12-25 05:00,331.773,
2025-12-25 06:00,331.773,
2025-12-25 07:00,331.773,
2025-12-25 08:00,331.767,
2025-12-25 09:00,331.763,
2025-12-25 10:00,331.763,
2025-12-25 11:00,331.762,
2025-12-25 12:00,331.762,
2025-12-25 13:00,331.761,
2025-12-25 14:00,331.762,
2025-12-25 15:00,331.76,
2025-12-25 16:00,331.763,
2025-12-25 17:00,331.769,
2025-12-25 18:00,331.779,
2025-12-25 19:00,331.797,
2025-12-25 20:00,331.798,
2025-12-25 21:00,331.789,
2025-12-25 22:00,331.779,
2025-12-25 23:00,331.774,
2025-12-26 00:00,331.778,
2025-12-26 01:00,331.784,
2025-12-26 02:00,331.797,
2025-12-26 03:00,331.804,
2025-12-26 04:00,331.822,
2025-12-26 05:00,331.849,
2025-12-26 06:00,331.842,
2025-12-26 07:00,331.822,
2025-12-26 08:00,331.808,
2025-12-26 09:00,331.797,
2025-12-26 10:00,331.791,
2025-12-26 11:00,331.787,
2025-12-26 12:00,331.783,
2025-12-26 13:00,331.781,
2025-12-26 14:00,331.778,
2025-12-26 15:00,331.778,
2025-12-26 16:00,331.776,
2025-12-26 17:00,331.777,
2025-12-26 18:00,331.777,
2025-12-26 19:00,331.776,
2025-12-26 20:00,331.776,
2025-12-26 21:00,331.775,
2025-12-26 22:00,331.775,
2025-12-26 23:00,331.777,
2025-12-27 00:00,331.781,
2025-12-27 01:00,331.787,
2025-12-27 02:00,331.787,
2025-12-27 03:00,331.785,
2025-12-27 04:00,331.784,
2025-12-27 05:00,331.784,
2025-12-27 06:00,331.786,
2025-12-27 07:00,331.786,
2025-12-27 08:00,331.788,
2025-12-27 09:00,331.783,
2025-12-27 10:00,331.783,
2025-12-27 11:00,331.778,
2025-12-27 12:00,331.776,
2025-12-27 13:00,331.774,
2025-12-27 14:00,331.772,
2025-12-27 15:00,331.77,
2025-12-27 16:00,331.772,
2025-12-27 17:00,331.772,
2025-12-27 18:00,331.773,
2025-12-27 19:00,331.774,
2025-12-27 20:00,331.774,
2025-12-27 21:00,331.773,
2025-12-27 22:00,331.773,
2025-12-27 23:00,331.773,
2025-12-28 00:00,331.773,
2025-12-28 01:00,331.772,
2025-12-28 02:00,331.77,
2025-12-28 03:00,331.77,
2025-12-28 04:00,331.77,
2025-12-28 05:00,331.77,
2025-12-28 06:00,331.77,
2025-12-28 07:00,331.769,
2025-12-28 08:00,331.767,
2025-12-28 09:00,331.765,
2025-12-28 10:00,331.765,
2025-12-28 11:00,331.764,
2025-12-28 12:00,331.763,
2025-12-28 13:00,331.762,
2025-12-28 14:00,331.762,
2025-12-28 15:00,331.762,
2025-12-28 16:00,331.764,
2025-12-28 17:00,331.764,
2025-12-28 18:00,331.765,
2025-12-28 19:00,331.766,
2025-12-28 20:00,331.765,
2025-12-28 21:00,331.765,
2025-12-28 22:00,331.764,
2025-12-28 23:00,331.764,
2025-12-29 00:00,331.764,
2025-12-29 01:00,331.763,
2025-12-29 02:00,331.763,
2025-12-29 03:00,331.764,
2025-12-29 04:00,331.763,
2025-12-29 05:00,331.763,
2025-12-29 06:00,331.763,
2025-12-29 07:00,331.763,
2025-12-29 08:00,331.759,
2025-12-29 09:00,331.755,
2025-12-29 10:00,331.753,
2025-12-29 11:00,331.751,
2025-12-29 12:00,331.75,
2025-12-29 13:00,331.747,
2025-12-29 14:00,331.748,
2025-12-29 15:00,331.749,
2025-12-29 16:00,331.752,
2025-12-29 17:00,331.753,
2025-12-29 18:00,331.755,
2025-12-29 19:00,331.756,
2025-12-29 20:00,331.757,
2025-12-29 21:00,331.758,
2025-12-29 22:00,331.759,
2025-12-29 23:00,331.759,
2025-12-30 00:00,331.759,
2025-12-30 01:00,331.76,
2025-12-30 02:00,331.76,
2025-12-30 03:00,331.76,
2025-12-30 04:00,331.76,
2025-12-30 05:00,331.76,
2025-12-30 06:00,331.76,
2025-12-30 07:00,331.76,
2025-12-30 08:00,331.755,
2025-12-30 09:00,331.75,
2025-12-30 10:00,331.749,
2025-12-30 11:00,331.747,
2025-12-30 12:00,331.747,
2025-12-30 13:00,331.75,
2025-12-30 14:00,331.747,
2025-12-30 15:00,331.745,
2025-12-30 16:00,331.746,
2025-12-30 17:00,331.75,
2025-12-30 18:00,331.754,
2025-12-30 19:00,331.756,
2025-12-30 20:00,331.756,
2025-12-30 21:00,331.756,
2025-12-30 22:00,331.757,
2025-12-30 23:00,331.757,
2025-12-31 00:00,331.758,
2025-12-31 01:00,331.757,
2025-12-31 02:00,331.758,
2025-12-31 03:00,331.758,
2025-12-31 04:00,331.758,
2025-12-31 05:00,331.758,
2025-12-31 06:00,331.758,
2025-12-31 07:00,331.758,
2025-12-31 08:00,331.756,
2025-12-31 09:00,331.752,
2025-12-31 10:00,331.749,
2025-12-31 11:00,331.744,
2025-12-31 12:00,331.744,
2025-12-31 13:00,331.743,
2025-12-31 14:00,331.744,
2025-12-31 15:00,331.743,
2025-12-31 16:00,331.745,
2025-12-31 17:00,331.746,
2025-12-31 18:00,331.749,
2025-12-31 19:00,331.749,
2025-12-31 20:00,331.752,
2025-12-31 21:00,331.752,
2025-12-31 22:00,331.753,
2025-12-31 23:00,331.753,
2026-01-01 00:00,331.753,
2026-01-01 01:00,331.754,
2026-01-01 02:00,331.754,
2026-01-01 03:00,331.754,
2026-01-01 04:00,331.755,
2026-01-01 05:00,331.754,
2026-01-01 06:00,331.754,
2026-01-01 07:00,331.754,
2026-01-01 08:00,331.752,
2026-01-01 09:00,331.747,
2026-01-01 10:00,331.744,
2026-01-01 11:00,331.743,
2026-01-01 12:00,331.741,
2026-01-01 13:00,331.741,
2026-01-01 14:00,331.74,
2026-01-01 15:00,331.74,
2026-01-01 16:00,331.739,
2026-01-01 17:00,331.744,
2026-01-01 18:00,331.744,
2026-01-01 19:00,331.745,
2026-01-01 20:00,331.749,
2026-01-01 21:00,331.746,
2026-01-01 22:00,331.75,
2026-01-01 23:00,331.75,
2026-01-02 00:00,331.75,
2026-01-02 01:00,331.75,
2026-01-02 02:00,331.75,
2026-01-02 03:00,331.751,
2026-01-02 04:00,331.751,
2026-01-02 05:00,331.751,
2026-01-02 06:00,331.752,
2026-01-02 07:00,331.751,
2026-01-02 08:00,331.749,
2026-01-02 09:00,331.746,
2026-01-02 10:00,331.743,
2026-01-02 11:00,331.744,
2026-01-02 12:00,331.739,
2026-01-02 13:00,331.739,
2026-01-02 14:00,331.735,
2026-01-02 15:00,331.733,
2026-01-02 16:00,331.735,
2026-01-02 17:00,331.737,
2026-01-02 18:00,331.741,
2026-01-02 19:00,331.743,
2026-01-02 20:00,331.744,
2026-01-02 21:00,331.745,
2026-01-02 22:00,331.745,
2026-01-02 23:00,331.746,
2026-01-03 00:00,331.747,
2026-01-03 01:00,331.747,
2026-01-03 02:00,331.747,
2026-01-03 03:00,331.747,
2026-01-03 04:00,331.746,
2026-01-03 05:00,331.747,
2026-01-03 06:00,331.748,
2026-01-03 07:00,331.747,
2026-01-03 08:00,331.746,
2026-01-03 09:00,331.74,
2026-01-03 10:00,331.737,
2026-01-03 11:00,331.734,
2026-01-03 12:00,331.733,
2026-01-03 13:00,331.73,
2026-01-03 14:00,331.729,
2026-01-03 15:00,331.731,
2026-01-03 16:00,331.73,
2026-01-03 17:00,331.735,
2026-01-03 18:00,331.737,
2026-01-03 19:00,331.739,
2026-01-03 20:00,331.741,
2026-01-03 21:00,331.742,
2026-01-03 22:00,331.743,
2026-01-03 23:00,331.743,
2026-01-04 00:00,331.744,
2026-01-04 01:00,331.744,
2026-01-04 02:00,331.744,
2026-01-04 03:00,331.745,
2026-01-04 04:00,331.745,
2026-01-04 05:00,331.744,
2026-01-04 06:00,331.745,
2026-01-04 07:00,331.744,
2026-01-04 08:00,331.74,
2026-01-04 09:00,331.737,
2026-01-04 10:00,331.736,
2026-01-04 11:00,331.731,
2026-01-04 12:00,331.729,
2026-01-04 13:00,331.729,
2026-01-04 14:00,331.729,
2026-01-04 15:00,331.732,
2026-01-04 16:00,331.732,
2026-01-04 17:00,331.733,
2026-01-04 18:00,331.735,
2026-01-04 19:00,331.738,
2026-01-04 20:00,331.739,
2026-01-04 21:00,331.74,
2026-01-04 22:00,331.741,
2026-01-04 23:00,331.74,
2026-01-05 00:00,331.741,
2026-01-05 01:00,331.742,
2026-01-05 02:00,331.742,
2026-01-05 03:00,331.743,
2026-01-05 04:00,331.742,
2026-01-05 05:00,331.742,
2026-01-05 06:00,331.742,
2026-01-05 07:00,331.741,
2026-01-05 08:00,331.734,
2026-01-05 09:00,331.73,
2026-01-05 10:00,331.729,
2026-01-05 11:00,331.761,
2026-01-05 12:00,331.777,
2026-01-05 13:00,331.779,
2026-01-05 14:00,331.78,
2026-01-05 15:00,331.78,
2026-01-05 16:00,331.777,
2026-01-05 17:00,331.781,
2026-01-05 18:00,331.784,
2026-01-05 19:00,331.785,
2026-01-05 20:00,331.787,
2026-01-05 21:00,331.788,
2026-01-05 22:00,331.789,
2026-01-05 23:00,331.79,
2026-01-06 00:00,331.79,
2026-01-06 01:00,331.79,
2026-01-06 02:00,331.791,
2026-01-06 03:00,331.791,
2026-01-06 04:00,331.791,
2026-01-06 05:00,331.791,
2026-01-06 06:00,331.792,
2026-01-06 07:00,331.791,
2026-01-06 08:00,331.789,
2026-01-06 09:00,331.783,
2026-01-06 10:00,331.782,
2026-01-06 11:00,331.779,
2026-01-06 12:00,331.78,
2026-01-06 13:00,331.737,
2026-01-06 14:00,331.724,
2026-01-06 15:00,331.722,
2026-01-06 16:00,331.724,
2026-01-06 17:00,331.726,
2026-01-06 18:00,331.729,
2026-01-06 19:00,331.732,
2026-01-06 20:00,331.733,
2026-01-06 21:00,331.732,
2026-01-06 22:00,331.731,
2026-01-06 23:00,331.732,
2026-01-07 00:00,331.733,
2026-01-07 01:00,331.733,
2026-01-07 02:00,331.733,
2026-01-07 03:00,331.734,
2026-01-07 04:00,331.735,
2026-01-07 05:00,331.737,
2026-01-07 06:00,331.738,
2026-01-07 07:00,331.738,
2026-01-07 08:00,331.74,
2026-01-07 09:00,331.747,
2026-01-07 10:00,331.779,
2026-01-07 11:00,331.784,
2026-01-07 12:00,331.781,
2026-01-07 13:00,331.776,
2026-01-07 14:00,331.758,
2026-01-07 15:00,331.734,
2026-01-07 16:00,331.731,
2026-01-07 17:00,331.731,
2026-01-07 18:00,331.73,
2026-01-07 19:00,331.731,
2026-01-07 20:00,331.731,
2026-01-07 21:00,331.733,
2026-01-07 22:00,331.734,
2026-01-07 23:00,331.736,
2026-01-08 00:00,331.735,
2026-01-08 01:00,331.734,
2026-01-08 02:00,331.734,
2026-01-08 03:00,331.737,
2026-01-08 04:00,331.74,
2026-01-08 05:00,331.74,
2026-01-08 06:00,331.739,
2026-01-08 07:00,331.741,
2026-01-08 08:00,331.739,
2026-01-08 09:00,331.73,
2026-01-08 10:00,331.729,
2026-01-08 11:00,331.724,
2026-01-08 12:00,331.722,
2026-01-08 13:00,331.721,
2026-01-08 14:00,331.726,
2026-01-08 15:00,331.726,
2026-01-08 16:00,331.727,
2026-01-08 17:00,331.733,
2026-01-08 18:00,331.737,
2026-01-08 19:00,331.734,
2026-01-08 20:00,331.731,
2026-01-08 21:00,331.73,
2026-01-08 22:00,331.729,
2026-01-08 23:00,331.729,
2026-01-09 00:00,331.729,
2026-01-09 01:00,331.729,
2026-01-09 02:00,331.729,
2026-01-09 03:00,331.729,
2026-01-09 04:00,331.729,
2026-01-09 05:00,331.729,
2026-01-09 06:00,331.729,
2026-01-09 07:00,331.729,
2026-01-09 08:00,331.727,
2026-01-09 09:00,331.725,
2026-01-09 10:00,331.726,
2026-01-09 11:00,331.726,
2026-01-09 12:00,331.724,
2026-01-09 13:00,331.726,
2026-01-09 14:00,331.728,
2026-01-09 15:00,331.731,
2026-01-09 16:00,331.729,
2026-01-09 17:00,331.728,
2026-01-09 18:00,331.728,
2026-01-09 19:00,331.728,
2026-01-09 20:00,331.728,
2026-01-09 21:00,331.728,
2026-01-09 22:00,331.728,
2026-01-09 23:00,331.729,
2026-01-10 00:00,331.728,
2026-01-10 01:00,331.728,
2026-01-10 02:00,331.728,
2026-01-10 03:00,331.728,
2026-01-10 04:00,331.728,
2026-01-10 05:00,331.728,
2026-01-10 06:00,331.728,
2026-01-10 07:00,331.727,
2026-01-10 08:00,331.725,
2026-01-10 09:00,331.718,
2026-01-10 10:00,331.719,
2026-01-10 11:00,331.718,
2026-01-10 12:00,331.716,
2026-01-10 13:00,331.716,
2026-01-10 14:00,331.715,
2026-01-10 15:00,331.712,
2026-01-10 16:00,331.714,
2026-01-10 17:00,331.717,
2026-01-10 18:00,331.717,
2026-01-10 19:00,331.72,
2026-01-10 20:00,331.721,
2026-01-10 21:00,331.724,
2026-01-10 22:00,331.724,
2026-01-10 23:00,331.724,
2026-01-11 00:00,331.725,
2026-01-11 01:00,331.725,
2026-01-11 02:00,331.725,
2026-01-11 03:00,331.725,
2026-01-11 04:00,331.726,
2026-01-11 05:00,331.725,
2026-01-11 06:00,331.726,
2026-01-11 07:00,331.726,
2026-01-11 08:00,331.724,
2026-01-11 09:00,331.722,
2026-01-11 10:00,331.721,
2026-01-11 11:00,331.72,
2026-01-11 12:00,331.717,
2026-01-11 13:00,331.715,
2026-01-11 14:00,331.711,
2026-01-11 15:00,331.708,
2026-01-11 16:00,331.71,
2026-01-11 17:00,331.715,
2026-01-11 18:00,331.717,
2026-01-11 19:00,331.719,
2026-01-11 20:00,331.72,
2026-01-11 21:00,331.721,
2026-01-11 22:00,331.723,
2026-01-11 23:00,331.723,
2026-01-12 00:00,331.724,
2026-01-12 01:00,331.724,
2026-01-12 02:00,331.725,
2026-01-12 03:00,331.725,
2026-01-12 04:00,331.725,
2026-01-12 05:00,331.725,
2026-01-12 06:00,331.725,
2026-01-12 07:00,331.725,
2026-01-12 08:00,331.72,
2026-01-12 09:00,331.713,
2026-01-12 10:00,331.712,
2026-01-12 11:00,331.708,
2026-01-12 12:00,331.712,
2026-01-12 13:00,331.711,
2026-01-12 14:00,331.709,
2026-01-12 15:00,331.707,
2026-01-12 16:00,331.709,
2026-01-12 17:00,331.711,
2026-01-12 18:00,331.715,
2026-01-12 19:00,331.717,
2026-01-12 20:00,331.717,
2026-01-12 21:00,331.719,
2026-01-12 22:00,331.72,
2026-01-12 23:00,331.721,
2026-01-13 00:00,331.721,
2026-01-13 01:00,331.721,
2026-01-13 02:00,331.722,
2026-01-13 03:00,331.722,
2026-01-13 04:00,331.722,
2026-01-13 05:00,331.722,
2026-01-13 06:00,331.722,
2026-01-13 07:00,331.722,
2026-01-13 08:00,331.717,
2026-01-13 09:00,331.71,
2026-01-13 10:00,331.71,
2026-01-13 11:00,331.707,
2026-01-13 12:00,331.708,
2026-01-13 13:00,331.706,
2026-01-13 14:00,331.704,
2026-01-13 15:00,331.702,
2026-01-13 16:00,331.704,
2026-01-13 17:00,331.709,
2026-01-13 18:00,331.709,
2026-01-13 19:00,331.712,
2026-01-13 20:00,331.713,
2026-01-13 21:00,331.715,
2026-01-13 22:00,331.715,
2026-01-13 23:00,331.716,
2026-01-14 00:00,331.717,
2026-01-14 01:00,331.717,
2026-01-14 02:00,331.718,
2026-01-14 03:00,331.718,
2026-01-14 04:00,331.718,
2026-01-14 05:00,331.719,
2026-01-14 06:00,331.719,
2026-01-14 07:00,331.718,
2026-01-14 08:00,331.713,
2026-01-14 09:00,331.707,
2026-01-14 10:00,331.707,
2026-01-14 11:00,331.707,
2026-01-14 12:00,331.705,
2026-01-14 13:00,331.706,
2026-01-14 14:00,331.703,
2026-01-14 15:00,331.704,
2026-01-14 16:00,331.706,
2026-01-14 17:00,331.708,
2026-01-14 18:00,331.708,
2026-01-14 19:00,331.74,
2026-01-14 20:00,331.758,
2026-01-14 21:00,331.757,
2026-01-14 22:00,331.758,
2026-01-14 23:00,331.758,
2026-01-15 00:00,331.759,
2026-01-15 01:00,331.759,
2026-01-15 02:00,331.759,
2026-01-15 03:00,331.76,
2026-01-15 04:00,331.76,
2026-01-15 05:00,331.761,
2026-01-15 06:00,331.761,
2026-01-15 07:00,331.76,
2026-01-15 08:00,331.757,
2026-01-15 09:00,331.751,
2026-01-15 10:00,331.731,
2026-01-15 11:00,331.706,
2026-01-15 12:00,331.703,
2026-01-15 13:00,331.7,
2026-01-15 14:00,331.697,
2026-01-15 15:00,331.697,
2026-01-15 16:00,331.698,
2026-01-15 17:00,331.701,
2026-01-15 18:00,331.703,
2026-01-15 19:00,331.706,
2026-01-15 20:00,331.707,
2026-01-15 21:00,331.708,
2026-01-15 22:00,331.709,
2026-01-15 23:00,331.71,
2026-01-16 00:00,331.71,
2026-01-16 01:00,331.71,
2026-01-16 02:00,331.71,
2026-01-16 03:00,331.711,
2026-01-16 04:00,331.711,
2026-01-16 05:00,331.711,
2026-01-16 06:00,331.711,
2026-01-16 07:00,331.711,
2026-01-16 08:00,331.707,
2026-01-16 09:00,331.711,
2026-01-16 10:00,331.754,
2026-01-16 11:00,331.758,
2026-01-16 12:00,331.758,
2026-01-16 13:00,331.759,
2026-01-16 14:00,331.736,
2026-01-16 15:00,331.704,
2026-01-16 16:00,331.696,
2026-01-16 17:00,331.696,
2026-01-16 18:00,331.698,
2026-01-16 19:00,331.7,
2026-01-16 20:00,331.702,
2026-01-16 21:00,331.704,
2026-01-16 22:00,331.705,
2026-01-16 23:00,331.707,
2026-01-17 00:00,331.707,
2026-01-17 01:00,331.707,
2026-01-17 02:00,331.708,
2026-01-17 03:00,331.707,
2026-01-17 04:00,331.708,
2026-01-17 05:00,331.709,
2026-01-17 06:00,331.709,
2026-01-17 07:00,331.709,
2026-01-17 08:00,331.705,
2026-01-17 09:00,331.696,
2026-01-17 10:00,331.697,
2026-01-17 11:00,331.695,
2026-01-17 12:00,331.694,
2026-01-17 13:00,331.694,
2026-01-17 14:00,331.692,
2026-01-17 15:00,331.687,
2026-01-17 16:00,331.688,
2026-01-17 17:00,331.694,
2026-01-17 18:00,331.696,
2026-01-17 19:00,331.696,
2026-01-17 20:00,331.699,
2026-01-17 21:00,331.701,
2026-01-17 22:00,331.702,
2026-01-17 23:00,331.703,
2026-01-18 00:00,331.704,
2026-01-18 01:00,331.704,
2026-01-18 02:00,331.705,
2026-01-18 03:00,331.705,
2026-01-18 04:00,331.706,
2026-01-18 05:00,331.706,
2026-01-18 06:00,331.707,
2026-01-18 07:00,331.707,
2026-01-18 08:00,331.702,
2026-01-18 09:00,331.696,
2026-01-18 10:00,331.695,
2026-01-18 11:00,331.692,
2026-01-18 12:00,331.691,
2026-01-18 13:00,331.691,
2026-01-18 14:00,331.689,
2026-01-18 15:00,331.688,
2026-01-18 16:00,331.687,
2026-01-18 17:00,331.69,
2026-01-18 18:00,331.693,
2026-01-18 19:00,331.695,
2026-01-18 20:00,331.697,
2026-01-18 21:00,331.699,
2026-01-18 22:00,331.7,
2026-01-18 23:00,331.701,
2026-01-19 00:00,331.702,
2026-01-19 01:00,331.702,
2026-01-19 02:00,331.703,
2026-01-19 03:00,331.703,
2026-01-19 04:00,331.704,
2026-01-19 05:00,331.704,
2026-01-19 06:00,331.705,
2026-01-19 07:00,331.705,
2026-01-19 08:00,331.7,
2026-01-19 09:00,331.692,
2026-01-19 10:00,331.692,
2026-01-19 11:00,331.689,
2026-01-19 12:00,331.687,
2026-01-19 13:00,331.687,
2026-01-19 14:00,331.684,
2026-01-19 15:00,331.681,
2026-01-19 16:00,331.684,
2026-01-19 17:00,331.686,
2026-01-19 18:00,331.689,
2026-01-19 19:00,331.691,
2026-01-19 20:00,331.695,
2026-01-19 21:00,331.697,
2026-01-19 22:00,331.699,
2026-01-19 23:00,331.698,
2026-01-20 00:00,331.699,
2026-01-20 01:00,331.7,
2026-01-20 02:00,331.7,
2026-01-20 03:00,331.701,
2026-01-20 04:00,331.701,
2026-01-20 05:00,331.702,
2026-01-20 06:00,331.702,
2026-01-20 07:00,331.702,
2026-01-20 08:00,331.699,
2026-01-20 09:00,331.694,
2026-01-20 10:00,331.691,
2026-01-20 11:00,331.689,
2026-01-20 12:00,331.687,
2026-01-20 13:00,331.689,
2026-01-20 14:00,331.684,
2026-01-20 15:00,331.684,
2026-01-20 16:00,331.685,
2026-01-20 17:00,331.687,
2026-01-20 18:00,331.689,
2026-01-20 19:00,331.692,
2026-01-20 20:00,331.693,
2026-01-20 21:00,331.695,
2026-01-20 22:00,331.697,
2026-01-20 23:00,331.699,
2026-01-21 00:00,331.7,
2026-01-21 01:00,331.701,
2026-01-21 02:00,331.701,
2026-01-21 03:00,331.701,
2026-01-21 04:00,331.702,
2026-01-21 05:00,331.702,
2026-01-21 06:00,331.703,
2026-01-21 07:00,331.704,
2026-01-21 08:00,331.712,
2026-01-21 09:00,331.74,
2026-01-21 10:00,331.742,
2026-01-21 11:00,331.74,
2026-01-21 12:00,331.74,
2026-01-21 13:00,331.739,
2026-01-21 14:00,331.737,
2026-01-21 15:00,331.736,
2026-01-21 16:00,331.7,
2026-01-21 17:00,331.69,
2026-01-21 18:00,331.689,
2026-01-21 19:00,331.689,
2026-01-21 20:00,331.691,
2026-01-21 21:00,331.693,
2026-01-21 22:00,331.694,
2026-01-21 23:00,331.695,
2026-01-22 00:00,331.695,
2026-01-22 01:00,331.696,
2026-01-22 02:00,331.697,
2026-01-22 03:00,331.697,
2026-01-22 04:00,331.698,
2026-01-22 05:00,331.698,
2026-01-22 06:00,331.698,
2026-01-22 07:00,331.699,
2026-01-22 08:00,331.695,
2026-01-22 09:00,331.687,
2026-01-22 10:00,331.686,
2026-01-22 11:00,331.683,
2026-01-22 12:00,331.684,
2026-01-22 13:00,331.682,
2026-01-22 14:00,331.683,
2026-01-22 15:00,331.679,
2026-01-22 16:00,331.677,
2026-01-22 17:00,331.681,
2026-01-22 18:00,331.68,
2026-01-22 19:00,331.684,
2026-01-22 20:00,331.686,
2026-01-22 21:00,331.688,
2026-01-22 22:00,331.689,
2026-01-22 23:00,331.691,
2026-01-23 00:00,331.692,
2026-01-23 01:00,331.693,
2026-01-23 02:00,331.694,
2026-01-23 03:00,331.695,
2026-01-23 04:00,331.695,
2026-01-23 05:00,331.696,
2026-01-23 06:00,331.698,
2026-01-23 07:00,331.696,
2026-01-23 08:00,331.693,
2026-01-23 09:00,331.691,
2026-01-23 10:00,331.69,
2026-01-23 11:00,331.687,
2026-01-23 12:00,331.683,
2026-01-23 13:00,331.683,
2026-01-23 14:00,331.683,
2026-01-23 15:00,331.68,
2026-01-23 16:00,331.677,
2026-01-23 17:00,331.676,
2026-01-23 18:00,331.681,
2026-01-23 19:00,331.683,
2026-01-23 20:00,331.685,
2026-01-23 21:00,331.686,
2026-01-23 22:00,331.689,
2026-01-23 23:00,331.691,
2026-01-24 00:00,331.692,
2026-01-24 01:00,331.693,
2026-01-24 02:00,331.694,
2026-01-24 03:00,331.695,
2026-01-24 04:00,331.695,
2026-01-24 05:00,331.696,
2026-01-24 06:00,331.697,
2026-01-24 07:00,331.695,
2026-01-24 08:00,331.69,
2026-01-24 09:00,331.683,
2026-01-24 10:00,331.682,
2026-01-24 11:00,331.68,
2026-01-24 12:00,331.68,
2026-01-24 13:00,331.675,
2026-01-24 14:00,331.673,
2026-01-24 15:00,331.672,
2026-01-24 16:00,331.67,
2026-01-24 17:00,331.673,
2026-01-24 18:00,331.676,
2026-01-24 19:00,331.677,
2026-01-24 20:00,331.679,
2026-01-24 21:00,331.68,
2026-01-24 22:00,331.682,
2026-01-24 23:00,331.684,
2026-01-25 00:00,331.685,
2026-01-25 01:00,331.686,
2026-01-25 02:00,331.687,
2026-01-25 03:00,331.688,
2026-01-25 04:00,331.688,
2026-01-25 05:00,331.689,
2026-01-25 06:00,331.689,
2026-01-25 07:00,331.69,
2026-01-25 08:00,331.684,
2026-01-25 09:00,331.68,
2026-01-25 10:00,331.678,
2026-01-25 11:00,331.672,
2026-01-25 12:00,331.672,
2026-01-25 13:00,331.67,
2026-01-25 14:00,331.674,
2026-01-25 15:00,331.671,
2026-01-25 16:00,331.672,
2026-01-25 17:00,331.671,
2026-01-25 18:00,331.671,
2026-01-25 19:00,331.674,
2026-01-25 20:00,331.677,
2026-01-25 21:00,331.678,
2026-01-25 22:00,331.68,
2026-01-25 23:00,331.682,
2026-01-26 00:00,331.684,
2026-01-26 01:00,331.715,
2026-01-26 02:00,331.737,
2026-01-26 03:00,331.742,
2026-01-26 04:00,331.742,
2026-01-26 05:00,331.743,
2026-01-26 06:00,331.744,
2026-01-26 07:00,331.743,
2026-01-26 08:00,331.738,
2026-01-26 09:00,331.731,
2026-01-26 10:00,331.744,
2026-01-26 11:00,331.744,
2026-01-26 12:00,331.697,
2026-01-26 13:00,331.68,
2026-01-26 14:00,331.673,
2026-01-26 15:00,331.665,
2026-01-26 16:00,331.666,
2026-01-26 17:00,331.667,
2026-01-26 18:00,331.668,
2026-01-26 19:00,331.669,
2026-01-26 20:00,331.672,
2026-01-26 21:00,331.673,
2026-01-26 22:00,331.675,
2026-01-26 23:00,331.677,
2026-01-27 00:00,331.678,
2026-01-27 01:00,331.678,
2026-01-27 02:00,331.679,
2026-01-27 03:00,331.68,
2026-01-27 04:00,331.681,
2026-01-27 05:00,331.682,
2026-01-27 06:00,331.681,
2026-01-27 07:00,331.681,
2026-01-27 08:00,331.678,
2026-01-27 09:00,331.671,
2026-01-27 10:00,331.67,
2026-01-27 11:00,331.665,
2026-01-27 12:00,331.668,
2026-01-27 13:00,331.668,
2026-01-27 14:00,331.661,
2026-01-27 15:00,331.659,
2026-01-27 16:00,331.659,
2026-01-27 17:00,331.658,
2026-01-27 18:00,331.659,
2026-01-27 19:00,331.662,
2026-01-27 20:00,331.663,
2026-01-27 21:00,331.665,
2026-01-27 22:00,331.668,
2026-01-27 23:00,331.67,
2026-01-28 00:00,331.672,
2026-01-28 01:00,331.674,
2026-01-28 02:00,331.676,
2026-01-28 03:00,331.677,
2026-01-28 04:00,331.678,
2026-01-28 05:00,331.679,
2026-01-28 06:00,331.679,
2026-01-28 07:00,331.679,
2026-01-28 08:00,331.675,
2026-01-28 09:00,331.669,
2026-01-28 10:00,331.669,
2026-01-28 11:00,331.666,
2026-01-28 12:00,331.664,
2026-01-28 13:00,331.665,
2026-01-28 14:00,331.661,
2026-01-28 15:00,331.659,
2026-01-28 16:00,331.654,
2026-01-28 17:00,331.653,
2026-01-28 18:00,331.656,
2026-01-28 19:00,331.655,
2026-01-28 20:00,331.655,
2026-01-28 21:00,331.656,
2026-01-28 22:00,331.658,
2026-01-28 23:00,331.661,
2026-01-29 00:00,331.664,
2026-01-29 01:00,331.667,
2026-01-29 02:00,331.67,
2026-01-29 03:00,331.672,
2026-01-29 04:00,331.674,
2026-01-29 05:00,331.675,
2026-01-29 06:00,331.676,
2026-01-29 07:00,331.676,
2026-01-29 08:00,331.675,
2026-01-29 09:00,331.667,
2026-01-29 10:00,331.665,
2026-01-29 11:00,331.663,
2026-01-29 12:00,331.662,
2026-01-29 13:00,331.659,
2026-01-29 14:00,331.656,
2026-01-29 15:00,331.654,
2026-01-29 16:00,331.646,
2026-01-29 17:00,331.649,
2026-01-29 18:00,331.648,
2026-01-29 19:00,331.646,
2026-01-29 20:00,331.646,
2026-01-29 21:00,331.646,
2026-01-29 22:00,331.648,
2026-01-29 23:00,331.651,
2026-01-30 00:00,331.653,
2026-01-30 01:00,331.656,
2026-01-30 02:00,331.66,
2026-01-30 03:00,331.663,
2026-01-30 04:00,331.666,
2026-01-30 05:00,331.668,
2026-01-30 06:00,331.67,
2026-01-30 07:00,331.67,
2026-01-30 08:00,331.665,
2026-01-30 09:00,331.658,
2026-01-30 10:00,331.657,
2026-01-30 11:00,331.656,
2026-01-30 12:00,331.654,
2026-01-30 13:00,331.654,
2026-01-30 14:00,331.65,
2026-01-30 15:00,331.645,
2026-01-30 16:00,331.643,
2026-01-30 17:00,331.642,
2026-01-30 18:00,331.638,
2026-01-30 19:00,331.636,
2026-01-30 20:00,331.635,
2026-01-30 21:00,331.633,
2026-01-30 22:00,331.631,
2026-01-30 23:00,331.631,
2026-01-31 00:00,331.632,
2026-01-31 01:00,331.634,
2026-01-31 02:00,331.636,
2026-01-31 03:00,331.638,
2026-01-31 04:00,331.642,
2026-01-31 05:00,331.642,
2026-01-31 06:00,331.644,
2026-01-31 07:00,331.647,
2026-01-31 08:00,331.644,
2026-01-31 09:00,331.639,
2026-01-31 10:00,331.64,
2026-01-31 11:00,331.644,
2026-01-31 12:00,331.644,
2026-01-31 13:00,331.643,
2026-01-31 14:00,331.639,
2026-01-31 15:00,331.639,
2026-01-31 16:00,331.632,
2026-01-31 17:00,331.631,
2026-01-31 18:00,331.626,
2026-01-31 19:00,331.622,
2026-01-31 20:00,331.617,
2026-01-31 21:00,331.612,
2026-01-31 22:00,331.609,
2026-01-31 23:00,331.607,
2026-02-01 00:00,331.605,
2026-02-01 01:00,331.604,
2026-02-01 02:00,331.604,
2026-02-01 03:00,331.604,
2026-02-01 04:00,331.604,
2026-02-01 05:00,331.605,
2026-02-01 06:00,331.606,
2026-02-01 07:00,331.607,
2026-02-01 08:00,331.602,
2026-02-01 09:00,331.598,
2026-02-01 10:00,331.599,
2026-02-01 11:00,331.599,
2026-02-01 12:00,331.598,
2026-02-01 13:00,331.593,
2026-02-01 14:00,331.589,
2026-02-01 15:00,331.585,
2026-02-01 16:00,331.577,
2026-02-01 17:00,331.572,
2026-02-01 18:00,331.566,
2026-02-01 19:00,331.558,
2026-02-01 20:00,331.55,
2026-02-01 21:00,331.543,
2026-02-01 22:00,331.537,
2026-02-01 23:00,331.533,
2026-02-02 00:00,331.529,
2026-02-02 01:00,331.526,
2026-02-02 02:00,331.524,
2026-02-02 03:00,331.522,
2026-02-02 04:00,331.519,
2026-02-02 05:00,331.518,
2026-02-02 06:00,331.518,
2026-02-02 07:00,331.517,
2026-02-02 08:00,331.508,
2026-02-02 09:00,331.5,
2026-02-02 10:00,331.497,
2026-02-02 11:00,331.492,
2026-02-02 12:00,331.489,
2026-02-02 13:00,331.485,
2026-02-02 14:00,331.474,
2026-02-02 15:00,331.463,
2026-02-02 16:00,331.45,
2026-02-02 17:00,331.444,
2026-02-02 18:00,331.431,
2026-02-02 19:00,331.421,
2026-02-02 20:00,331.409,
2026-02-02 21:00,331.396,
2026-02-02 22:00,331.388,
2026-02-02 23:00,331.378,
2026-02-03 00:00,331.37,
2026-02-03 01:00,331.361,
2026-02-03 02:00,331.354,
2026-02-03 03:00,331.347,
2026-02-03 04:00,331.34,
2026-02-03 05:00,331.336,
2026-02-03 06:00,331.331,
2026-02-03 07:00,331.324,
2026-02-03 08:00,331.312,
2026-02-03 09:00,331.3,
2026-02-03 10:00,331.294,
2026-02-03 11:00,331.285,
2026-02-03 12:00,331.278,
2026-02-03 13:00,331.266,
2026-02-03 14:00,331.255,
2026-02-03 15:00,331.246,
2026-02-03 16:00,331.231,
2026-02-03 17:00,331.22,
2026-02-03 18:00,331.206,
2026-02-03 19:00,331.192,
2026-02-03 20:00,331.176,
2026-02-03 21:00,331.161,
2026-02-03 22:00,331.15,
2026-02-03 23:00,331.138,
2026-02-04 00:00,331.128,
2026-02-04 01:00,331.119,
2026-02-04 02:00,331.111,
2026-02-04 03:00,331.102,
2026-02-04 04:00,331.095,
2026-02-04 05:00,331.089,
2026-02-04 06:00,331.081,
2026-02-04 07:00,331.074,
2026-02-04 08:00,331.066,
2026-02-04 09:00,331.057,
2026-02-04 10:00,331.047,
2026-02-04 11:00,331.038,
2026-02-04 12:00,331.029,
2026-02-04 13:00,331.018,
2026-02-04 14:00,331.011,
2026-02-04 15:00,330.996,
2026-02-04 16:00,330.981,
2026-02-04 17:00,330.971,
2026-02-04 18:00,330.959,
2026-02-04 19:00,330.945,
2026-02-04 20:00,330.927,
2026-02-04 21:00,330.912,
2026-02-04 22:00,330.9,
2026-02-04 23:00,330.888,
2026-02-05 00:00,330.876,
2026-02-05 01:00,330.866,
2026-02-05 02:00,330.855,
2026-02-05 03:00,330.845,
2026-02-05 04:00,330.838,
2026-02-05 05:00,330.83,
2026-02-05 06:00,330.822,
2026-02-05 07:00,330.814,
2026-02-05 08:00,330.803,
2026-02-05 09:00,330.789,
2026-02-05 10:00,330.779,
2026-02-05 11:00,330.774,
2026-02-05 12:00,330.76,
2026-02-05 13:00,330.748,
2026-02-05 14:00,330.74,
2026-02-05 15:00,330.727,
2026-02-05 16:00,330.708,
2026-02-05 17:00,330.695,
2026-02-05 18:00,330.677,
2026-02-05 19:00,330.664,
2026-02-05 20:00,330.648,
2026-02-05 21:00,330.63,
2026-02-05 22:00,330.613,
2026-02-05 23:00,330.599,
2026-02-06 00:00,330.585,
2026-02-06 01:00,330.572,
2026-02-06 02:00,330.559,
2026-02-06 03:00,330.546,
2026-02-06 04:00,330.537,
2026-02-06 05:00,330.526,
2026-02-06 06:00,330.515,
2026-02-06 07:00,330.504,
2026-02-06 08:00,330.487,
2026-02-06 09:00,330.47,
2026-02-06 10:00,330.458,
2026-02-06 11:00,330.443,
2026-02-06 12:00,330.431,
2026-02-06 13:00,330.416,
2026-02-06 14:00,330.406,
2026-02-06 15:00,330.387,
2026-02-06 16:00,330.365,
2026-02-06 17:00,330.349,
2026-02-06 18:00,330.333,
2026-02-06 19:00,330.311,
2026-02-06 20:00,330.29,
2026-02-06 21:00,330.27,
2026-02-06 22:00,330.251,
2026-02-06 23:00,330.235,
2026-02-07 00:00,330.218,
2026-02-07 01:00,330.203,
2026-02-07 02:00,330.188,
2026-02-07 03:00,330.176,
2026-02-07 04:00,330.162,
2026-02-07 05:00,330.149,
2026-02-07 06:00,330.136,
2026-02-07 07:00,330.124,
2026-02-07 08:00,330.11,
2026-02-07 09:00,330.089,
2026-02-07 10:00,330.075,
2026-02-07 11:00,330.06,
2026-02-07 12:00,330.045,
2026-02-07 13:00,330.031,
2026-02-07 14:00,330.011,
2026-02-07 15:00,330.077,
2026-02-07 16:00,330.22,
2026-02-07 17:00,330.348,
2026-02-07 18:00,330.475,
2026-02-07 19:00,330.598,
2026-02-07 20:00,330.719,
2026-02-07 21:00,330.834,
2026-02-07 22:00,330.947,
2026-02-07 23:00,330.977,
2026-02-08 00:00,330.958,
2026-02-08 01:00,330.939,
2026-02-08 02:00,330.92,
2026-02-08 03:00,330.904,
2026-02-08 04:00,330.886,
2026-02-08 05:00,330.869,
2026-02-08 06:00,330.852,
2026-02-08 07:00,330.837,
2026-02-08 08:00,330.815,
2026-02-08 09:00,330.794,
2026-02-08 10:00,330.775,
2026-02-08 11:00,330.759,
2026-02-08 12:00,330.742,
2026-02-08 13:00,330.717,
2026-02-08 14:00,330.7,
2026-02-08 15:00,330.674,
2026-02-08 16:00,330.653,
2026-02-08 17:00,330.63,
2026-02-08 18:00,330.604,
2026-02-08 19:00,330.58,
2026-02-08 20:00,330.551,
2026-02-08 21:00,330.525,
2026-02-08 22:00,330.498,
2026-02-08 23:00,330.474,
2026-02-09 00:00,330.45,
2026-02-09 01:00,330.429,
2026-02-09 02:00,330.409,
2026-02-09 03:00,330.387,
2026-02-09 04:00,330.365,
2026-02-09 05:00,330.346,
2026-02-09 06:00,330.325,
2026-02-09 07:00,330.303,
2026-02-09 08:00,330.278,
2026-02-09 09:00,330.256,
2026-02-09 10:00,330.229,
2026-02-09 11:00,330.199,
2026-02-09 12:00,330.171,
2026-02-09 13:00,330.148,
2026-02-09 14:00,330.257,
2026-02-09 15:00,330.372,
2026-02-09 16:00,330.488,
2026-02-09 17:00,330.61,
2026-02-09 18:00,330.721,
2026-02-09 19:00,330.828,
2026-02-09 20:00,330.931,
2026-02-09 21:00,331.034,
2026-02-09 22:00,331.138,
2026-02-09 23:00,331.239,
2026-02-10 00:00,331.339,
2026-02-10 01:00,331.439,
2026-02-10 02:00,331.535,
2026-02-10 03:00,331.629,
2026-02-10 04:00,331.707,
2026-02-10 05:00,331.735,
2026-02-10 06:00,331.741,
2026-02-10 07:00,331.742,
2026-02-10 08:00,331.734,
2026-02-10 09:00,331.728,
2026-02-10 10:00,331.708,
2026-02-10 11:00,331.662,
2026-02-10 12:00,331.638,
2026-02-10 13:00,331.618,
2026-02-10 14:00,331.593,
2026-02-10 15:00,331.565,
2026-02-10 16:00,331.536,
2026-02-10 17:00,331.517,
2026-02-10 18:00,331.49,
2026-02-10 19:00,331.465,
2026-02-10 20:00,331.438,
2026-02-10 21:00,331.409,
2026-02-10 22:00,331.382,
2026-02-10 23:00,331.354,
2026-02-11 00:00,331.33,
2026-02-11 01:00,331.305,
2026-02-11 02:00,331.28,
2026-02-11 03:00,331.258,
2026-02-11 04:00,331.235,
2026-02-11 05:00,331.214,
2026-02-11 06:00,331.197,
2026-02-11 07:00,331.176,
2026-02-11 08:00,331.157,
2026-02-11 09:00,331.14,
2026-02-11 10:00,331.122,
2026-02-11 11:00,331.108,
2026-02-11 12:00,331.09,
2026-02-11 13:00,331.07,
2026-02-11 14:00,331.046,
2026-02-11 15:00,331.019,
2026-02-11 16:00,331.0,
2026-02-11 17:00,330.981,
2026-02-11 18:00,330.96,
2026-02-11 19:00,330.94,
2026-02-11 20:00,330.917,
2026-02-11 21:00,330.895,
2026-02-11 22:00,330.872,
2026-02-11 23:00,330.85,
2026-02-12 00:00,330.832,
2026-02-12 01:00,330.813,
2026-02-12 02:00,330.794,
2026-02-12 03:00,330.776,
2026-02-12 04:00,330.756,
2026-02-12 05:00,330.734,
2026-02-12 06:00,330.714,
2026-02-12 07:00,330.692,
2026-02-12 08:00,330.667,
2026-02-12 09:00,330.639,
2026-02-12 10:00,330.615,
2026-02-12 11:00,330.591,
2026-02-12 12:00,330.571,
2026-02-12 13:00,330.542,
2026-02-12 14:00,330.515,
2026-02-12 15:00,330.484,
2026-02-12 16:00,330.454,
2026-02-12 17:00,330.42,
2026-02-12 18:00,330.393,
2026-02-12 19:00,330.356,
2026-02-12 20:00,330.326,
2026-02-12 21:00,330.291,
2026-02-12 22:00,330.255,
2026-02-12 23:00,330.221,
2026-02-13 00:00,330.266,
2026-02-13 01:00,330.387,
2026-02-13 02:00,330.503,
2026-02-13 03:00,330.619,
2026-02-13 04:00,330.733,
2026-02-13 05:00,330.844,
2026-02-13 06:00,330.952,
2026-02-13 07:00,331.06,
2026-02-13 08:00,331.156,
2026-02-13 09:00,331.255,
2026-02-13 10:00,331.348,
2026-02-13 11:00,331.325,
2026-02-13 12:00,331.298,
2026-02-13 13:00,331.267,
2026-02-13 14:00,331.237,
2026-02-13 15:00,331.201,
2026-02-13 16:00,331.166,
2026-02-13 17:00,331.135,
2026-02-13 18:00,331.1,
2026-02-13 19:00,331.064,
2026-02-13 20:00,331.025,
2026-02-13 21:00,330.991,
2026-02-13 22:00,330.956,
2026-02-13 23:00,330.921,
2026-02-14 00:00,330.889,
2026-02-14 01:00,330.855,
2026-02-14 02:00,330.825,
2026-02-14 03:00,330.793,
2026-02-14 04:00,330.763,
2026-02-14 05:00,330.732,
2026-02-14 06:00,330.703,
2026-02-14 07:00,330.671,
2026-02-14 08:00,330.64,
2026-02-14 09:00,330.603,
2026-02-14 10:00,330.572,
2026-02-14 11:00,330.537,
2026-02-14 12:00,330.501,
2026-02-14 13:00,330.47,
2026-02-14 14:00,330.434,
2026-02-14 15:00,330.399,
2026-02-14 16:00,330.364,
2026-02-14 17:00,330.34,
2026-02-14 18:00,330.328,
2026-02-14 19:00,330.439,
2026-02-14 20:00,330.653,
2026-02-14 21:00,330.773,
2026-02-14 22:00,330.827,
2026-02-14 23:00,330.846,
2026-02-15 00:00,330.85,
2026-02-15 01:00,330.844,
2026-02-15 02:00,330.834,
2026-02-15 03:00,330.819,
2026-02-15 04:00,330.802,
2026-02-15 05:00,330.785,
2026-02-15 06:00,330.768,
2026-02-15 07:00,330.747,
2026-02-15 08:00,330.727,
2026-02-15 09:00,330.706,
2026-02-15 10:00,330.683,
2026-02-15 11:00,330.659,
2026-02-15 12:00,330.636,
2026-02-15 13:00,330.615,
2026-02-15 14:00,330.592,
2026-02-15 15:00,330.569,
2026-02-15 16:00,330.55,
2026-02-15 17:00,330.534,
2026-02-15 18:00,330.519,
2026-02-15 19:00,330.516,
2026-02-15 20:00,330.522,
2026-02-15 21:00,330.529,
2026-02-15 22:00,330.524,
2026-02-15 23:00,330.511,
2026-02-16 00:00,330.495,
2026-02-16 01:00,330.477,
2026-02-16 02:00,330.459,
2026-02-16 03:00,330.439,
2026-02-16 04:00,330.419,
2026-02-16 05:00,330.4,
2026-02-16 06:00,330.379,
2026-02-16 07:00,330.357,
2026-02-16 08:00,330.337,
2026-02-16 09:00,330.311,
2026-02-16 10:00,330.288,
2026-02-16 11:00,330.258,
2026-02-16 12:00,330.23,
2026-02-16 13:00,330.211,
2026-02-16 14:00,330.179,
2026-02-16 15:00,330.151,
2026-02-16 16:00,330.204,
2026-02-16 17:00,330.332,
2026-02-16 18:00,330.461,
2026-02-16 19:00,330.583,
2026-02-16 20:00,330.703,
2026-02-16 21:00,330.82,
2026-02-16 22:00,330.934,
2026-02-16 23:00,331.052,
2026-02-17 00:00,331.176,
2026-02-17 01:00,331.304,
2026-02-17 02:00,331.43,
2026-02-17 03:00,331.543,
2026-02-17 04:00,331.646,
2026-02-17 05:00,331.717,
2026-02-17 06:00,331.735,
2026-02-17 07:00,331.735,
2026-02-17 08:00,331.678,
2026-02-17 09:00,331.65,
2026-02-17 10:00,331.632,
2026-02-17 11:00,331.608,
2026-02-17 12:00,331.583,
2026-02-17 13:00,331.561,
2026-02-17 14:00,331.541,
2026-02-17 15:00,331.518,
2026-02-17 16:00,331.496,
2026-02-17 17:00,331.472,
2026-02-17 18:00,331.448,
2026-02-17 19:00,331.422,
2026-02-17 20:00,331.394,
2026-02-17 21:00,331.371,
2026-02-17 22:00,331.347,
2026-02-17 23:00,331.326,
2026-02-18 00:00,331.307,
2026-02-18 01:00,331.289,
2026-02-18 02:00,331.274,
2026-02-18 03:00,331.262,
2026-02-18 04:00,331.251,
2026-02-18 05:00,331.25,
2026-02-18 06:00,331.266,
2026-02-18 07:00,331.285,
2026-02-18 08:00,331.295,
2026-02-18 09:00,331.298,
2026-02-18 10:00,331.299,
2026-02-18 11:00,331.3,
2026-02-18 12:00,331.301,
2026-02-18 13:00,331.292,
2026-02-18 14:00,331.282,
2026-02-18 15:00,331.268,
2026-02-18 16:00,331.262,
2026-02-18 17:00,331.257,
2026-02-18 18:00,331.264,
2026-02-18 19:00,331.282,
2026-02-18 20:00,331.304,
2026-02-18 21:00,331.326,
2026-02-18 22:00,331.35,
2026-02-18 23:00,331.372,
2026-02-19 00:00,331.384,
2026-02-19 01:00,331.387,
2026-02-19 02:00,331.386,
2026-02-19 03:00,331.388,
2026-02-19 04:00,331.391,
2026-02-19 05:00,331.398,
2026-02-19 06:00,331.411,
2026-02-19 07:00,331.428,
2026-02-19 08:00,331.448,
2026-02-19 09:00,331.461,
2026-02-19 10:00,331.466,
2026-02-19 11:00,331.463,
2026-02-19 12:00,331.465,
2026-02-19 13:00,331.458,
2026-02-19 14:00,331.45,
2026-02-19 15:00,331.442,
2026-02-19 16:00,331.432,
2026-02-19 17:00,331.42,
2026-02-19 18:00,331.413,
2026-02-19 19:00,331.403,
2026-02-19 20:00,331.391,
2026-02-19 21:00,331.381,
2026-02-19 22:00,331.367,
2026-02-19 23:00,331.351,
2026-02-20 00:00,331.333,
2026-02-20 01:00,331.319,
2026-02-20 02:00,331.301,
2026-02-20 03:00,331.281,
2026-02-20 04:00,331.264,
2026-02-20 05:00,331.244,
2026-02-20 06:00,331.223,
2026-02-20 07:00,331.205,
2026-02-20 08:00,331.184,
2026-02-20 09:00,331.161,
2026-02-20 10:00,331.139,
2026-02-20 11:00,331.115,
2026-02-20 12:00,331.088,
2026-02-20 13:00,331.067,
2026-02-20 14:00,331.041,
2026-02-20 15:00,331.014,
2026-02-20 16:00,330.985,
2026-02-20 17:00,330.962,
2026-02-20 18:00,330.937,
2026-02-20 19:00,330.91,
2026-02-20 20:00,330.883,
2026-02-20 21:00,330.854,
2026-02-20 22:00,330.828,
2026-02-20 23:00,330.8,
2026-02-21 00:00,330.774,
2026-02-21 01:00,330.747,
2026-02-21 02:00,330.72,
2026-02-21 03:00,330.692,
2026-02-21 04:00,330.664,
2026-02-21 05:00,330.637,
2026-02-21 06:00,330.608,
2026-02-21 07:00,330.581,
2026-02-21 08:00,330.551,
2026-02-21 09:00,330.52,
2026-02-21 10:00,330.488,
2026-02-21 11:00,330.458,
2026-02-21 12:00,330.428,
2026-02-21 13:00,330.398,
2026-02-21 14:00,330.363,
2026-02-21 15:00,330.334,
2026-02-21 16:00,330.378,
2026-02-21 17:00,330.493,
2026-02-21 18:00,330.605,
2026-02-21 19:00,330.716,
2026-02-21 20:00,330.818,
2026-02-21 21:00,330.918,
2026-02-21 22:00,331.02,
2026-02-21 23:00,331.118,
2026-02-22 00:00,331.215,
2026-02-22 01:00,331.312,
2026-02-22 02:00,331.406,
2026-02-22 03:00,331.499,
2026-02-22 04:00,331.586,
2026-02-22 05:00,331.673,
2026-02-22 06:00,331.721,
2026-02-22 07:00,331.733,
2026-02-22 08:00,331.727,
2026-02-22 09:00,331.724,
2026-02-22 10:00,331.722,
2026-02-22 11:00,331.721,
2026-02-22 12:00,331.722,
2026-02-22 13:00,331.722,
2026-02-22 14:00,331.72,
2026-02-22 15:00,331.714,
2026-02-22 16:00,331.715,
2026-02-22 17:00,331.72,
2026-02-22 18:00,331.663,
2026-02-22 19:00,331.629,
2026-02-22 20:00,331.594,
2026-02-22 21:00,331.561,
2026-02-22 22:00,331.527,
2026-02-22 23:00,331.496,
2026-02-23 00:00,331.462,
2026-02-23 01:00,331.431,
2026-02-23 02:00,331.398,
2026-02-23 03:00,331.367,
2026-02-23 04:00,331.336,
2026-02-23 05:00,331.301,
2026-02-23 06:00,331.27,
2026-02-23 07:00,331.236,
2026-02-23 08:00,331.201,
2026-02-23 09:00,331.162,
2026-02-23 10:00,331.124,
2026-02-23 11:00,331.088,
2026-02-23 12:00,331.113,
2026-02-23 13:00,331.206,
2026-02-23 14:00,331.299,
2026-02-23 15:00,331.384,
2026-02-23 16:00,331.472,
2026-02-23 17:00,331.559,
2026-02-23 18:00,331.635,
2026-02-23 19:00,331.701,
2026-02-23 20:00,331.722,
2026-02-23 21:00,331.728,
2026-02-23 22:00,331.729,
2026-02-23 23:00,331.73,
2026-02-24 00:00,331.731,
2026-02-24 01:00,331.732,
2026-02-24 02:00,331.733,
2026-02-24 03:00,331.733,
2026-02-24 04:00,331.734,
2026-02-24 05:00,331.734,
2026-02-24 06:00,331.735,
2026-02-24 07:00,331.734,
2026-02-24 08:00,331.729,
2026-02-24 09:00,331.724,
2026-02-24 10:00,331.72,
2026-02-24 11:00,331.722,
2026-02-24 12:00,331.719,
2026-02-24 13:00,331.712,
2026-02-24 14:00,331.714,
2026-02-24 15:00,331.717,
2026-02-24 16:00,331.718,
2026-02-24 17:00,331.72,
2026-02-24 18:00,331.723,
2026-02-24 19:00,331.725,
2026-02-24 20:00,331.725,
2026-02-24 21:00,331.726,
2026-02-24 22:00,331.727,
2026-02-24 23:00,331.728,
2026-02-25 00:00,331.729,
2026-02-25 01:00,331.73,
2026-02-25 02:00,331.73,
2026-02-25 03:00,331.73,
2026-02-25 04:00,331.73,
2026-02-25 05:00,331.731,
2026-02-25 06:00,331.731,
2026-02-25 07:00,331.731,
2026-02-25 08:00,331.725,
2026-02-25 09:00,331.722,
2026-02-25 10:00,331.698,
2026-02-25 11:00,331.645,
2026-02-25 12:00,331.611,
2026-02-25 13:00,331.572,
2026-02-25 14:00,331.534,
2026-02-25 15:00,331.49,
2026-02-25 16:00,331.452,
2026-02-25 17:00,331.414,
2026-02-25 18:00,331.372,
2026-02-25 19:00,331.328,
2026-02-25 20:00,331.283,
2026-02-25 21:00,331.237,
2026-02-25 22:00,331.193,
2026-02-25 23:00,331.147,
2026-02-26 00:00,331.1,
2026-02-26 01:00,331.056,
2026-02-26 02:00,331.012,
2026-02-26 03:00,330.968,
2026-02-26 04:00,330.923,
2026-02-26 05:00,330.879,
2026-02-26 06:00,330.836,
2026-02-26 07:00,330.789,
2026-02-26 08:00,330.74,
2026-02-26 09:00,330.687,
2026-02-26 10:00,330.636,
2026-02-26 11:00,330.584,
2026-02-26 12:00,330.534,
2026-02-26 13:00,330.485,
2026-02-26 14:00,330.431,
2026-02-26 15:00,330.375,
2026-02-26 16:00,330.316,
2026-02-26 17:00,330.27,
2026-02-26 18:00,330.364,
2026-02-26 19:00,330.454,
2026-02-26 20:00,330.54,
2026-02-26 21:00,330.627,
2026-02-26 22:00,330.713,
2026-02-26 23:00,330.795,
2026-02-27 00:00,330.878,
2026-02-27 01:00,330.962,
2026-02-27 02:00,331.044,
2026-02-27 03:00,331.128,
2026-02-27 04:00,331.21,
2026-02-27 05:00,331.289,
2026-02-27 06:00,331.37,
2026-02-27 07:00,331.447,
2026-02-27 08:00,331.515,
2026-02-27 09:00,331.583,
2026-02-27 10:00,331.65,
2026-02-27 11:00,331.696,
2026-02-27 12:00,331.708,
2026-02-27 13:00,331.713,
2026-02-27 14:00,331.712,
2026-02-27 15:00,331.711,
2026-02-27 16:00,331.709,
2026-02-27 17:00,331.721,
2026-02-27 18:00,331.724,
2026-02-27 19:00,331.725,
2026-02-27 20:00,331.739,
2026-02-27 21:00,331.749,
2026-02-27 22:00,331.746,
2026-02-27 23:00,331.74,
2026-02-28 00:00,331.737,
2026-02-28 01:00,331.735,
2026-02-28 02:00,331.734,
2026-02-28 03:00,331.733,
2026-02-28 04:00,331.732,
2026-02-28 05:00,331.731,
2026-02-28 06:00,331.73,
2026-02-28 07:00,331.73,
2026-02-28 08:00,331.722,
2026-02-28 09:00,331.72,
2026-02-28 10:00,331.692,
2026-02-28 11:00,331.641,
2026-02-28 12:00,331.603,
2026-02-28 13:00,331.564,
2026-02-28 14:00,331.52,
2026-02-28 15:00,331.474,
2026-02-28 16:00,331.432,
2026-02-28 17:00,331.393,
2026-02-28 18:00,331.345,
2026-02-28 19:00,331.316,
2026-02-28 20:00,331.291,
2026-02-28 21:00,331.284,
2026-02-28 22:00,331.456,
2026-02-28 23:00,331.554,
2026-03-01 00:00,331.603,
2026-03-01 01:00,331.617,
2026-03-01 02:00,331.613,
2026-03-01 03:00,331.597,
2026-03-01 04:00,331.578,
2026-03-01 05:00,331.551,
2026-03-01 06:00,331.524,
2026-03-01 07:00,331.496,
2026-03-01 08:00,331.454,
2026-03-01 09:00,331.421,
2026-03-01 10:00,331.382,
2026-03-01 11:00,331.349,
2026-03-01 12:00,331.315,
2026-03-01 13:00,331.277,
2026-03-01 14:00,331.238,
2026-03-01 15:00,331.192,
2026-03-01 16:00,331.15,
2026-03-01 17:00,331.115,
2026-03-01 18:00,331.073,
2026-03-01 19:00,331.027,
2026-03-01 20:00,330.981,
2026-03-01 21:00,330.936,
2026-03-01 22:00,330.892,
2026-03-01 23:00,330.877,
2026-03-02 00:00,330.968,
2026-03-02 01:00,331.06,
2026-03-02 02:00,331.149,
2026-03-02 03:00,331.235,
2026-03-02 04:00,331.321,
2026-03-02 05:00,331.403,
2026-03-02 06:00,331.485,
2026-03-02 07:00,331.563,
2026-03-02 08:00,331.632,
2026-03-02 09:00,331.691,
2026-03-02 10:00,331.71,
2026-03-02 11:00,331.712,
2026-03-02 12:00,331.714,
2026-03-02 13:00,331.658,
2026-03-02 14:00,331.613,
2026-03-02 15:00,331.563,
2026-03-02 16:00,331.537,
2026-03-02 17:00,331.616,
2026-03-02 18:00,331.679,
2026-03-02 19:00,331.707,
2026-03-02 20:00,331.718,
2026-03-02 21:00,331.721,
2026-03-02 22:00,331.724,
2026-03-02 23:00,331.725,
2026-03-03 00:00,331.726,
2026-03-03 01:00,331.727,
2026-03-03 02:00,331.727,
2026-03-03 03:00,331.727,
2026-03-03 04:00,331.727,
2026-03-03 05:00,331.727,
2026-03-03 06:00,331.727,
2026-03-03 07:00,331.727,
2026-03-03 08:00,331.724,
2026-03-03 09:00,331.718,
2026-03-03 10:00,331.714,
2026-03-03 11:00,331.661,
2026-03-03 12:00,331.615,
2026-03-03 13:00,331.57,
2026-03-03 14:00,331.523,
2026-03-03 15:00,331.472,
2026-03-03 16:00,331.429,
2026-03-03 17:00,331.503,
2026-03-03 18:00,331.571,
2026-03-03 19:00,331.636,
2026-03-03 20:00,331.693,
2026-03-03 21:00,331.71,
2026-03-03 22:00,331.718,
2026-03-03 23:00,331.72,
2026-03-04 00:00,331.722,
2026-03-04 01:00,331.723,
2026-03-04 02:00,331.724,
2026-03-04 03:00,331.724,
2026-03-04 04:00,331.724,
2026-03-04 05:00,331.724,
2026-03-04 06:00,331.725,
2026-03-04 07:00,331.725,
2026-03-04 08:00,331.719,
2026-03-04 09:00,331.684,
2026-03-04 10:00,331.626,
2026-03-04 11:00,331.578,
2026-03-04 12:00,331.533,
2026-03-04 13:00,331.483,
2026-03-04 14:00,331.428,
2026-03-04 15:00,331.373,
2026-03-04 16:00,331.316,
2026-03-04 17:00,331.365,
2026-03-04 18:00,331.435,
2026-03-04 19:00,331.502,
2026-03-04 20:00,331.566,
2026-03-04 21:00,331.627,
2026-03-04 22:00,331.685,
2026-03-04 23:00,331.71,
2026-03-05 00:00,331.719,
2026-03-05 01:00,331.722,
2026-03-05 02:00,331.724,
2026-03-05 03:00,331.724,
2026-03-05 04:00,331.725,
2026-03-05 05:00,331.726,
2026-03-05 06:00,331.726,
2026-03-05 07:00,331.726,
2026-03-05 08:00,331.722,
2026-03-05 09:00,331.717,
2026-03-05 10:00,331.669,
2026-03-05 11:00,331.616,
2026-03-05 12:00,331.566,
2026-03-05 13:00,331.512,
2026-03-05 14:00,331.457,
2026-03-05 15:00,331.4,
2026-03-05 16:00,331.358,
2026-03-05 17:00,331.434,
2026-03-05 18:00,331.499,
2026-03-05 19:00,331.561,
2026-03-05 20:00,331.624,
2026-03-05 21:00,331.681,
2026-03-05 22:00,331.708,
2026-03-05 23:00,331.717,
2026-03-06 00:00,331.721,
2026-03-06 01:00,331.722,
2026-03-06 02:00,331.724,
2026-03-06 03:00,331.724,
2026-03-06 04:00,331.724,
2026-03-06 05:00,331.725,
2026-03-06 06:00,331.725,
2026-03-06 07:00,331.725,
2026-03-06 08:00,331.661,
2026-03-06 09:00,331.607,
2026-03-06 10:00,331.554,
2026-03-06 11:00,331.504,
2026-03-06 12:00,331.448,
2026-03-06 13:00,331.395,
2026-03-06 14:00,331.34,
2026-03-06 15:00,331.281,
2026-03-06 16:00,331.22,
2026-03-06 17:00,331.162,
2026-03-06 18:00,331.1,
2026-03-06 19:00,331.037,
2026-03-06 20:00,330.973,
2026-03-06 21:00,330.911,
2026-03-06 22:00,330.85,
2026-03-06 23:00,330.792,
2026-03-07 00:00,330.798,
2026-03-07 01:00,330.878,
2026-03-07 02:00,330.956,
2026-03-07 03:00,331.033,
2026-03-07 04:00,331.11,
2026-03-07 05:00,331.185,
2026-03-07 06:00,331.259,
2026-03-07 07:00,331.332,
2026-03-07 08:00,331.398,
2026-03-07 09:00,331.405,
2026-03-07 10:00,331.347,
2026-03-07 11:00,331.29,
2026-03-07 12:00,331.233,
2026-03-07 13:00,331.177,
2026-03-07 14:00,331.117,
2026-03-07 15:00,331.054,
2026-03-07 16:00,330.988,
2026-03-07 17:00,330.928,
2026-03-07 18:00,330.865,
2026-03-07 19:00,330.795,
2026-03-07 20:00,330.731,
2026-03-07 21:00,330.663,
2026-03-07 22:00,330.595,
2026-03-07 23:00,330.67,
2026-03-08 00:00,330.746,
2026-03-08 01:00,330.821,
2026-03-08 02:00,330.895,
2026-03-08 03:00,330.968,
2026-03-08 04:00,331.042,
2026-03-08 05:00,331.115,
2026-03-08 06:00,331.187,
2026-03-08 07:00,331.257,
2026-03-08 08:00,331.319,
2026-03-08 09:00,331.382,
2026-03-08 10:00,331.446,
2026-03-08 11:00,331.492,
2026-03-08 12:00,331.434,
2026-03-08 13:00,331.377,
2026-03-08 14:00,331.317,
2026-03-08 15:00,331.255,
2026-03-08 16:00,331.189,
2026-03-08 17:00,331.129,
2026-03-08 18:00,331.063,
2026-03-08 19:00,330.999,
2026-03-08 20:00,330.93,
2026-03-08 21:00,330.862,
2026-03-08 22:00,330.794,
2026-03-08 23:00,330.725,
2026-03-09 00:00,330.686,
2026-03-09 01:00,330.762,
2026-03-09 02:00,330.835,
2026-03-09 03:00,330.908,
2026-03-09 04:00,330.979,
2026-03-09 05:00,331.052,
2026-03-09 06:00,331.124,
2026-03-09 07:00,331.194,
2026-03-09 08:00,331.255,
2026-03-09 09:00,331.319,
2026-03-09 10:00,331.382,
2026-03-09 11:00,331.365,
2026-03-09 12:00,331.306,
2026-03-09 13:00,331.242,
2026-03-09 14:00,331.177,
2026-03-09 15:00,331.106,
2026-03-09 16:00,331.043,
2026-03-09 17:00,330.972,
2026-03-09 18:00,330.906,
2026-03-09 19:00,330.837,
2026-03-09 20:00,330.763,
2026-03-09 21:00,330.688,
2026-03-09 22:00,330.611,
2026-03-09 23:00,330.536,
2026-03-10 00:00,330.587,
2026-03-10 01:00,330.661,
2026-03-10 02:00,330.73,
2026-03-10 03:00,330.8,
2026-03-10 04:00,330.87,
2026-03-10 05:00,330.938,
2026-03-10 06:00,331.006,
2026-03-10 07:00,331.075,
2026-03-10 08:00,331.135,
2026-03-10 09:00,331.198,
2026-03-10 10:00,331.258,
2026-03-10 11:00,331.318,
2026-03-10 12:00,331.298,
2026-03-10 13:00,331.232,
2026-03-10 14:00,331.163,
2026-03-10 15:00,331.093,
2026-03-10 16:00,331.023,
2026-03-10 17:00,330.955,
2026-03-10 18:00,330.885,
2026-03-10 19:00,330.812,
2026-03-10 20:00,330.738,
2026-03-10 21:00,330.661,
2026-03-10 22:00,330.585,
2026-03-10 23:00,330.511,
2026-03-11 00:00,330.582,
2026-03-11 01:00,330.656,
2026-03-11 02:00,330.726,
2026-03-11 03:00,330.795,
2026-03-11 04:00,330.864,
2026-03-11 05:00,330.932,
2026-03-11 06:00,331.0,
2026-03-11 07:00,331.068,
2026-03-11 08:00,331.132,
2026-03-11 09:00,331.196,
2026-03-11 10:00,331.256,
2026-03-11 11:00,331.268,
2026-03-11 12:00,331.203,
2026-03-11 13:00,331.13,
2026-03-11 14:00,331.061,
2026-03-11 15:00,330.991,
2026-03-11 16:00,330.92,
2026-03-11 17:00,330.85,
2026-03-11 18:00,330.781,
2026-03-11 19:00,330.708,
2026-03-11 20:00,330.629,
2026-03-11 21:00,330.549,
2026-03-11 22:00,330.473,
2026-03-11 23:00,330.531,
2026-03-12 00:00,330.603,
2026-03-12 01:00,330.676,
2026-03-12 02:00,330.747,
2026-03-12 03:00,330.816,
2026-03-12 04:00,330.885,
2026-03-12 05:00,330.953,
2026-03-12 06:00,331.021,
2026-03-12 07:00,331.089,
2026-03-12 08:00,331.148,
2026-03-12 09:00,331.212,
2026-03-12 10:00,331.274,
2026-03-12 11:00,331.335,
2026-03-12 12:00,331.396,
2026-03-12 13:00,331.409,
2026-03-12 14:00,331.342,
2026-03-12 15:00,331.271,
2026-03-12 16:00,331.204,
2026-03-12 17:00,331.134,
2026-03-12 18:00,331.063,
2026-03-12 19:00,330.99,
2026-03-12 20:00,330.913,
2026-03-12 21:00,330.841,
2026-03-12 22:00,330.766,
2026-03-12 23:00,330.76,
2026-03-13 00:00,330.826,
2026-03-13 01:00,330.891,
2026-03-13 02:00,330.956,
2026-03-13 03:00,331.021,
2026-03-13 04:00,331.086,
2026-03-13 05:00,331.151,
2026-03-13 06:00,331.212,
2026-03-13 07:00,331.273,
2026-03-13 08:00,331.33,
2026-03-13 09:00,331.386,
2026-03-13 10:00,331.421,
2026-03-13 11:00,331.353,
2026-03-13 12:00,331.287,
2026-03-13 13:00,331.216,
2026-03-13 14:00,331.145,
2026-03-13 15:00,331.076,
2026-03-13 16:00,331.002,
2026-03-13 17:00,330.93,
2026-03-13 18:00,330.853,
2026-03-13 19:00,330.779,
2026-03-13 20:00,330.701,
2026-03-13 21:00,330.618,
2026-03-13 22:00,330.537,
2026-03-13 23:00,330.469,
2026-03-14 00:00,330.539,
2026-03-14 01:00,330.606,
2026-03-14 02:00,330.675,
2026-03-14 03:00,330.742,
2026-03-14 04:00,330.808,
2026-03-14 05:00,330.873,
2026-03-14 06:00,330.939,
2026-03-14 07:00,331.003,
2026-03-14 08:00,331.066,
2026-03-14 09:00,331.118,
2026-03-14 10:00,331.045,
2026-03-14 11:00,330.97,
2026-03-14 12:00,330.894,
2026-03-14 13:00,330.82,
2026-03-14 14:00,330.744,
2026-03-14 15:00,330.668,
2026-03-14 16:00,330.589,
2026-03-14 17:00,330.507,
2026-03-14 18:00,330.43,
2026-03-14 19:00,330.497,
2026-03-14 20:00,330.563,
2026-03-14 21:00,330.628,
2026-03-14 22:00,330.693,
2026-03-14 23:00,330.756,
2026-03-15 00:00,330.819,
2026-03-15 01:00,330.882,
2026-03-15 02:00,330.946,
2026-03-15 03:00,331.01,
2026-03-15 04:00,331.074,
2026-03-15 05:00,331.138,
2026-03-15 06:00,331.201,
2026-03-15 07:00,331.263,
2026-03-15 08:00,331.322,
2026-03-15 09:00,331.38,
2026-03-15 10:00,331.425,
2026-03-15 11:00,331.354,
2026-03-15 12:00,331.288,
2026-03-15 13:00,331.218,
2026-03-15 14:00,331.146,
2026-03-15 15:00,331.076,
2026-03-15 16:00,331.001,
2026-03-15 17:00,330.928,
2026-03-15 18:00,330.853,
2026-03-15 19:00,330.775,
2026-03-15 20:00,330.718,
2026-03-15 21:00,330.779,
2026-03-15 22:00,330.839,
2026-03-15 23:00,330.899,
2026-03-16 00:00,330.961,
2026-03-16 01:00,331.023,
2026-03-16 02:00,331.085,
2026-03-16 03:00,331.146,
2026-03-16 04:00,331.206,
2026-03-16 05:00,331.267,
2026-03-16 06:00,331.326,
2026-03-16 07:00,331.384,
2026-03-16 08:00,331.435,
2026-03-16 09:00,331.489,
2026-03-16 10:00,331.472,
2026-03-16 11:00,331.407,
2026-03-16 12:00,331.335,
2026-03-16 13:00,331.267,
2026-03-16 14:00,331.197,
2026-03-16 15:00,331.124,
2026-03-16 16:00,331.048,
2026-03-16 17:00,330.972,
2026-03-16 18:00,330.894,
2026-03-16 19:00,330.818,
2026-03-16 20:00,330.738,
2026-03-16 21:00,330.658,
2026-03-16 22:00,330.719,
2026-03-16 23:00,330.78,
2026-03-17 00:00,330.84,
2026-03-17 01:00,330.9,
2026-03-17 02:00,330.962,
2026-03-17 03:00,331.023,
2026-03-17 04:00,331.084,
2026-03-17 05:00,331.144,
2026-03-17 06:00,331.204,
2026-03-17 07:00,331.262,
2026-03-17 08:00,331.312,
2026-03-17 09:00,331.366,
2026-03-17 10:00,331.419,
2026-03-17 11:00,331.473,
2026-03-17 12:00,331.525,
2026-03-17 13:00,331.576,
2026-03-17 14:00,331.543,
2026-03-17 15:00,331.473,
2026-03-17 16:00,331.396,
2026-03-17 17:00,331.33,
2026-03-17 18:00,331.259,
2026-03-17 19:00,331.184,
2026-03-17 20:00,331.105,
2026-03-17 21:00,331.063,
2026-03-17 22:00,331.08,
2026-03-17 23:00,331.096,
2026-03-18 00:00,331.115,
2026-03-18 01:00,331.133,
2026-03-18 02:00,331.151,
2026-03-18 03:00,331.172,
2026-03-18 04:00,331.193,
2026-03-18 05:00,331.213,
2026-03-18 06:00,331.233,
2026-03-18 07:00,331.253,
2026-03-18 08:00,331.265,
2026-03-18 09:00,331.282,
2026-03-18 10:00,331.272,
2026-03-18 11:00,331.197,
2026-03-18 12:00,331.132,
2026-03-18 13:00,331.056,
2026-03-18 14:00,330.976,
2026-03-18 15:00,330.897,
2026-03-18 16:00,330.82,
2026-03-18 17:00,330.74,
2026-03-18 18:00,330.657,
2026-03-18 19:00,330.573,
2026-03-18 20:00,330.482,
2026-03-18 21:00,330.396,
2026-03-18 22:00,330.45,
2026-03-18 23:00,330.512,
2026-03-19 00:00,330.574,
2026-03-19 01:00,330.637,
2026-03-19 02:00,330.7,
2026-03-19 03:00,330.762,
2026-03-19 04:00,330.822,
2026-03-19 05:00,330.883,
2026-03-19 06:00,330.944,
2026-03-19 07:00,331.003,
2026-03-19 08:00,331.057,
2026-03-19 09:00,331.114,
2026-03-19 10:00,331.168,
2026-03-19 11:00,331.224,
2026-03-19 12:00,331.221,
2026-03-19 13:00,331.145,
2026-03-19 14:00,331.073,
2026-03-19 15:00,330.993,
2026-03-19 16:00,330.911,
2026-03-19 17:00,330.834,
2026-03-19 18:00,330.753,
2026-03-19 19:00,330.668,
2026-03-19 20:00,330.584,
2026-03-19 21:00,330.493,
2026-03-19 22:00,330.49,
2026-03-19 23:00,330.551,
2026-03-20 00:00,330.613,
2026-03-20 01:00,330.675,
2026-03-20 02:00,330.736,
2026-03-20 03:00,330.796,
2026-03-20 04:00,330.855,
2026-03-20 05:00,330.915,
2026-03-20 06:00,330.975,
2026-03-20 07:00,331.033,
2026-03-20 08:00,331.086,
2026-03-20 09:00,331.141,
2026-03-20 10:00,331.188,
2026-03-20 11:00,331.113,
2026-03-20 12:00,331.031,
2026-03-20 13:00,330.958,
2026-03-20 14:00,330.88,
2026-03-20 15:00,330.798,
2026-03-20 16:00,330.713,
2026-03-20 17:00,330.631,
2026-03-20 18:00,330.547,
2026-03-20 19:00,330.46,
2026-03-20 20:00,330.367,
2026-03-20 21:00,330.285,
2026-03-20 22:00,330.348,
2026-03-20 23:00,330.41,
2026-03-21 00:00,330.472,
2026-03-21 01:00,330.534,
2026-03-21 02:00,330.597,
2026-03-21 03:00,330.66,
2026-03-21 04:00,330.722,
2026-03-21 05:00,330.782,
2026-03-21 06:00,330.842,
2026-03-21 07:00,330.898,
2026-03-21 08:00,330.954,
2026-03-21 09:00,331.007,
2026-03-21 10:00,331.061,
2026-03-21 11:00,331.116,
2026-03-21 12:00,331.17,
2026-03-21 13:00,331.227,
2026-03-21 14:00,331.261,
2026-03-21 15:00,331.183,
2026-03-21 16:00,331.1,
2026-03-21 17:00,331.022,
2026-03-21 18:00,330.944,
2026-03-21 19:00,330.862,
2026-03-21 20:00,330.776,
2026-03-21 21:00,330.689,
2026-03-21 22:00,330.599,
2026-03-21 23:00,330.508,
2026-03-22 00:00,330.495,
2026-03-22 01:00,330.555,
2026-03-22 02:00,330.617,
2026-03-22 03:00,330.677,
2026-03-22 04:00,330.737,
2026-03-22 05:00,330.794,
2026-03-22 06:00,330.852,
2026-03-22 07:00,330.909,
2026-03-22 08:00,330.96,
2026-03-22 09:00,331.013,
2026-03-22 10:00,331.065,
2026-03-22 11:00,331.118,
2026-03-22 12:00,331.174,
2026-03-22 13:00,331.199,
2026-03-22 14:00,331.12,
2026-03-22 15:00,331.04,
2026-03-22 16:00,330.953,
2026-03-22 17:00,330.874,
2026-03-22 18:00,330.793,
2026-03-22 19:00,330.71,
2026-03-22 20:00,330.617,
2026-03-22 21:00,330.525,
2026-03-22 22:00,330.432,
2026-03-22 23:00,330.424,
2026-03-23 00:00,330.483,
2026-03-23 01:00,330.542,
2026-03-23 02:00,330.604,
2026-03-23 03:00,330.664,
2026-03-23 04:00,330.723,
2026-03-23 05:00,330.781,
2026-03-23 06:00,330.839,
2026-03-23 07:00,330.894,
2026-03-23 08:00,330.945,
2026-03-23 09:00,330.999,
2026-03-23 10:00,331.052,
2026-03-23 11:00,331.103,
2026-03-23 12:00,331.157,
2026-03-23 13:00,331.21,
2026-03-23 14:00,331.262,
2026-03-23 15:00,331.3,
2026-03-23 16:00,331.224,
2026-03-23 17:00,331.141,
2026-03-23 18:00,331.061,
2026-03-23 19:00,330.975,
2026-03-23 20:00,330.888,
2026-03-23 21:00,330.799,
2026-03-23 22:00,330.712,
2026-03-23 23:00,330.678,
2026-03-24 00:00,330.733,
2026-03-24 01:00,330.787,
2026-03-24 02:00,330.843,
2026-03-24 03:00,330.896,
2026-03-24 04:00,330.95,
2026-03-24 05:00,331.004,
2026-03-24 06:00,331.058,
2026-03-24 07:00,331.11,
2026-03-24 08:00,331.157,
2026-03-24 09:00,331.206,
2026-03-24 10:00,331.256,
2026-03-24 11:00,331.304,
2026-03-24 12:00,331.355,
2026-03-24 13:00,331.403,
2026-03-24 14:00,331.423,
2026-03-24 15:00,331.346,
2026-03-24 16:00,331.262,
2026-03-24 17:00,331.185,
2026-03-24 18:00,331.102,
2026-03-24 19:00,331.015,
2026-03-24 20:00,330.928,
2026-03-24 21:00,330.839,
2026-03-24 22:00,330.748,
2026-03-24 23:00,330.73,
2026-03-25 00:00,330.784,
2026-03-25 01:00,330.835,
2026-03-25 02:00,330.886,
2026-03-25 03:00,330.938,
2026-03-25 04:00,330.989,
2026-03-25 05:00,331.041,
2026-03-25 06:00,331.094,
2026-03-25 07:00,331.145,
2026-03-25 08:00,331.19,
2026-03-25 09:00,331.237,
2026-03-25 10:00,331.28,
2026-03-25 11:00,331.327,
2026-03-25 12:00,331.378,
2026-03-25 13:00,331.418,
2026-03-25 14:00,331.351,
2026-03-25 15:00,331.263,
2026-03-25 16:00,331.178,
2026-03-25 17:00,331.097,
2026-03-25 18:00,331.013,
2026-03-25 19:00,330.923,
2026-03-25 20:00,330.834,
2026-03-25 21:00,330.741,
2026-03-25 22:00,330.646,
2026-03-25 23:00,330.548,
2026-03-26 00:00,330.528,
2026-03-26 01:00,330.581,
2026-03-26 02:00,330.634,
2026-03-26 03:00,330.687,
2026-03-26 04:00,330.739,
2026-03-26 05:00,330.79,
2026-03-26 06:00,330.843,
2026-03-26 07:00,330.893,
2026-03-26 08:00,330.938,
2026-03-26 09:00,330.985,
2026-03-26 10:00,331.017,
2026-03-26 11:00,330.933,
2026-03-26 12:00,330.845,
2026-03-26 13:00,330.755,
2026-03-26 14:00,330.664,
2026-03-26 15:00,330.574,
2026-03-26 16:00,330.469,
2026-03-26 17:00,330.374,
2026-03-26 18:00,330.273,
2026-03-26 19:00,330.177,
2026-03-26 20:00,330.234,
2026-03-26 21:00,330.287,
2026-03-26 22:00,330.339,
2026-03-26 23:00,330.39,
2026-03-27 00:00,330.44,
2026-03-27 01:00,330.491,
2026-03-27 02:00,330.544,
2026-03-27 03:00,330.595,
2026-03-27 04:00,330.647,
2026-03-27 05:00,330.699,
2026-03-27 06:00,330.749,
2026-03-27 07:00,330.797,
2026-03-27 08:00,330.841,
2026-03-27 09:00,330.888,
2026-03-27 10:00,330.932,
2026-03-27 11:00,330.977,
2026-03-27 12:00,331.026,
2026-03-27 13:00,331.073,
2026-03-27 14:00,330.995,
2026-03-27 15:00,330.898,
2026-03-27 16:00,330.807,
2026-03-27 17:00,330.714,
2026-03-27 18:00,330.621,
2026-03-27 19:00,330.521,
2026-03-27 20:00,330.421,
2026-03-27 21:00,330.319,
2026-03-27 22:00,330.207,
2026-03-27 23:00,330.224,
2026-03-28 00:00,330.277,
2026-03-28 01:00,330.329,
2026-03-28 02:00,330.381,
2026-03-28 03:00,330.43,
2026-03-28 04:00,330.484,
2026-03-28 05:00,330.535,
2026-03-28 06:00,330.586,
2026-03-28 07:00,330.636,
2026-03-28 08:00,330.682,
2026-03-28 09:00,330.725,
2026-03-28 10:00,330.774,
2026-03-28 11:00,330.819,
2026-03-28 12:00,330.866,
2026-03-28 13:00,330.911,
2026-03-28 14:00,330.878,
2026-03-28 15:00,330.779,
2026-03-28 16:00,330.687,
2026-03-28 17:00,330.589,
2026-03-28 18:00,330.49,
2026-03-28 19:00,330.388,
2026-03-28 20:00,330.278,
2026-03-28 21:00,330.171,
2026-03-28 22:00,330.067,
2026-03-28 23:00,330.123,
2026-03-29 00:00,330.179,
2026-03-29 01:00,330.236,
2026-03-29 02:00,330.293,
2026-03-29 03:00,330.345,
2026-03-29 04:00,330.398,
2026-03-29 05:00,330.449,
2026-03-29 06:00,330.5,
2026-03-29 07:00,330.552,
2026-03-29 08:00,330.601,
2026-03-29 09:00,330.652,
2026-03-29 10:00,330.699,
2026-03-29 11:00,330.745,
2026-03-29 12:00,330.792,
2026-03-29 13:00,330.835,
2026-03-29 14:00,330.885,
2026-03-29 15:00,330.833,
2026-03-29 16:00,330.873,
2026-03-29 17:00,330.923,
2026-03-29 18:00,330.969,
2026-03-29 19:00,331.016,
2026-03-29 20:00,331.084,
2026-03-29 21:00,331.21,
2026-03-29 22:00,331.512,
2026-03-29 23:00,331.718,
2026-03-30 00:00,331.76,
2026-03-30 01:00,331.754,
2026-03-30 02:00,331.743,
2026-03-30 03:00,331.734,
2026-03-30 04:00,331.728,
2026-03-30 05:00,331.724,
2026-03-30 06:00,331.722,
2026-03-30 07:00,331.718,
2026-03-30 08:00,331.712,
2026-03-30 09:00,331.706,
2026-03-30 10:00,331.704,
2026-03-30 11:00,331.704,
2026-03-30 12:00,331.703,
2026-03-30 13:00,331.703,
2026-03-30 14:00,331.701,
2026-03-30 15:00,331.699,
2026-03-30 16:00,331.694,
2026-03-30 17:00,331.703,
2026-03-30 18:00,331.707,
2026-03-30 19:00,331.709,
2026-03-30 20:00,331.709,
2026-03-30 21:00,331.71,
2026-03-30 22:00,331.712,
2026-03-30 23:00,331.713,
2026-03-31 00:00,331.714,
2026-03-31 01:00,331.715,
2026-03-31 02:00,331.715,
2026-03-31 03:00,331.716,
2026-03-31 04:00,331.716,
2026-03-31 05:00,331.716,
2026-03-31 06:00,331.716,
2026-03-31 07:00,331.715,
2026-03-31 08:00,331.711,
2026-03-31 09:00,331.709,
2026-03-31 10:00,331.706,
2026-03-31 11:00,331.701,
2026-03-31 12:00,331.677,
2026-03-31 13:00,331.609,
2026-03-31 14:00,331.541,
2026-03-31 15:00,331.474,
2026-03-31 16:00,331.404,
2026-03-31 17:00,331.387,
2026-03-31 18:00,331.473,
2026-03-31 19:00,331.628,
2026-03-31 20:00,331.775,
2026-03-31 21:00,331.865,
2026-03-31 22:00,331.831,
2026-03-31 23:00,331.796,
2026-04-01 00:00,331.771,
2026-04-01 01:00,331.756,
2026-04-01 02:00,331.744,
2026-04-01 03:00,331.738,
2026-04-01 04:00,331.733,
2026-04-01 05:00,331.727,
2026-04-01 06:00,331.727,
2026-04-01 07:00,331.725,
2026-04-01 08:00,331.722,
2026-04-01 09:00,331.716,
2026-04-01 10:00,331.704,
2026-04-01 11:00,331.638,
2026-04-01 12:00,331.584,
2026-04-01 13:00,331.528,
2026-04-01 14:00,331.469,
2026-04-01 15:00,331.412,
2026-04-01 16:00,331.349,
2026-04-01 17:00,331.294,
2026-04-01 18:00,331.233,
2026-04-01 19:00,331.171,
2026-04-01 20:00,331.106,
2026-04-01 21:00,331.038,
2026-04-01 22:00,330.97,
2026-04-01 23:00,330.903,
2026-04-02 00:00,330.865,
2026-04-02 01:00,330.932,
2026-04-02 02:00,330.998,
2026-04-02 03:00,331.064,
2026-04-02 04:00,331.128,
2026-04-02 05:00,331.191,
2026-04-02 06:00,331.252,
2026-04-02 07:00,331.311,
2026-04-02 08:00,331.366,
2026-04-02 09:00,331.42,
2026-04-02 10:00,331.472,
2026-04-02 11:00,331.529,
2026-04-02 12:00,331.585,
2026-04-02 13:00,331.635,
2026-04-02 14:00,331.669,
2026-04-02 15:00,331.601,
2026-04-02 16:00,331.532,
2026-04-02 17:00,331.467,
2026-04-02 18:00,331.4,
2026-04-02 19:00,331.328,
2026-04-02 20:00,331.253,
2026-04-02 21:00,331.175,
2026-04-02 22:00,331.096,
2026-04-02 23:00,331.018,
2026-04-03 00:00,331.028,
2026-04-03 01:00,331.083,
2026-04-03 02:00,331.138,
2026-04-03 03:00,331.191,
2026-04-03 04:00,331.244,
2026-04-03 05:00,331.296,
2026-04-03 06:00,331.348,
2026-04-03 07:00,331.397,
2026-04-03 08:00,331.442,
2026-04-03 09:00,331.487,
2026-04-03 10:00,331.533,
2026-04-03 11:00,331.579,
2026-04-03 12:00,331.626,
2026-04-03 13:00,331.634,
2026-04-03 14:00,331.559,
2026-04-03 15:00,331.48,
2026-04-03 16:00,331.405,
2026-04-03 17:00,331.328,
2026-04-03 18:00,331.255,
2026-04-03 19:00,331.174,
2026-04-03 20:00,331.09,
2026-04-03 21:00,331.005,
2026-04-03 22:00,330.917,
2026-04-03 23:00,330.832,
2026-04-04 00:00,330.786,
2026-04-04 01:00,330.838,
2026-04-04 02:00,330.89,
2026-04-04 03:00,330.941,
2026-04-04 04:00,330.994,
2026-04-04 05:00,331.046,
2026-04-04 06:00,331.097,
2026-04-04 07:00,331.148,
2026-04-04 08:00,331.193,
2026-04-04 09:00,331.237,
2026-04-04 10:00,331.281,
2026-04-04 11:00,331.328,
2026-04-04 12:00,331.375,
2026-04-04 13:00,331.421,
2026-04-04 14:00,331.459,
2026-04-04 15:00,331.5,
2026-04-04 16:00,331.538,
2026-04-04 17:00,331.576,
2026-04-04 18:00,331.554,
2026-04-04 19:00,331.474,
2026-04-04 20:00,331.393,
2026-04-04 21:00,331.311,
2026-04-04 22:00,331.226,
2026-04-04 23:00,331.144,
2026-04-05 00:00,331.153,
2026-04-05 01:00,331.202,
2026-04-05 02:00,331.247,
2026-04-05 03:00,331.292,
2026-04-05 04:00,331.337,
2026-04-05 05:00,331.384,
2026-04-05 06:00,331.427,
2026-04-05 07:00,331.468,
2026-04-05 08:00,331.505,
2026-04-05 09:00,331.541,
2026-04-05 10:00,331.578,
2026-04-05 11:00,331.62,
2026-04-05 12:00,331.656,
2026-04-05 13:00,331.678,
2026-04-05 14:00,331.684,
2026-04-05 15:00,331.666,
2026-04-05 16:00,331.581,
2026-04-05 17:00,331.502,
2026-04-05 18:00,331.426,
2026-04-05 19:00,331.342,
2026-04-05 20:00,331.255,
2026-04-05 21:00,331.164,
2026-04-05 22:00,331.074,
2026-04-05 23:00,330.986,
2026-04-06 00:00,331.03,
2026-04-06 01:00,331.077,
2026-04-06 02:00,331.121,
2026-04-06 03:00,331.164,
2026-04-06 04:00,331.211,
2026-04-06 05:00,331.254,
2026-04-06 06:00,331.298,
2026-04-06 07:00,331.34,
2026-04-06 08:00,331.379,
2026-04-06 09:00,331.416,
2026-04-06 10:00,331.446,
2026-04-06 11:00,331.364,
2026-04-06 12:00,331.282,
2026-04-06 13:00,331.196,
2026-04-06 14:00,331.106,
2026-04-06 15:00,331.015,
2026-04-06 16:00,330.928,
2026-04-06 17:00,330.835,
2026-04-06 18:00,330.742,
2026-04-06 19:00,330.654,
2026-04-06 20:00,330.553,
2026-04-06 21:00,330.461,
2026-04-06 22:00,330.516,
2026-04-06 23:00,330.569,
2026-04-07 00:00,330.636,
2026-04-07 01:00,330.757,
2026-04-07 02:00,330.853,
2026-04-07 03:00,330.933,
2026-04-07 04:00,331.006,
2026-04-07 05:00,331.071,
2026-04-07 06:00,331.13,
2026-04-07 07:00,331.181,
2026-04-07 08:00,331.228,
2026-04-07 09:00,331.28,
2026-04-07 10:00,331.322,
2026-04-07 11:00,331.373,
2026-04-07 12:00,331.419,
2026-04-07 13:00,331.46,
2026-04-07 14:00,331.398,
2026-04-07 15:00,331.316,
2026-04-07 16:00,331.234,
2026-04-07 17:00,331.151,
2026-04-07 18:00,331.068,
2026-04-07 19:00,330.983,
2026-04-07 20:00,330.894,
2026-04-07 21:00,330.802,
2026-04-07 22:00,330.731,
2026-04-07 23:00,330.78,
2026-04-08 00:00,330.83,
2026-04-08 01:00,330.878,
2026-04-08 02:00,330.927,
2026-04-08 03:00,330.976,
2026-04-08 04:00,331.027,
2026-04-08 05:00,331.076,
2026-04-08 06:00,331.124,
2026-04-08 07:00,331.17,
2026-04-08 08:00,331.211,
2026-04-08 09:00,331.255,
2026-04-08 10:00,331.295,
2026-04-08 11:00,331.341,
2026-04-08 12:00,331.384,
2026-04-08 13:00,331.426,
2026-04-08 14:00,331.355,
2026-04-08 15:00,331.266,
2026-04-08 16:00,331.182,
2026-04-08 17:00,331.094,
2026-04-08 18:00,331.009,
2026-04-08 19:00,330.919,
2026-04-08 20:00,330.827,
2026-04-08 21:00,330.732,
2026-04-08 22:00,330.659,
2026-04-08 23:00,330.707,
2026-04-09 00:00,330.755,
2026-04-09 01:00,330.8,
2026-04-09 02:00,330.847,
2026-04-09 03:00,330.894,
2026-04-09 04:00,330.94,
2026-04-09 05:00,330.986,
2026-04-09 06:00,331.033,
2026-04-09 07:00,331.079,
2026-04-09 08:00,331.12,
2026-04-09 09:00,331.163,
2026-04-09 10:00,331.204,
2026-04-09 11:00,331.249,
2026-04-09 12:00,331.292,
2026-04-09 13:00,331.328,
2026-04-09 14:00,331.368,
2026-04-09 15:00,331.415,
2026-04-09 16:00,331.455,
2026-04-09 17:00,331.513,
2026-04-09 18:00,331.569,
2026-04-09 19:00,331.781,
2026-04-09 20:00,331.811,
2026-04-09 21:00,331.787,
2026-04-09 22:00,331.765,
2026-04-09 23:00,331.752,
2026-04-10 00:00,331.74,
2026-04-10 01:00,331.733,
2026-04-10 02:00,331.728,
2026-04-10 03:00,331.724,
2026-04-10 04:00,331.722,
2026-04-10 05:00,331.719,
2026-04-10 06:00,331.717,
2026-04-10 07:00,331.715,
2026-04-10 08:00,331.707,
2026-04-10 09:00,331.703,
2026-04-10 10:00,331.655,
2026-04-10 11:00,331.593,
2026-04-10 12:00,331.53,
2026-04-10 13:00,331.461,
2026-04-10 14:00,331.394,
2026-04-10 15:00,331.319,
2026-04-10 16:00,331.25,
2026-04-10 17:00,331.176,
2026-04-10 18:00,331.105,
2026-04-10 19:00,331.028,
2026-04-10 20:00,330.949,
2026-04-10 21:00,330.868,
2026-04-10 22:00,330.786,
2026-04-10 23:00,330.791,
2026-04-11 00:00,330.847,
2026-04-11 01:00,330.904,
2026-04-11 02:00,330.962,
2026-04-11 03:00,331.019,
2026-04-11 04:00,331.074,
2026-04-11 05:00,331.129,
2026-04-11 06:00,331.182,
2026-04-11 07:00,331.233,
2026-04-11 08:00,331.279,
2026-04-11 09:00,331.324,
2026-04-11 10:00,331.34,
2026-04-11 11:00,331.266,
2026-04-11 12:00,331.19,
2026-04-11 13:00,331.107,
2026-04-11 14:00,331.022,
2026-04-11 15:00,330.936,
2026-04-11 16:00,330.846,
2026-04-11 17:00,330.762,
2026-04-11 18:00,330.68,
2026-04-11 19:00,330.594,
2026-04-11 20:00,330.504,
2026-04-11 21:00,330.419,
2026-04-11 22:00,330.347,
2026-04-11 23:00,330.408,
2026-04-12 00:00,330.486,
2026-04-12 01:00,330.561,
2026-04-12 02:00,330.631,
2026-04-12 03:00,330.698,
2026-04-12 04:00,330.76,
2026-04-12 05:00,330.82,
2026-04-12 06:00,330.878,
2026-04-12 07:00,330.932,
2026-04-12 08:00,330.982,
2026-04-12 09:00,331.032,
2026-04-12 10:00,331.085,
2026-04-12 11:00,331.136,
2026-04-12 12:00,331.191,
2026-04-12 13:00,331.238,
2026-04-12 14:00,331.159,
2026-04-12 15:00,331.076,
2026-04-12 16:00,330.989,
2026-04-12 17:00,330.907,
2026-04-12 18:00,330.826,
2026-04-12 19:00,330.74,
2026-04-12 20:00,330.651,
2026-04-12 21:00,330.558,
2026-04-12 22:00,330.466,
2026-04-12 23:00,330.493,
2026-04-13 00:00,330.548,
2026-04-13 01:00,330.604,
2026-04-13 02:00,330.661,
2026-04-13 03:00,330.715,
2026-04-13 04:00,330.768,
2026-04-13 05:00,330.821,
2026-04-13 06:00,330.872,
2026-04-13 07:00,330.922,
2026-04-13 08:00,330.968,
2026-04-13 09:00,331.014,
2026-04-13 10:00,331.065,
2026-04-13 11:00,331.115,
2026-04-13 12:00,331.165,
2026-04-13 13:00,331.209,
2026-04-13 14:00,331.136,
2026-04-13 15:00,331.044,
2026-04-13 16:00,330.956,
2026-04-13 17:00,330.866,
2026-04-13 18:00,330.78,
2026-04-13 19:00,330.69,
2026-04-13 20:00,330.592,
2026-04-13 21:00,330.49,
2026-04-13 22:00,330.39,
2026-04-13 23:00,330.313,
2026-04-14 00:00,330.364,
2026-04-14 01:00,330.416,
2026-04-14 02:00,330.467,
2026-04-14 03:00,330.518,
2026-04-14 04:00,330.568,
2026-04-14 05:00,330.619,
2026-04-14 06:00,330.669,
2026-04-14 07:00,330.718,
2026-04-14 08:00,330.762,
2026-04-14 09:00,330.803,
2026-04-14 10:00,330.853,
2026-04-14 11:00,330.897,
2026-04-14 12:00,330.944,
2026-04-14 13:00,330.988,
2026-04-14 14:00,331.018,
2026-04-14 15:00,330.927,
2026-04-14 16:00,330.83,
2026-04-14 17:00,330.737,
2026-04-14 18:00,330.647,
2026-04-14 19:00,330.545,
2026-04-14 20:00,330.445,
2026-04-14 21:00,330.359,
2026-04-14 22:00,330.41,
2026-04-14 23:00,330.458,
2026-04-15 00:00,330.506,
2026-04-15 01:00,330.555,
2026-04-15 02:00,330.604,
2026-04-15 03:00,330.656,
2026-04-15 04:00,330.704,
2026-04-15 05:00,330.752,
2026-04-15 06:00,330.8,
2026-04-15 07:00,330.844,
2026-04-15 08:00,330.887,
2026-04-15 09:00,330.928,
2026-04-15 10:00,330.971,
2026-04-15 11:00,331.019,
2026-04-15 12:00,331.066,
2026-04-15 13:00,331.109,
2026-04-15 14:00,331.113,
2026-04-15 15:00,331.023,
2026-04-15 16:00,330.931,
2026-04-15 17:00,330.836,
2026-04-15 18:00,330.742,
2026-04-15 19:00,330.642,
2026-04-15 20:00,330.539,
2026-04-15 21:00,330.437,
2026-04-15 22:00,330.333,
2026-04-15 23:00,330.348,
2026-04-16 00:00,330.398,
2026-04-16 01:00,330.446,
2026-04-16 02:00,330.496,
2026-04-16 03:00,330.545,
2026-04-16 04:00,330.596,
2026-04-16 05:00,330.646,
2026-04-16 06:00,330.695,
2026-04-16 07:00,330.741,
2026-04-16 08:00,330.781,
2026-04-16 09:00,330.825,
2026-04-16 10:00,330.871,
2026-04-16 11:00,330.915,
2026-04-16 12:00,330.96,
2026-04-16 13:00,331.005,
2026-04-16 14:00,331.043,
2026-04-16 15:00,331.077,
2026-04-16 16:00,330.991,
2026-04-16 17:00,330.896,
2026-04-16 18:00,330.805,
2026-04-16 19:00,330.705,
2026-04-16 20:00,330.604,
2026-04-16 21:00,330.504,
2026-04-16 22:00,330.403,
2026-04-16 23:00,330.311,
2026-04-17 00:00,330.36,
2026-04-17 01:00,330.409,
2026-04-17 02:00,330.457,
2026-04-17 03:00,330.504,
2026-04-17 04:00,330.553,
2026-04-17 05:00,330.601,
2026-04-17 06:00,330.651,
2026-04-17 07:00,330.697,
2026-04-17 08:00,330.737,
2026-04-17 09:00,330.777,
2026-04-17 10:00,330.821,
2026-04-17 11:00,330.865,
2026-04-17 12:00,330.908,
2026-04-17 13:00,330.953,
2026-04-17 14:00,330.993,
2026-04-17 15:00,331.024,
2026-04-17 16:00,330.965,
2026-04-17 17:00,330.877,
2026-04-17 18:00,330.782,
2026-04-17 19:00,330.682,
2026-04-17 20:00,330.579,
2026-04-17 21:00,330.478,
2026-04-17 22:00,330.375,
2026-04-17 23:00,330.363,
2026-04-18 00:00,330.415,
2026-04-18 01:00,330.464,
2026-04-18 02:00,330.514,
2026-04-18 03:00,330.564,
2026-04-18 04:00,330.612,
2026-04-18 05:00,330.661,
2026-04-18 06:00,330.71,
2026-04-18 07:00,330.756,
2026-04-18 08:00,330.8,
2026-04-18 09:00,330.84,
2026-04-18 10:00,330.881,
2026-04-18 11:00,330.927,
2026-04-18 12:00,330.97,
2026-04-18 13:00,331.015,
2026-04-18 14:00,331.056,
2026-04-18 15:00,331.082,
2026-04-18 16:00,330.987,
2026-04-18 17:00,330.893,
2026-04-18 18:00,330.802,
2026-04-18 19:00,330.704,
2026-04-18 20:00,330.599,
2026-04-18 21:00,330.494,
2026-04-18 22:00,330.474,
2026-04-18 23:00,330.517,
2026-04-19 00:00,330.561,
2026-04-19 01:00,330.604,
2026-04-19 02:00,330.651,
2026-04-19 03:00,330.694,
2026-04-19 04:00,330.737,
2026-04-19 05:00,330.782,
2026-04-19 06:00,330.824,
2026-04-19 07:00,330.864,
2026-04-19 08:00,330.898,
2026-04-19 09:00,330.939,
2026-04-19 10:00,330.98,
2026-04-19 11:00,331.02,
2026-04-19 12:00,331.066,
2026-04-19 13:00,331.101,
2026-04-19 14:00,331.138,
2026-04-19 15:00,331.079,
2026-04-19 16:00,330.983,
2026-04-19 17:00,330.888,
2026-04-19 18:00,330.791,
2026-04-19 19:00,330.692,
2026-04-19 20:00,330.585,
2026-04-19 21:00,330.477,
2026-04-19 22:00,330.367,
2026-04-19 23:00,330.377,
2026-04-20 00:00,330.419,
2026-04-20 01:00,330.463,
2026-04-20 02:00,330.506,
2026-04-20 03:00,330.548,
2026-04-20 04:00,330.594,
2026-04-20 05:00,330.637,
2026-04-20 06:00,330.681,
2026-04-20 07:00,330.722,
2026-04-20 08:00,330.758,
2026-04-20 09:00,330.794,
2026-04-20 10:00,330.832,
2026-04-20 11:00,330.874,
2026-04-20 12:00,330.913,
2026-04-20 13:00,330.954,
2026-04-20 14:00,330.985,
2026-04-20 15:00,330.897,
2026-04-20 16:00,330.797,
2026-04-20 17:00,330.699,
2026-04-20 18:00,330.596,
2026-04-20 19:00,330.488,
2026-04-20 20:00,330.375,
2026-04-20 21:00,330.262,
2026-04-20 22:00,330.14,
2026-04-20 23:00,330.157,
2026-04-21 00:00,330.202,
2026-04-21 01:00,330.247,
2026-04-21 02:00,330.294,
2026-04-21 03:00,330.338,
2026-04-21 04:00,330.381,
2026-04-21 05:00,330.423,
2026-04-21 06:00,330.467,
2026-04-21 07:00,330.507,
2026-04-21 08:00,330.543,
2026-04-21 09:00,330.582,
2026-04-21 10:00,330.623,
2026-04-21 11:00,330.663,
2026-04-21 12:00,330.703,
2026-04-21 13:00,330.744,
2026-04-21 14:00,330.772,
2026-04-21 15:00,330.815,
2026-04-21 16:00,330.737,
2026-04-21 17:00,330.633,
2026-04-21 18:00,330.528,
2026-04-21 19:00,330.418,
2026-04-21 20:00,330.305,
2026-04-21 21:00,330.183,
2026-04-21 22:00,330.055,
2026-04-21 23:00,330.038,
2026-04-22 00:00,330.086,
2026-04-22 01:00,330.132,
2026-04-22 02:00,330.179,
2026-04-22 03:00,330.227,
2026-04-22 04:00,330.273,
2026-04-22 05:00,330.318,
2026-04-22 06:00,330.361,
2026-04-22 07:00,330.403,
2026-04-22 08:00,330.438,
2026-04-22 09:00,330.475,
2026-04-22 10:00,330.511,
2026-04-22 11:00,330.54,
2026-04-22 12:00,330.584,
2026-04-22 13:00,330.623,
2026-04-22 14:00,330.655,
2026-04-22 15:00,330.694,
2026-04-22 16:00,330.728,
2026-04-22 17:00,330.766,
2026-04-22 18:00,330.804,
2026-04-22 19:00,330.839,
2026-04-22 20:00,330.87,
2026-04-22 21:00,330.902,
2026-04-22 22:00,330.934,
2026-04-22 23:00,330.967,
2026-04-23 00:00,330.999,
2026-04-23 01:00,331.032,
2026-04-23 02:00,331.067,
2026-04-23 03:00,331.101,
2026-04-23 04:00,331.136,
2026-04-23 05:00,331.17,
2026-04-23 06:00,331.206,
2026-04-23 07:00,331.236,
2026-04-23 08:00,331.263,
2026-04-23 09:00,331.289,
2026-04-23 10:00,331.319,
2026-04-23 11:00,331.352,
2026-04-23 12:00,331.382,
2026-04-23 13:00,331.409,
2026-04-23 14:00,331.441,
2026-04-23 15:00,331.465,
2026-04-23 16:00,331.492,
2026-04-23 17:00,331.522,
2026-04-23 18:00,331.555,
2026-04-23 19:00,331.582,
2026-04-23 20:00,331.609,
2026-04-23 21:00,331.634,
2026-04-23 22:00,331.657,
2026-04-23 23:00,331.679,
2026-04-24 00:00,331.69,
2026-04-24 01:00,331.696,
2026-04-24 02:00,331.7,
2026-04-24 03:00,331.702,
2026-04-24 04:00,331.701,
2026-04-24 05:00,331.702,
2026-04-24 06:00,331.703,
2026-04-24 07:00,331.701,
2026-04-24 08:00,331.694,
2026-04-24 09:00,331.688,
2026-04-24 10:00,331.687,
2026-04-24 11:00,331.686,
2026-04-24 12:00,331.69,
2026-04-24 13:00,331.686,
2026-04-24 14:00,331.683,
2026-04-24 15:00,331.684,
2026-04-24 16:00,331.683,
2026-04-24 17:00,331.686,
2026-04-24 18:00,331.689,
2026-04-24 19:00,331.691,
2026-04-24 20:00,331.693,
2026-04-24 21:00,331.694,
2026-04-24 22:00,331.696,
2026-04-24 23:00,331.699,
2026-04-25 00:00,331.696,
2026-04-25 01:00,331.697,
2026-04-25 02:00,331.699,
2026-04-25 03:00,331.699,
2026-04-25 04:00,331.701,
2026-04-25 05:00,331.702,
2026-04-25 06:00,331.702,
2026-04-25 07:00,331.702,
2026-04-25 08:00,331.7,
2026-04-25 09:00,331.694,
2026-04-25 10:00,331.691,
2026-04-25 11:00,331.691,
2026-04-25 12:00,331.693,
2026-04-25 13:00,331.692,
2026-04-25 14:00,331.69,
2026-04-25 15:00,331.69,
2026-04-25 16:00,331.689,
2026-04-25 17:00,331.69,
2026-04-25 18:00,331.692,
2026-04-25 19:00,331.694,
2026-04-25 20:00,331.695,
2026-04-25 21:00,331.696,
2026-04-25 22:00,331.697,
2026-04-25 23:00,331.699,
2026-04-26 00:00,331.7,
2026-04-26 01:00,331.701,
2026-04-26 02:00,331.701,
2026-04-26 03:00,331.702,
2026-04-26 04:00,331.702,
2026-04-26 05:00,331.703,
2026-04-26 06:00,331.703,
2026-04-26 07:00,331.701,
2026-04-26 08:00,331.693,
2026-04-26 09:00,331.689,
2026-04-26 10:00,331.69,
2026-04-26 11:00,331.688,
2026-04-26 12:00,331.689,
2026-04-26 13:00,331.685,
2026-04-26 14:00,331.689,
2026-04-26 15:00,331.685,
2026-04-26 16:00,331.686,
2026-04-26 17:00,331.685,
2026-04-26 18:00,331.689,
2026-04-26 19:00,331.691,
2026-04-26 20:00,331.693,
2026-04-26 21:00,331.694,
2026-04-26 22:00,331.695,
2026-04-26 23:00,331.696,
2026-04-27 00:00,331.697,
2026-04-27 01:00,331.698,
2026-04-27 02:00,331.699,
2026-04-27 03:00,331.7,
2026-04-27 04:00,331.701,
2026-04-27 05:00,331.701,
2026-04-27 06:00,331.702,
2026-04-27 07:00,331.7,
2026-04-27 08:00,331.692,
2026-04-27 09:00,331.691,
2026-04-27 10:00,331.691,
2026-04-27 11:00,331.69,
2026-04-27 12:00,331.689,
2026-04-27 13:00,331.686,
2026-04-27 14:00,331.683,
2026-04-27 15:00,331.682,
2026-04-27 16:00,331.682,
2026-04-27 17:00,331.683,
2026-04-27 18:00,331.688,
2026-04-27 19:00,331.692,
2026-04-27 20:00,331.694,
2026-04-27 21:00,331.695,
2026-04-27 22:00,331.696,
2026-04-27 23:00,331.696,
2026-04-28 00:00,331.698,
2026-04-28 01:00,331.696,
2026-04-28 02:00,331.697,
2026-04-28 03:00,331.698,
2026-04-28 04:00,331.699,
2026-04-28 05:00,331.7,
2026-04-28 06:00,331.701,
2026-04-28 07:00,331.7,
2026-04-28 08:00,331.694,
2026-04-28 09:00,331.69,
2026-04-28 10:00,331.688,
2026-04-28 11:00,331.689,
2026-04-28 12:00,331.689,
2026-04-28 13:00,331.686,
2026-04-28 14:00,331.683,
2026-04-28 15:00,331.685,
2026-04-28 16:00,331.684,
2026-04-28 17:00,331.687,
2026-04-28 18:00,331.69,
2026-04-28 19:00,331.693,
2026-04-28 20:00,331.695,
2026-04-28 21:00,331.695,
2026-04-28 22:00,331.695,
2026-04-28 23:00,331.696,
2026-04-29 00:00,331.698,
2026-04-29 01:00,331.698,
2026-04-29 02:00,331.7,
2026-04-29 03:00,331.7,
2026-04-29 04:00,331.701,
2026-04-29 05:00,331.701,
2026-04-29 06:00,331.702,
2026-04-29 07:00,331.701,
2026-04-29 08:00,331.696,
2026-04-29 09:00,331.692,
2026-04-29 10:00,331.69,
2026-04-29 11:00,331.69,
2026-04-29 12:00,331.69,
2026-04-29 13:00,331.688,
2026-04-29 14:00,331.686,
2026-04-29 15:00,331.682,
2026-04-29 16:00,331.688,
2026-04-29 17:00,331.689,
2026-04-29 18:00,331.692,
2026-04-29 19:00,331.694,
2026-04-29 20:00,331.695,
2026-04-29 21:00,331.695,
2026-04-29 22:00,331.696,
2026-04-29 23:00,331.697,
2026-04-30 00:00,331.699,
2026-04-30 01:00,331.7,
2026-04-30 02:00,331.701,
2026-04-30 03:00,331.702,
2026-04-30 04:00,331.702,
2026-04-30 05:00,331.702,
2026-04-30 06:00,331.702,
2026-04-30 07:00,331.701,
2026-04-30 08:00,331.693,
2026-04-30 09:00,331.689,
2026-04-30 10:00,331.686,
2026-04-30 11:00,331.687,
2026-04-30 12:00,331.686,
2026-04-30 13:00,331.688,
2026-04-30 14:00,331.683,
2026-04-30 15:00,331.682,
2026-04-30 16:00,331.681,
2026-04-30 17:00,331.685,
2026-04-30 18:00,331.69,
2026-04-30 19:00,331.691,
2026-04-30 20:00,331.695,
2026-04-30 21:00,331.695,
2026-04-30 22:00,331.696,
2026-04-30 23:00,331.697,
2026-05-01 00:00,331.697,
2026-05-01 01:00,331.698,
2026-05-01 02:00,331.697,
2026-05-01 03:00,331.698,
2026-05-01 04:00,331.699,
2026-05-01 05:00,331.699,
2026-05-01 06:00,331.7,
2026-05-01 07:00,331.698,
2026-05-01 08:00,331.69,
2026-05-01 09:00,331.688,
2026-05-01 10:00,331.688,
2026-05-01 11:00,331.686,
2026-05-01 12:00,331.687,
2026-05-01 13:00,331.687,
2026-05-01 14:00,331.687,
2026-05-01 15:00,331.686,
2026-05-01 16:00,331.687,
2026-05-01 17:00,331.689,
2026-05-01 18:00,331.69,
2026-05-01 19:00,331.692,
2026-05-01 20:00,331.692,
2026-05-01 21:00,331.692,
2026-05-01 22:00,331.693,
2026-05-01 23:00,331.693,
2026-05-02 00:00,331.694,
2026-05-02 01:00,331.695,
2026-05-02 02:00,331.695,
2026-05-02 03:00,331.696,
2026-05-02 04:00,331.697,
2026-05-02 05:00,331.698,
2026-05-02 06:00,331.698,
2026-05-02 07:00,331.696,
2026-05-02 08:00,331.69,
2026-05-02 09:00,331.685,
2026-05-02 10:00,331.685,
2026-05-02 11:00,331.684,
2026-05-02 12:00,331.685,
2026-05-02 13:00,331.684,
2026-05-02 14:00,331.685,
2026-05-02 15:00,331.684,
2026-05-02 16:00,331.687,
2026-05-02 17:00,331.692,
2026-05-02 18:00,331.692,
2026-05-02 19:00,331.694,
2026-05-02 20:00,331.696,
2026-05-02 21:00,331.695,
2026-05-02 22:00,331.696,
2026-05-02 23:00,331.696,
2026-05-03 00:00,331.696,
2026-05-03 01:00,331.697,
2026-05-03 02:00,331.698,
2026-05-03 03:00,331.696,
2026-05-03 04:00,331.696,
2026-05-03 05:00,331.697,
2026-05-03 06:00,331.698,
2026-05-03 07:00,331.697,
2026-05-03 08:00,331.693,
2026-05-03 09:00,331.687,
2026-05-03 10:00,331.685,
2026-05-03 11:00,331.686,
2026-05-03 12:00,331.689,
2026-05-03 13:00,331.689,
2026-05-03 14:00,331.684,
2026-05-03 15:00,331.684,
2026-05-03 16:00,331.682,
2026-05-03 17:00,331.686,
2026-05-03 18:00,331.688,
2026-05-03 19:00,331.692,
2026-05-03 20:00,331.693,
2026-05-03 21:00,331.694,
2026-05-03 22:00,331.695,
2026-05-03 23:00,331.696,
2026-05-04 00:00,331.696,
2026-05-04 01:00,331.697,
2026-05-04 02:00,331.698,
2026-05-04 03:00,331.696,
2026-05-04 04:00,331.696,
2026-05-04 05:00,331.697,
2026-05-04 06:00,331.697,
2026-05-04 07:00,331.694,
2026-05-04 08:00,331.688,
2026-05-04 09:00,331.684,
2026-05-04 10:00,331.686,
2026-05-04 11:00,331.685,
2026-05-04 12:00,331.686,
2026-05-04 13:00,331.685,
2026-05-04 14:00,331.686,
2026-05-04 15:00,331.69,
2026-05-04 16:00,331.688,
2026-05-04 17:00,331.691,
2026-05-04 18:00,331.691,
2026-05-04 19:00,331.692,
2026-05-04 20:00,331.693,
2026-05-04 21:00,331.693,
2026-05-04 22:00,331.694,
2026-05-04 23:00,331.694,
2026-05-05 00:00,331.695,
2026-05-05 01:00,331.696,
2026-05-05 02:00,331.697,
2026-05-05 03:00,331.697,
2026-05-05 04:00,331.698,
2026-05-05 05:00,331.696,
2026-05-05 06:00,331.696,
2026-05-05 07:00,331.694,
2026-05-05 08:00,331.691,
2026-05-05 09:00,331.69,
2026-05-05 10:00,331.687,
2026-05-05 11:00,331.686,
2026-05-05 12:00,331.686,
2026-05-05 13:00,331.684,
2026-05-05 14:00,331.683,
2026-05-05 15:00,331.682,
2026-05-05 16:00,331.684,
2026-05-05 17:00,331.685,
2026-05-05 18:00,331.688,
2026-05-05 19:00,331.69,
2026-05-05 20:00,331.69,
2026-05-05 21:00,331.691,
2026-05-05 22:00,331.692,
2026-05-05 23:00,331.693,
2026-05-06 00:00,331.693,
2026-05-06 01:00,331.694,
2026-05-06 02:00,331.695,
2026-05-06 03:00,331.696,
2026-05-06 04:00,331.697,
2026-05-06 05:00,331.698,
2026-05-06 06:00,331.7,
2026-05-06 07:00,331.694,
2026-05-06 08:00,331.687,
2026-05-06 09:00,331.684,
2026-05-06 10:00,331.683,
2026-05-06 11:00,331.686,
2026-05-06 12:00,331.684,
2026-05-06 13:00,331.683,
2026-05-06 14:00,331.683,
2026-05-06 15:00,331.677,
2026-05-06 16:00,331.681,
2026-05-06 17:00,331.685,
2026-05-06 18:00,331.688,
2026-05-06 19:00,331.689,
2026-05-06 20:00,331.69,
2026-05-06 21:00,331.691,
2026-05-06 22:00,331.692,
2026-05-06 23:00,331.693,
2026-05-07 00:00,331.694,
2026-05-07 01:00,331.695,
2026-05-07 02:00,331.696,
2026-05-07 03:00,331.697,
2026-05-07 04:00,331.699,
2026-05-07 05:00,331.697,
2026-05-07 06:00,331.697,
2026-05-07 07:00,331.693,
2026-05-07 08:00,331.685,
2026-05-07 09:00,331.684,
2026-05-07 10:00,331.682,
2026-05-07 11:00,331.681,
2026-05-07 12:00,331.684,
2026-05-07 13:00,331.705,
2026-05-07 14:00,331.7,
2026-05-07 15:00,331.693,
2026-05-07 16:00,331.693,
2026-05-07 17:00,331.694,
2026-05-07 18:00,331.726,
2026-05-07 19:00,331.725,
2026-05-07 20:00,331.746,
2026-05-07 21:00,331.774,
2026-05-07 22:00,331.767,
2026-05-07 23:00,331.753,
2026-05-08 00:00,331.74,
2026-05-08 01:00,331.73,
2026-05-08 02:00,331.723,
2026-05-08 03:00,331.717,
2026-05-08 04:00,331.712,
2026-05-08 05:00,331.709,
2026-05-08 06:00,331.706,
2026-05-08 07:00,331.703,
2026-05-08 08:00,331.7,
2026-05-08 09:00,331.697,
2026-05-08 10:00,331.692,
2026-05-08 11:00,331.692,
2026-05-08 12:00,331.688,
2026-05-08 13:00,331.69,
2026-05-08 14:00,331.687,
2026-05-08 15:00,331.684,
2026-05-08 16:00,331.688,
2026-05-08 17:00,331.687,
2026-05-08 18:00,331.692,
2026-05-08 19:00,331.693,
2026-05-08 20:00,331.694,
2026-05-08 21:00,331.694,
2026-05-08 22:00,331.695,
2026-05-08 23:00,331.696,
2026-05-09 00:00,331.695,
2026-05-09 01:00,331.696,
2026-05-09 02:00,331.7,
2026-05-09 03:00,331.701,
2026-05-09 04:00,331.7,
2026-05-09 05:00,331.702,
2026-05-09 06:00,331.714,
2026-05-09 07:00,331.714,
2026-05-09 08:00,331.709,
2026-05-09 09:00,331.704,
2026-05-09 10:00,331.698,
2026-05-09 11:00,331.695,
2026-05-09 12:00,331.694,
2026-05-09 13:00,331.692,
2026-05-09 14:00,331.689,
2026-05-09 15:00,331.687,
2026-05-09 16:00,331.687,
2026-05-09 17:00,331.69,
2026-05-09 18:00,331.692,
2026-05-09 19:00,331.694,
2026-05-09 20:00,331.695,
2026-05-09 21:00,331.695,
2026-05-09 22:00,331.696,
2026-05-09 23:00,331.696,
2026-05-10 00:00,331.697,
2026-05-10 01:00,331.698,
2026-05-10 02:00,331.699,
2026-05-10 03:00,331.7,
2026-05-10 04:00,331.7,
2026-05-10 05:00,331.7,
2026-05-10 06:00,331.701,
2026-05-10 07:00,331.698,
2026-05-10 08:00,331.693,
2026-05-10 09:00,331.69,
2026-05-10 10:00,331.694,
2026-05-10 11:00,331.691,
2026-05-10 12:00,331.692,
2026-05-10 13:00,331.691,
2026-05-10 14:00,331.694,
2026-05-10 15:00,331.694,
2026-05-10 16:00,331.692,
2026-05-10 17:00,331.696,
2026-05-10 18:00,331.696,
2026-05-10 19:00,331.697,
2026-05-10 20:00,331.697,
2026-05-10 21:00,331.699,
2026-05-10 22:00,331.703,
2026-05-10 23:00,331.707,
2026-05-11 00:00,331.707,
2026-05-11 01:00,331.705,
2026-05-11 02:00,331.704,
2026-05-11 03:00,331.702,
2026-05-11 04:00,331.702,
2026-05-11 05:00,331.702,
2026-05-11 06:00,331.702,
2026-05-11 07:00,331.7,
2026-05-11 08:00,331.698,
2026-05-11 09:00,331.692,
2026-05-11 10:00,331.692,
2026-05-11 11:00,331.692,
2026-05-11 12:00,331.69,
2026-05-11 13:00,331.694,
2026-05-11 14:00,331.691,
2026-05-11 15:00,331.692,
2026-05-11 16:00,331.702,
2026-05-11 17:00,331.706,
2026-05-11 18:00,331.706,
2026-05-11 19:00,331.706,
2026-05-11 20:00,331.705,
2026-05-11 21:00,331.703,
2026-05-11 22:00,331.702,
2026-05-11 23:00,331.701,
2026-05-12 00:00,331.701,
2026-05-12 01:00,331.701,
2026-05-12 02:00,331.701,
2026-05-12 03:00,331.701,
2026-05-12 04:00,331.701,
2026-05-12 05:00,331.701,
2026-05-12 06:00,331.701,
2026-05-12 07:00,331.699,
2026-05-12 08:00,331.696,
2026-05-12 09:00,331.694,
2026-05-12 10:00,331.692,
2026-05-12 11:00,331.69,
2026-05-12 12:00,331.689,
2026-05-12 13:00,331.694,
2026-05-12 14:00,331.694,
2026-05-12 15:00,331.73,
2026-05-12 16:00,331.754,
2026-05-12 17:00,331.78,
2026-05-12 18:00,331.829,
2026-05-12 19:00,331.808,
2026-05-12 20:00,331.784,
2026-05-12 21:00,331.764,
2026-05-12 22:00,331.753,
2026-05-12 23:00,331.743,
2026-05-13 00:00,331.735,
2026-05-13 01:00,331.729,
2026-05-13 02:00,331.725,
2026-05-13 03:00,331.721,
2026-05-13 04:00,331.717,
2026-05-13 05:00,331.714,
2026-05-13 06:00,331.713,
2026-05-13 07:00,331.71,
2026-05-13 08:00,331.706,
2026-05-13 09:00,331.699,
2026-05-13 10:00,331.696,
2026-05-13 11:00,331.695,
2026-05-13 12:00,331.695,
2026-05-13 13:00,331.693,
2026-05-13 14:00,331.69,
2026-05-13 15:00,331.696,
2026-05-13 16:00,331.7,
2026-05-13 17:00,331.703,
2026-05-13 18:00,331.718,
2026-05-13 19:00,331.72,
2026-05-13 20:00,331.719,
2026-05-13 21:00,331.717,
2026-05-13 22:00,331.716,
2026-05-13 23:00,331.716,
2026-05-14 00:00,331.715,
2026-05-14 01:00,331.718,
2026-05-14 02:00,331.719,
2026-05-14 03:00,331.718,
2026-05-14 04:00,331.717,
2026-05-14 05:00,331.718,
2026-05-14 06:00,331.718,
2026-05-14 07:00,331.716,
2026-05-14 08:00,331.711,
2026-05-14 09:00,331.709,
2026-05-14 10:00,331.702,
2026-05-14 11:00,331.702,
2026-05-14 12:00,331.701,
2026-05-14 13:00,331.698,
2026-05-14 14:00,331.696,
2026-05-14 15:00,331.693,
2026-05-14 16:00,331.69,
2026-05-14 17:00,331.696,
2026-05-14 18:00,331.698,
2026-05-14 19:00,331.7,
2026-05-14 20:00,331.699,
2026-05-14 21:00,331.7,
2026-05-14 22:00,331.701,
2026-05-14 23:00,331.701,
2026-05-15 00:00,331.701,
2026-05-15 01:00,331.702,
2026-05-15 02:00,331.701,
2026-05-15 03:00,331.701,
2026-05-15 04:00,331.702,
2026-05-15 05:00,331.702,
2026-05-15 06:00,331.702,
2026-05-15 07:00,331.7,
2026-05-15 08:00,331.695,
2026-05-15 09:00,331.69,
2026-05-15 10:00,331.691,
2026-05-15 11:00,331.69,
2026-05-15 12:00,331.69,
2026-05-15 13:00,331.688,
2026-05-15 14:00,331.689,
2026-05-15 15:00,331.686,
2026-05-15 16:00,331.685,
2026-05-15 17:00,331.687,
2026-05-15 18:00,331.691,
2026-05-15 19:00,331.699,
2026-05-15 20:00,331.703,
2026-05-15 21:00,331.808,
2026-05-15 22:00,332.084,
2026-05-15 23:00,332.074,
2026-05-16 00:00,331.97,
2026-05-16 01:00,331.911,
2026-05-16 02:00,331.88,
2026-05-16 03:00,331.857,
2026-05-16 04:00,331.835,
2026-05-16 05:00,331.817,
2026-05-16 06:00,331.799,
2026-05-16 07:00,331.784,
2026-05-16 08:00,331.772,
2026-05-16 09:00,331.761,
2026-05-16 10:00,331.749,
2026-05-16 11:00,331.746,
2026-05-16 12:00,331.738,
2026-05-16 13:00,331.734,
2026-05-16 14:00,331.73,
2026-05-16 15:00,331.725,
2026-05-16 16:00,331.722,
2026-05-16 17:00,331.722,
2026-05-16 18:00,331.723,
2026-05-16 19:00,331.723,
2026-05-16 20:00,331.722,
2026-05-16 21:00,331.721,
2026-05-16 22:00,331.721,
2026-05-16 23:00,331.72,
2026-05-17 00:00,331.719,
2026-05-17 01:00,331.719,
2026-05-17 02:00,331.719,
2026-05-17 03:00,331.719,
2026-05-17 04:00,331.718,
2026-05-17 05:00,331.718,
2026-05-17 06:00,331.717,
2026-05-17 07:00,331.715,
2026-05-17 08:00,331.713,
2026-05-17 09:00,331.707,
2026-05-17 10:00,331.704,
2026-05-17 11:00,331.702,
2026-05-17 12:00,331.705,
2026-05-17 13:00,331.702,
2026-05-17 14:00,331.698,
2026-05-17 15:00,331.697,
2026-05-17 16:00,331.695,
2026-05-17 17:00,331.698,
2026-05-17 18:00,331.702,
2026-05-17 19:00,331.704,
2026-05-17 20:00,331.705,
2026-05-17 21:00,331.705,
2026-05-17 22:00,331.706,
2026-05-17 23:00,331.707,
2026-05-18 00:00,331.708,
2026-05-18 01:00,331.708,
2026-05-18 02:00,331.709,
2026-05-18 03:00,331.71,
2026-05-18 04:00,331.711,
2026-05-18 05:00,331.71,
2026-05-18 06:00,331.71,
2026-05-18 07:00,331.709,
2026-05-18 08:00,331.705,
2026-05-18 09:00,331.702,
2026-05-18 10:00,331.696,
2026-05-18 11:00,331.698,
2026-05-18 12:00,331.697,
2026-05-18 13:00,331.694,
2026-05-18 14:00,331.694,
2026-05-18 15:00,331.694,
2026-05-18 16:00,331.694,
2026-05-18 17:00,331.695,
2026-05-18 18:00,331.699,
2026-05-18 19:00,331.701,
2026-05-18 20:00,331.702,
2026-05-18 21:00,331.702,
2026-05-18 22:00,331.702,
2026-05-18 23:00,331.706,
2026-05-19 00:00,331.706,
2026-05-19 01:00,331.706,
2026-05-19 02:00,331.709,
2026-05-19 03:00,331.711,
2026-05-19 04:00,331.712,
2026-05-19 05:00,331.713,
2026-05-19 06:00,331.715,
2026-05-19 07:00,331.715,
2026-05-19 08:00,331.713,
2026-05-19 09:00,331.71,
2026-05-19 10:00,331.707,
2026-05-19 11:00,331.706,
2026-05-19 12:00,331.704,
2026-05-19 13:00,331.702,
2026-05-19 14:00,331.701,
2026-05-19 15:00,331.699,
2026-05-19 16:00,331.694,
2026-05-19 17:00,331.707,
2026-05-19 18:00,331.712,
2026-05-19 19:00,331.714,
2026-05-19 20:00,331.721,
2026-05-19 21:00,331.733,
2026-05-19 22:00,331.735,
2026-05-19 23:00,331.734,
2026-05-20 00:00,331.729,
2026-05-20 01:00,331.725,
2026-05-20 02:00,331.721,
2026-05-20 03:00,331.719,
2026-05-20 04:00,331.716,
2026-05-20 05:00,331.715,
2026-05-20 06:00,331.714,
2026-05-20 07:00,331.712,
2026-05-20 08:00,331.709,
2026-05-20 09:00,331.707,
2026-05-20 10:00,331.703,
2026-05-20 11:00,331.698,
2026-05-20 12:00,331.699,
2026-05-20 13:00,331.697,
2026-05-20 14:00,331.697,
2026-05-20 15:00,331.718,
2026-05-20 16:00,331.73,
2026-05-20 17:00,331.738,
2026-05-20 18:00,331.756,
2026-05-20 19:00,331.768,
2026-05-20 20:00,331.769,
2026-05-20 21:00,331.757,
2026-05-20 22:00,331.752,
2026-05-20 23:00,331.742,
2026-05-21 00:00,331.734,
2026-05-21 01:00,331.73,
2026-05-21 02:00,331.726,
2026-05-21 03:00,331.723,
2026-05-21 04:00,331.721,
2026-05-21 05:00,331.72,
2026-05-21 06:00,331.719,
2026-05-21 07:00,331.716,
2026-05-21 08:00,331.711,
2026-05-21 09:00,331.708,
2026-05-21 10:00,331.706,
2026-05-21 11:00,331.705,
2026-05-21 12:00,331.702,
2026-05-21 13:00,331.701,
2026-05-21 14:00,331.699,
2026-05-21 15:00,331.693,
2026-05-21 16:00,331.693,
2026-05-21 17:00,331.698,
2026-05-21 18:00,331.703,
2026-05-21 19:00,331.705,
2026-05-21 20:00,331.705,
2026-05-21 21:00,331.705,
2026-05-21 22:00,331.706,
2026-05-21 23:00,331.707,
2026-05-22 00:00,331.706,
2026-05-22 01:00,331.707,
2026-05-22 02:00,331.708,
2026-05-22 03:00,331.708,
2026-05-22 04:00,331.709,
2026-05-22 05:00,331.708,
2026-05-22 06:00,331.709,
2026-05-22 07:00,331.707,
2026-05-22 08:00,331.701,
2026-05-22 09:00,331.697,
2026-05-22 10:00,331.697,
2026-05-22 11:00,331.698,
2026-05-22 12:00,331.697,
2026-05-22 13:00,331.698,
2026-05-22 14:00,331.694,
2026-05-22 15:00,331.693,
2026-05-22 16:00,331.692,
2026-05-22 17:00,331.697,
2026-05-22 18:00,331.698,
2026-05-22 19:00,331.7,
2026-05-22 20:00,331.702,
2026-05-22 21:00,331.702,
2026-05-22 22:00,331.703,
2026-05-22 23:00,331.705,
2026-05-23 00:00,331.706,
2026-05-23 01:00,331.707,
2026-05-23 02:00,331.707,
2026-05-23 03:00,331.708,
2026-05-23 04:00,331.709,
2026-05-23 05:00,331.709,
2026-05-23 06:00,331.709,
2026-05-23 07:00,331.705,
2026-05-23 08:00,331.699,
2026-05-23 09:00,331.696,
2026-05-23 10:00,331.697,
2026-05-23 11:00,331.698,
2026-05-23 12:00,331.697,
2026-05-23 13:00,331.697,
2026-05-23 14:00,331.695,
2026-05-23 15:00,331.691,
2026-05-23 16:00,331.69,
2026-05-23 17:00,331.694,
2026-05-23 18:00,331.699,
2026-05-23 19:00,331.702,
2026-05-23 20:00,331.702,
2026-05-23 21:00,331.702,
2026-05-23 22:00,331.705,
2026-05-23 23:00,331.706,
2026-05-24 00:00,331.707,
2026-05-24 01:00,331.708,
2026-05-24 02:00,331.709,
2026-05-24 03:00,331.71,
2026-05-24 04:00,331.711,
2026-05-24 05:00,331.712,
2026-05-24 06:00,331.713,
2026-05-24 07:00,331.713,
2026-05-24 08:00,331.711,
2026-05-24 09:00,331.708,
2026-05-24 10:00,331.707,
2026-05-24 11:00,331.703,
2026-05-24 12:00,331.702,
2026-05-24 13:00,331.701,
2026-05-24 14:00,331.695,
2026-05-24 15:00,331.693,
2026-05-24 16:00,331.695,
2026-05-24 17:00,331.697,
2026-05-24 18:00,331.7,
2026-05-24 19:00,331.702,
2026-05-24 20:00,331.703,
2026-05-24 21:00,331.704,
2026-05-24 22:00,331.704,
2026-05-24 23:00,331.704,
2026-05-25 00:00,331.704,
2026-05-25 01:00,331.705,
2026-05-25 02:00,331.705,
2026-05-25 03:00,331.706,
2026-05-25 04:00,331.706,
2026-05-25 05:00,331.706,
2026-05-25 06:00,331.706,
2026-05-25 07:00,331.701,
2026-05-25 08:00,331.695,
2026-05-25 09:00,331.692,
2026-05-25 10:00,331.693,
2026-05-25 11:00,331.694,
2026-05-25 12:00,331.695,
2026-05-25 13:00,331.694,
2026-05-25 14:00,331.69,
2026-05-25 15:00,331.69,
2026-05-25 16:00,331.7,
2026-05-25 17:00,331.707,
2026-05-25 18:00,331.706,
2026-05-25 19:00,331.706,
2026-05-25 20:00,331.709,
2026-05-25 21:00,331.714,
2026-05-25 22:00,331.716,
2026-05-25 23:00,331.719,
2026-05-26 00:00,331.72,
2026-05-26 01:00,331.72,
2026-05-26 02:00,331.721,
2026-05-26 03:00,331.72,
2026-05-26 04:00,331.719,
2026-05-26 05:00,331.717,
2026-05-26 06:00,331.715,
2026-05-26 07:00,331.709,
2026-05-26 08:00,331.703,
2026-05-26 09:00,331.697,
2026-05-26 10:00,331.701,
2026-05-26 11:00,331.699,
2026-05-26 12:00,331.701,
2026-05-26 13:00,331.698,
2026-05-26 14:00,331.697,
2026-05-26 15:00,331.696,
2026-05-26 16:00,331.694,
2026-05-26 17:00,331.696,
2026-05-26 18:00,331.701,
2026-05-26 19:00,331.703,
2026-05-26 20:00,331.704,
2026-05-26 21:00,331.703,
2026-05-26 22:00,331.704,
2026-05-26 23:00,331.705,
2026-05-27 00:00,331.705,
2026-05-27 01:00,331.705,
2026-05-27 02:00,331.706,
2026-05-27 03:00,331.706,
2026-05-27 04:00,331.707,
2026-05-27 05:00,331.707,
2026-05-27 06:00,331.707,
2026-05-27 07:00,331.706,
2026-05-27 08:00,331.703,
2026-05-27 09:00,331.696,
2026-05-27 10:00,331.694,
2026-05-27 11:00,331.697,
2026-05-27 12:00,331.699,
2026-05-27 13:00,331.697,
2026-05-27 14:00,331.693,
2026-05-27 15:00,331.695,
2026-05-27 16:00,331.694,
2026-05-27 17:00,331.694,
2026-05-27 18:00,331.698,
2026-05-27 19:00,331.7,
2026-05-27 20:00,331.7,
2026-05-27 21:00,331.701,
2026-05-27 22:00,331.701,
2026-05-27 23:00,331.702,
2026-05-28 00:00,331.703,
2026-05-28 01:00,331.704,
2026-05-28 02:00,331.704,
2026-05-28 03:00,331.705,
2026-05-28 04:00,331.705,
2026-05-28 05:00,331.706,
2026-05-28 06:00,331.706,
2026-05-28 07:00,331.701,
2026-05-28 08:00,331.695,
2026-05-28 09:00,331.692,
2026-05-28 10:00,331.692,
2026-05-28 11:00,331.696,
2026-05-28 12:00,331.696,
2026-05-28 13:00,331.696,
2026-05-28 14:00,331.693,
2026-05-28 15:00,331.691,
2026-05-28 16:00,331.689,
2026-05-28 17:00,331.692,
2026-05-28 18:00,331.697,
2026-05-28 19:00,331.698,
2026-05-28 20:00,331.7,
2026-05-28 21:00,331.7,
2026-05-28 22:00,331.701,
2026-05-28 23:00,331.701,
2026-05-29 00:00,331.702,
2026-05-29 01:00,331.702,
2026-05-29 02:00,331.703,
2026-05-29 03:00,331.703,
2026-05-29 04:00,331.704,
2026-05-29 05:00,331.704,
2026-05-29 06:00,331.704,
2026-05-29 07:00,331.703,
2026-05-29 08:00,331.701,
2026-05-29 09:00,331.698,
2026-05-29 10:00,331.694,
2026-05-29 11:00,331.694,
2026-05-29 12:00,331.695,
2026-05-29 13:00,331.695,
2026-05-29 14:00,331.703,
2026-05-29 15:00,331.704,
2026-05-29 16:00,331.705,
2026-05-29 17:00,331.705,
2026-05-29 18:00,331.706,
2026-05-29 19:00,331.708,
2026-05-29 20:00,331.708,
2026-05-29 21:00,331.709,
2026-05-29 22:00,331.709,
2026-05-29 23:00,331.709,
2026-05-30 00:00,331.708,
2026-05-30 01:00,331.709,
2026-05-30 02:00,331.708,
2026-05-30 03:00,331.708,
2026-05-30 04:00,331.708,
2026-05-30 05:00,331.708,
2026-05-30 06:00,331.708,
2026-05-30 07:00,331.707,
2026-05-30 08:00,331.706,
2026-05-30 09:00,331.704,
2026-05-30 10:00,331.701,
2026-05-30 11:00,331.699,
2026-05-30 12:00,331.697,
2026-05-30 13:00,331.695,
2026-05-30 14:00,331.695,
2026-05-30 15:00,331.693,
2026-05-30 16:00,331.695,
2026-05-30 17:00,331.696,
2026-05-30 18:00,331.699,
2026-05-30 19:00,331.701,
2026-05-30 20:00,331.701,
2026-05-30 21:00,331.702,
2026-05-30 22:00,331.702,
2026-05-30 23:00,331.702,
2026-05-31 00:00,331.703,
2026-05-31 01:00,331.704,
2026-05-31 02:00,331.704,
2026-05-31 03:00,331.705,
2026-05-31 04:00,331.705,
2026-05-31 05:00,331.705,
2026-05-31 06:00,331.706,
2026-05-31 07:00,331.705,
2026-05-31 08:00,331.699,
2026-05-31 09:00,331.694,
2026-05-31 10:00,331.694,
2026-05-31 11:00,331.696,
2026-05-31 12:00,331.694,
2026-05-31 13:00,331.695,
2026-05-31 14:00,331.692,
2026-05-31 15:00,331.691,
2026-05-31 16:00,331.69,
2026-05-31 17:00,331.694,
2026-05-31 18:00,331.698,
2026-05-31 19:00,331.7,
2026-05-31 20:00,331.7,
2026-05-31 21:00,331.7,
2026-05-31 22:00,331.701,
2026-05-31 23:00,331.701,
2026-06-01 00:00,331.703,
2026-06-01 01:00,331.703,
2026-06-01 02:00,331.704,
2026-06-01 03:00,331.704,
2026-06-01 04:00,331.704,
2026-06-01 05:00,331.705,
2026-06-01 06:00,331.705,
2026-06-01 07:00,331.704,
2026-06-01 08:00,331.699,
2026-06-01 09:00,331.693,
2026-06-01 10:00,331.695,
2026-06-01 11:00,331.696,
2026-06-01 12:00,331.695,
2026-06-01 13:00,331.695,
2026-06-01 14:00,331.694,
2026-06-01 15:00,331.695,
2026-06-01 16:00,331.698,
2026-06-01 17:00,331.698,
2026-06-01 18:00,331.699,
2026-06-01 19:00,331.7,
2026-06-01 20:00,331.7,
2026-06-01 21:00,331.701,
2026-06-01 22:00,331.701,
2026-06-01 23:00,331.702,
2026-06-02 00:00,331.702,
2026-06-02 01:00,331.703,
2026-06-02 02:00,331.703,
2026-06-02 03:00,331.703,
2026-06-02 04:00,331.705,
2026-06-02 05:00,331.705,
2026-06-02 06:00,331.705,
2026-06-02 07:00,331.705,
2026-06-02 08:00,331.702,
2026-06-02 09:00,331.702,
2026-06-02 10:00,331.704,
2026-06-02 11:00,331.705,
2026-06-02 12:00,331.704,
2026-06-02 13:00,331.704,
2026-06-02 14:00,331.704,
2026-06-02 15:00,331.704,
2026-06-02 16:00,331.707,
2026-06-02 17:00,331.708,
2026-06-02 18:00,331.708,
2026-06-02 19:00,331.708,
2026-06-02 20:00,331.707,
2026-06-02 21:00,331.705,
2026-06-02 22:00,331.705,
2026-06-02 23:00,331.704,
2026-06-03 00:00,331.704,
2026-06-03 01:00,331.704,
2026-06-03 02:00,331.704,
2026-06-03 03:00,331.705,
2026-06-03 04:00,331.706,
2026-06-03 05:00,331.706,
2026-06-03 06:00,331.707,
2026-06-03 07:00,331.705,
2026-06-03 08:00,331.704,
2026-06-03 09:00,331.701,
2026-06-03 10:00,331.7,
2026-06-03 11:00,331.697,
2026-06-03 12:00,331.694,
2026-06-03 13:00,331.695,
2026-06-03 14:00,331.693,
2026-06-03 15:00,331.692,
2026-06-03 16:00,331.693,
2026-06-03 17:00,331.695,
2026-06-03 18:00,331.697,
2026-06-03 19:00,331.698,
2026-06-03 20:00,331.699,
2026-06-03 21:00,331.7,
2026-06-03 22:00,331.7,
2026-06-03 23:00,331.701,
2026-06-04 00:00,331.701,
2026-06-04 01:00,331.702,
2026-06-04 02:00,331.702,
2026-06-04 03:00,331.701,
2026-06-04 04:00,331.701,
2026-06-04 05:00,331.701,
2026-06-04 06:00,331.702,
2026-06-04 07:00,331.702,
2026-06-04 08:00,331.701,
2026-06-04 09:00,331.698,
2026-06-04 10:00,331.697,
2026-06-04 11:00,331.694,
2026-06-04 12:00,331.693,
2026-06-04 13:00,331.695,
2026-06-04 14:00,331.692,
2026-06-04 16:00,331.689,
2026-06-04 17:00,331.692,
2026-06-04 18:00,331.697,
2026-06-04 19:00,331.698,
2026-06-04 20:00,331.7,
2026-06-04 21:00,331.704,
2026-06-04 22:00,331.703,
2026-06-04 23:00,331.704,
2026-06-05 00:00,331.704,
2026-06-05 01:00,331.705,
2026-06-05 02:00,331.705,
2026-06-05 03:00,331.706,
2026-06-05 04:00,331.707,
2026-06-05 05:00,331.708,
2026-06-05 06:00,331.707,
2026-06-05 07:00,331.705,
2026-06-05 08:00,331.703,
2026-06-05 09:00,331.701,
2026-06-05 10:00,331.697,
2026-06-05 11:00,331.698,
2026-06-05 12:00,331.697,
2026-06-05 13:00,331.692,
2026-06-05 14:00,331.691,
2026-06-05 15:00,331.688,
2026-06-05 16:00,331.686,
2026-06-05 17:00,331.692,
2026-06-05 18:00,331.71,
2026-06-05 19:00,331.711,
2026-06-05 20:00,331.718,
2026-06-05 21:00,331.752,
2026-06-05 22:00,331.768,
2026-06-05 23:00,331.76,
2026-06-06 00:00,331.751,
2026-06-06 01:00,331.74,
2026-06-06 02:00,331.732,
2026-06-06 03:00,331.726,
2026-06-06 04:00,331.723,
2026-06-06 05:00,331.72,
2026-06-06 06:00,331.716,
2026-06-06 07:00,331.716,
2026-06-06 08:00,331.713,
2026-06-06 09:00,331.71,
2026-06-06 10:00,331.706,
2026-06-06 11:00,331.706,
2026-06-06 12:00,331.703,
2026-06-06 13:00,331.7,
2026-06-06 14:00,331.697,
2026-06-06 15:00,331.698,
2026-06-06 16:00,331.701,
2026-06-06 17:00,331.7,
2026-06-06 18:00,331.703,
2026-06-06 19:00,331.717,
2026-06-06 20:00,331.726,
2026-06-06 21:00,331.725,
2026-06-06 22:00,331.722,
2026-06-06 23:00,331.719,
2026-06-07 00:00,331.715,
2026-06-07 01:00,331.714,
2026-06-07 02:00,331.714,
2026-06-07 03:00,331.713,
2026-06-07 04:00,331.712,
2026-06-07 05:00,331.711,
2026-06-07 06:00,331.71,
2026-06-07 07:00,331.706,
2026-06-07 08:00,331.699,
2026-06-07 09:00,331.694,
2026-06-07 10:00,331.697,
2026-06-07 11:00,331.697,
2026-06-07 12:00,331.698,
2026-06-07 13:00,331.696,
2026-06-07 14:00,331.694,
2026-06-07 15:00,331.69,
2026-06-07 16:00,331.695,
2026-06-07 17:00,331.697,
2026-06-07 18:00,331.701,
2026-06-07 19:00,331.702,
2026-06-07 20:00,331.704,
2026-06-07 21:00,331.704,
2026-06-07 22:00,331.705,
2026-06-07 23:00,331.705,
2026-06-08 00:00,331.707,
2026-06-08 01:00,331.709,
2026-06-08 02:00,331.71,
2026-06-08 03:00,331.712,
2026-06-08 04:00,331.712,
2026-06-08 05:00,331.71,
2026-06-08 06:00,331.71,
2026-06-08 07:00,331.706,
2026-06-08 08:00,331.698,
2026-06-08 09:00,331.694,
2026-06-08 10:00,331.694,
2026-06-08 11:00,331.695,
2026-06-08 12:00,331.697,
2026-06-08 13:00,331.697,
2026-06-08 14:00,331.696,
2026-06-08 15:00,331.696,
2026-06-08 16:00,331.694,
2026-06-08 17:00,331.693,
2026-06-08 18:00,331.697,
2026-06-08 19:00,331.7,
2026-06-08 20:00,331.7,
2026-06-08 21:00,331.701,
2026-06-08 22:00,331.701,
2026-06-08 23:00,331.701,
2026-06-09 00:00,331.701,
2026-06-09 01:00,331.702,
2026-06-09 02:00,331.702,
2026-06-09 03:00,331.703,
2026-06-09 04:00,331.704,
2026-06-09 05:00,331.703,
2026-06-09 06:00,331.704,
2026-06-09 07:00,331.701,
2026-06-09 08:00,331.697,
2026-06-09 09:00,331.694,
2026-06-09 10:00,331.691,
2026-06-09 11:00,331.694,
2026-06-09 12:00,331.694,
2026-06-09 13:00,331.693,
2026-06-09 14:00,331.692,
2026-06-09 15:00,331.69,
2026-06-09 16:00,331.689,
2026-06-09 17:00,331.693,
2026-06-09 18:00,331.696,
2026-06-09 19:00,331.698,
2026-06-09 20:00,331.699,
2026-06-09 21:00,331.699,
2026-06-09 22:00,331.7,
2026-06-09 23:00,331.701,
2026-06-10 00:00,331.704,
2026-06-10 01:00,331.706,
2026-06-10 02:00,331.706,
2026-06-10 03:00,331.705,
2026-06-10 04:00,331.705,
2026-06-10 05:00,331.705,
2026-06-10 06:00,331.704,
2026-06-10 07:00,331.704,
2026-06-10 08:00,331.702,
2026-06-10 09:00,331.698,
2026-06-10 10:00,331.695,
2026-06-10 11:00,331.694,
2026-06-10 12:00,331.694,
2026-06-10 13:00,331.692,
2026-06-10 14:00,331.689,
2026-06-10 15:00,331.693,
2026-06-10 16:00,331.701,
2026-06-10 17:00,331.702,
2026-06-10 18:00,331.703,
2026-06-10 19:00,331.705,
2026-06-10 20:00,331.716,
2026-06-10 21:00,331.731,
2026-06-10 22:00,331.731,
2026-06-10 23:00,331.726,
2026-06-11 00:00,331.722,
2026-06-11 01:00,331.72,
2026-06-11 02:00,331.718,
2026-06-11 03:00,331.716,
2026-06-11 04:00,331.715,
2026-06-11 05:00,331.715,
2026-06-11 06:00,331.714,
2026-06-11 07:00,331.713,
2026-06-11 08:00,331.711,
2026-06-11 09:00,331.707,
2026-06-11 10:00,331.705,
2026-06-11 11:00,331.702,
2026-06-11 12:00,331.701,
2026-06-11 13:00,331.699,
2026-06-11 14:00,331.698,
2026-06-11 15:00,331.698,
2026-06-11 16:00,331.697,
2026-06-11 17:00,331.7,
2026-06-11 18:00,331.701,
2026-06-11 19:00,331.702,
2026-06-11 20:00,331.702,
2026-06-11 21:00,331.702,
2026-06-11 22:00,331.703,
2026-06-11 23:00,331.704,
2026-06-12 00:00,331.705,
2026-06-12 01:00,331.705,
2026-06-12 02:00,331.705,
2026-06-12 03:00,331.705,
2026-06-12 04:00,331.706,
2026-06-12 05:00,331.706,
2026-06-12 06:00,331.706,
2026-06-12 07:00,331.705,
2026-06-12 08:00,331.702,
2026-06-12 09:00,331.698,
2026-06-12 10:00,331.695,
2026-06-12 11:00,331.694,
2026-06-12 12:00,331.695,
2026-06-12 13:00,331.695,
2026-06-12 14:00,331.695,
2026-06-12 15:00,331.695,
2026-06-12 16:00,331.693,
2026-06-12 17:00,331.696,
2026-06-12 18:00,331.7,
2026-06-12 19:00,331.702,
2026-06-12 20:00,331.703,
2026-06-12 21:00,331.703,
2026-06-12 22:00,331.703,
2026-06-12 23:00,331.703,
2026-06-13 00:00,331.704,
2026-06-13 01:00,331.704,
2026-06-13 02:00,331.705,
2026-06-13 03:00,331.706,
2026-06-13 04:00,331.706,
2026-06-13 05:00,331.706,
2026-06-13 06:00,331.706,
2026-06-13 07:00,331.706,
2026-06-13 08:00,331.705,
2026-06-13 09:00,331.703,
2026-06-13 10:00,331.699,
2026-06-13 11:00,331.697,
2026-06-13 12:00,331.698,
2026-06-13 13:00,331.695,
2026-06-13 14:00,331.697,
2026-06-13 15:00,331.692,
2026-06-13 16:00,331.694,
2026-06-13 17:00,331.696,
2026-06-13 18:00,331.699,
2026-06-13 19:00,331.701,
2026-06-13 20:00,331.702,
2026-06-13 21:00,331.702,
2026-06-13 22:00,331.702,
2026-06-13 23:00,331.703,
2026-06-14 00:00,331.703,
2026-06-14 01:00,331.704,
2026-06-14 02:00,331.704,
2026-06-14 03:00,331.705,
2026-06-14 04:00,331.705,
2026-06-14 05:00,331.706,
2026-06-14 06:00,331.706,
2026-06-14 07:00,331.705,
2026-06-14 08:00,331.698,
2026-06-14 09:00,331.694,
2026-06-14 10:00,331.69,
2026-06-14 11:00,331.695,
2026-06-14 12:00,331.695,
2026-06-14 13:00,331.701,
2026-06-14 14:00,331.703,
2026-06-14 15:00,331.703,
2026-06-14 16:00,331.724,
2026-06-14 17:00,331.865,
2026-06-14 18:00,331.914,
2026-06-14 19:00,331.914,
2026-06-14 20:00,331.981,
2026-06-14 21:00,332.058,
2026-06-14 22:00,331.965,
2026-06-14 23:00,331.888,
2026-06-15 00:00,331.841,
2026-06-15 01:00,331.811,
2026-06-15 02:00,331.791,
2026-06-15 03:00,331.776,
2026-06-15 04:00,331.765,
2026-06-15 05:00,331.758,
2026-06-15 06:00,331.751,
2026-06-15 07:00,331.746,
2026-06-15 08:00,331.74,
2026-06-15 09:00,331.732,
2026-06-15 10:00,331.724,
2026-06-15 11:00,331.721,
2026-06-15 12:00,331.72,
2026-06-15 13:00,331.716,
2026-06-15 14:00,331.713,
2026-06-15 15:00,331.705,
2026-06-15 16:00,331.705,
2026-06-15 17:00,331.709,
2026-06-15 18:00,331.712,
2026-06-15 19:00,331.715,
2026-06-15 20:00,331.719,
2026-06-15 21:00,331.757,
2026-06-15 22:00,331.756,
2026-06-15 23:00,331.752,
2026-06-16 00:00,331.752,
2026-06-16 01:00,331.749,
2026-06-16 02:00,331.75,
2026-06-16 03:00,331.755,
2026-06-16 04:00,331.758,
2026-06-16 05:00,331.754,
2026-06-16 06:00,331.748,
2026-06-16 07:00,331.742,
2026-06-16 08:00,331.733,
2026-06-16 09:00,331.722,
2026-06-16 10:00,331.716,
2026-06-16 11:00,331.717,
2026-06-16 12:00,331.715,
2026-06-16 13:00,331.713,
2026-06-16 14:00,331.711,
2026-06-16 15:00,331.706,
2026-06-16 16:00,331.701,
2026-06-16 17:00,331.708,
2026-06-16 18:00,331.719,
2026-06-16 19:00,331.723,
2026-06-16 20:00,331.733,
2026-06-16 21:00,331.739,
2026-06-16 22:00,331.757,
2026-06-16 23:00,331.76,
2026-06-17 00:00,331.758,
2026-06-17 01:00,331.756,
2026-06-17 02:00,331.752,
2026-06-17 03:00,331.747,
2026-06-17 04:00,331.743,
2026-06-17 05:00,331.74,
2026-06-17 06:00,331.737,
2026-06-17 07:00,331.734,
2026-06-17 08:00,331.731,
2026-06-17 09:00,331.728,
2026-06-17 10:00,331.724,
2026-06-17 11:00,331.722,
2026-06-17 12:00,331.72,
2026-06-17 13:00,331.721,
2026-06-17 14:00,331.718,
2026-06-17 15:00,331.716,
2026-06-17 16:00,331.715,
2026-06-17 17:00,331.72,
2026-06-17 18:00,331.72,
2026-06-17 19:00,331.722,
2026-06-17 20:00,331.722,
2026-06-17 21:00,331.721,
2026-06-17 22:00,331.721,
2026-06-17 23:00,331.721,
2026-06-18 00:00,331.722,
2026-06-18 01:00,331.722,
2026-06-18 02:00,331.722,
2026-06-18 03:00,331.722,
2026-06-18 04:00,331.723,
2026-06-18 05:00,331.722,
2026-06-18 06:00,331.722,
2026-06-18 07:00,331.721,
2026-06-18 08:00,331.719,
2026-06-18 09:00,331.713,
2026-06-18 10:00,331.709,
2026-06-18 11:00,331.709,
2026-06-18 12:00,331.709,
2026-06-18 13:00,331.71,
2026-06-18 14:00,331.708,
2026-06-18 15:00,331.707,
2026-06-18 16:00,331.702,
2026-06-18 17:00,331.7,
2026-06-18 18:00,331.706,
2026-06-18 19:00,331.712,
2026-06-18 20:00,331.71,
2026-06-18 21:00,331.798,
2026-06-18 22:00,332.207,
2026-06-18 23:00,332.048,
2026-06-19 00:00,331.948,
2026-06-19 01:00,331.897,
2026-06-19 02:00,331.862,
2026-06-19 03:00,331.836,
2026-06-19 04:00,331.818,
2026-06-19 05:00,331.804,
2026-06-19 06:00,331.793,
2026-06-19 07:00,331.786,
2026-06-19 08:00,331.777,
2026-06-19 09:00,331.765,
2026-06-19 10:00,331.757,
2026-06-19 11:00,331.754,
2026-06-19 12:00,331.75,
2026-06-19 13:00,331.744,
2026-06-19 14:00,331.742,
2026-06-19 15:00,331.738,
2026-06-19 16:00,331.743,
2026-06-19 17:00,331.748,
2026-06-19 18:00,331.75,
2026-06-19 19:00,331.751,
2026-06-19 20:00,331.753,
2026-06-19 21:00,331.753,
2026-06-19 22:00,331.753,
2026-06-19 23:00,331.75,
2026-06-20 00:00,331.748,
2026-06-20 01:00,331.747,
2026-06-20 02:00,331.745,
2026-06-20 03:00,331.744,
2026-06-20 04:00,331.742,
2026-06-20 05:00,331.741,
2026-06-20 06:00,331.741,
2026-06-20 07:00,331.739,
2026-06-20 08:00,331.736,
2026-06-20 09:00,331.732,
2026-06-20 10:00,331.727,
2026-06-20 11:00,331.727,
2026-06-20 12:00,331.727,
2026-06-20 13:00,331.725,
2026-06-20 14:00,331.723,
2026-06-20 15:00,331.724,
2026-06-20 16:00,331.73,
2026-06-20 17:00,331.73,
2026-06-20 18:00,331.738,
2026-06-20 19:00,331.742,
2026-06-20 20:00,331.744,
2026-06-20 21:00,331.745,
2026-06-20 22:00,331.743,
2026-06-20 23:00,331.743,
2026-06-21 00:00,331.742,
2026-06-21 01:00,331.741,
2026-06-21 02:00,331.741,
2026-06-21 03:00,331.741,
2026-06-21 04:00,331.741,
2026-06-21 05:00,331.741,
2026-06-21 06:00,331.74,
2026-06-21 07:00,331.739,
2026-06-21 08:00,331.732,
2026-06-21 09:00,331.729,
2026-06-21 10:00,331.725,
2026-06-21 11:00,331.729,
2026-06-21 12:00,331.731,
2026-06-21 13:00,331.728,
2026-06-21 14:00,331.726,
2026-06-21 15:00,331.725,
2026-06-21 16:00,331.723,
2026-06-21 17:00,331.726,
2026-06-21 18:00,331.736,
2026-06-21 19:00,331.739,
2026-06-21 20:00,331.743,
2026-06-21 21:00,331.747,
2026-06-21 22:00,331.755,
2026-06-21 23:00,331.769,
2026-06-22 00:00,331.771,
2026-06-22 01:00,331.766,
2026-06-22 02:00,331.76,
2026-06-22 03:00,331.755,
2026-06-22 04:00,331.749,
2026-06-22 05:00,331.744,
2026-06-22 06:00,331.739,
2026-06-22 07:00,331.737,
2026-06-22 08:00,331.731,
2026-06-22 09:00,331.72,
2026-06-22 10:00,331.719,
2026-06-22 11:00,331.721,
2026-06-22 12:00,331.721,
2026-06-22 13:00,331.721,
2026-06-22 14:00,331.72,
2026-06-22 15:00,331.719,
2026-06-22 16:00,331.72,
2026-06-22 17:00,331.716,
2026-06-22 18:00,331.721,
2026-06-22 19:00,331.723,
2026-06-22 20:00,331.724,
2026-06-22 21:00,331.725,
2026-06-22 22:00,331.725,
2026-06-22 23:00,331.725,
2026-06-23 00:00,331.726,
2026-06-23 01:00,331.726,
2026-06-23 02:00,331.726,
2026-06-23 03:00,331.726,
2026-06-23 04:00,331.726,
2026-06-23 05:00,331.726,
2026-06-23 06:00,331.726,
2026-06-23 07:00,331.726,
2026-06-23 08:00,331.722,
2026-06-23 09:00,331.715,
2026-06-23 10:00,331.713,
2026-06-23 11:00,331.714,
2026-06-23 12:00,331.717,
2026-06-23 13:00,331.731,
2026-06-23 14:00,331.731,
2026-06-23 15:00,331.724,
2026-06-23 16:00,331.723,
2026-06-23 17:00,331.723,
2026-06-23 18:00,331.726,
2026-06-23 19:00,331.727,
2026-06-23 20:00,331.728,
2026-06-23 21:00,331.729,
2026-06-23 22:00,331.731,
2026-06-23 23:00,331.732,
2026-06-24 00:00,331.732,
2026-06-24 01:00,331.732,
2026-06-24 02:00,331.732,
2026-06-24 03:00,331.73,
2026-06-24 04:00,331.729,
2026-06-24 05:00,331.728,
2026-06-24 06:00,331.727,
2026-06-24 07:00,331.726,
2026-06-24 08:00,331.719,
2026-06-24 09:00,331.714,
2026-06-24 10:00,331.712,
2026-06-24 11:00,331.713,
2026-06-24 12:00,331.714,
2026-06-24 13:00,331.715,
2026-06-24 14:00,331.714,
2026-06-24 15:00,331.717,
2026-06-24 16:00,331.72,
2026-06-24 17:00,331.721,
2026-06-24 18:00,331.723,
2026-06-24 19:00,331.727,
2026-06-24 20:00,331.731,
2026-06-24 21:00,331.731,
2026-06-24 22:00,331.73,
2026-06-24 23:00,331.73,
2026-06-25 00:00,331.728,
2026-06-25 01:00,331.726,
2026-06-25 02:00,331.727,
2026-06-25 03:00,331.727,
2026-06-25 04:00,331.726,
2026-06-25 05:00,331.726,
2026-06-25 06:00,331.725,
2026-06-25 07:00,331.725,
2026-06-25 08:00,331.72,
2026-06-25 09:00,331.713,
2026-06-25 10:00,331.711,
2026-06-25 11:00,331.712,
2026-06-25 12:00,331.714,
2026-06-25 13:00,331.711,
2026-06-25 14:00,331.71,
2026-06-25 15:00,331.706,
2026-06-25 16:00,331.715,
2026-06-25 17:00,331.717,
2026-06-25 18:00,331.718,
2026-06-25 19:00,331.718,
2026-06-25 20:00,331.718,
2026-06-25 21:00,331.719,
2026-06-25 22:00,331.72,
2026-06-25 23:00,331.721,
2026-06-26 00:00,331.721,
2026-06-26 01:00,331.722,
2026-06-26 02:00,331.722,
2026-06-26 03:00,331.722,
2026-06-26 04:00,331.722,
2026-06-26 05:00,331.723,
2026-06-26 06:00,331.722,
2026-06-26 07:00,331.722,
2026-06-26 08:00,331.718,
2026-06-26 09:00,331.712,
2026-06-26 10:00,331.711,
2026-06-26 11:00,331.713,
2026-06-26 12:00,331.711,
2026-06-26 13:00,331.711,
2026-06-26 14:00,331.71,
2026-06-26 15:00,331.708,
2026-06-26 16:00,331.709,
2026-06-26 17:00,331.709,
2026-06-26 18:00,331.712,
2026-06-26 19:00,331.714,
2026-06-26 20:00,331.715,
2026-06-26 21:00,331.715,
2026-06-26 22:00,331.716,
2026-06-26 23:00,331.716,
2026-06-27 00:00,331.717,
2026-06-27 01:00,331.718,
2026-06-27 02:00,331.719,
2026-06-27 03:00,331.719,
2026-06-27 04:00,331.72,
2026-06-27 05:00,331.72,
2026-06-27 06:00,331.72,
2026-06-27 07:00,331.719,
2026-06-27 08:00,331.718,
2026-06-27 09:00,331.717,
2026-06-27 10:00,331.714,
2026-06-27 11:00,331.712,
2026-06-27 12:00,331.71,
2026-06-27 13:00,331.709,
2026-06-27 14:00,331.709,
2026-06-27 15:00,331.706,
2026-06-27 16:00,331.708,
2026-06-27 17:00,331.704,
2026-06-27 18:00,331.706,
2026-06-27 19:00,331.712,
2026-06-27 20:00,331.714,
2026-06-27 21:00,331.764,
2026-06-27 22:00,331.815,
2026-06-27 23:00,331.795,
2026-06-28 00:00,331.773,
2026-06-28 01:00,331.755,
2026-06-28 02:00,331.746,
2026-06-28 03:00,331.738,
2026-06-28 04:00,331.732,
2026-06-28 05:00,331.728,
2026-06-28 06:00,331.725,
2026-06-28 07:00,331.722,
2026-06-28 08:00,331.717,
2026-06-28 09:00,331.71,
2026-06-28 10:00,331.707,
2026-06-28 11:00,331.706,
2026-06-28 12:00,331.707,
2026-06-28 13:00,331.706,
2026-06-28 14:00,331.704,
2026-06-28 15:00,331.702,
2026-06-28 16:00,331.703,
2026-06-28 17:00,331.701,
2026-06-28 18:00,331.709,
2026-06-28 19:00,331.71,
2026-06-28 20:00,331.711,
2026-06-28 21:00,331.716,
2026-06-28 22:00,331.751,
2026-06-28 23:00,331.763,
2026-06-29 00:00,331.759,
2026-06-29 01:00,331.757,
2026-06-29 02:00,331.758,
2026-06-29 03:00,331.757,
2026-06-29 04:00,331.754,
2026-06-29 05:00,331.748,
2026-06-29 06:00,331.741,
2026-06-29 07:00,331.736,
2026-06-29 08:00,331.729,
2026-06-29 09:00,331.723,
2026-06-29 10:00,331.723,
2026-06-29 11:00,331.717,
2026-06-29 12:00,331.716,
2026-06-29 13:00,331.715,
2026-06-29 14:00,331.713,
2026-06-29 15:00,331.711,
2026-06-29 16:00,331.708,
2026-06-29 17:00,331.709,
2026-06-29 18:00,331.712,
2026-06-29 19:00,331.714,
2026-06-29 20:00,331.714,
2026-06-29 21:00,331.714,
2026-06-29 22:00,331.715,
2026-06-29 23:00,331.714,
2026-06-30 00:00,331.715,
2026-06-30 01:00,331.714,
2026-06-30 02:00,331.715,
2026-06-30 03:00,331.714,
2026-06-30 04:00,331.714,
2026-06-30 05:00,331.715,
2026-06-30 06:00,331.714,
2026-06-30 07:00,331.713,
2026-06-30 08:00,331.707,
2026-06-30 09:00,331.705,
2026-06-30 10:00,331.705,
2026-06-30 11:00,331.702,
2026-06-30 12:00,331.703,
2026-06-30 13:00,331.7,
2026-06-30 14:00,331.7,
2026-06-30 15:00,331.698,
2026-06-30 16:00,331.699,
2026-06-30 17:00,331.701,
2026-06-30 18:00,331.703,
2026-06-30 19:00,331.706,
2026-06-30 20:00,331.706,
2026-06-30 21:00,331.707,
2026-06-30 22:00,331.708,
2026-06-30 23:00,331.708,
2026-07-01 00:00,331.709,
2026-07-01 01:00,331.71,
2026-07-01 02:00,331.71,
2026-07-01 03:00,331.71,
2026-07-01 04:00,331.71,
2026-07-01 05:00,331.711,
2026-07-01 06:00,331.711,
2026-07-01 07:00,331.71,
2026-07-01 08:00,331.701,
2026-07-01 09:00,331.698,
2026-07-01 10:00,331.696,
2026-07-01 11:00,331.698,
2026-07-01 12:00,331.7,
2026-07-01 13:00,331.704,
2026-07-01 14:00,331.738,
2026-07-01 15:00,331.83,
2026-07-01 16:00,331.881,
2026-07-01 17:00,331.849,
2026-07-01 18:00,331.812,
2026-07-01 19:00,331.785,
2026-07-01 20:00,331.768,
2026-07-01 21:00,331.758,
2026-07-01 22:00,331.749,
2026-07-01 23:00,331.742,
2026-07-02 00:00,331.738,
2026-07-02 01:00,331.735,
2026-07-02 02:00,331.733,
2026-07-02 03:00,331.731,
2026-07-02 04:00,331.729,
2026-07-02 05:00,331.728,
2026-07-02 06:00,331.726,
2026-07-02 07:00,331.725,
2026-07-02 08:00,331.723,
2026-07-02 09:00,331.72,
2026-07-02 10:00,331.713,
2026-07-02 11:00,331.711,
2026-07-02 12:00,331.712,
2026-07-02 13:00,331.711,
2026-07-02 14:00,331.711,
2026-07-02 15:00,331.711,
2026-07-02 16:00,331.712,
2026-07-02 17:00,331.713,
2026-07-02 18:00,331.714,
2026-07-02 19:00,331.714,
2026-07-02 20:00,331.715,
2026-07-02 21:00,331.717,
2026-07-02 22:00,331.718,
2026-07-02 23:00,331.719,
2026-07-03 00:00,331.718,
2026-07-03 01:00,331.719,
2026-07-03 02:00,331.719,
2026-07-03 03:00,331.719,
2026-07-03 04:00,331.719,
2026-07-03 05:00,331.718,
2026-07-03 06:00,331.718,
2026-07-03 07:00,331.718,
2026-07-03 08:00,331.717,
2026-07-03 09:00,331.716,
2026-07-03 10:00,331.714,
2026-07-03 11:00,331.712,
2026-07-03 12:00,331.711,
2026-07-03 13:00,331.71,
2026-07-03 14:00,331.709,
2026-07-03 15:00,331.708,
2026-07-03 16:00,331.706,
2026-07-03 17:00,331.708,
2026-07-03 18:00,331.71,
2026-07-03 19:00,331.711,
2026-07-03 20:00,331.712,
2026-07-03 21:00,331.712,
2026-07-03 22:00,331.713,
2026-07-03 23:00,331.713,
2026-07-04 00:00,331.713,
2026-07-04 01:00,331.713,
2026-07-04 02:00,331.714,
2026-07-04 03:00,331.714,
2026-07-04 04:00,331.715,
2026-07-04 05:00,331.715,
2026-07-04 06:00,331.715,
2026-07-04 07:00,331.715,
2026-07-04 08:00,331.714,
2026-07-04 09:00,331.711,
2026-07-04 10:00,331.706,
2026-07-04 11:00,331.705,
2026-07-04 12:00,331.704,
2026-07-04 13:00,331.704,
2026-07-04 14:00,331.729,
2026-07-04 15:00,331.737,
2026-07-04 16:00,331.741,
2026-07-04 17:00,331.742,
2026-07-04 18:00,331.744,
2026-07-04 19:00,331.741,
2026-07-04 20:00,331.737,
2026-07-04 21:00,331.733,
2026-07-04 22:00,331.73,
2026-07-04 23:00,331.727,
2026-07-05 00:00,331.726,
2026-07-05 01:00,331.725,
2026-07-05 02:00,331.723,
2026-07-05 03:00,331.723,
2026-07-05 04:00,331.722,
2026-07-05 05:00,331.722,
2026-07-05 06:00,331.721,
2026-07-05 07:00,331.72,
2026-07-05 08:00,331.714,
2026-07-05 09:00,331.708,
2026-07-05 10:00,331.706,
2026-07-05 11:00,331.708,
2026-07-05 12:00,331.709,
2026-07-05 13:00,331.707,
2026-07-05 14:00,331.705,
2026-07-05 15:00,331.701,
2026-07-05 16:00,331.701,
2026-07-05 17:00,331.701,
2026-07-05 18:00,331.708,
2026-07-05 19:00,331.71,
2026-07-05 20:00,331.711,
2026-07-05 21:00,331.712,
2026-07-05 22:00,331.713,
2026-07-05 23:00,331.713,
2026-07-06 00:00,331.713,
2026-07-06 01:00,331.714,
2026-07-06 02:00,331.716,
2026-07-06 03:00,331.716,
2026-07-06 04:00,331.716,
2026-07-06 05:00,331.717,
2026-07-06 06:00,331.717,
2026-07-06 07:00,331.716,
2026-07-06 08:00,331.708,
2026-07-06 09:00,331.704,
2026-07-06 10:00,331.702,
2026-07-06 11:00,331.703,
2026-07-06 12:00,331.707,
2026-07-06 13:00,331.703,
2026-07-06 14:00,331.703,
2026-07-06 15:00,331.699,
2026-07-06 16:00,331.695,
2026-07-06 17:00,331.695,
2026-07-06 18:00,331.703,
2026-07-06 19:00,331.706,
2026-07-06 20:00,331.707,
2026-07-06 21:00,331.709,
2026-07-06 22:00,331.709,
2026-07-06 23:00,331.709,
2026-07-07 00:00,331.71,
2026-07-07 01:00,331.71,
2026-07-07 02:00,331.711,
2026-07-07 03:00,331.712,
2026-07-07 04:00,331.713,
2026-07-07 05:00,331.713,
2026-07-07 06:00,331.714,
2026-07-07 07:00,331.714,
2026-07-07 08:00,331.707,
2026-07-07 09:00,331.702,
2026-07-07 10:00,331.7,
2026-07-07 11:00,331.703,
2026-07-07 12:00,331.702,
2026-07-07 13:00,331.701,
2026-07-07 14:00,331.699,
2026-07-07 15:00,331.698,
2026-07-07 16:00,331.697,
2026-07-07 17:00,331.697,
2026-07-07 18:00,331.703,
2026-07-07 19:00,331.705,
2026-07-07 20:00,331.707,
2026-07-07 21:00,331.708,
2026-07-07 22:00,331.708,
2026-07-07 23:00,331.709,
2026-07-08 00:00,331.71,
2026-07-08 01:00,331.717,
2026-07-08 02:00,331.725,
2026-07-08 03:00,331.725,
2026-07-08 04:00,331.723,
2026-07-08 05:00,331.72,
2026-07-08 06:00,331.719,
2026-07-08 07:00,331.717,
2026-07-08 08:00,331.715,
2026-07-08 09:00,331.71,
2026-07-08 10:00,331.709,
2026-07-08 11:00,331.708,
2026-07-08 12:00,331.707,
2026-07-08 13:00,331.705,
2026-07-08 14:00,331.704,
2026-07-08 15:00,331.703,
2026-07-08 16:00,331.703,
2026-07-08 17:00,331.7,
2026-07-08 18:00,331.704,
2026-07-08 19:00,331.708,
2026-07-08 20:00,331.709,
2026-07-08 21:00,331.709,
2026-07-08 22:00,331.709,
2026-07-08 23:00,331.71,
2026-07-09 00:00,331.71,
2026-07-09 01:00,331.711,
2026-07-09 02:00,331.711,
2026-07-09 03:00,331.712,
2026-07-09 04:00,331.712,
2026-07-09 05:00,331.712,
2026-07-09 06:00,331.712,
2026-07-09 07:00,331.711,
2026-07-09 08:00,331.706,
2026-07-09 09:00,331.7,
2026-07-09 10:00,331.699,
2026-07-09 11:00,331.701,
2026-07-09 12:00,331.703,
2026-07-09 13:00,331.702,
2026-07-09 14:00,331.699,
2026-07-09 15:00,331.695,
2026-07-09 16:00,331.699,
2026-07-09 17:00,331.708,
2026-07-09 18:00,331.716,
2026-07-09 19:00,331.719,
2026-07-09 20:00,331.735,
2026-07-09 21:00,331.758,
2026-07-09 22:00,331.751,
2026-07-09 23:00,331.742,
2026-07-10 00:00,331.737,
2026-07-10 01:00,331.732,
2026-07-10 02:00,331.728,
2026-07-10 03:00,331.726,
2026-07-10 04:00,331.723,
2026-07-10 05:00,331.721,
2026-07-10 06:00,331.719,
2026-07-10 07:00,331.717,
2026-07-10 08:00,331.715,
2026-07-10 09:00,331.71,
2026-07-10 10:00,331.704,
2026-07-10 11:00,331.704,
2026-07-10 12:00,331.706,
2026-07-10 13:00,331.703,
2026-07-10 14:00,331.702,
2026-07-10 15:00,331.699,
2026-07-10 16:00,331.695,
2026-07-10 17:00,331.695,
2026-07-10 18:00,331.702,
2026-07-10 19:00,331.705,
2026-07-10 20:00,331.706,
2026-07-10 21:00,331.706,
2026-07-10 22:00,331.707,
2026-07-10 23:00,331.707,
2026-07-11 00:00,331.707,
2026-07-11 01:00,331.708,
2026-07-11 02:00,331.709,
2026-07-11 03:00,331.709,
2026-07-11 04:00,331.71,
2026-07-11 05:00,331.71,
2026-07-11 06:00,331.71,
2026-07-11 07:00,331.709,
2026-07-11 08:00,331.702,
2026-07-11 09:00,331.697,
2026-07-11 10:00,331.697,
2026-07-11 11:00,331.698,
2026-07-11 12:00,331.701,
2026-07-11 13:00,331.705,
2026-07-11 14:00,331.712,
2026-07-11 15:00,331.711,
2026-07-11 16:00,331.713,
2026-07-11 17:00,331.717,
2026-07-11 18:00,331.728,
2026-07-11 19:00,331.737,
2026-07-11 20:00,331.737,
2026-07-11 21:00,331.732,
2026-07-11 22:00,331.728,
2026-07-11 23:00,331.725,
2026-07-12 00:00,331.722,
2026-07-12 01:00,331.719,
2026-07-12 02:00,331.718,
2026-07-12 03:00,331.717,
2026-07-12 04:00,331.716,
2026-07-12 05:00,331.716,
2026-07-12 06:00,331.715,
2026-07-12 07:00,331.713,
2026-07-12 08:00,331.705,
2026-07-12 09:00,331.701,
2026-07-12 10:00,331.701,
2026-07-12 11:00,331.701,
2026-07-12 12:00,331.704,
2026-07-12 13:00,331.702,
2026-07-12 14:00,331.699,
2026-07-12 15:00,331.699,
2026-07-12 16:00,331.697,
2026-07-12 17:00,331.694,
2026-07-12 18:00,331.701,
2026-07-12 19:00,331.704,
2026-07-12 20:00,331.705,
2026-07-12 21:00,331.706,
2026-07-12 22:00,331.706,
2026-07-12 23:00,331.706,
2026-07-13 00:00,331.707,
2026-07-13 01:00,331.708,
2026-07-13 02:00,331.709,
2026-07-13 03:00,331.709,
2026-07-13 04:00,331.71,
2026-07-13 05:00,331.71,
2026-07-13 06:00,331.71,
2026-07-13 07:00,331.71,
2026-07-13 08:00,331.709,
2026-07-13 09:00,331.707,
2026-07-13 10:00,331.705,
2026-07-13 11:00,331.704,
2026-07-13 12:00,331.702,
2026-07-13 13:00,331.701,
2026-07-13 14:00,331.7,
2026-07-13 15:00,331.7,
2026-07-13 16:00,331.7,
2026-07-13 17:00,331.7,
2026-07-13 18:00,331.703,
2026-07-13 19:00,331.704,
2026-07-13 20:00,331.705,
2026-07-13 21:00,331.705,
2026-07-13 22:00,331.706,
2026-07-13 23:00,331.706,
2026-07-14 00:00,331.706,
2026-07-14 01:00,331.707,
2026-07-14 02:00,331.708,
2026-07-14 03:00,331.708,
2026-07-14 04:00,331.708,
2026-07-14 05:00,331.71,
2026-07-14 06:00,331.709,
2026-07-14 07:00,331.709,
2026-07-14 08:00,331.706,
2026-07-14 09:00,331.704,
2026-07-14 10:00,331.701,
2026-07-14 11:00,331.699,
2026-07-14 12:00,331.699,
2026-07-14 13:00,331.699,
2026-07-14 14:00,331.699,
2026-07-14 15:00,331.698,
2026-07-14 16:00,331.701,
2026-07-14 17:00,331.702,
2026-07-14 18:00,331.705,
2026-07-14 19:00,331.704,
2026-07-14 20:00,331.706,
2026-07-14 21:00,331.706,
2026-07-14 22:00,331.707,
2026-07-14 23:00,331.707,
2026-07-15 00:00,331.708,
2026-07-15 01:00,331.71,
2026-07-15 02:00,331.711,
2026-07-15 03:00,331.712,
2026-07-15 04:00,331.712,
2026-07-15 05:00,331.713,
2026-07-15 06:00,331.712,
2026-07-15 07:00,331.711,
2026-07-15 08:00,331.71,
2026-07-15 09:00,331.707,
2026-07-15 10:00,331.701,
2026-07-15 11:00,331.702,
2026-07-15 12:00,331.701,
2026-07-15 13:00,331.701,
2026-07-15 14:00,331.705,
2026-07-15 15:00,331.706,
2026-07-15 16:00,331.709,
2026-07-15 17:00,331.711,
2026-07-15 18:00,331.718,
2026-07-15 19:00,331.728,
2026-07-15 20:00,331.728,
2026-07-15 21:00,331.725,
2026-07-15 22:00,331.722,
2026-07-15 23:00,331.719,
2026-07-16 00:00,331.718,
2026-07-16 01:00,331.716,
2026-07-16 02:00,331.714,
2026-07-16 03:00,331.714,
2026-07-16 04:00,331.712,
2026-07-16 05:00,331.712,
2026-07-16 06:00,331.712,
2026-07-16 07:00,331.711,
2026-07-16 08:00,331.705,
2026-07-16 09:00,331.701,
2026-07-16 10:00,331.699,
2026-07-16 11:00,331.7,
2026-07-16 12:00,331.7,
2026-07-16 13:00,331.7,
2026-07-16 14:00,331.697,
2026-07-16 15:00,331.696,
2026-07-16 16:00,331.696,
2026-07-16 17:00,331.696,
2026-07-16 18:00,331.7,
2026-07-16 19:00,331.722,
2026-07-16 20:00,331.734,
2026-07-16 21:00,331.732,
2026-07-16 22:00,331.728,
2026-07-16 23:00,331.724,
2026-07-17 00:00,331.72,
2026-07-17 01:00,331.718,
2026-07-17 02:00,331.716,
2026-07-17 03:00,331.715,
2026-07-17 04:00,331.714,
2026-07-17 05:00,331.713,
2026-07-17 06:00,331.712,
2026-07-17 07:00,331.712,
2026-07-17 08:00,331.707,
2026-07-17 09:00,331.701,
2026-07-17 10:00,331.698,
2026-07-17 11:00,331.701,
2026-07-17 12:00,331.7,
2026-07-17 13:00,331.696,
2026-07-17 14:00,331.697,
2026-07-17 15:00,331.693,
2026-07-17 16:00,331.694,
2026-07-17 17:00,331.955,
2026-07-17 18:00,332.359,
2026-07-17 19:00,332.119,
2026-07-17 20:00,331.996,
2026-07-17 21:00,331.93,
2026-07-17 22:00,331.893,
2026-07-17 23:00,331.864,
2026-07-18 00:00,331.844,
2026-07-18 01:00,331.827,
2026-07-18 02:00,331.814,
2026-07-18 03:00,331.802,
2026-07-18 04:00,331.791,
2026-07-18 05:00,331.783,
2026-07-18 06:00,331.778,
2026-07-18 07:00,331.772,
2026-07-18 08:00,331.765,
2026-07-18 09:00,331.754,
2026-07-18 10:00,331.746,
2026-07-18 11:00,331.74,
2026-07-18 12:00,331.733,
2026-07-18 13:00,331.728,
2026-07-18 14:00,331.723,
2026-07-18 15:00,331.717,
2026-07-18 16:00,331.717,
2026-07-18 17:00,331.738,
2026-07-18 18:00,331.758,
2026-07-18 19:00,331.768,
2026-07-18 20:00,331.767,
2026-07-18 21:00,331.765,
2026-07-18 22:00,331.76,
2026-07-18 23:00,331.756,
2026-07-19 00:00,331.752,
2026-07-19 01:00,331.748,
2026-07-19 02:00,331.745,
2026-07-19 03:00,331.743,
2026-07-19 04:00,331.741,
2026-07-19 05:00,331.74,
2026-07-19 06:00,331.74,
2026-07-19 07:00,331.737,
2026-07-19 08:00,331.73,
2026-07-19 09:00,331.724,
2026-07-19 10:00,331.72,
2026-07-19 11:00,331.726,
2026-07-19 12:00,331.724,
2026-07-19 13:00,331.724,
2026-07-19 14:00,331.72,
2026-07-19 15:00,331.714,
2026-07-19 16:00,331.708,
2026-07-19 17:00,331.72,
2026-07-19 18:00,331.724,
2026-07-19 19:00,331.725,
2026-07-19 20:00,331.725,
2026-07-19 21:00,331.725,
2026-07-19 22:00,331.726,
2026-07-19 23:00,331.726,
2026-07-20 00:00,331.726,
2026-07-20 01:00,331.726,
2026-07-20 02:00,331.725,
2026-07-20 03:00,331.725,
2026-07-20 04:00,331.725,
2026-07-20 05:00,331.725,
2026-07-20 06:00,331.725,
2026-07-20 07:00,331.725,
2026-07-20 08:00,331.724,
2026-07-20 09:00,331.718,
2026-07-20 10:00,331.717,
2026-07-20 11:00,331.7,
2026-07-20 12:00,331.691,
2026-07-20 13:00,331.685,
2026-07-20 14:00,331.684,
2026-07-20 15:00,331.703,
2026-07-20 16:00,331.713,
2026-07-20 17:00,331.716,
2026-07-20 18:00,331.717,
2026-07-20 19:00,331.718,
2026-07-20 20:00,331.719,
2026-07-20 21:00,331.719,
2026-07-20 22:00,331.719,
2026-07-20 23:00,331.72,
2026-07-21 00:00,331.72,
2026-07-21 01:00,331.72,
2026-07-21 02:00,331.72,
2026-07-21 03:00,331.72,
2026-07-21 04:00,331.721,
2026-07-21 05:00,331.721,
2026-07-21 06:00,331.721,
2026-07-21 07:00,331.719,
2026-07-21 08:00,331.712,
2026-07-21 09:00,331.707,
2026-07-21 10:00,331.708,
2026-07-21 11:00,331.71,
2026-07-21 12:00,331.712,
2026-07-21 13:00,331.71,
2026-07-21 14:00,331.705,
2026-07-21 15:00,331.704,
2026-07-21 16:00,331.702,
2026-07-21 17:00,331.701,
2026-07-21 18:00,331.71,
2026-07-21 19:00,331.712,
2026-07-21 20:00,331.714,
2026-07-21 21:00,331.714,
2026-07-21 22:00,331.716,
2026-07-21 23:00,331.717,
2026-07-22 00:00,331.718,
2026-07-22 01:00,331.719,
2026-07-22 02:00,331.719,
2026-07-22 03:00,331.719,
2026-07-22 04:00,331.72,
2026-07-22 05:00,331.72,
2026-07-22 06:00,331.72,
2026-07-22 07:00,331.718,
2026-07-22 08:00,331.71,
2026-07-22 09:00,331.706,
2026-07-22 10:00,331.704,
2026-07-22 11:00,331.706,
2026-07-22 12:00,331.707,
2026-07-22 13:00,331.707,
2026-07-22 14:00,331.706,
2026-07-22 15:00,331.705,
2026-07-22 16:00,331.702,
2026-07-22 17:00,331.7,
2026-07-22 18:00,331.707,
2026-07-22 19:00,331.71,
2026-07-22 20:00,331.712,
2026-07-22 21:00,331.713,
2026-07-22 22:00,331.713,
2026-07-22 23:00,331.714,
2026-07-23 00:00,331.714,
2026-07-23 01:00,331.715,
2026-07-23 02:00,331.716,
2026-07-23 03:00,331.716,
2026-07-23 04:00,331.717,
2026-07-23 05:00,331.717,
2026-07-23 06:00,331.717,
2026-07-23 07:00,331.716,
2026-07-23 08:00,331.709,
2026-07-23 09:00,331.704,
2026-07-23 10:00,331.702,
2026-07-23 11:00,331.695,
2026-07-23 12:00,331.686,
2026-07-23 13:00,331.681,
2026-07-23 14:00,331.676,
2026-07-23 15:00,331.682,
2026-07-23 16:00,331.693,
2026-07-23 17:00,331.699,
2026-07-23 18:00,331.697,
2026-07-23 19:00,331.706,
2026-07-23 20:00,331.709,
2026-07-23 21:00,331.711,
2026-07-23 22:00,331.711,
2026-07-23 23:00,331.712,
2026-07-24 00:00,331.713,
2026-07-24 01:00,331.713,
2026-07-24 02:00,331.714,
2026-07-24 03:00,331.714,
2026-07-24 04:00,331.715,
2026-07-24 05:00,331.715,
2026-07-24 06:00,331.715,
2026-07-24 07:00,331.716,
2026-07-24 08:00,331.714,
2026-07-24 09:00,331.712,
2026-07-24 10:00,331.71,
2026-07-24 11:00,331.709,
2026-07-24 12:00,331.707,
2026-07-24 13:00,331.707,
2026-07-24 14:00,331.713,
2026-07-24 15:00,331.698,
2026-07-24 16:00,331.696,
2026-07-24 17:00,331.692,
2026-07-24 18:00,331.698,
2026-07-24 19:00,331.709,
2026-07-24 20:00,331.714,
2026-07-24 21:00,331.716,
2026-07-24 22:00,331.717,
2026-07-24 23:00,331.717,
2026-07-25 00:00,331.717,
2026-07-25 01:00,331.717,
2026-07-25 02:00,331.716,
2026-07-25 03:00,331.716,
2026-07-25 04:00,331.716,
2026-07-25 05:00,331.716,
2026-07-25 06:00,331.716,
2026-07-25 07:00,331.715,
2026-07-25 08:00,331.713,
2026-07-25 09:00,331.71,
2026-07-25 10:00,331.703,
2026-07-25 11:00,331.654,
2026-07-25 12:00,331.688,
2026-07-25 13:00,331.699,
2026-07-25 14:00,331.704,
2026-07-25 15:00,331.71,
2026-07-25 16:00,331.708,
2026-07-25 17:00,331.711,
2026-07-25 18:00,331.714,
2026-07-25 19:00,331.714,
2026-07-25 20:00,331.715,
2026-07-25 21:00,331.715,
2026-07-25 22:00,331.715,
2026-07-25 23:00,331.716,
2026-07-26 00:00,331.717,
2026-07-26 01:00,331.718,
2026-07-26 02:00,331.718,
2026-07-26 03:00,331.718,
2026-07-26 04:00,331.718,
2026-07-26 05:00,331.718,
2026-07-26 06:00,331.717,
2026-07-26 07:00,331.717,
2026-07-26 08:00,331.717,
2026-07-26 09:00,331.714,
2026-07-26 10:00,331.709,
2026-07-26 11:00,331.706,
2026-07-26 12:00,331.708,
2026-07-26 13:00,331.714,
2026-07-26 14:00,331.726,
2026-07-26 15:00,331.753,
2026-07-26 16:00,331.762,
2026-07-26 17:00,331.751,
2026-07-26 18:00,331.746,
2026-07-26 19:00,331.743,
2026-07-26 20:00,331.738,
2026-07-26 21:00,331.733,
2026-07-26 22:00,331.729,
2026-07-26 23:00,331.726,
2026-07-27 00:00,331.725,
2026-07-27 01:00,331.724,
2026-07-27 02:00,331.722,
2026-07-27 03:00,331.721,
2026-07-27 04:00,331.72,
2026-07-27 05:00,331.72,
2026-07-27 06:00,331.719,
2026-07-27 07:00,331.718,
2026-07-27 08:00,331.715,
2026-07-27 09:00,331.709,
2026-07-27 10:00,331.71,
2026-07-27 11:00,331.708,
2026-07-27 12:00,331.708,
2026-07-27 13:00,331.707,
2026-07-27 14:00,331.703,
2026-07-27 15:00,331.703,
2026-07-27 16:00,331.704,
2026-07-27 17:00,331.707,
2026-07-27 18:00,331.708,
2026-07-27 19:00,331.71,
2026-07-27 20:00,331.712,
2026-07-27 21:00,331.712,
2026-07-27 22:00,331.713,
2026-07-27 23:00,331.713,
2026-07-28 00:00,331.713,
2026-07-28 01:00,331.714,
2026-07-28 02:00,331.714,
2026-07-28 03:00,331.715,
2026-07-28 04:00,331.715,
2026-07-28 05:00,331.715,
2026-07-28 06:00,331.714,
2026-07-28 07:00,331.715,
2026-07-28 08:00,331.714,
2026-07-28 09:00,331.708,
2026-07-28 10:00,331.704,
2026-07-28 11:00,331.704,
2026-07-28 12:00,331.704,
2026-07-28 13:00,331.702,
2026-07-28 14:00,331.701,
2026-07-28 15:00,331.7,
2026-07-28 16:00,331.698,
2026-07-28 17:00,331.699,
2026-07-28 18:00,331.703,
2026-07-28 19:00,331.705,
2026-07-28 20:00,331.707,
2026-07-28 21:00,331.707,
2026-07-28 22:00,331.708,
2026-07-28 23:00,331.708,
2026-07-29 00:00,331.709,
2026-07-29 01:00,331.71,
2026-07-29 02:00,331.71,
2026-07-29 03:00,331.711,
2026-07-29 04:00,331.711,
2026-07-29 05:00,331.727,
2026-07-29 06:00,331.773,
2026-07-29 07:00,331.833,
2026-07-29 08:00,331.828,
2026-07-29 09:00,331.808,
2026-07-29 10:00,331.783,
2026-07-29 11:00,331.765,
2026-07-29 12:00,331.753,
2026-07-29 13:00,331.747,
2026-07-29 14:00,331.737,
2026-07-29 15:00,331.736,
2026-07-29 16:00,331.732,
2026-07-29 17:00,331.729,
2026-07-29 18:00,331.728,
2026-07-29 19:00,331.727,
2026-07-29 20:00,331.726,
2026-07-29 21:00,331.725,
2026-07-29 22:00,331.724,
2026-07-29 23:00,331.724,
2026-07-30 00:00,331.722,
2026-07-30 01:00,331.721,
2026-07-30 02:00,331.721,
2026-07-30 03:00,331.72,
2026-07-30 04:00,331.719,
2026-07-30 05:00,331.719,
2026-07-30 06:00,331.719,
2026-07-30 07:00,331.718,
2026-07-30 08:00,331.716,
2026-07-30 09:00,331.712,
2026-07-30 10:00,331.71,
2026-07-30 11:00,331.707,
2026-07-30 12:00,331.707,
2026-07-30 13:00,331.705,
2026-07-30 14:00,331.705,
2026-07-30 15:00,331.704,
2026-07-30 16:00,331.702,
2026-07-30 17:00,331.705,
2026-07-30 18:00,331.708,
2026-07-30 19:00,331.709,
2026-07-30 20:00,331.71,
2026-07-30 21:00,331.71,
2026-07-30 22:00,331.711,
2026-07-30 23:00,331.711,
2026-07-31 00:00,331.711,
2026-07-31 01:00,331.711,
2026-07-31 02:00,331.712,
2026-07-31 03:00,331.713,
2026-07-31 04:00,331.714,
2026-07-31 05:00,331.713,
2026-07-31 06:00,331.713,
2026-07-31 07:00,331.713,
2026-07-31 08:00,331.708,
2026-07-31 09:00,331.702,
2026-07-31 10:00,331.7,
2026-07-31 11:00,331.703,
2026-07-31 12:00,331.704,
2026-07-31 13:00,331.703,
2026-07-31 14:00,331.703,
2026-07-31 15:00,331.706,
2026-07-31 16:00,331.709,
2026-07-31 17:00,331.71,
2026-07-31 18:00,331.71,
2026-07-31 19:00,331.711,
2026-07-31 20:00,331.712,
2026-07-31 21:00,331.713,
2026-07-31 22:00,331.714,
2026-07-31 23:00,331.715,
2026-08-01 00:00,331.715,
2026-08-01 01:00,331.714,
2026-08-01 02:00,331.714,
2026-08-01 03:00,331.714,
2026-08-01 04:00,331.714,
2026-08-01 05:00,331.714,
2026-08-01 06:00,331.714,
2026-08-01 07:00,331.713,
2026-08-01 08:00,331.705,
2026-08-01 09:00,331.7,
2026-08-01 10:00,331.7,
2026-08-01 11:00,331.7,
2026-08-01 12:00,331.703,
2026-08-01 13:00,331.701,
2026-08-01 14:00,331.697,
2026-08-01 15:00,331.697,
2026-08-01 16:00,331.695,
2026-08-01 17:00,331.695,
2026-08-01 18:00,331.7,
2026-08-01 19:00,331.704,
2026-08-01 20:00,331.705,
2026-08-01 21:00,331.706,
2026-08-01 22:00,331.71,
2026-08-01 23:00,331.713,
2026-08-02 00:00,331.715,
2026-08-02 01:00,331.715,
2026-08-02 02:00,331.716,
2026-08-02 03:00,331.717,
2026-08-02 04:00,331.72,
2026-08-02 05:00,331.729,
2026-08-02 06:00,331.73,
2026-08-02 07:00,331.727,
2026-08-02 08:00,331.718,
2026-08-02 09:00,331.711,
2026-08-02 10:00,331.708,
2026-08-02 11:00,331.706,
2026-08-02 12:00,331.709,
2026-08-02 13:00,331.707,
2026-08-02 14:00,331.703,
2026-08-02 15:00,331.701,
2026-08-02 16:00,331.698,
2026-08-02 17:00,331.697,
2026-08-02 18:00,331.702,
2026-08-02 19:00,331.705,
2026-08-02 20:00,331.706,
2026-08-02 21:00,331.707,
2026-08-02 22:00,331.708,
2026-08-02 23:00,331.708,
2026-08-03 00:00,331.709,
2026-08-03 01:00,331.709,
2026-08-03 02:00,331.719,
2026-08-03 03:00,331.735,
2026-08-03 04:00,332.037,
2026-08-03 05:00,332.127,
2026-08-03 06:00,331.997,
2026-08-03 07:00,331.907,
2026-08-03 08:00,331.85,
2026-08-03 09:00,331.814,
2026-08-03 10:00,331.79,
2026-08-03 11:00,331.778,
2026-08-03 12:00,331.767,
2026-08-03 13:00,331.755,
2026-08-03 14:00,331.748,
2026-08-03 15:00,331.743,
2026-08-03 16:00,331.733,
2026-08-03 17:00,331.745,
2026-08-03 18:00,331.823,
2026-08-03 19:00,331.883,
2026-08-03 20:00,331.851,
2026-08-03 21:00,331.825,
2026-08-03 22:00,331.81,
2026-08-03 23:00,331.802,
2026-08-04 00:00,331.795,
2026-08-04 01:00,331.787,
2026-08-04 02:00,331.778,
2026-08-04 03:00,331.77,
2026-08-04 04:00,331.764,
2026-08-04 05:00,331.76,
2026-08-04 06:00,331.758,
2026-08-04 07:00,331.755,
2026-08-04 08:00,331.752,
2026-08-04 09:00,331.748,
2026-08-04 10:00,331.744,
2026-08-04 11:00,331.736,
2026-08-04 12:00,331.735,
2026-08-04 13:00,331.734,
2026-08-04 14:00,331.729,
2026-08-04 15:00,331.724,
2026-08-04 16:00,331.722,
2026-08-04 17:00,331.722,
2026-08-04 18:00,331.726,
2026-08-04 19:00,331.733,
2026-08-04 20:00,331.736,
2026-08-04 21:00,331.76,
2026-08-04 22:00,331.777,
2026-08-04 23:00,331.767,
2026-08-05 00:00,331.757,
2026-08-05 01:00,331.752,
2026-08-05 02:00,331.748,
2026-08-05 03:00,331.744,
2026-08-05 04:00,331.742,
2026-08-05 05:00,331.74,
2026-08-05 06:00,331.739,
2026-08-05 07:00,331.737,
2026-08-05 08:00,331.735,
2026-08-05 09:00,331.728,
2026-08-05 10:00,331.727,
2026-08-05 11:00,331.722,
2026-08-05 12:00,331.724,
2026-08-05 13:00,331.722,
2026-08-05 14:00,331.719,
2026-08-05 15:00,331.723,
2026-08-05 16:00,331.725,
2026-08-05 17:00,331.725,
2026-08-05 18:00,331.725,
2026-08-05 19:00,331.726,
2026-08-05 20:00,331.726,
2026-08-05 21:00,331.727,
2026-08-05 22:00,331.727,
2026-08-05 23:00,331.728,
2026-08-06 00:00,331.728,
2026-08-06 01:00,331.728,
2026-08-06 02:00,331.728,
2026-08-06 03:00,331.728,
2026-08-06 04:00,331.728,
2026-08-06 05:00,331.728,
2026-08-06 06:00,331.728,
2026-08-06 07:00,331.728,
2026-08-06 08:00,331.721,
2026-08-06 09:00,331.715,
2026-08-06 10:00,331.714,
2026-08-06 11:00,331.713,
2026-08-06 12:00,331.714,
2026-08-06 13:00,331.714,
2026-08-06 14:00,331.711,
2026-08-06 15:00,331.711,
2026-08-06 16:00,331.709,
2026-08-06 17:00,331.71,
2026-08-06 18:00,331.717,
2026-08-06 19:00,331.719,
2026-08-06 20:00,331.72,
2026-08-06 21:00,331.722,
2026-08-06 22:00,331.723,
2026-08-06 23:00,331.724,
2026-08-07 00:00,331.725,
2026-08-07 01:00,331.725,
2026-08-07 02:00,331.727,
2026-08-07 03:00,331.727,
2026-08-07 04:00,331.727,
2026-08-07 05:00,331.727,
2026-08-07 06:00,331.727,
2026-08-07 07:00,331.726,
2026-08-07 08:00,331.724,
2026-08-07 09:00,331.721,
2026-08-07 10:00,331.716,
2026-08-07 11:00,331.715,
2026-08-07 12:00,331.715,
2026-08-07 13:00,331.713,
2026-08-07 14:00,331.71,
2026-08-07 15:00,331.708,
2026-08-07 16:00,331.711,
2026-08-07 17:00,331.714,
2026-08-07 18:00,331.719,
2026-08-07 19:00,331.719,
2026-08-07 20:00,331.719,
2026-08-07 21:00,331.72,
2026-08-07 22:00,331.72,
2026-08-07 23:00,331.721,
2026-08-08 00:00,331.721,
2026-08-08 01:00,331.722,
2026-08-08 02:00,331.722,
2026-08-08 03:00,331.722,
2026-08-08 04:00,331.722,
2026-08-08 05:00,331.722,
2026-08-08 06:00,331.722,
2026-08-08 07:00,331.722,
2026-08-08 08:00,331.72,
2026-08-08 09:00,331.716,
2026-08-08 10:00,331.712,
2026-08-08 11:00,331.712,
2026-08-08 12:00,331.711,
2026-08-08 13:00,331.71,
2026-08-08 14:00,331.708,
2026-08-08 15:00,331.705,
2026-08-08 16:00,331.704,
2026-08-08 17:00,331.704,
2026-08-08 18:00,331.711,
2026-08-08 19:00,331.713,
2026-08-08 20:00,331.713,
2026-08-08 21:00,331.714,
2026-08-08 22:00,331.716,
2026-08-08 23:00,331.716,
2026-08-09 00:00,331.716,
2026-08-09 01:00,331.717,
2026-08-09 02:00,331.718,
2026-08-09 03:00,331.719,
2026-08-09 04:00,331.719,
2026-08-09 05:00,331.719,
2026-08-09 06:00,331.719,
2026-08-09 07:00,331.719,
2026-08-09 08:00,331.717,
2026-08-09 09:00,331.71,
2026-08-09 10:00,331.707,
2026-08-09 11:00,331.708,
2026-08-09 12:00,331.711,
2026-08-09 13:00,331.709,
2026-08-09 14:00,331.705,
2026-08-09 15:00,331.706,
2026-08-09 16:00,331.708,
2026-08-09 17:00,331.709,
2026-08-09 18:00,331.71,
2026-08-09 19:00,331.711,
2026-08-09 20:00,331.712,
2026-08-09 21:00,331.712,
2026-08-09 22:00,331.713,
2026-08-09 23:00,331.714,
2026-08-10 00:00,331.714,
2026-08-10 01:00,331.715,
2026-08-10 02:00,331.715,
2026-08-10 03:00,331.716,
2026-08-10 04:00,331.716,
2026-08-10 05:00,331.717,
2026-08-10 06:00,331.717,
2026-08-10 07:00,331.717,
2026-08-10 08:00,331.716,
2026-08-10 09:00,331.71,
2026-08-10 10:00,331.71,
2026-08-10 11:00,331.712,
2026-08-10 12:00,331.711,
2026-08-10 13:00,331.709,
2026-08-10 14:00,331.707,
2026-08-10 15:00,331.706,
2026-08-10 16:00,331.709,
2026-08-10 17:00,331.71,
2026-08-10 18:00,331.71,
2026-08-10 19:00,331.712,
2026-08-10 20:00,331.713,
2026-08-10 21:00,331.714,
2026-08-10 22:00,331.714,
2026-08-10 23:00,331.714,
2026-08-11 00:00,331.715,
2026-08-11 01:00,331.716,
2026-08-11 02:00,331.716,
2026-08-11 03:00,331.717,
2026-08-11 04:00,331.717,
2026-08-11 05:00,331.718,
2026-08-11 06:00,331.718,
2026-08-11 07:00,331.716,
2026-08-11 08:00,331.709,
2026-08-11 09:00,331.703,
2026-08-11 10:00,331.701,
2026-08-11 11:00,331.707,
2026-08-11 12:00,331.707,
2026-08-11 13:00,331.703,
2026-08-11 14:00,331.704,
2026-08-11 15:00,331.701,
2026-08-11 16:00,331.726,
2026-08-11 17:00,331.744,
2026-08-11 18:00,331.755,
2026-08-11 19:00,331.754,
2026-08-11 20:00,331.752,
2026-08-11 21:00,331.749,
2026-08-11 22:00,331.743,
2026-08-11 23:00,331.738,
2026-08-12 00:00,331.734,
2026-08-12 01:00,331.73,
2026-08-12 02:00,331.727,
2026-08-12 03:00,331.724,
2026-08-12 04:00,331.723,
2026-08-12 05:00,331.722,
2026-08-12 06:00,331.721,
2026-08-12 07:00,331.72,
2026-08-12 08:00,331.715,
2026-08-12 09:00,331.708,
2026-08-12 10:00,331.708,
2026-08-12 11:00,331.705,
2026-08-12 12:00,331.707,
2026-08-12 13:00,331.707,
2026-08-12 14:00,331.704,
2026-08-12 15:00,331.701,
2026-08-12 16:00,331.702,
2026-08-12 17:00,331.702,
2026-08-12 18:00,331.706,
2026-08-12 19:00,331.707,
2026-08-12 20:00,331.71,
2026-08-12 21:00,331.71,
2026-08-12 22:00,331.712,
2026-08-12 23:00,331.712,
2026-08-13 00:00,331.712,
2026-08-13 01:00,331.712,
2026-08-13 02:00,331.713,
2026-08-13 03:00,331.713,
2026-08-13 04:00,331.714,
2026-08-13 05:00,331.714,
2026-08-13 06:00,331.714,
2026-08-13 07:00,331.714,
2026-08-13 08:00,331.713,
2026-08-13 09:00,331.712,
2026-08-13 10:00,331.709,
2026-08-13 11:00,331.703,
2026-08-13 12:00,331.704,
2026-08-13 13:00,331.703,
2026-08-13 14:00,331.702,
2026-08-13 15:00,331.699,
2026-08-13 16:00,331.698,
2026-08-13 17:00,331.703,
2026-08-13 18:00,331.703,
2026-08-13 19:00,331.706,
2026-08-13 20:00,331.707,
2026-08-13 21:00,331.708,
2026-08-13 22:00,331.708,
2026-08-13 23:00,331.709,
2026-08-14 00:00,331.708,
2026-08-14 01:00,331.709,
2026-08-14 02:00,331.71,
2026-08-14 03:00,331.711,
2026-08-14 04:00,331.711,
2026-08-14 05:00,331.711,
2026-08-14 06:00,331.711,
2026-08-14 07:00,331.711,
2026-08-14 08:00,331.704,
2026-08-14 09:00,331.709,
2026-08-14 10:00,331.705,
2026-08-14 11:00,331.708,
2026-08-14 12:00,331.709,
2026-08-14 13:00,331.71,
2026-08-14 14:00,331.712,
2026-08-14 15:00,331.709,
2026-08-14 16:00,331.711,
2026-08-14 17:00,331.712,
2026-08-14 18:00,331.712,
2026-08-14 19:00,331.713,
2026-08-14 20:00,331.714,
2026-08-14 21:00,331.714,
2026-08-14 22:00,331.715,
2026-08-14 23:00,331.714,
2026-08-15 00:00,331.713,
2026-08-15 01:00,331.713,
2026-08-15 02:00,331.712,
2026-08-15 03:00,331.712,
2026-08-15 04:00,331.712,
2026-08-15 05:00,331.712,
2026-08-15 06:00,331.712,
2026-08-15 07:00,331.712,
2026-08-15 08:00,331.709,
2026-08-15 09:00,331.708,
2026-08-15 10:00,331.706,
2026-08-15 11:00,331.702,
2026-08-15 12:00,331.702,
2026-08-15 13:00,331.701,
2026-08-15 14:00,331.7,
2026-08-15 15:00,331.698,
2026-08-15 16:00,331.699,
2026-08-15 17:00,331.7,
2026-08-15 18:00,331.703,
2026-08-15 19:00,331.705,
2026-08-15 20:00,331.706,
2026-08-15 21:00,331.707,
2026-08-15 22:00,331.708,
2026-08-15 23:00,331.709,
2026-08-16 00:00,331.71,
2026-08-16 01:00,331.711,
2026-08-16 02:00,331.711,
2026-08-16 03:00,331.712,
2026-08-16 04:00,331.713,
2026-08-16 05:00,331.713,
2026-08-16 06:00,331.713,
2026-08-16 07:00,331.712,
2026-08-16 08:00,331.706,
2026-08-16 09:00,331.703,
2026-08-16 10:00,331.701,
2026-08-16 11:00,331.702,
2026-08-16 12:00,331.7,
2026-08-16 13:00,331.702,
2026-08-16 14:00,331.702,
2026-08-16 15:00,331.702,
2026-08-16 16:00,331.699,
2026-08-16 17:00,331.701,
2026-08-16 18:00,331.705,
2026-08-16 19:00,331.708,
2026-08-16 20:00,331.71,
2026-08-16 21:00,331.711,
2026-08-16 22:00,331.712,
2026-08-16 23:00,331.712,
2026-08-17 00:00,331.712,
2026-08-17 01:00,331.713,
2026-08-17 02:00,331.713,
2026-08-17 03:00,331.714,
2026-08-17 04:00,331.713,
2026-08-17 05:00,331.713,
2026-08-17 06:00,331.714,
2026-08-17 07:00,331.713,
2026-08-17 08:00,331.705,
2026-08-17 09:00,331.701,
2026-08-17 10:00,331.701,
2026-08-17 11:00,331.7,
2026-08-17 12:00,331.704,
2026-08-17 13:00,331.701,
2026-08-17 14:00,331.701,
2026-08-17 15:00,331.698,
2026-08-17 16:00,331.699,
2026-08-17 17:00,331.696,
2026-08-17 18:00,331.701,
2026-08-17 19:00,331.711,
2026-08-17 20:00,331.715,
2026-08-17 21:00,331.732,
2026-08-17 22:00,331.754,
2026-08-17 23:00,331.754,
2026-08-18 00:00,331.751,
2026-08-18 01:00,331.742,
2026-08-18 02:00,331.735,
2026-08-18 03:00,331.728,
2026-08-18 04:00,331.724,
2026-08-18 05:00,331.72,
2026-08-18 06:00,331.718,
2026-08-18 07:00,331.716,
2026-08-18 08:00,331.715,
2026-08-18 09:00,331.711,
2026-08-18 10:00,331.709,
2026-08-18 11:00,331.704,
2026-08-18 12:00,331.705,
2026-08-18 13:00,331.704,
2026-08-18 14:00,331.702,
2026-08-18 15:00,331.701,
2026-08-18 16:00,331.704,
2026-08-18 17:00,331.705,
2026-08-18 18:00,331.707,
2026-08-18 19:00,331.708,
2026-08-18 20:00,331.709,
2026-08-18 21:00,331.709,
2026-08-18 22:00,331.709,
2026-08-18 23:00,331.71,
2026-08-19 00:00,331.711,
2026-08-19 01:00,331.711,
2026-08-19 02:00,331.711,
2026-08-19 03:00,331.712,
2026-08-19 04:00,331.712,
2026-08-19 05:00,331.712,
2026-08-19 06:00,331.712,
2026-08-19 07:00,331.711,
2026-08-19 08:00,331.706,
2026-08-19 09:00,331.704,
2026-08-19 10:00,331.7,
2026-08-19 11:00,331.699,
2026-08-19 12:00,331.701,
2026-08-19 13:00,331.701,
2026-08-19 14:00,331.7,
2026-08-19 15:00,331.701,
2026-08-19 16:00,331.697,
2026-08-19 17:00,331.698,
2026-08-19 18:00,331.703,
2026-08-19 19:00,331.706,
2026-08-19 20:00,331.707,
2026-08-19 21:00,331.706,
2026-08-19 22:00,331.707,
2026-08-19 23:00,331.707,
2026-08-20 00:00,331.707,
2026-08-20 01:00,331.707,
2026-08-20 02:00,331.708,
2026-08-20 03:00,331.709,
2026-08-20 04:00,331.71,
2026-08-20 05:00,331.71,
2026-08-20 06:00,331.71,
2026-08-20 07:00,331.709,
2026-08-20 08:00,331.708,
2026-08-20 09:00,331.704,
2026-08-20 10:00,331.7,
2026-08-20 11:00,331.7,
2026-08-20 12:00,331.698,
2026-08-20 13:00,331.698,
2026-08-20 14:00,331.698,
2026-08-20 15:00,331.696,
2026-08-20 16:00,331.697,
2026-08-20 17:00,331.699,
2026-08-20 18:00,331.702,
2026-08-20 19:00,331.703,
2026-08-20 20:00,331.704,
2026-08-20 21:00,331.704,
2026-08-20 22:00,331.705,
2026-08-20 23:00,331.706,
2026-08-21 00:00,331.706,
2026-08-21 01:00,331.706,
2026-08-21 02:00,331.707,
2026-08-21 03:00,331.708,
2026-08-21 04:00,331.709,
2026-08-21 05:00,331.709,
2026-08-21 06:00,331.71,
2026-08-21 07:00,331.709,
2026-08-21 08:00,331.707,
2026-08-21 09:00,331.703,
2026-08-21 10:00,331.702,
2026-08-21 11:00,331.7,
2026-08-21 12:00,331.697,
2026-08-21 13:00,331.699,
2026-08-21 14:00,331.696,
2026-08-21 15:00,331.694,
2026-08-21 16:00,331.692,
2026-08-21 17:00,331.694,
2026-08-21 18:00,331.699,
2026-08-21 19:00,331.701,
2026-08-21 20:00,331.702,
2026-08-21 21:00,331.703,
2026-08-21 22:00,331.703,
2026-08-21 23:00,331.704,
2026-08-22 00:00,331.706,
2026-08-22 01:00,331.706,
2026-08-22 02:00,331.707,
2026-08-22 03:00,331.707,
2026-08-22 04:00,331.708,
2026-08-22 05:00,331.709,
2026-08-22 06:00,331.71,
2026-08-22 07:00,331.71,
2026-08-22 08:00,331.709,
2026-08-22 09:00,331.707,
2026-08-22 10:00,331.701,
2026-08-22 11:00,331.699,
2026-08-22 12:00,331.701,
2026-08-22 13:00,331.699,
2026-08-22 14:00,331.698,
2026-08-22 15:00,331.695,
2026-08-22 16:00,331.721,
2026-08-22 17:00,331.72,
2026-08-22 18:00,331.719,
2026-08-22 19:00,331.718,
2026-08-22 20:00,331.716,
2026-08-22 21:00,331.714,
2026-08-22 22:00,331.714,
2026-08-22 23:00,331.713,
2026-08-23 00:00,331.712,
2026-08-23 01:00,331.712,
2026-08-23 02:00,331.711,
2026-08-23 03:00,331.711,
2026-08-23 04:00,331.711,
2026-08-23 05:00,331.71,
2026-08-23 06:00,331.71,
2026-08-23 07:00,331.709,
2026-08-23 08:00,331.704,
2026-08-23 09:00,331.699,
2026-08-23 10:00,331.697,
2026-08-23 11:00,331.696,
2026-08-23 12:00,331.697,
2026-08-23 13:00,331.699,
2026-08-23 14:00,331.694,
2026-08-23 15:00,331.694,
2026-08-23 16:00,331.693,
2026-08-23 17:00,331.696,
2026-08-23 18:00,331.7,
2026-08-23 19:00,331.702,
2026-08-23 20:00,331.703,
2026-08-23 21:00,331.704,
2026-08-23 22:00,331.704,
2026-08-23 23:00,331.705,
2026-08-24 00:00,331.705,
2026-08-24 01:00,331.705,
2026-08-24 02:00,331.706,
2026-08-24 03:00,331.707,
2026-08-24 04:00,331.707,
2026-08-24 05:00,331.707,
2026-08-24 06:00,331.708,
2026-08-24 07:00,331.708,
2026-08-24 08:00,331.704,
2026-08-24 09:00,331.7,
2026-08-24 10:00,331.698,
2026-08-24 11:00,331.699,
2026-08-24 12:00,331.699,
2026-08-24 13:00,331.698,
2026-08-24 14:00,331.696,
2026-08-24 15:00,331.695,
2026-08-24 16:00,331.697,
2026-08-24 17:00,331.7,
2026-08-24 18:00,331.701,
2026-08-24 19:00,331.703,
2026-08-24 20:00,331.703,
2026-08-24 21:00,331.704,
2026-08-24 22:00,331.704,
2026-08-24 23:00,331.705,
2026-08-25 00:00,331.705,
2026-08-25 01:00,331.706,
2026-08-25 02:00,331.706,
2026-08-25 03:00,331.707,
2026-08-25 04:00,331.707,
2026-08-25 05:00,331.708,
2026-08-25 06:00,331.708,
2026-08-25 07:00,331.708,
2026-08-25 08:00,331.707,
2026-08-25 09:00,331.705,
2026-08-25 10:00,331.703,
2026-08-25 11:00,331.702,
2026-08-25 12:00,331.702,
2026-08-25 13:00,331.7,
2026-08-25 14:00,331.697,
2026-08-25 15:00,331.706,
2026-08-25 16:00,331.723,
2026-08-25 17:00,331.726,
2026-08-25 18:00,331.726,
2026-08-25 19:00,331.726,
2026-08-25 20:00,331.725,
2026-08-25 21:00,331.727,
2026-08-25 22:00,331.726,
2026-08-25 23:00,331.723,
2026-08-26 00:00,331.721,
2026-08-26 01:00,331.719,
2026-08-26 02:00,331.718,
2026-08-26 03:00,331.717,
2026-08-26 04:00,331.716,
2026-08-26 05:00,331.715,
2026-08-26 06:00,331.715,
2026-08-26 07:00,331.713,
2026-08-26 08:00,331.708,
2026-08-26 09:00,331.703,
2026-08-26 10:00,331.701,
2026-08-26 11:00,331.698,
2026-08-26 12:00,331.699,
2026-08-26 13:00,331.7,
2026-08-26 14:00,331.702,
2026-08-26 15:00,331.706,
2026-08-26 16:00,331.707,
2026-08-26 17:00,331.707,
2026-08-26 18:00,331.708,
2026-08-26 19:00,331.709,
2026-08-26 20:00,331.71,
2026-08-26 21:00,331.714,
2026-08-26 22:00,331.715,
2026-08-26 23:00,331.715,
2026-08-27 00:00,331.715,
2026-08-27 01:00,331.714,
2026-08-27 02:00,331.713,
2026-08-27 03:00,331.713,
2026-08-27 04:00,331.713,
2026-08-27 05:00,331.713,
2026-08-27 06:00,331.712,
2026-08-27 07:00,331.711,
2026-08-27 08:00,331.707,
2026-08-27 09:00,331.702,
2026-08-27 10:00,331.696,
2026-08-27 11:00,331.699,
2026-08-27 12:00,331.702,
2026-08-27 13:00,331.701,
2026-08-27 14:00,331.699,
2026-08-27 15:00,331.715,
2026-08-27 16:00,331.716,
2026-08-27 17:00,331.722,
2026-08-27 18:00,331.729,
2026-08-27 19:00,331.735,
2026-08-27 20:00,331.736,
2026-08-27 21:00,331.733,
2026-08-27 22:00,331.729,
2026-08-27 23:00,331.726,
2026-08-28 00:00,331.723,
2026-08-28 01:00,331.72,
2026-08-28 02:00,331.719,
2026-08-28 03:00,331.717,
2026-08-28 04:00,331.716,
2026-08-28 05:00,331.715,
2026-08-28 06:00,331.715,
2026-08-28 07:00,331.713,
2026-08-28 08:00,331.707,
2026-08-28 09:00,331.707,
2026-08-28 10:00,331.702,
2026-08-28 11:00,331.699,
2026-08-28 12:00,331.701,
2026-08-28 13:00,331.701,
2026-08-28 14:00,331.7,
2026-08-28 15:00,331.699,
2026-08-28 16:00,331.697,
2026-08-28 17:00,331.696,
2026-08-28 18:00,331.702,
2026-08-28 19:00,331.705,
2026-08-28 20:00,331.705,
2026-08-28 21:00,331.706,
2026-08-28 22:00,331.707,
2026-08-28 23:00,331.708,
2026-08-29 00:00,331.708,
2026-08-29 01:00,331.709,
2026-08-29 02:00,331.709,
2026-08-29 03:00,331.709,
2026-08-29 04:00,331.71,
2026-08-29 05:00,331.71,
2026-08-29 06:00,331.711,
2026-08-29 07:00,331.71,
2026-08-29 08:00,331.705,
2026-08-29 09:00,331.7,
2026-08-29 10:00,331.698,
2026-08-29 11:00,331.699,
2026-08-29 12:00,331.7,
2026-08-29 13:00,331.707,
2026-08-29 14:00,331.711,
2026-08-29 15:00,331.711,
2026-08-29 16:00,331.712,
2026-08-29 17:00,331.711,
2026-08-29 18:00,331.712,
2026-08-29 19:00,331.714,
2026-08-29 20:00,331.715,
2026-08-29 21:00,331.716,
2026-08-29 22:00,331.715,
2026-08-29 23:00,331.714,
2026-08-30 00:00,331.715,
2026-08-30 01:00,331.714,
2026-08-30 02:00,331.714,
2026-08-30 03:00,331.713,
2026-08-30 04:00,331.714,
2026-08-30 05:00,331.714,
2026-08-30 06:00,331.714,
2026-08-30 07:00,331.713,
2026-08-30 08:00,331.711,
2026-08-30 09:00,331.703,
2026-08-30 10:00,331.7,
2026-08-30 11:00,331.701,
2026-08-30 12:00,331.7,
2026-08-30 13:00,331.702,
2026-08-30 14:00,331.7,
2026-08-30 15:00,331.701,
2026-08-30 16:00,331.697,
2026-08-30 17:00,331.699,
2026-08-30 18:00,331.703,
2026-08-30 19:00,331.705,
2026-08-30 20:00,331.706,
2026-08-30 21:00,331.707,
2026-08-30 22:00,331.707,
2026-08-30 23:00,331.708,
2026-08-31 00:00,331.709,
2026-08-31 01:00,331.709,
2026-08-31 02:00,331.71,
2026-08-31 03:00,331.711,
2026-08-31 04:00,331.712,
2026-08-31 05:00,331.712,
2026-08-31 06:00,331.712,
2026-08-31 07:00,331.711,
2026-08-31 08:00,331.705,
2026-08-31 09:00,331.7,
2026-08-31 10:00,331.699,
2026-08-31 11:00,331.698,
2026-08-31 12:00,331.702,
2026-08-31 13:00,331.701,
2026-08-31 14:00,331.7,
2026-08-31 15:00,331.699,
2026-08-31 16:00,331.696,
2026-08-31 17:00,331.698,
2026-08-31 18:00,331.701,
2026-08-31 19:00,331.704,
2026-08-31 20:00,331.705,
2026-08-31 21:00,331.706,
2026-08-31 22:00,331.707,
2026-08-31 23:00,331.708,
2026-09-01 00:00,331.708,
2026-09-01 01:00,331.709,
2026-09-01 02:00,331.709,
2026-09-01 03:00,331.71,
2026-09-01 04:00,331.711,
2026-09-01 05:00,331.711,
2026-09-01 06:00,331.712,
2026-09-01 07:00,331.712,
2026-09-01 08:00,331.708,
2026-09-01 09:00,331.703,
2026-09-01 10:00,331.702,
2026-09-01 11:00,331.701,
2026-09-01 12:00,331.699,
2026-09-01 13:00,331.699,
2026-09-01 14:00,331.695,
2026-09-01 15:00,331.695,
2026-09-01 16:00,331.742,
2026-09-01 17:00,331.749,
2026-09-01 18:00,331.749,
2026-09-01 19:00,331.744,
2026-09-01 20:00,331.742,
2026-09-01 21:00,331.736,
2026-09-01 22:00,331.73,
2026-09-01 23:00,331.726,
2026-09-02 00:00,331.723,
2026-09-02 01:00,331.72,
2026-09-02 02:00,331.718,
2026-09-02 03:00,331.717,
2026-09-02 04:00,331.715,
2026-09-02 05:00,331.714,
2026-09-02 06:00,331.713,
2026-09-02 07:00,331.711,
2026-09-02 08:00,331.704,
2026-09-02 09:00,331.699,
2026-09-02 10:00,331.698,
2026-09-02 11:00,331.698,
2026-09-02 12:00,331.699,
2026-09-02 13:00,331.698,
2026-09-02 14:00,331.698,
2026-09-02 15:00,331.696,
2026-09-02 16:00,331.697,
2026-09-02 17:00,331.7,
2026-09-02 18:00,331.7,
2026-09-02 19:00,331.703,
2026-09-02 20:00,331.711,
2026-09-02 21:00,331.712,
2026-09-02 22:00,331.715,
2026-09-02 23:00,331.719,
2026-09-03 00:00,331.723,
2026-09-03 01:00,331.726,
2026-09-03 02:00,331.727,
2026-09-03 03:00,331.725,
2026-09-03 04:00,331.723,
2026-09-03 05:00,331.721,
2026-09-03 06:00,331.719,
2026-09-03 07:00,331.715,
2026-09-03 08:00,331.712,
2026-09-03 09:00,331.709,
2026-09-03 10:00,331.707,
2026-09-03 11:00,331.704,
2026-09-03 12:00,331.702,
2026-09-03 13:00,331.701,
2026-09-03 14:00,331.701,
2026-09-03 15:00,331.699,
2026-09-03 16:00,331.695,
2026-09-03 17:00,331.702,
2026-09-03 18:00,331.704,
2026-09-03 19:00,331.704,
2026-09-03 20:00,331.705,
2026-09-03 21:00,331.704,
2026-09-03 22:00,331.704,
2026-09-03 23:00,331.705,
2026-09-04 00:00,331.705,
2026-09-04 01:00,331.706,
2026-09-04 02:00,331.707,
2026-09-04 03:00,331.706,
2026-09-04 04:00,331.707,
2026-09-04 05:00,331.707,
2026-09-04 06:00,331.707,
2026-09-04 07:00,331.706,
2026-09-04 08:00,331.703,
2026-09-04 09:00,331.695,
2026-09-04 10:00,331.696,
2026-09-04 11:00,331.695,
2026-09-04 12:00,331.695,
2026-09-04 13:00,331.696,
2026-09-04 14:00,331.694,
2026-09-04 15:00,331.694,
2026-09-04 16:00,331.696,
2026-09-04 17:00,331.698,
2026-09-04 18:00,331.7,
2026-09-04 19:00,331.701,
2026-09-04 20:00,331.702,
2026-09-04 21:00,331.702,
2026-09-04 22:00,331.702,
2026-09-04 23:00,331.702,
2026-09-05 00:00,331.702,
2026-09-05 01:00,331.703,
2026-09-05 02:00,331.703,
2026-09-05 03:00,331.704,
2026-09-05 04:00,331.704,
2026-09-05 05:00,331.705,
2026-09-05 06:00,331.706,
2026-09-05 07:00,331.703,
2026-09-05 08:00,331.699,
2026-09-05 09:00,331.697,
2026-09-05 10:00,331.696,
2026-09-05 11:00,331.693,
2026-09-05 12:00,331.695,
2026-09-05 13:00,331.695,
2026-09-05 14:00,331.692,
2026-09-05 15:00,331.695,
2026-09-05 16:00,331.692,
2026-09-05 17:00,331.692,
2026-09-05 18:00,331.696,
2026-09-05 19:00,331.699,
2026-09-05 20:00,331.7,
2026-09-05 21:00,331.701,
2026-09-05 22:00,331.701,
2026-09-05 23:00,331.701,
2026-09-06 00:00,331.702,
2026-09-06 01:00,331.702,
2026-09-06 02:00,331.703,
2026-09-06 03:00,331.704,
2026-09-06 04:00,331.704,
2026-09-06 05:00,331.705,
2026-09-06 06:00,331.704,
2026-09-06 07:00,331.705,
2026-09-06 08:00,331.704,
2026-09-06 09:00,331.701,
2026-09-06 10:00,331.697,
2026-09-06 11:00,331.696,
2026-09-06 12:00,331.696,
2026-09-06 13:00,331.694,
2026-09-06 14:00,331.692,
2026-09-06 15:00,331.691,
2026-09-06 16:00,331.689,
2026-09-06 17:00,331.69,
2026-09-06 18:00,331.695,
2026-09-06 19:00,331.697,
2026-09-06 20:00,331.698,
2026-09-06 21:00,331.699,
2026-09-06 22:00,331.699,
2026-09-06 23:00,331.699,
2026-09-07 00:00,331.7,
2026-09-07 01:00,331.7,
2026-09-07 02:00,331.7,
2026-09-07 03:00,331.701,
2026-09-07 04:00,331.701,
2026-09-07 05:00,331.702,
2026-09-07 06:00,331.702,
2026-09-07 07:00,331.702,
2026-09-07 08:00,331.702,
2026-09-07 09:00,331.7,
2026-09-07 10:00,331.696,
2026-09-07 11:00,331.696,
2026-09-07 12:00,331.696,
2026-09-07 13:00,331.693,
2026-09-07 14:00,331.692,
2026-09-07 15:00,331.693,
2026-09-07 16:00,331.694,
2026-09-07 17:00,331.694,
2026-09-07 18:00,331.696,
2026-09-07 19:00,331.698,
2026-09-07 20:00,331.698,
2026-09-07 21:00,331.699,
2026-09-07 22:00,331.699,
2026-09-07 23:00,331.7,
2026-09-08 00:00,331.7,
2026-09-08 01:00,331.7,
2026-09-08 02:00,331.7,
2026-09-08 03:00,331.701,
2026-09-08 04:00,331.702,
2026-09-08 05:00,331.702,
2026-09-08 06:00,331.702,
2026-09-08 07:00,331.701,
2026-09-08 08:00,331.7,
2026-09-08 09:00,331.698,
2026-09-08 10:00,331.696,
2026-09-08 11:00,331.696,
2026-09-08 12:00,331.692,
2026-09-08 13:00,331.692,
2026-09-08 14:00,331.691,
2026-09-08 15:00,331.689,
2026-09-08 16:00,331.689,
2026-09-08 17:00,331.692,
2026-09-08 18:00,331.694,
2026-09-08 19:00,331.695,
2026-09-08 20:00,331.697,
2026-09-08 21:00,331.697,
2026-09-08 22:00,331.698,
2026-09-08 23:00,331.698,
2026-09-09 00:00,331.699,
2026-09-09 01:00,331.699,
2026-09-09 02:00,331.699,
2026-09-09 03:00,331.7,
2026-09-09 04:00,331.701,
2026-09-09 05:00,331.701,
2026-09-09 06:00,331.7,
2026-09-09 07:00,331.701,
2026-09-09 08:00,331.7,
2026-09-09 09:00,331.699,
2026-09-09 10:00,331.694,
2026-09-09 11:00,331.692,
2026-09-09 12:00,331.692,
2026-09-09 13:00,331.692,
2026-09-09 14:00,331.69,
2026-09-09 15:00,331.695,
2026-09-09 16:00,331.697,
2026-09-09 17:00,331.698,
2026-09-09 18:00,331.698,
2026-09-09 19:00,331.699,
2026-09-09 20:00,331.699,
2026-09-09 21:00,331.699,
2026-09-09 22:00,331.7,
2026-09-09 23:00,331.7,
2026-09-10 00:00,331.7,
2026-09-10 01:00,331.701,
2026-09-10 02:00,331.701,
2026-09-10 03:00,331.701,
2026-09-10 04:00,331.702,
2026-09-10 05:00,331.702,
2026-09-10 06:00,331.702,
2026-09-10 07:00,331.702,
2026-09-10 08:00,331.7,
2026-09-10 09:00,331.695,
2026-09-10 10:00,331.692,
2026-09-10 11:00,331.692,
2026-09-10 12:00,331.694,
2026-09-10 13:00,331.692,
2026-09-10 14:00,331.69,
2026-09-10 15:00,331.724,
2026-09-10 16:00,331.76,
2026-09-10 17:00,331.774,
2026-09-10 18:00,331.838,
2026-09-10 19:00,331.816,
2026-09-10 20:00,331.786,
2026-09-10 21:00,331.764,
2026-09-10 22:00,331.75,
2026-09-10 23:00,331.74,
2026-09-11 00:00,331.732,
2026-09-11 01:00,331.726,
2026-09-11 02:00,331.722,
2026-09-11 03:00,331.718,
2026-09-11 04:00,331.715,
2026-09-11 05:00,331.714,
2026-09-11 06:00,331.711,
2026-09-11 07:00,331.71,
2026-09-11 08:00,331.707,
2026-09-11 09:00,331.704,
2026-09-11 10:00,331.703,
2026-09-11 11:00,331.702,
2026-09-11 12:00,331.7,
2026-09-11 13:00,331.696,
2026-09-11 14:00,331.813,
2026-09-11 15:00,331.914,
2026-09-11 16:00,331.93,
2026-09-11 17:00,331.884,
2026-09-11 18:00,331.836,
2026-09-11 19:00,331.803,
2026-09-11 20:00,331.782,
2026-09-11 21:00,331.767,
2026-09-11 22:00,331.757,
2026-09-11 23:00,331.749,
2026-09-12 00:00,331.742,
2026-09-12 01:00,331.736,
2026-09-12 02:00,331.732,
2026-09-12 03:00,331.728,
2026-09-12 04:00,331.727,
2026-09-12 05:00,331.725,
2026-09-12 06:00,331.722,
2026-09-12 07:00,331.72,
2026-09-12 08:00,331.717,
2026-09-12 09:00,331.713,
2026-09-12 10:00,331.711,
2026-09-12 11:00,331.706,
2026-09-12 12:00,331.704,
2026-09-12 13:00,331.704,
2026-09-12 14:00,331.704,
2026-09-12 15:00,331.705,
2026-09-12 16:00,331.704,
2026-09-12 17:00,331.703,
2026-09-12 18:00,331.704,
2026-09-12 19:00,331.705,
2026-09-12 20:00,331.706,
2026-09-12 21:00,331.707,
2026-09-12 22:00,331.708,
2026-09-12 23:00,331.708,
2026-09-13 00:00,331.709,
2026-09-13 01:00,331.709,
2026-09-13 02:00,331.71,
2026-09-13 03:00,331.711,
2026-09-13 04:00,331.711,
2026-09-13 05:00,331.711,
2026-09-13 06:00,331.711,
2026-09-13 07:00,331.71,
2026-09-13 08:00,331.707,
2026-09-13 09:00,331.7,
2026-09-13 10:00,331.697,
2026-09-13 11:00,331.696,
2026-09-13 12:00,331.697,
2026-09-13 13:00,331.696,
2026-09-13 14:00,331.696,
2026-09-13 15:00,331.693,
2026-09-13 16:00,331.697,
2026-09-13 17:00,331.7,
2026-09-13 18:00,331.701,
2026-09-13 19:00,331.719,
2026-09-13 20:00,331.745,
2026-09-13 21:00,331.751,
2026-09-13 22:00,331.854,
2026-09-13 23:00,332.031,
2026-09-14 00:00,332.004,
2026-09-14 01:00,331.95,
2026-09-14 02:00,331.892,
2026-09-14 03:00,331.852,
2026-09-14 04:00,331.823,
2026-09-14 05:00,331.804,
2026-09-14 06:00,331.789,
2026-09-14 07:00,331.777,
2026-09-14 08:00,331.765,
2026-09-14 09:00,331.754,
2026-09-14 10:00,331.745,
2026-09-14 11:00,331.741,
2026-09-14 12:00,331.737,
2026-09-14 13:00,331.735,
2026-09-14 14:00,331.728,
2026-09-14 15:00,331.725,
2026-09-14 16:00,331.725,
2026-09-14 17:00,331.73,
2026-09-14 18:00,331.73,
2026-09-14 19:00,331.728,
2026-09-14 20:00,331.728,
2026-09-14 21:00,331.732,
2026-09-14 22:00,331.732,
2026-09-14 23:00,331.73,
2026-09-15 00:00,331.728,
2026-09-15 01:00,331.727,
2026-09-15 02:00,331.726,
2026-09-15 03:00,331.724,
2026-09-15 04:00,331.723,
2026-09-15 05:00,331.722,
2026-09-15 06:00,331.722,
2026-09-15 07:00,331.721,
2026-09-15 08:00,331.719,
2026-09-15 09:00,331.714,
2026-09-15 10:00,331.71,
2026-09-15 11:00,331.709,
2026-09-15 12:00,331.707,
2026-09-15 13:00,331.707,
2026-09-15 14:00,331.703,
2026-09-15 15:00,331.702,
2026-09-15 16:00,331.701,
2026-09-15 17:00,331.704,
2026-09-15 18:00,331.708,
2026-09-15 19:00,331.71,
2026-09-15 20:00,331.711,
2026-09-15 21:00,331.712,
2026-09-15 22:00,331.712,
2026-09-15 23:00,331.712,
2026-09-16 00:00,331.712,
2026-09-16 01:00,331.712,
2026-09-16 02:00,331.712,
2026-09-16 03:00,331.713,
2026-09-16 04:00,331.713,
2026-09-16 05:00,331.712,
2026-09-16 06:00,331.712,
2026-09-16 07:00,331.712,
2026-09-16 08:00,331.708,
2026-09-16 09:00,331.704,
2026-09-16 10:00,331.701,
2026-09-16 11:00,331.7,
2026-09-16 12:00,331.699,
2026-09-16 13:00,331.698,
2026-09-16 14:00,331.698,
2026-09-16 15:00,331.699,
2026-09-16 16:00,331.698,
2026-09-16 17:00,331.702,
2026-09-16 18:00,331.703,
2026-09-16 19:00,331.705,
2026-09-16 20:00,331.706,
2026-09-16 21:00,331.706,
2026-09-16 22:00,331.707,
2026-09-16 23:00,331.707,
2026-09-17 00:00,331.707,
2026-09-17 01:00,331.708,
2026-09-17 02:00,331.708,
2026-09-17 03:00,331.708,
2026-09-17 04:00,331.708,
2026-09-17 05:00,331.708,
2026-09-17 06:00,331.709,
2026-09-17 07:00,331.708,
2026-09-17 08:00,331.706,
2026-09-17 09:00,331.7,
2026-09-17 10:00,331.697,
2026-09-17 11:00,331.696,
2026-09-17 12:00,331.696,
2026-09-17 13:00,331.696,
2026-09-17 14:00,331.697,
2026-09-17 15:00,331.693,
2026-09-17 16:00,331.695,
2026-09-17 17:00,331.697,
2026-09-17 18:00,331.7,
2026-09-17 19:00,331.716,
2026-09-17 20:00,331.714,
2026-09-17 21:00,331.717,
2026-09-17 22:00,331.741,
2026-09-17 23:00,331.738,
2026-09-18 00:00,331.736,
2026-09-18 01:00,331.732,
2026-09-18 02:00,331.727,
2026-09-18 03:00,331.723,
2026-09-18 04:00,331.72,
2026-09-18 05:00,331.718,
2026-09-18 06:00,331.716,
2026-09-18 07:00,331.714,
2026-09-18 08:00,331.706,
2026-09-18 09:00,331.706,
2026-09-18 10:00,331.702,
2026-09-18 11:00,331.701,
2026-09-18 12:00,331.702,
2026-09-18 13:00,331.701,
2026-09-18 14:00,331.7,
2026-09-18 15:00,331.712,
2026-09-18 16:00,331.739,
2026-09-18 17:00,331.915,
2026-09-18 18:00,331.876,
2026-09-18 19:00,331.834,
2026-09-18 20:00,331.806,
2026-09-18 21:00,331.784,
2026-09-18 22:00,331.77,
2026-09-18 23:00,331.758,
2026-09-19 00:00,331.752,
2026-09-19 01:00,331.747,
2026-09-19 02:00,331.742,
2026-09-19 03:00,331.738,
2026-09-19 04:00,331.735,
2026-09-19 05:00,331.732,
2026-09-19 06:00,331.73,
2026-09-19 07:00,331.727,
2026-09-19 08:00,331.723,
2026-09-19 09:00,331.721,
2026-09-19 10:00,331.717,
2026-09-19 11:00,331.713,
2026-09-19 12:00,331.711,
2026-09-19 13:00,331.711,
2026-09-19 14:00,331.71,
2026-09-19 15:00,331.708,
2026-09-19 16:00,331.705,
2026-09-19 17:00,331.707,
2026-09-19 18:00,331.709,
2026-09-19 19:00,331.709,
2026-09-19 20:00,331.709,
2026-09-19 21:00,331.712,
2026-09-19 22:00,331.715,
2026-09-19 23:00,331.723,
2026-09-20 00:00,331.726,
2026-09-20 01:00,331.729,
2026-09-20 02:00,331.728,
2026-09-20 03:00,331.726,
2026-09-20 04:00,331.723,
2026-09-20 05:00,331.722,
2026-09-20 06:00,331.72,
2026-09-20 07:00,331.719,
2026-09-20 08:00,331.716,
2026-09-20 09:00,331.713,
2026-09-20 10:00,331.717,
2026-09-20 11:00,331.729,
2026-09-20 12:00,331.747,
2026-09-20 13:00,331.785,
2026-09-20 14:00,331.781,
2026-09-20 15:00,331.763,
2026-09-20 16:00,331.749,
2026-09-20 17:00,331.743,
2026-09-20 18:00,331.738,
2026-09-20 19:00,331.734,
2026-09-20 20:00,331.731,
2026-09-20 21:00,331.728,
2026-09-20 22:00,331.727,
2026-09-20 23:00,331.726,
2026-09-21 00:00,331.725,
2026-09-21 01:00,331.724,
2026-09-21 02:00,331.723,
2026-09-21 03:00,331.722,
2026-09-21 04:00,331.721,
2026-09-21 05:00,331.721,
2026-09-21 06:00,331.72,
2026-09-21 07:00,331.719,
2026-09-21 08:00,331.718,
2026-09-21 09:00,331.709,
2026-09-21 10:00,331.705,
2026-09-21 11:00,331.707,
2026-09-21 12:00,331.706,
2026-09-21 13:00,331.706,
2026-09-21 14:00,331.706,
2026-09-21 15:00,331.707,
2026-09-21 16:00,331.722,
2026-09-21 17:00,331.731,
2026-09-21 18:00,331.766,
2026-09-21 19:00,331.762,
2026-09-21 20:00,331.751,
2026-09-21 21:00,331.743,
2026-09-21 22:00,331.737,
2026-09-21 23:00,331.733,
2026-09-22 00:00,331.73,
2026-09-22 01:00,331.728,
2026-09-22 02:00,331.727,
2026-09-22 03:00,331.726,
2026-09-22 04:00,331.73,
2026-09-22 05:00,331.734,
2026-09-22 06:00,331.741,
2026-09-22 07:00,331.751,
2026-09-22 08:00,331.756,
2026-09-22 09:00,331.751,
2026-09-22 10:00,331.744,
2026-09-22 11:00,331.735,
2026-09-22 12:00,331.728,
2026-09-22 13:00,331.723,
2026-09-22 14:00,331.72,
2026-09-22 15:00,331.718,
2026-09-22 16:00,331.724,
2026-09-22 17:00,331.723,
2026-09-22 18:00,331.723,
2026-09-22 19:00,331.724,
2026-09-22 20:00,331.724,
2026-09-22 21:00,331.725,
2026-09-22 22:00,331.725,
2026-09-22 23:00,331.724,
2026-09-23 00:00,331.724,
2026-09-23 01:00,331.724,
2026-09-23 02:00,331.723,
2026-09-23 03:00,331.722,
2026-09-23 04:00,331.722,
2026-09-23 05:00,331.721,
2026-09-23 06:00,331.719,
2026-09-23 07:00,331.72,
2026-09-23 08:00,331.718,
2026-09-23 09:00,331.716,
2026-09-23 10:00,331.716,
2026-09-23 11:00,331.714,
2026-09-23 12:00,331.711,
2026-09-23 13:00,331.711,
2026-09-23 14:00,331.711,
2026-09-23 15:00,331.712,
2026-09-23 16:00,331.711,
2026-09-23 17:00,331.711,
2026-09-23 18:00,331.712,
2026-09-23 19:00,331.713,
2026-09-23 20:00,331.714,
2026-09-23 21:00,331.713,
2026-09-23 22:00,331.714,
2026-09-23 23:00,331.714,
2026-09-24 00:00,331.714,
2026-09-24 01:00,331.714,
2026-09-24 02:00,331.714,
2026-09-24 03:00,331.714,
2026-09-24 04:00,331.714,
2026-09-24 05:00,331.714,
2026-09-24 06:00,331.714,
2026-09-24 07:00,331.714,
2026-09-24 08:00,331.713,
2026-09-24 09:00,331.71,
2026-09-24 10:00,331.706,
2026-09-24 11:00,331.705,
2026-09-24 12:00,331.703,
2026-09-24 13:00,331.701,
2026-09-24 14:00,331.703,
2026-09-24 15:00,331.703,
2026-09-24 16:00,331.7,
2026-09-24 17:00,331.703,
2026-09-24 18:00,331.706,
2026-09-24 19:00,331.707,
2026-09-24 20:00,331.708,
2026-09-24 21:00,331.708,
2026-09-24 22:00,331.709,
2026-09-24 23:00,331.709,
2026-09-25 00:00,331.71,
2026-09-25 01:00,331.71,
2026-09-25 02:00,331.711,
2026-09-25 03:00,331.711,
2026-09-25 04:00,331.712,
2026-09-25 05:00,331.712,
2026-09-25 06:00,331.712,
2026-09-25 07:00,331.711,
2026-09-25 08:00,331.709,
2026-09-25 09:00,331.706,
2026-09-25 10:00,331.704,
2026-09-25 11:00,331.698,
2026-09-25 12:00,331.702,
2026-09-25 13:00,331.7,
2026-09-25 14:00,331.699,
2026-09-25 15:00,331.696,
2026-09-25 16:00,331.697,
2026-09-25 17:00,331.701,
2026-09-25 18:00,331.704,
2026-09-25 19:00,331.705,
2026-09-25 20:00,331.706,
2026-09-25 21:00,331.706,
2026-09-25 22:00,331.708,
2026-09-25 23:00,331.709,
2026-09-26 00:00,331.709,
2026-09-26 01:00,331.71,
2026-09-26 02:00,331.711,
2026-09-26 03:00,331.712,
2026-09-26 04:00,331.712,
2026-09-26 05:00,331.713,
2026-09-26 06:00,331.713,
2026-09-26 07:00,331.712,
2026-09-26 08:00,331.708,
2026-09-26 09:00,331.701,
2026-09-26 10:00,331.701,
2026-09-26 11:00,331.702,
2026-09-26 12:00,331.702,
2026-09-26 13:00,331.702,
2026-09-26 14:00,331.706,
2026-09-26 15:00,331.707,
2026-09-26 16:00,331.707,
2026-09-26 17:00,331.707,
2026-09-26 18:00,331.709,
2026-09-26 19:00,331.71,
2026-09-26 20:00,331.71,
2026-09-26 21:00,331.71,
2026-09-26 22:00,331.711,
2026-09-26 23:00,331.711,
2026-09-27 00:00,331.712,
2026-09-27 01:00,331.712,
2026-09-27 02:00,331.712,
2026-09-27 03:00,331.712,
2026-09-27 04:00,331.712,
2026-09-27 05:00,331.712,
2026-09-27 06:00,331.712,
2026-09-27 07:00,331.712,
2026-09-27 08:00,331.71,
2026-09-27 09:00,331.706,
2026-09-27 10:00,331.701,
2026-09-27 11:00,331.703,
2026-09-27 12:00,331.702,
2026-09-27 13:00,331.702,
2026-09-27 14:00,331.708,
2026-09-27 15:00,331.704,
2026-09-27 16:00,331.706,
2026-09-27 17:00,331.707,
2026-09-27 18:00,331.708,
2026-09-27 19:00,331.709,
2026-09-27 20:00,331.709,
2026-09-27 21:00,331.709,
2026-09-27 22:00,331.709,
2026-09-27 23:00,331.71,
2026-09-28 00:00,331.71,
2026-09-28 01:00,331.711,
2026-09-28 02:00,331.711,
2026-09-28 03:00,331.711,
2026-09-28 04:00,331.712,
2026-09-28 05:00,331.712,
2026-09-28 06:00,331.712,
2026-09-28 07:00,331.711,
2026-09-28 08:00,331.705,
2026-09-28 09:00,331.703,
2026-09-28 10:00,331.7,
2026-09-28 11:00,331.699,
2026-09-28 12:00,331.7,
2026-09-28 13:00,331.699,
2026-09-28 14:00,331.698,
2026-09-28 15:00,331.697,
2026-09-28 16:00,331.699,
2026-09-28 17:00,331.702,
2026-09-28 18:00,331.706,
2026-09-28 19:00,331.707,
2026-09-28 20:00,331.708,
2026-09-28 21:00,331.708,
2026-09-28 22:00,331.709,
2026-09-28 23:00,331.71,
2026-09-29 00:00,331.71,
2026-09-29 01:00,331.711,
2026-09-29 02:00,331.711,
2026-09-29 03:00,331.712,
2026-09-29 04:00,331.712,
2026-09-29 05:00,331.712,
2026-09-29 06:00,331.712,
2026-09-29 07:00,331.711,
2026-09-29 08:00,331.706,
2026-09-29 09:00,331.702,
2026-09-29 10:00,331.702,
2026-09-29 11:00,331.7,
2026-09-29 12:00,331.7,
2026-09-29 13:00,331.701,
2026-09-29 14:00,331.699,
2026-09-29 15:00,331.702,
2026-09-29 16:00,331.71,
2026-09-29 17:00,331.713,
2026-09-29 18:00,331.716,
2026-09-29 19:00,331.72,
2026-09-29 20:00,331.718,
2026-09-29 21:00,331.716,
2026-09-29 22:00,331.713,
2026-09-29 23:00,331.712,
2026-09-30 00:00,331.712,
2026-09-30 01:00,331.711,
2026-09-30 02:00,331.711,
2026-09-30 03:00,331.711,
2026-09-30 04:00,331.711,
2026-09-30 05:00,331.711,
2026-09-30 06:00,331.71,
2026-09-30 07:00,331.71,
2026-09-30 08:00,331.708,
2026-09-30 09:00,331.703,
2026-09-30 10:00,331.7,
2026-09-30 11:00,331.701,
2026-09-30 12:00,331.703,
2026-09-30 13:00,331.704,
2026-09-30 14:00,331.7,
2026-09-30 15:00,331.694,
2026-09-30 16:00,331.694,
2026-09-30 17:00,331.7,
2026-09-30 18:00,331.712,
2026-09-30 19:00,331.883,
2026-09-30 20:00,331.83,
2026-09-30 21:00,331.796,
2026-09-30 22:00,331.774,
2026-09-30 23:00,331.756,
2026-10-01 00:00,331.748,
2026-10-01 01:00,331.739,
2026-10-01 02:00,331.733,
2026-10-01 03:00,331.728,
2026-10-01 04:00,331.724,
2026-10-01 05:00,331.723,
2026-10-01 06:00,331.72,
2026-10-01 07:00,331.718,
2026-10-01 08:00,331.712,
2026-10-01 09:00,331.707,
2026-10-01 10:00,331.702,
2026-10-01 11:00,331.701,
2026-10-01 12:00,331.703,
2026-10-01 13:00,331.703,
2026-10-01 14:00,331.701,
2026-10-01 15:00,331.696,
2026-10-01 16:00,331.695,
2026-10-01 17:00,331.7,
2026-10-01 18:00,331.702,
2026-10-01 19:00,331.704,
2026-10-01 20:00,331.705,
2026-10-01 21:00,331.705,
2026-10-01 22:00,331.706,
2026-10-01 23:00,331.706,
2026-10-02 00:00,331.707,
2026-10-02 01:00,331.708,
2026-10-02 02:00,331.707,
2026-10-02 03:00,331.708,
2026-10-02 04:00,331.708,
2026-10-02 05:00,331.708,
2026-10-02 06:00,331.708,
2026-10-02 07:00,331.706,
2026-10-02 08:00,331.7,
2026-10-02 09:00,331.697,
2026-10-02 10:00,331.694,
2026-10-02 11:00,331.696,
2026-10-02 12:00,331.699,
2026-10-02 13:00,331.696,
2026-10-02 14:00,331.696,
2026-10-02 15:00,331.692,
2026-10-02 16:00,331.692,
2026-10-02 17:00,331.696,
2026-10-02 18:00,331.702,
2026-10-02 19:00,331.714,
2026-10-02 20:00,331.722,
2026-10-02 21:00,331.775,
2026-10-02 22:00,331.793,
2026-10-02 23:00,331.792,
2026-10-03 00:00,331.773,
2026-10-03 01:00,331.757,
2026-10-03 02:00,331.749,
2026-10-03 03:00,331.742,
2026-10-03 04:00,331.736,
2026-10-03 05:00,331.731,
2026-10-03 06:00,331.728,
2026-10-03 07:00,331.726,
2026-10-03 08:00,331.718,
2026-10-03 09:00,331.714,
2026-10-03 10:00,331.709,
2026-10-03 11:00,331.706,
2026-10-03 12:00,331.709,
2026-10-03 13:00,331.704,
2026-10-03 14:00,331.705,
2026-10-03 15:00,331.705,
2026-10-03 16:00,331.708,
2026-10-03 17:00,331.708,
2026-10-03 18:00,331.708,
2026-10-03 19:00,331.717,
2026-10-03 20:00,331.721,
2026-10-03 21:00,331.719,
2026-10-03 22:00,331.722,
2026-10-03 23:00,331.725,
2026-10-04 00:00,331.724,
2026-10-04 01:00,331.722,
2026-10-04 02:00,331.72,
2026-10-04 03:00,331.718,
2026-10-04 04:00,331.716,
2026-10-04 05:00,331.715,
2026-10-04 06:00,331.714,
2026-10-04 07:00,331.713,
2026-10-04 08:00,331.711,
2026-10-04 09:00,331.705,
2026-10-04 10:00,331.702,
2026-10-04 11:00,331.7,
2026-10-04 12:00,331.7,
2026-10-04 13:00,331.699,
2026-10-04 14:00,331.697,
2026-10-04 15:00,331.695,
2026-10-04 16:00,331.697,
2026-10-04 17:00,331.7,
2026-10-04 18:00,331.702,
2026-10-04 19:00,331.704,
2026-10-04 20:00,331.704,
2026-10-04 21:00,331.705,
2026-10-04 22:00,331.705,
2026-10-04 23:00,331.705,
2026-10-05 00:00,331.706,
2026-10-05 01:00,331.705,
2026-10-05 02:00,331.706,
2026-10-05 03:00,331.708,
2026-10-05 04:00,331.707,
2026-10-05 05:00,331.707,
2026-10-05 06:00,331.707,
2026-10-05 07:00,331.707,
2026-10-05 08:00,331.704,
2026-10-05 09:00,331.702,
2026-10-05 10:00,331.696,
2026-10-05 11:00,331.695,
2026-10-05 12:00,331.695,
2026-10-05 13:00,331.694,
2026-10-05 14:00,331.694,
2026-10-05 15:00,331.692,
2026-10-05 16:00,331.696,
2026-10-05 17:00,331.699,
2026-10-05 18:00,331.701,
2026-10-05 19:00,331.701,
2026-10-05 20:00,331.711,
2026-10-05 21:00,331.732,
2026-10-05 22:00,331.752,
2026-10-05 23:00,331.755,
2026-10-06 00:00,331.748,
2026-10-06 01:00,331.789,
2026-10-06 02:00,331.835,
2026-10-06 03:00,331.878,
2026-10-06 04:00,331.929,
2026-10-06 05:00,331.958,
2026-10-06 06:00,331.908,
2026-10-06 07:00,331.88,
2026-10-06 08:00,331.856,
2026-10-06 09:00,331.833,
2026-10-06 10:00,331.813,
2026-10-06 11:00,331.796,
2026-10-06 12:00,331.782,
2026-10-06 13:00,331.771,
2026-10-06 14:00,331.761,
2026-10-06 15:00,331.754,
2026-10-06 16:00,331.754,
2026-10-06 17:00,331.751,
2026-10-06 18:00,331.752,
2026-10-06 19:00,331.756,
2026-10-06 20:00,331.754,
2026-10-06 21:00,331.753,
2026-10-06 22:00,331.75,
2026-10-06 23:00,331.748,
2026-10-07 00:00,331.746,
2026-10-07 01:00,331.744,
2026-10-07 02:00,331.742,
2026-10-07 03:00,331.741,
2026-10-07 04:00,331.739,
2026-10-07 05:00,331.738,
2026-10-07 06:00,331.737,
2026-10-07 07:00,331.735,
2026-10-07 08:00,331.732,
2026-10-07 09:00,331.728,
2026-10-07 10:00,331.724,
2026-10-07 11:00,331.722,
2026-10-07 12:00,331.719,
2026-10-07 13:00,331.72,
2026-10-07 14:00,331.733,
2026-10-07 15:00,331.744,
2026-10-07 16:00,331.742,
2026-10-07 17:00,331.743,
2026-10-07 18:00,331.753,
2026-10-07 19:00,331.752,
2026-10-07 20:00,331.746,
2026-10-07 21:00,331.741,
2026-10-07 22:00,331.738,
2026-10-07 23:00,331.739,
2026-10-08 00:00,331.737,
2026-10-08 01:00,331.735,
2026-10-08 02:00,331.734,
2026-10-08 03:00,331.733,
2026-10-08 04:00,331.732,
2026-10-08 05:00,331.731,
2026-10-08 06:00,331.731,
2026-10-08 07:00,331.729,
2026-10-08 08:00,331.726,
2026-10-08 09:00,331.721,
2026-10-08 10:00,331.716,
2026-10-08 11:00,331.717,
2026-10-08 12:00,331.717,
2026-10-08 13:00,331.717,
2026-10-08 14:00,331.718,
2026-10-08 15:00,331.715,
2026-10-08 16:00,331.714,
2026-10-08 17:00,331.717,
2026-10-08 18:00,331.719,
2026-10-08 19:00,331.721,
2026-10-08 20:00,331.721,
2026-10-08 21:00,331.721,
2026-10-08 22:00,331.721,
2026-10-08 23:00,331.721,
2026-10-09 00:00,331.722,
2026-10-09 01:00,331.722,
2026-10-09 02:00,331.722,
2026-10-09 03:00,331.722,
2026-10-09 04:00,331.722,
2026-10-09 05:00,331.723,
2026-10-09 06:00,331.722,
2026-10-09 07:00,331.722,
2026-10-09 08:00,331.72,
2026-10-09 09:00,331.718,
2026-10-09 10:00,331.715,
2026-10-09 11:00,331.711,
2026-10-09 12:00,331.712,
2026-10-09 13:00,331.711,
2026-10-09 14:00,331.711,
2026-10-09 15:00,331.712,
2026-10-09 16:00,331.712,
