datetime,value,discharge
2025-10-09 00:00,23.073,
2025-10-09 01:00,23.071,
2025-10-09 02:00,23.069,
2025-10-09 03:00,23.07,
2025-10-09 04:00,23.071,
2025-10-09 05:00,23.072,
2025-10-09 06:00,23.072,
2025-10-09 07:00,23.074,
2025-10-09 08:00,23.074,
2025-10-09 09:00,23.073,
2025-10-09 10:00,23.073,
2025-10-09 11:00,23.073,
2025-10-09 12:00,23.072,
2025-10-09 13:00,23.071,
2025-10-09 14:00,23.07,
2025-10-09 15:00,23.07,
2025-10-09 16:00,23.072,
2025-10-09 17:00,23.086,
2025-10-09 18:00,23.096,
2025-10-09 19:00,23.102,
2025-10-09 20:00,23.107,
2025-10-09 21:00,23.115,
2025-10-09 22:00,23.126,
2025-10-09 23:00,23.132,
2025-10-10 00:00,23.14,
2025-10-10 01:00,23.145,
2025-10-10 02:00,23.152,
2025-10-10 03:00,23.156,
2025-10-10 04:00,23.158,
2025-10-10 05:00,23.159,
2025-10-10 06:00,23.159,
2025-10-10 07:00,23.156,
2025-10-10 08:00,23.15,
2025-10-10 09:00,23.144,
2025-10-10 10:00,23.138,
2025-10-10 11:00,23.135,
2025-10-10 12:00,23.13,
2025-10-10 13:00,23.126,
2025-10-10 14:00,23.121,
2025-10-10 15:00,23.117,
2025-10-10 16:00,23.115,
2025-10-10 17:00,23.113,
2025-10-10 18:00,23.113,
2025-10-10 19:00,23.112,
2025-10-10 20:00,23.106,
2025-10-10 21:00,23.105,
2025-10-10 22:00,23.104,
2025-10-10 23:00,23.104,
2025-10-11 00:00,23.105,
2025-10-11 01:00,23.103,
2025-10-11 02:00,23.105,
2025-10-11 03:00,23.104,
2025-10-11 04:00,23.104,
2025-10-11 05:00,23.103,
2025-10-11 06:00,23.103,
2025-10-11 07:00,23.104,
2025-10-11 08:00,23.101,
2025-10-11 09:00,23.1,
2025-10-11 10:00,23.099,
2025-10-11 11:00,23.097,
2025-10-11 12:00,23.098,
2025-10-11 13:00,23.097,
2025-10-11 14:00,23.096,
2025-10-11 15:00,23.096,
2025-10-11 16:00,23.096,
2025-10-11 17:00,23.096,
2025-10-11 18:00,23.094,
2025-10-11 19:00,23.096,
2025-10-11 20:00,23.095,
2025-10-11 21:00,23.095,
2025-10-11 22:00,23.093,
2025-10-11 23:00,23.09,
2025-10-12 00:00,23.089,
2025-10-12 01:00,23.088,
2025-10-12 02:00,23.087,
2025-10-12 03:00,23.086,
2025-10-12 04:00,23.085,
2025-10-12 05:00,23.086,
2025-10-12 06:00,23.086,
2025-10-12 07:00,23.087,
2025-10-12 08:00,23.084,
2025-10-12 09:00,23.085,
2025-10-12 10:00,23.083,
2025-10-12 11:00,23.084,
2025-10-12 12:00,23.083,
2025-10-12 13:00,23.081,
2025-10-12 14:00,23.08,
2025-10-12 15:00,23.073,
2025-10-12 16:00,23.083,
2025-10-12 17:00,23.083,
2025-10-12 18:00,23.087,
2025-10-12 19:00,23.094,
2025-10-12 20:00,23.104,
2025-10-12 21:00,23.126,
2025-10-12 22:00,23.161,
2025-10-12 23:00,23.192,
2025-10-13 00:00,23.207,
2025-10-13 01:00,23.214,
2025-10-13 02:00,23.214,
2025-10-13 03:00,23.212,
2025-10-13 04:00,23.209,
2025-10-13 05:00,23.203,
2025-10-13 06:00,23.197,
2025-10-13 07:00,23.19,
2025-10-13 08:00,23.183,
2025-10-13 09:00,23.176,
2025-10-13 10:00,23.171,
2025-10-13 11:00,23.164,
2025-10-13 12:00,23.157,
2025-10-13 13:00,23.15,
2025-10-13 14:00,23.144,
2025-10-13 15:00,23.138,
2025-10-13 16:00,23.135,
2025-10-13 17:00,23.126,
2025-10-13 18:00,23.127,
2025-10-13 19:00,23.125,
2025-10-13 20:00,23.14,
2025-10-13 21:00,23.138,
2025-10-13 22:00,23.146,
2025-10-13 23:00,23.165,
2025-10-14 00:00,23.182,
2025-10-14 01:00,23.188,
2025-10-14 02:00,23.195,
2025-10-14 03:00,23.26,
2025-10-14 04:00,23.528,
2025-10-14 05:00,23.671,
2025-10-14 06:00,23.718,
2025-10-14 07:00,23.741,
2025-10-14 08:00,23.746,
2025-10-14 09:00,23.726,
2025-10-14 10:00,23.686,
2025-10-14 11:00,23.647,
2025-10-14 12:00,23.623,
2025-10-14 13:00,23.618,
2025-10-14 14:00,23.625,
2025-10-14 15:00,23.623,
2025-10-14 16:00,23.617,
2025-10-14 17:00,23.603,
2025-10-14 18:00,23.581,
2025-10-14 19:00,23.558,
2025-10-14 20:00,23.536,
2025-10-14 21:00,23.513,
2025-10-14 22:00,23.495,
2025-10-14 23:00,23.478,
2025-10-15 00:00,23.461,
2025-10-15 01:00,23.447,
2025-10-15 02:00,23.435,
2025-10-15 03:00,23.423,
2025-10-15 04:00,23.413,
2025-10-15 05:00,23.403,
2025-10-15 06:00,23.393,
2025-10-15 07:00,23.385,
2025-10-15 08:00,23.375,
2025-10-15 09:00,23.367,
2025-10-15 10:00,23.359,
2025-10-15 11:00,23.352,
2025-10-15 12:00,23.346,
2025-10-15 13:00,23.338,
2025-10-15 14:00,23.33,
2025-10-15 15:00,23.325,
2025-10-15 16:00,23.316,
2025-10-15 17:00,23.311,
2025-10-15 18:00,23.308,
2025-10-15 19:00,23.307,
2025-10-15 20:00,23.31,
2025-10-15 21:00,23.315,
2025-10-15 22:00,23.318,
2025-10-15 23:00,23.318,
2025-10-16 00:00,23.319,
2025-10-16 01:00,23.318,
2025-10-16 02:00,23.314,
2025-10-16 03:00,23.314,
2025-10-16 04:00,23.311,
2025-10-16 05:00,23.307,
2025-10-16 06:00,23.302,
2025-10-16 07:00,23.297,
2025-10-16 08:00,23.292,
2025-10-16 09:00,23.288,
2025-10-16 10:00,23.283,
2025-10-16 11:00,23.278,
2025-10-16 12:00,23.275,
2025-10-16 13:00,23.272,
2025-10-16 14:00,23.27,
2025-10-16 15:00,23.268,
2025-10-16 16:00,23.268,
2025-10-16 17:00,23.268,
2025-10-16 18:00,23.269,
2025-10-16 19:00,23.274,
2025-10-16 20:00,23.289,
2025-10-16 21:00,23.299,
2025-10-16 22:00,23.305,
2025-10-16 23:00,23.304,
2025-10-17 00:00,23.304,
2025-10-17 01:00,23.306,
2025-10-17 02:00,23.305,
2025-10-17 03:00,23.305,
2025-10-17 04:00,23.305,
2025-10-17 05:00,23.304,
2025-10-17 06:00,23.303,
2025-10-17 07:00,23.301,
2025-10-17 08:00,23.297,
2025-10-17 09:00,23.294,
2025-10-17 10:00,23.291,
2025-10-17 11:00,23.288,
2025-10-17 12:00,23.285,
2025-10-17 13:00,23.28,
2025-10-17 14:00,23.278,
2025-10-17 15:00,23.274,
2025-10-17 16:00,23.272,
2025-10-17 17:00,23.27,
2025-10-17 18:00,23.268,
2025-10-17 19:00,23.264,
2025-10-17 20:00,23.262,
2025-10-17 21:00,23.259,
2025-10-17 22:00,23.254,
2025-10-17 23:00,23.25,
2025-10-18 00:00,23.249,
2025-10-18 01:00,23.246,
2025-10-18 02:00,23.244,
2025-10-18 03:00,23.243,
2025-10-18 04:00,23.24,
2025-10-18 05:00,23.239,
2025-10-18 06:00,23.24,
2025-10-18 07:00,23.236,
2025-10-18 08:00,23.235,
2025-10-18 09:00,23.233,
2025-10-18 10:00,23.23,
2025-10-18 11:00,23.227,
2025-10-18 12:00,23.227,
2025-10-18 13:00,23.224,
2025-10-18 14:00,23.222,
2025-10-18 15:00,23.219,
2025-10-18 16:00,23.217,
2025-10-18 17:00,23.204,
2025-10-18 18:00,23.215,
2025-10-18 19:00,23.215,
2025-10-18 20:00,23.221,
2025-10-18 21:00,23.26,
2025-10-18 22:00,23.453,
2025-10-18 23:00,23.724,
2025-10-19 00:00,23.857,
2025-10-19 01:00,23.926,
2025-10-19 02:00,23.983,
2025-10-19 03:00,24.024,
2025-10-19 04:00,24.019,
2025-10-19 05:00,23.97,
2025-10-19 06:00,23.898,
2025-10-19 07:00,23.828,
2025-10-19 08:00,23.769,
2025-10-19 09:00,23.727,
2025-10-19 10:00,23.687,
2025-10-19 11:00,23.653,
2025-10-19 12:00,23.624,
2025-10-19 13:00,23.596,
2025-10-19 14:00,23.573,
2025-10-19 15:00,23.551,
2025-10-19 16:00,23.524,
2025-10-19 17:00,23.515,
2025-10-19 18:00,23.501,
2025-10-19 19:00,23.489,
2025-10-19 20:00,23.475,
2025-10-19 21:00,23.465,
2025-10-19 22:00,23.452,
2025-10-19 23:00,23.443,
2025-10-20 00:00,23.433,
2025-10-20 01:00,23.425,
2025-10-20 02:00,23.417,
2025-10-20 03:00,23.413,
2025-10-20 04:00,23.414,
2025-10-20 05:00,23.419,
2025-10-20 06:00,23.422,
2025-10-20 07:00,23.421,
2025-10-20 08:00,23.416,
2025-10-20 09:00,23.407,
2025-10-20 10:00,23.399,
2025-10-20 11:00,23.391,
2025-10-20 12:00,23.378,
2025-10-20 13:00,23.38,
2025-10-20 14:00,23.376,
2025-10-20 15:00,23.379,
2025-10-20 16:00,23.381,
2025-10-20 17:00,23.381,
2025-10-20 18:00,23.383,
2025-10-20 19:00,23.386,
2025-10-20 20:00,23.389,
2025-10-20 21:00,23.387,
2025-10-20 22:00,23.385,
2025-10-20 23:00,23.38,
2025-10-21 00:00,23.375,
2025-10-21 01:00,23.369,
2025-10-21 02:00,23.362,
2025-10-21 03:00,23.357,
2025-10-21 04:00,23.354,
2025-10-21 05:00,23.346,
2025-10-21 06:00,23.341,
2025-10-21 07:00,23.334,
2025-10-21 08:00,23.33,
2025-10-21 09:00,23.326,
2025-10-21 10:00,23.321,
2025-10-21 11:00,23.317,
2025-10-21 12:00,23.311,
2025-10-21 13:00,23.306,
2025-10-21 14:00,23.3,
2025-10-21 15:00,23.297,
2025-10-21 16:00,23.291,
2025-10-21 17:00,23.287,
2025-10-21 18:00,23.282,
2025-10-21 19:00,23.277,
2025-10-21 20:00,23.272,
2025-10-21 21:00,23.267,
2025-10-21 22:00,23.265,
2025-10-21 23:00,23.261,
2025-10-22 00:00,23.257,
2025-10-22 01:00,23.254,
2025-10-22 02:00,23.253,
2025-10-22 03:00,23.252,
2025-10-22 04:00,23.254,
2025-10-22 05:00,23.278,
2025-10-22 06:00,23.329,
2025-10-22 07:00,23.367,
2025-10-22 08:00,23.382,
2025-10-22 09:00,23.38,
2025-10-22 10:00,23.372,
2025-10-22 11:00,23.362,
2025-10-22 12:00,23.353,
2025-10-22 13:00,23.343,
2025-10-22 14:00,23.335,
2025-10-22 15:00,23.326,
2025-10-22 16:00,23.318,
2025-10-22 17:00,23.312,
2025-10-22 18:00,23.306,
2025-10-22 19:00,23.3,
2025-10-22 20:00,23.293,
2025-10-22 21:00,23.289,
2025-10-22 22:00,23.285,
2025-10-22 23:00,23.279,
2025-10-23 00:00,23.276,
2025-10-23 01:00,23.273,
2025-10-23 02:00,23.27,
2025-10-23 03:00,23.268,
2025-10-23 04:00,23.263,
2025-10-23 05:00,23.26,
2025-10-23 06:00,23.256,
2025-10-23 07:00,23.254,
2025-10-23 08:00,23.25,
2025-10-23 09:00,23.248,
2025-10-23 10:00,23.245,
2025-10-23 11:00,23.243,
2025-10-23 12:00,23.238,
2025-10-23 13:00,23.236,
2025-10-23 14:00,23.234,
2025-10-23 15:00,23.232,
2025-10-23 16:00,23.23,
2025-10-23 17:00,23.228,
2025-10-23 18:00,23.224,
2025-10-23 19:00,23.223,
2025-10-23 20:00,23.22,
2025-10-23 21:00,23.218,
2025-10-23 22:00,23.215,
2025-10-23 23:00,23.214,
2025-10-24 00:00,23.213,
2025-10-24 01:00,23.212,
2025-10-24 02:00,23.21,
2025-10-24 03:00,23.209,
2025-10-24 04:00,23.209,
2025-10-24 05:00,23.207,
2025-10-24 06:00,23.207,
2025-10-24 07:00,23.204,
2025-10-24 08:00,23.202,
2025-10-24 09:00,23.201,
2025-10-24 10:00,23.2,
2025-10-24 11:00,23.198,
2025-10-24 12:00,23.196,
2025-10-24 13:00,23.192,
2025-10-24 14:00,23.193,
2025-10-24 15:00,23.195,
2025-10-24 16:00,23.196,
2025-10-24 17:00,23.204,
2025-10-24 18:00,23.21,
2025-10-24 19:00,23.272,
2025-10-24 20:00,23.497,
2025-10-24 21:00,23.644,
2025-10-24 22:00,23.743,
2025-10-24 23:00,23.809,
2025-10-25 00:00,23.867,
2025-10-25 01:00,23.921,
2025-10-25 02:00,23.985,
2025-10-25 03:00,24.045,
2025-10-25 04:00,24.116,
2025-10-25 05:00,24.15,
2025-10-25 06:00,24.173,
2025-10-25 07:00,24.172,
2025-10-25 08:00,24.145,
2025-10-25 09:00,24.095,
2025-10-25 10:00,24.03,
2025-10-25 11:00,23.957,
2025-10-25 12:00,23.895,
2025-10-25 13:00,23.844,
2025-10-25 14:00,23.807,
2025-10-25 15:00,23.776,
2025-10-25 16:00,23.748,
2025-10-25 17:00,23.727,
2025-10-25 18:00,23.708,
2025-10-25 19:00,23.69,
2025-10-25 20:00,23.679,
2025-10-25 21:00,23.665,
2025-10-25 22:00,23.654,
2025-10-25 23:00,23.641,
2025-10-26 00:00,23.631,
2025-10-26 01:00,23.619,
2025-10-26 02:00,23.608,
2025-10-26 03:00,23.595,
2025-10-26 04:00,23.585,
2025-10-26 05:00,23.576,
2025-10-26 06:00,23.565,
2025-10-26 07:00,23.557,
2025-10-26 08:00,23.55,
2025-10-26 09:00,23.541,
2025-10-26 10:00,23.532,
2025-10-26 11:00,23.523,
2025-10-26 12:00,23.516,
2025-10-26 13:00,23.509,
2025-10-26 14:00,23.502,
2025-10-26 15:00,23.495,
2025-10-26 16:00,23.488,
2025-10-26 17:00,23.481,
2025-10-26 18:00,23.468,
2025-10-26 19:00,23.461,
2025-10-26 20:00,23.475,
2025-10-26 21:00,23.478,
2025-10-26 22:00,23.493,
2025-10-26 23:00,23.506,
2025-10-27 00:00,23.527,
2025-10-27 01:00,23.559,
2025-10-27 02:00,23.592,
2025-10-27 03:00,23.617,
2025-10-27 04:00,23.63,
2025-10-27 05:00,23.632,
2025-10-27 06:00,23.627,
2025-10-27 07:00,23.614,
2025-10-27 08:00,23.603,
2025-10-27 09:00,23.591,
2025-10-27 10:00,23.579,
2025-10-27 11:00,23.567,
2025-10-27 12:00,23.553,
2025-10-27 13:00,23.54,
2025-10-27 14:00,23.528,
2025-10-27 15:00,23.523,
2025-10-27 16:00,23.532,
2025-10-27 17:00,23.534,
2025-10-27 18:00,23.536,
2025-10-27 19:00,23.541,
2025-10-27 20:00,23.553,
2025-10-27 21:00,23.571,
2025-10-27 22:00,23.585,
2025-10-27 23:00,23.597,
2025-10-28 00:00,23.599,
2025-10-28 01:00,23.593,
2025-10-28 02:00,23.58,
2025-10-28 03:00,23.565,
2025-10-28 04:00,23.55,
2025-10-28 05:00,23.537,
2025-10-28 06:00,23.527,
2025-10-28 07:00,23.518,
2025-10-28 08:00,23.509,
2025-10-28 09:00,23.501,
2025-10-28 10:00,23.492,
2025-10-28 11:00,23.484,
2025-10-28 12:00,23.476,
2025-10-28 13:00,23.469,
2025-10-28 14:00,23.462,
2025-10-28 15:00,23.458,
2025-10-28 16:00,23.452,
2025-10-28 17:00,23.444,
2025-10-28 18:00,23.439,
2025-10-28 19:00,23.434,
2025-10-28 20:00,23.427,
2025-10-28 21:00,23.423,
2025-10-28 22:00,23.418,
2025-10-28 23:00,23.415,
2025-10-29 00:00,23.41,
2025-10-29 01:00,23.407,
2025-10-29 02:00,23.402,
2025-10-29 03:00,23.399,
2025-10-29 04:00,23.395,
2025-10-29 05:00,23.389,
2025-10-29 06:00,23.387,
2025-10-29 07:00,23.384,
2025-10-29 08:00,23.38,
2025-10-29 09:00,23.378,
2025-10-29 10:00,23.374,
2025-10-29 11:00,23.371,
2025-10-29 12:00,23.37,
2025-10-29 13:00,23.366,
2025-10-29 14:00,23.365,
2025-10-29 15:00,23.363,
2025-10-29 16:00,23.361,
2025-10-29 17:00,23.361,
2025-10-29 18:00,23.357,
2025-10-29 19:00,23.353,
2025-10-29 20:00,23.35,
2025-10-29 21:00,23.348,
2025-10-29 22:00,23.345,
2025-10-29 23:00,23.343,
2025-10-30 00:00,23.342,
2025-10-30 01:00,23.338,
2025-10-30 02:00,23.337,
2025-10-30 03:00,23.335,
2025-10-30 04:00,23.333,
2025-10-30 05:00,23.332,
2025-10-30 06:00,23.331,
2025-10-30 07:00,23.33,
2025-10-30 08:00,23.325,
2025-10-30 09:00,23.324,
2025-10-30 10:00,23.321,
2025-10-30 11:00,23.319,
2025-10-30 12:00,23.318,
2025-10-30 13:00,23.315,
2025-10-30 14:00,23.312,
2025-10-30 15:00,23.312,
2025-10-30 16:00,23.311,
2025-10-30 17:00,23.307,
2025-10-30 18:00,23.308,
2025-10-30 19:00,23.305,
2025-10-30 20:00,23.305,
2025-10-30 21:00,23.307,
2025-10-30 22:00,23.307,
2025-10-30 23:00,23.306,
2025-10-31 00:00,23.303,
2025-10-31 01:00,23.302,
2025-10-31 02:00,23.298,
2025-10-31 03:00,23.296,
2025-10-31 04:00,23.295,
2025-10-31 05:00,23.292,
2025-10-31 06:00,23.292,
2025-10-31 07:00,23.292,
2025-10-31 08:00,23.289,
2025-10-31 09:00,23.285,
2025-10-31 10:00,23.284,
2025-10-31 11:00,23.281,
2025-10-31 12:00,23.28,
2025-10-31 13:00,23.278,
2025-10-31 14:00,23.277,
2025-10-31 15:00,23.274,
2025-10-31 16:00,23.273,
2025-10-31 17:00,23.272,
2025-10-31 18:00,23.269,
2025-10-31 19:00,23.267,
2025-10-31 20:00,23.264,
2025-10-31 21:00,23.262,
2025-10-31 22:00,23.26,
2025-10-31 23:00,23.258,
2025-11-01 00:00,23.257,
2025-11-01 01:00,23.256,
2025-11-01 02:00,23.254,
2025-11-01 03:00,23.253,
2025-11-01 04:00,23.252,
2025-11-01 05:00,23.25,
2025-11-01 06:00,23.25,
2025-11-01 07:00,23.25,
2025-11-01 08:00,23.247,
2025-11-01 09:00,23.245,
2025-11-01 10:00,23.244,
2025-11-01 11:00,23.243,
2025-11-01 12:00,23.244,
2025-11-01 13:00,23.243,
2025-11-01 14:00,23.243,
2025-11-01 15:00,23.24,
2025-11-01 16:00,23.238,
2025-11-01 17:00,23.237,
2025-11-01 18:00,23.235,
2025-11-01 19:00,23.234,
2025-11-01 20:00,23.232,
2025-11-01 21:00,23.232,
2025-11-01 22:00,23.23,
2025-11-01 23:00,23.228,
2025-11-02 00:00,23.227,
2025-11-02 01:00,23.226,
2025-11-02 02:00,23.225,
2025-11-02 03:00,23.225,
2025-11-02 04:00,23.222,
2025-11-02 05:00,23.221,
2025-11-02 06:00,23.221,
2025-11-02 07:00,23.219,
2025-11-02 08:00,23.219,
2025-11-02 09:00,23.217,
2025-11-02 10:00,23.215,
2025-11-02 11:00,23.215,
2025-11-02 12:00,23.214,
2025-11-02 13:00,23.212,
2025-11-02 14:00,23.212,
2025-11-02 15:00,23.212,
2025-11-02 16:00,23.211,
2025-11-02 17:00,23.211,
2025-11-02 18:00,23.212,
2025-11-02 19:00,23.212,
2025-11-02 20:00,23.214,
2025-11-02 21:00,23.215,
2025-11-02 22:00,23.219,
2025-11-02 23:00,23.218,
2025-11-03 00:00,23.216,
2025-11-03 01:00,23.213,
2025-11-03 02:00,23.213,
2025-11-03 03:00,23.213,
2025-11-03 04:00,23.216,
2025-11-03 05:00,23.228,
2025-11-03 06:00,23.242,
2025-11-03 07:00,23.247,
2025-11-03 08:00,23.251,
2025-11-03 09:00,23.25,
2025-11-03 10:00,23.252,
2025-11-03 11:00,23.252,
2025-11-03 12:00,23.249,
2025-11-03 13:00,23.245,
2025-11-03 14:00,23.24,
2025-11-03 15:00,23.237,
2025-11-03 16:00,23.232,
2025-11-03 17:00,23.229,
2025-11-03 18:00,23.227,
2025-11-03 19:00,23.225,
2025-11-03 20:00,23.223,
2025-11-03 21:00,23.222,
2025-11-03 22:00,23.22,
2025-11-03 23:00,23.219,
2025-11-04 00:00,23.219,
2025-11-04 01:00,23.218,
2025-11-04 02:00,23.217,
2025-11-04 03:00,23.217,
2025-11-04 04:00,23.217,
2025-11-04 05:00,23.216,
2025-11-04 06:00,23.214,
2025-11-04 07:00,23.212,
2025-11-04 08:00,23.211,
2025-11-04 09:00,23.208,
2025-11-04 10:00,23.207,
2025-11-04 11:00,23.207,
2025-11-04 12:00,23.206,
2025-11-04 13:00,23.206,
2025-11-04 14:00,23.206,
2025-11-04 15:00,23.205,
2025-11-04 16:00,23.202,
2025-11-04 17:00,23.2,
2025-11-04 18:00,23.199,
2025-11-04 19:00,23.197,
2025-11-04 20:00,23.195,
2025-11-04 21:00,23.192,
2025-11-04 22:00,23.188,
2025-11-04 23:00,23.187,
2025-11-05 00:00,23.186,
2025-11-05 01:00,23.183,
2025-11-05 02:00,23.182,
2025-11-05 03:00,23.182,
2025-11-05 04:00,23.182,
2025-11-05 05:00,23.177,
2025-11-05 06:00,23.176,
2025-11-05 07:00,23.176,
2025-11-05 08:00,23.173,
2025-11-05 09:00,23.172,
2025-11-05 10:00,23.17,
2025-11-05 11:00,23.171,
2025-11-05 12:00,23.17,
2025-11-05 13:00,23.169,
2025-11-05 14:00,23.166,
2025-11-05 15:00,23.167,
2025-11-05 16:00,23.165,
2025-11-05 17:00,23.164,
2025-11-05 18:00,23.165,
2025-11-05 19:00,23.164,
2025-11-05 20:00,23.161,
2025-11-05 21:00,23.16,
2025-11-05 22:00,23.158,
2025-11-05 23:00,23.157,
2025-11-06 00:00,23.156,
2025-11-06 01:00,23.156,
2025-11-06 02:00,23.156,
2025-11-06 03:00,23.155,
2025-11-06 04:00,23.155,
2025-11-06 05:00,23.155,
2025-11-06 06:00,23.153,
2025-11-06 07:00,23.152,
2025-11-06 08:00,23.151,
2025-11-06 09:00,23.148,
2025-11-06 10:00,23.148,
2025-11-06 11:00,23.147,
2025-11-06 12:00,23.146,
2025-11-06 13:00,23.146,
2025-11-06 14:00,23.143,
2025-11-06 15:00,23.168,
2025-11-06 16:00,23.189,
2025-11-06 17:00,23.198,
2025-11-06 18:00,23.202,
2025-11-06 19:00,23.203,
2025-11-06 20:00,23.203,
2025-11-06 21:00,23.205,
2025-11-06 22:00,23.209,
2025-11-06 23:00,23.212,
2025-11-07 00:00,23.216,
2025-11-07 01:00,23.216,
2025-11-07 02:00,23.218,
2025-11-07 03:00,23.22,
2025-11-07 04:00,23.221,
2025-11-07 05:00,23.221,
2025-11-07 06:00,23.222,
2025-11-07 07:00,23.223,
2025-11-07 08:00,23.226,
2025-11-07 09:00,23.229,
2025-11-07 10:00,23.226,
2025-11-07 11:00,23.224,
2025-11-07 12:00,23.22,
2025-11-07 13:00,23.212,
2025-11-07 14:00,23.207,
2025-11-07 15:00,23.203,
2025-11-07 16:00,23.2,
2025-11-07 17:00,23.195,
2025-11-07 18:00,23.191,
2025-11-07 19:00,23.186,
2025-11-07 20:00,23.184,
2025-11-07 21:00,23.182,
2025-11-07 22:00,23.178,
2025-11-07 23:00,23.176,
2025-11-08 00:00,23.176,
2025-11-08 01:00,23.173,
2025-11-08 02:00,23.172,
2025-11-08 03:00,23.17,
2025-11-08 04:00,23.168,
2025-11-08 05:00,23.168,
2025-11-08 06:00,23.168,
2025-11-08 07:00,23.167,
2025-11-08 08:00,23.168,
2025-11-08 09:00,23.168,
2025-11-08 10:00,23.168,
2025-11-08 11:00,23.168,
2025-11-08 12:00,23.168,
2025-11-08 13:00,23.157,
2025-11-08 14:00,23.173,
2025-11-08 15:00,23.178,
2025-11-08 16:00,23.185,
2025-11-08 17:00,23.195,
2025-11-08 18:00,23.201,
2025-11-08 19:00,23.202,
2025-11-08 20:00,23.2,
2025-11-08 21:00,23.199,
2025-11-08 22:00,23.197,
2025-11-08 23:00,23.196,
2025-11-09 00:00,23.197,
2025-11-09 01:00,23.198,
2025-11-09 02:00,23.198,
2025-11-09 03:00,23.197,
2025-11-09 04:00,23.196,
2025-11-09 05:00,23.191,
2025-11-09 06:00,23.19,
2025-11-09 07:00,23.19,
2025-11-09 08:00,23.186,
2025-11-09 09:00,23.182,
2025-11-09 10:00,23.181,
2025-11-09 11:00,23.177,
2025-11-09 12:00,23.175,
2025-11-09 13:00,23.172,
2025-11-09 14:00,23.169,
2025-11-09 15:00,23.168,
2025-11-09 16:00,23.167,
2025-11-09 17:00,23.166,
2025-11-09 18:00,23.164,
2025-11-09 19:00,23.163,
2025-11-09 20:00,23.161,
2025-11-09 21:00,23.159,
2025-11-09 22:00,23.156,
2025-11-09 23:00,23.154,
2025-11-10 00:00,23.153,
2025-11-10 01:00,23.154,
2025-11-10 02:00,23.155,
2025-11-10 03:00,23.16,
2025-11-10 04:00,23.166,
2025-11-10 05:00,23.177,
2025-11-10 06:00,23.186,
2025-11-10 07:00,23.19,
2025-11-10 08:00,23.187,
2025-11-10 09:00,23.18,
2025-11-10 10:00,23.176,
2025-11-10 11:00,23.171,
2025-11-10 12:00,23.168,
2025-11-10 13:00,23.164,
2025-11-10 14:00,23.16,
2025-11-10 15:00,23.158,
2025-11-10 16:00,23.155,
2025-11-10 17:00,23.152,
2025-11-10 18:00,23.151,
2025-11-10 19:00,23.147,
2025-11-10 20:00,23.144,
2025-11-10 21:00,23.143,
2025-11-10 22:00,23.141,
2025-11-10 23:00,23.141,
2025-11-11 00:00,23.146,
2025-11-11 01:00,23.151,
2025-11-11 02:00,23.159,
2025-11-11 03:00,23.164,
2025-11-11 04:00,23.167,
2025-11-11 05:00,23.168,
2025-11-11 06:00,23.166,
2025-11-11 07:00,23.164,
2025-11-11 08:00,23.161,
2025-11-11 09:00,23.154,
2025-11-11 10:00,23.151,
2025-11-11 11:00,23.147,
2025-11-11 12:00,23.145,
2025-11-11 13:00,23.142,
2025-11-11 14:00,23.14,
2025-11-11 15:00,23.138,
2025-11-11 16:00,23.137,
2025-11-11 17:00,23.131,
2025-11-11 18:00,23.151,
2025-11-11 19:00,23.153,
2025-11-11 20:00,23.157,
2025-11-11 21:00,23.165,
2025-11-11 22:00,23.192,
2025-11-11 23:00,23.256,
2025-11-12 00:00,23.321,
2025-11-12 01:00,23.355,
2025-11-12 02:00,23.362,
2025-11-12 03:00,23.352,
2025-11-12 04:00,23.337,
2025-11-12 05:00,23.317,
2025-11-12 06:00,23.302,
2025-11-12 07:00,23.286,
2025-11-12 08:00,23.272,
2025-11-12 09:00,23.26,
2025-11-12 10:00,23.251,
2025-11-12 11:00,23.243,
2025-11-12 12:00,23.234,
2025-11-12 13:00,23.23,
2025-11-12 14:00,23.225,
2025-11-12 15:00,23.218,
2025-11-12 16:00,23.213,
2025-11-12 17:00,23.207,
2025-11-12 18:00,23.203,
2025-11-12 19:00,23.199,
2025-11-12 20:00,23.194,
2025-11-12 21:00,23.191,
2025-11-12 22:00,23.188,
2025-11-12 23:00,23.184,
2025-11-13 00:00,23.183,
2025-11-13 01:00,23.182,
2025-11-13 02:00,23.182,
2025-11-13 03:00,23.187,
2025-11-13 04:00,23.194,
2025-11-13 05:00,23.196,
2025-11-13 06:00,23.198,
2025-11-13 07:00,23.199,
2025-11-13 08:00,23.196,
2025-11-13 09:00,23.193,
2025-11-13 10:00,23.192,
2025-11-13 11:00,23.19,
2025-11-13 12:00,23.189,
2025-11-13 13:00,23.185,
2025-11-13 14:00,23.181,
2025-11-13 15:00,23.178,
2025-11-13 16:00,23.175,
2025-11-13 17:00,23.172,
2025-11-13 18:00,23.169,
2025-11-13 19:00,23.165,
2025-11-13 20:00,23.161,
2025-11-13 21:00,23.157,
2025-11-13 22:00,23.156,
2025-11-13 23:00,23.154,
2025-11-14 00:00,23.15,
2025-11-14 01:00,23.148,
2025-11-14 02:00,23.145,
2025-11-14 03:00,23.145,
2025-11-14 04:00,23.143,
2025-11-14 05:00,23.142,
2025-11-14 06:00,23.134,
2025-11-14 07:00,23.142,
2025-11-14 08:00,23.14,
2025-11-14 09:00,23.141,
2025-11-14 10:00,23.141,
2025-11-14 11:00,23.14,
2025-11-14 12:00,23.139,
2025-11-14 13:00,23.139,
2025-11-14 14:00,23.138,
2025-11-14 15:00,23.136,
2025-11-14 16:00,23.136,
2025-11-14 17:00,23.136,
2025-11-14 18:00,23.135,
2025-11-14 19:00,23.136,
2025-11-14 20:00,23.136,
2025-11-14 21:00,23.133,
2025-11-14 22:00,23.132,
2025-11-14 23:00,23.131,
2025-11-15 00:00,23.131,
2025-11-15 01:00,23.134,
2025-11-15 02:00,23.133,
2025-11-15 03:00,23.136,
2025-11-15 04:00,23.137,
2025-11-15 05:00,23.138,
2025-11-15 06:00,23.138,
2025-11-15 07:00,23.138,
2025-11-15 08:00,23.136,
2025-11-15 09:00,23.134,
2025-11-15 10:00,23.132,
2025-11-15 11:00,23.13,
2025-11-15 12:00,23.129,
2025-11-15 13:00,23.127,
2025-11-15 14:00,23.13,
2025-11-15 15:00,23.124,
2025-11-15 16:00,23.119,
2025-11-15 17:00,23.117,
2025-11-15 18:00,23.116,
2025-11-15 19:00,23.116,
2025-11-15 20:00,23.114,
2025-11-15 21:00,23.115,
2025-11-15 22:00,23.113,
2025-11-15 23:00,23.111,
2025-11-16 00:00,23.114,
2025-11-16 01:00,23.114,
2025-11-16 02:00,23.115,
2025-11-16 03:00,23.114,
2025-11-16 04:00,23.111,
2025-11-16 05:00,23.111,
2025-11-16 06:00,23.111,
2025-11-16 07:00,23.11,
2025-11-16 08:00,23.108,
2025-11-16 09:00,23.107,
2025-11-16 10:00,23.106,
2025-11-16 11:00,23.105,
2025-11-16 12:00,23.104,
2025-11-16 13:00,23.105,
2025-11-16 14:00,23.105,
2025-11-16 15:00,23.103,
2025-11-16 16:00,23.1,
2025-11-16 17:00,23.099,
2025-11-16 18:00,23.099,
2025-11-16 19:00,23.097,
2025-11-16 20:00,23.096,
2025-11-16 21:00,23.096,
2025-11-16 22:00,23.093,
2025-11-16 23:00,23.093,
2025-11-17 00:00,23.092,
2025-11-17 01:00,23.093,
2025-11-17 02:00,23.093,
2025-11-17 03:00,23.09,
2025-11-17 04:00,23.089,
2025-11-17 05:00,23.089,
2025-11-17 06:00,23.088,
2025-11-17 07:00,23.088,
2025-11-17 08:00,23.088,
2025-11-17 09:00,23.087,
2025-11-17 10:00,23.087,
2025-11-17 11:00,23.084,
2025-11-17 12:00,23.084,
2025-11-17 13:00,23.083,
2025-11-17 14:00,23.082,
2025-11-17 15:00,23.081,
2025-11-17 16:00,23.08,
2025-11-17 17:00,23.079,
2025-11-17 18:00,23.08,
2025-11-17 19:00,23.08,
2025-11-17 20:00,23.08,
2025-11-17 21:00,23.078,
2025-11-17 22:00,23.078,
2025-11-17 23:00,23.078,
2025-11-18 00:00,23.076,
2025-11-18 01:00,23.076,
2025-11-18 02:00,23.075,
2025-11-18 03:00,23.076,
2025-11-18 04:00,23.074,
2025-11-18 05:00,23.074,
2025-11-18 06:00,23.075,
2025-11-18 07:00,23.075,
2025-11-18 08:00,23.076,
2025-11-18 09:00,23.075,
2025-11-18 10:00,23.079,
2025-11-18 11:00,23.082,
2025-11-18 12:00,23.087,
2025-11-18 13:00,23.083,
2025-11-18 14:00,23.082,
2025-11-18 15:00,23.083,
2025-11-18 16:00,23.083,
2025-11-18 17:00,23.081,
2025-11-18 18:00,23.082,
2025-11-18 19:00,23.08,
2025-11-18 20:00,23.089,
2025-11-18 21:00,23.095,
2025-11-18 22:00,23.11,
2025-11-18 23:00,23.15,
2025-11-19 00:00,23.293,
2025-11-19 01:00,23.472,
2025-11-19 02:00,23.584,
2025-11-19 03:00,23.613,
2025-11-19 04:00,23.6,
2025-11-19 05:00,23.587,
2025-11-19 06:00,23.568,
2025-11-19 07:00,23.543,
2025-11-19 08:00,23.518,
2025-11-19 09:00,23.492,
2025-11-19 10:00,23.467,
2025-11-19 11:00,23.447,
2025-11-19 12:00,23.434,
2025-11-19 13:00,23.42,
2025-11-19 14:00,23.407,
2025-11-19 15:00,23.393,
2025-11-19 16:00,23.38,
2025-11-19 17:00,23.366,
2025-11-19 18:00,23.355,
2025-11-19 19:00,23.351,
2025-11-19 20:00,23.346,
2025-11-19 21:00,23.342,
2025-11-19 22:00,23.337,
2025-11-19 23:00,23.333,
2025-11-20 00:00,23.334,
2025-11-20 01:00,23.351,
2025-11-20 02:00,23.367,
2025-11-20 03:00,23.381,
2025-11-20 04:00,23.398,
2025-11-20 05:00,23.415,
2025-11-20 06:00,23.432,
2025-11-20 07:00,23.449,
2025-11-20 08:00,23.466,
2025-11-20 09:00,23.483,
2025-11-20 10:00,23.497,
2025-11-20 11:00,23.511,
2025-11-20 12:00,23.513,
2025-11-20 13:00,23.514,
2025-11-20 14:00,23.515,
2025-11-20 15:00,23.516,
2025-11-20 16:00,23.517,
2025-11-20 17:00,23.519,
2025-11-20 18:00,23.52,
2025-11-20 19:00,23.522,
2025-11-20 20:00,23.523,
2025-11-20 21:00,23.525,
2025-11-20 22:00,23.527,
2025-11-20 23:00,23.531,
2025-11-21 00:00,23.535,
2025-11-21 01:00,23.539,
2025-11-21 02:00,23.543,
2025-11-21 03:00,23.547,
2025-11-21 04:00,23.551,
2025-11-21 05:00,23.555,
2025-11-21 06:00,23.559,
2025-11-21 07:00,23.563,
2025-11-21 08:00,23.567,
2025-11-21 09:00,23.571,
2025-11-21 10:00,23.575,
2025-11-21 11:00,23.579,
2025-11-21 12:00,23.583,
2025-11-21 13:00,23.587,
2025-11-21 14:00,23.592,
2025-11-21 15:00,23.617,
2025-11-21 16:00,23.663,
2025-11-21 17:00,23.709,
2025-11-21 18:00,23.764,
2025-11-21 19:00,23.819,
2025-11-21 20:00,23.874,
2025-11-21 21:00,23.935,
2025-11-21 22:00,24.018,
2025-11-21 23:00,24.1,
2025-11-22 00:00,24.183,
2025-11-22 01:00,24.217,
2025-11-22 02:00,24.235,
2025-11-22 03:00,24.253,
2025-11-22 04:00,24.271,
2025-11-22 05:00,24.289,
2025-11-22 06:00,24.307,
2025-11-22 07:00,24.325,
2025-11-22 08:00,24.343,
2025-11-22 09:00,24.361,
2025-11-22 10:00,24.379,
2025-11-22 11:00,24.397,
2025-11-22 12:00,24.415,
2025-11-22 13:00,24.433,
2025-11-22 14:00,24.451,
2025-11-22 15:00,24.469,
2025-11-22 16:00,24.487,
2025-11-22 17:00,24.505,
2025-11-22 18:00,24.523,
2025-11-22 19:00,24.542,
2025-11-22 20:00,24.56,
2025-11-22 21:00,24.579,
2025-11-22 22:00,24.597,
2025-11-22 23:00,24.616,
2025-11-23 00:00,24.634,
2025-11-23 01:00,24.749,
2025-11-23 02:00,24.896,
2025-11-23 03:00,25.043,
2025-11-23 04:00,25.19,
2025-11-23 05:00,25.337,
2025-11-23 06:00,25.485,
2025-11-23 07:00,25.643,
2025-11-23 08:00,25.834,
2025-11-23 09:00,26.025,
2025-11-23 10:00,26.216,
2025-11-23 11:00,26.407,
2025-11-23 12:00,26.598,
2025-11-23 13:00,26.789,
2025-11-23 14:00,26.98,
2025-11-23 15:00,27.171,
2025-11-23 16:00,27.362,
2025-11-23 17:00,27.553,
2025-11-23 18:00,27.744,
2025-11-23 19:00,27.935,
2025-11-23 20:00,28.126,
2025-11-23 21:00,28.317,
2025-11-23 22:00,28.508,
2025-11-23 23:00,28.699,
2025-11-24 00:00,28.89,
2025-11-24 01:00,29.081,
2025-11-24 02:00,29.272,
2025-11-24 03:00,29.463,
2025-11-24 04:00,29.654,
2025-11-24 05:00,29.79,
2025-11-24 06:00,29.872,
2025-11-24 07:00,29.954,
2025-11-24 08:00,30.036,
2025-11-24 09:00,30.118,
2025-11-24 10:00,30.2,
2025-11-24 11:00,30.282,
2025-11-24 12:00,30.364,
2025-11-24 13:00,30.446,
2025-11-24 14:00,30.529,
2025-11-24 15:00,30.611,
2025-11-24 16:00,30.694,
2025-11-24 17:00,30.776,
2025-11-24 18:00,30.859,
2025-11-24 19:00,30.941,
2025-11-24 20:00,31.003,
2025-11-24 21:00,31.003,
2025-11-24 22:00,31.003,
2025-11-24 23:00,31.003,
2025-11-25 00:00,31.003,
2025-11-25 01:00,30.913,
2025-11-25 02:00,30.812,
2025-11-25 03:00,30.707,
2025-11-25 04:00,30.599,
2025-11-25 05:00,30.506,
2025-11-25 06:00,30.426,
2025-11-25 07:00,30.337,
2025-11-25 08:00,30.239,
2025-11-25 09:00,30.144,
2025-11-25 10:00,30.054,
2025-11-25 11:00,29.967,
2025-11-25 12:00,29.888,
2025-11-25 13:00,29.813,
2025-11-25 14:00,29.736,
2025-11-25 15:00,29.657,
2025-11-25 16:00,29.577,
2025-11-25 17:00,29.509,
2025-11-25 18:00,29.444,
2025-11-25 19:00,29.38,
2025-11-25 20:00,29.32,
2025-11-25 21:00,29.263,
2025-11-25 22:00,29.226,
2025-11-25 23:00,29.216,
2025-11-26 00:00,29.215,
2025-11-26 01:00,29.209,
2025-11-26 02:00,29.216,
2025-11-26 03:00,29.248,
2025-11-26 04:00,29.289,
2025-11-26 05:00,29.358,
2025-11-26 06:00,29.416,
2025-11-26 07:00,29.467,
2025-11-26 08:00,29.499,
2025-11-26 09:00,29.514,
2025-11-26 10:00,29.513,
2025-11-26 11:00,29.514,
2025-11-26 12:00,29.505,
2025-11-26 13:00,29.492,
2025-11-26 14:00,29.484,
2025-11-26 15:00,29.472,
2025-11-26 16:00,29.455,
2025-11-26 17:00,29.433,
2025-11-26 18:00,29.406,
2025-11-26 19:00,29.381,
2025-11-26 20:00,29.348,
2025-11-26 21:00,29.31,
2025-11-26 22:00,29.267,
2025-11-26 23:00,29.217,
2025-11-27 00:00,29.18,
2025-11-27 01:00,29.133,
2025-11-27 02:00,29.079,
2025-11-27 03:00,29.019,
2025-11-27 04:00,28.955,
2025-11-27 05:00,28.889,
2025-11-27 06:00,28.826,
2025-11-27 07:00,28.765,
2025-11-27 08:00,28.703,
2025-11-27 09:00,28.653,
2025-11-27 10:00,28.597,
2025-11-27 11:00,28.541,
2025-11-27 12:00,28.485,
2025-11-27 13:00,28.431,
2025-11-27 14:00,28.374,
2025-11-27 15:00,28.317,
2025-11-27 16:00,28.262,
2025-11-27 17:00,28.207,
2025-11-27 18:00,28.147,
2025-11-27 19:00,28.091,
2025-11-27 20:00,28.033,
2025-11-27 21:00,27.974,
2025-11-27 22:00,27.919,
2025-11-27 23:00,27.86,
2025-11-28 00:00,27.804,
2025-11-28 01:00,27.742,
2025-11-28 02:00,27.684,
2025-11-28 03:00,27.627,
2025-11-28 04:00,27.565,
2025-11-28 05:00,27.509,
2025-11-28 06:00,27.454,
2025-11-28 07:00,27.396,
2025-11-28 08:00,27.34,
2025-11-28 09:00,27.285,
2025-11-28 10:00,27.231,
2025-11-28 11:00,27.178,
2025-11-28 12:00,27.131,
2025-11-28 13:00,27.083,
2025-11-28 14:00,27.037,
2025-11-28 15:00,26.993,
2025-11-28 16:00,26.948,
2025-11-28 17:00,26.912,
2025-11-28 18:00,26.886,
2025-11-28 19:00,26.867,
2025-11-28 20:00,26.851,
2025-11-28 21:00,26.844,
2025-11-28 22:00,26.839,
2025-11-28 23:00,26.835,
2025-11-29 00:00,26.835,
2025-11-29 01:00,26.846,
2025-11-29 02:00,26.857,
2025-11-29 03:00,26.878,
2025-11-29 04:00,26.902,
2025-11-29 05:00,26.925,
2025-11-29 06:00,26.948,
2025-11-29 07:00,26.978,
2025-11-29 08:00,26.998,
2025-11-29 09:00,27.013,
2025-11-29 10:00,27.025,
2025-11-29 11:00,27.032,
2025-11-29 12:00,27.029,
2025-11-29 13:00,27.021,
2025-11-29 14:00,27.008,
2025-11-29 15:00,26.989,
2025-11-29 16:00,26.961,
2025-11-29 17:00,26.935,
2025-11-29 18:00,26.906,
2025-11-29 19:00,26.868,
2025-11-29 20:00,26.828,
2025-11-29 21:00,26.786,
2025-11-29 22:00,26.742,
2025-11-29 23:00,26.697,
2025-11-30 00:00,26.648,
2025-11-30 01:00,26.6,
2025-11-30 02:00,26.553,
2025-11-30 03:00,26.501,
2025-11-30 04:00,26.446,
2025-11-30 05:00,26.393,
2025-11-30 06:00,26.34,
2025-11-30 07:00,26.287,
2025-11-30 08:00,26.231,
2025-11-30 09:00,26.175,
2025-11-30 10:00,26.123,
2025-11-30 11:00,26.069,
2025-11-30 12:00,26.008,
2025-11-30 13:00,25.95,
2025-11-30 14:00,25.894,
2025-11-30 15:00,25.835,
2025-11-30 16:00,25.773,
2025-11-30 17:00,25.718,
2025-11-30 18:00,25.656,
2025-11-30 19:00,25.594,
2025-11-30 20:00,25.534,
2025-11-30 21:00,25.472,
2025-11-30 22:00,25.411,
2025-11-30 23:00,25.349,
2025-12-01 00:00,25.293,
2025-12-01 01:00,25.237,
2025-12-01 02:00,25.179,
2025-12-01 03:00,25.126,
2025-12-01 04:00,25.073,
2025-12-01 05:00,25.019,
2025-12-01 06:00,24.968,
2025-12-01 07:00,24.92,
2025-12-01 08:00,24.871,
2025-12-01 09:00,24.824,
2025-12-01 10:00,24.78,
2025-12-01 11:00,24.738,
2025-12-01 12:00,24.696,
2025-12-01 13:00,24.654,
2025-12-01 14:00,24.617,
2025-12-01 15:00,24.578,
2025-12-01 16:00,24.54,
2025-12-01 17:00,24.507,
2025-12-01 18:00,24.471,
2025-12-01 19:00,24.437,
2025-12-01 20:00,24.4,
2025-12-01 21:00,24.371,
2025-12-01 22:00,24.342,
2025-12-01 23:00,24.313,
2025-12-02 00:00,24.291,
2025-12-02 01:00,24.27,
2025-12-02 02:00,24.245,
2025-12-02 03:00,24.226,
2025-12-02 04:00,24.204,
2025-12-02 05:00,24.189,
2025-12-02 06:00,24.17,
2025-12-02 07:00,24.153,
2025-12-02 08:00,24.137,
2025-12-02 09:00,24.122,
2025-12-02 10:00,24.108,
2025-12-02 11:00,24.094,
2025-12-02 12:00,24.079,
2025-12-02 13:00,24.065,
2025-12-02 14:00,24.046,
2025-12-02 15:00,24.035,
2025-12-02 16:00,24.02,
2025-12-02 17:00,24.004,
2025-12-02 18:00,23.988,
2025-12-02 19:00,23.975,
2025-12-02 20:00,23.962,
2025-12-02 21:00,23.95,
2025-12-02 22:00,23.934,
2025-12-02 23:00,23.925,
2025-12-03 00:00,23.918,
2025-12-03 01:00,23.911,
2025-12-03 02:00,23.904,
2025-12-03 03:00,23.897,
2025-12-03 04:00,23.891,
2025-12-03 05:00,23.884,
2025-12-03 06:00,23.879,
2025-12-03 07:00,23.874,
2025-12-03 08:00,23.865,
2025-12-03 09:00,23.858,
2025-12-03 10:00,23.855,
2025-12-03 11:00,23.836,
2025-12-03 12:00,23.821,
2025-12-03 13:00,23.813,
2025-12-03 14:00,23.807,
2025-12-03 15:00,23.801,
2025-12-03 16:00,23.796,
2025-12-03 17:00,23.785,
2025-12-03 18:00,23.782,
2025-12-03 19:00,23.776,
2025-12-03 20:00,23.768,
2025-12-03 21:00,23.763,
2025-12-03 22:00,23.76,
2025-12-03 23:00,23.753,
2025-12-04 00:00,23.751,
2025-12-04 01:00,23.749,
2025-12-04 02:00,23.744,
2025-12-04 03:00,23.744,
2025-12-04 04:00,23.739,
2025-12-04 05:00,23.738,
2025-12-04 06:00,23.735,
2025-12-04 07:00,23.731,
2025-12-04 08:00,23.728,
2025-12-04 09:00,23.726,
2025-12-04 10:00,23.722,
2025-12-04 11:00,23.719,
2025-12-04 12:00,23.716,
2025-12-04 13:00,23.712,
2025-12-04 14:00,23.704,
2025-12-04 15:00,23.701,
2025-12-04 16:00,23.698,
2025-12-04 17:00,23.694,
2025-12-04 18:00,23.692,
2025-12-04 19:00,23.685,
2025-12-04 20:00,23.682,
2025-12-04 21:00,23.678,
2025-12-04 22:00,23.676,
2025-12-04 23:00,23.671,
2025-12-05 00:00,23.671,
2025-12-05 01:00,23.668,
2025-12-05 02:00,23.666,
2025-12-05 03:00,23.666,
2025-12-05 04:00,23.664,
2025-12-05 05:00,23.662,
2025-12-05 06:00,23.661,
2025-12-05 07:00,23.659,
2025-12-05 08:00,23.657,
2025-12-05 09:00,23.653,
2025-12-05 10:00,23.651,
2025-12-05 11:00,23.648,
2025-12-05 12:00,23.646,
2025-12-05 13:00,23.644,
2025-12-05 14:00,23.64,
2025-12-05 15:00,23.637,
2025-12-05 16:00,23.635,
2025-12-05 17:00,23.634,
2025-12-05 18:00,23.631,
2025-12-05 19:00,23.629,
2025-12-05 20:00,23.626,
2025-12-05 21:00,23.627,
2025-12-05 22:00,23.625,
2025-12-05 23:00,23.625,
2025-12-06 00:00,23.626,
2025-12-06 01:00,23.622,
2025-12-06 02:00,23.621,
2025-12-06 03:00,23.618,
2025-12-06 04:00,23.618,
2025-12-06 05:00,23.617,
2025-12-06 06:00,23.617,
2025-12-06 07:00,23.618,
2025-12-06 08:00,23.618,
2025-12-06 09:00,23.62,
2025-12-06 10:00,23.623,
2025-12-06 11:00,23.628,
2025-12-06 12:00,23.64,
2025-12-06 13:00,23.649,
2025-12-06 14:00,23.656,
2025-12-06 15:00,23.657,
2025-12-06 16:00,23.655,
2025-12-06 17:00,23.656,
2025-12-06 18:00,23.66,
2025-12-06 19:00,23.667,
2025-12-06 20:00,23.669,
2025-12-06 21:00,23.676,
2025-12-06 22:00,23.68,
2025-12-06 23:00,23.682,
2025-12-07 00:00,23.681,
2025-12-07 01:00,23.673,
2025-12-07 02:00,23.666,
2025-12-07 03:00,23.655,
2025-12-07 04:00,23.645,
2025-12-07 05:00,23.64,
2025-12-07 06:00,23.631,
2025-12-07 07:00,23.626,
2025-12-07 08:00,23.62,
2025-12-07 09:00,23.616,
2025-12-07 10:00,23.612,
2025-12-07 11:00,23.607,
2025-12-07 12:00,23.606,
2025-12-07 13:00,23.601,
2025-12-07 14:00,23.6,
2025-12-07 15:00,23.596,
2025-12-07 16:00,23.591,
2025-12-07 17:00,23.587,
2025-12-07 18:00,23.583,
2025-12-07 19:00,23.58,
2025-12-07 20:00,23.575,
2025-12-07 21:00,23.57,
2025-12-07 22:00,23.569,
2025-12-07 23:00,23.565,
2025-12-08 00:00,23.563,
2025-12-08 01:00,23.56,
2025-12-08 02:00,23.56,
2025-12-08 03:00,23.557,
2025-12-08 04:00,23.557,
2025-12-08 05:00,23.555,
2025-12-08 06:00,23.554,
2025-12-08 07:00,23.554,
2025-12-08 08:00,23.551,
2025-12-08 09:00,23.55,
2025-12-08 10:00,23.549,
2025-12-08 11:00,23.547,
2025-12-08 12:00,23.545,
2025-12-08 13:00,23.544,
2025-12-08 14:00,23.542,
2025-12-08 15:00,23.539,
2025-12-08 16:00,23.537,
2025-12-08 17:00,23.536,
2025-12-08 18:00,23.532,
2025-12-08 19:00,23.531,
2025-12-08 20:00,23.528,
2025-12-08 21:00,23.527,
2025-12-08 22:00,23.522,
2025-12-08 23:00,23.52,
2025-12-09 00:00,23.519,
2025-12-09 01:00,23.517,
2025-12-09 02:00,23.517,
2025-12-09 03:00,23.517,
2025-12-09 04:00,23.518,
2025-12-09 05:00,23.515,
2025-12-09 06:00,23.514,
2025-12-09 07:00,23.513,
2025-12-09 08:00,23.511,
2025-12-09 09:00,23.509,
2025-12-09 10:00,23.509,
2025-12-09 11:00,23.507,
2025-12-09 12:00,23.507,
2025-12-09 13:00,23.505,
2025-12-09 14:00,23.503,
2025-12-09 15:00,23.502,
2025-12-09 16:00,23.5,
2025-12-09 17:00,23.497,
2025-12-09 18:00,23.494,
2025-12-09 19:00,23.492,
2025-12-09 20:00,23.49,
2025-12-09 21:00,23.487,
2025-12-09 22:00,23.486,
2025-12-09 23:00,23.483,
2025-12-10 00:00,23.482,
2025-12-10 01:00,23.482,
2025-12-10 02:00,23.48,
2025-12-10 03:00,23.48,
2025-12-10 04:00,23.479,
2025-12-10 05:00,23.478,
2025-12-10 06:00,23.478,
2025-12-10 07:00,23.476,
2025-12-10 08:00,23.476,
2025-12-10 09:00,23.475,
2025-12-10 10:00,23.473,
2025-12-10 11:00,23.473,
2025-12-10 12:00,23.472,
2025-12-10 13:00,23.471,
2025-12-10 14:00,23.47,
2025-12-10 15:00,23.469,
2025-12-10 16:00,23.467,
2025-12-10 17:00,23.466,
2025-12-10 18:00,23.464,
2025-12-10 19:00,23.464,
2025-12-10 20:00,23.461,
2025-12-10 21:00,23.459,
2025-12-10 22:00,23.457,
2025-12-10 23:00,23.456,
2025-12-11 00:00,23.453,
2025-12-11 01:00,23.453,
2025-12-11 02:00,23.453,
2025-12-11 03:00,23.453,
2025-12-11 04:00,23.451,
2025-12-11 05:00,23.45,
2025-12-11 06:00,23.45,
2025-12-11 07:00,23.449,
2025-12-11 08:00,23.449,
2025-12-11 09:00,23.447,
2025-12-11 10:00,23.447,
2025-12-11 11:00,23.446,
2025-12-11 12:00,23.447,
2025-12-11 13:00,23.446,
2025-12-11 14:00,23.444,
2025-12-11 15:00,23.445,
2025-12-11 16:00,23.444,
2025-12-11 17:00,23.445,
2025-12-11 18:00,23.444,
2025-12-11 19:00,23.445,
2025-12-11 20:00,23.446,
2025-12-11 21:00,23.444,
2025-12-11 22:00,23.443,
2025-12-11 23:00,23.439,
2025-12-12 00:00,23.44,
2025-12-12 01:00,23.438,
2025-12-12 02:00,23.437,
2025-12-12 03:00,23.437,
2025-12-12 04:00,23.438,
2025-12-12 05:00,23.438,
2025-12-12 06:00,23.437,
2025-12-12 07:00,23.435,
2025-12-12 08:00,23.436,
2025-12-12 09:00,23.431,
2025-12-12 10:00,23.431,
2025-12-12 11:00,23.43,
2025-12-12 12:00,23.429,
2025-12-12 13:00,23.428,
2025-12-12 14:00,23.427,
2025-12-12 15:00,23.428,
2025-12-12 16:00,23.427,
2025-12-12 17:00,23.423,
2025-12-12 18:00,23.421,
2025-12-12 19:00,23.42,
2025-12-12 20:00,23.418,
2025-12-12 21:00,23.417,
2025-12-12 22:00,23.415,
2025-12-12 23:00,23.413,
2025-12-13 00:00,23.413,
2025-12-13 01:00,23.412,
2025-12-13 02:00,23.412,
2025-12-13 03:00,23.411,
2025-12-13 04:00,23.411,
2025-12-13 05:00,23.412,
2025-12-13 06:00,23.412,
2025-12-13 07:00,23.41,
2025-12-13 08:00,23.41,
2025-12-13 09:00,23.408,
2025-12-13 10:00,23.407,
2025-12-13 11:00,23.407,
2025-12-13 12:00,23.406,
2025-12-13 13:00,23.409,
2025-12-13 14:00,23.411,
2025-12-13 15:00,23.411,
2025-12-13 16:00,23.407,
2025-12-13 17:00,23.406,
2025-12-13 18:00,23.406,
2025-12-13 19:00,23.406,
2025-12-13 20:00,23.408,
2025-12-13 21:00,23.413,
2025-12-13 22:00,23.417,
2025-12-13 23:00,23.418,
2025-12-14 00:00,23.417,
2025-12-14 01:00,23.417,
2025-12-14 02:00,23.416,
2025-12-14 03:00,23.417,
2025-12-14 04:00,23.418,
2025-12-14 05:00,23.416,
2025-12-14 06:00,23.414,
2025-12-14 07:00,23.412,
2025-12-14 08:00,23.409,
2025-12-14 09:00,23.408,
2025-12-14 10:00,23.409,
2025-12-14 11:00,23.401,
2025-12-14 12:00,23.409,
2025-12-14 13:00,23.415,
2025-12-14 14:00,23.419,
2025-12-14 15:00,23.426,
2025-12-14 16:00,23.436,
2025-12-14 17:00,23.454,
2025-12-14 18:00,23.476,
2025-12-14 19:00,23.494,
2025-12-14 20:00,23.502,
2025-12-14 21:00,23.505,
2025-12-14 22:00,23.504,
2025-12-14 23:00,23.501,
2025-12-15 00:00,23.497,
2025-12-15 01:00,23.492,
2025-12-15 02:00,23.488,
2025-12-15 03:00,23.5,
2025-12-15 04:00,23.531,
2025-12-15 05:00,23.57,
2025-12-15 06:00,23.621,
2025-12-15 07:00,23.688,
2025-12-15 08:00,23.76,
2025-12-15 09:00,23.815,
2025-12-15 10:00,23.861,
2025-12-15 11:00,23.9,
2025-12-15 12:00,23.936,
2025-12-15 13:00,23.951,
2025-12-15 14:00,23.94,
2025-12-15 15:00,23.907,
2025-12-15 16:00,23.873,
2025-12-15 17:00,23.834,
2025-12-15 18:00,23.798,
2025-12-15 19:00,23.769,
2025-12-15 20:00,23.741,
2025-12-15 21:00,23.721,
2025-12-15 22:00,23.699,
2025-12-15 23:00,23.691,
2025-12-16 00:00,23.677,
2025-12-16 01:00,23.679,
2025-12-16 02:00,23.68,
2025-12-16 03:00,23.681,
2025-12-16 04:00,23.687,
2025-12-16 05:00,23.693,
2025-12-16 06:00,23.701,
2025-12-16 07:00,23.714,
2025-12-16 08:00,23.73,
2025-12-16 09:00,23.743,
2025-12-16 10:00,23.76,
2025-12-16 11:00,23.768,
2025-12-16 12:00,23.776,
2025-12-16 13:00,23.782,
2025-12-16 14:00,23.785,
2025-12-16 15:00,23.787,
2025-12-16 16:00,23.785,
2025-12-16 17:00,23.782,
2025-12-16 18:00,23.783,
2025-12-16 19:00,23.777,
2025-12-16 20:00,23.768,
2025-12-16 21:00,23.76,
2025-12-16 22:00,23.749,
2025-12-16 23:00,23.741,
2025-12-17 00:00,23.732,
2025-12-17 01:00,23.724,
2025-12-17 02:00,23.719,
2025-12-17 03:00,23.712,
2025-12-17 04:00,23.705,
2025-12-17 05:00,23.698,
2025-12-17 06:00,23.69,
2025-12-17 07:00,23.682,
2025-12-17 08:00,23.678,
2025-12-17 09:00,23.671,
2025-12-17 10:00,23.668,
2025-12-17 11:00,23.664,
2025-12-17 12:00,23.662,
2025-12-17 13:00,23.657,
2025-12-17 14:00,23.654,
2025-12-17 15:00,23.65,
2025-12-17 16:00,23.649,
2025-12-17 17:00,23.648,
2025-12-17 18:00,23.647,
2025-12-17 19:00,23.646,
2025-12-17 20:00,23.647,
2025-12-17 21:00,23.65,
2025-12-17 22:00,23.654,
2025-12-17 23:00,23.662,
2025-12-18 00:00,23.678,
2025-12-18 01:00,23.696,
2025-12-18 02:00,23.706,
2025-12-18 03:00,23.709,
2025-12-18 04:00,23.709,
2025-12-18 05:00,23.706,
2025-12-18 06:00,23.698,
2025-12-18 07:00,23.691,
2025-12-18 08:00,23.685,
2025-12-18 09:00,23.678,
2025-12-18 10:00,23.675,
2025-12-18 11:00,23.671,
2025-12-18 12:00,23.667,
2025-12-18 13:00,23.664,
2025-12-18 14:00,23.663,
2025-12-18 15:00,23.661,
2025-12-18 16:00,23.658,
2025-12-18 17:00,23.661,
2025-12-18 18:00,23.666,
2025-12-18 19:00,23.668,
2025-12-18 20:00,23.67,
2025-12-18 21:00,23.673,
2025-12-18 22:00,23.674,
2025-12-18 23:00,23.678,
2025-12-19 00:00,23.681,
2025-12-19 01:00,23.679,
2025-12-19 02:00,23.676,
2025-12-19 03:00,23.668,
2025-12-19 04:00,23.663,
2025-12-19 05:00,23.655,
2025-12-19 06:00,23.649,
2025-12-19 07:00,23.642,
2025-12-19 08:00,23.635,
2025-12-19 09:00,23.627,
2025-12-19 10:00,23.622,
2025-12-19 11:00,23.616,
2025-12-19 12:00,23.609,
2025-12-19 13:00,23.606,
2025-12-19 14:00,23.602,
2025-12-19 15:00,23.597,
2025-12-19 16:00,23.593,
2025-12-19 17:00,23.589,
2025-12-19 18:00,23.584,
2025-12-19 19:00,23.583,
2025-12-19 20:00,23.577,
2025-12-19 21:00,23.577,
2025-12-19 22:00,23.578,
2025-12-19 23:00,23.578,
2025-12-20 00:00,23.577,
2025-12-20 01:00,23.575,
2025-12-20 02:00,23.573,
2025-12-20 03:00,23.569,
2025-12-20 04:00,23.566,
2025-12-20 05:00,23.563,
2025-12-20 06:00,23.559,
2025-12-20 07:00,23.555,
2025-12-20 08:00,23.552,
2025-12-20 09:00,23.549,
2025-12-20 10:00,23.547,
2025-12-20 11:00,23.544,
2025-12-20 12:00,23.541,
2025-12-20 13:00,23.539,
2025-12-20 14:00,23.538,
2025-12-20 15:00,23.535,
2025-12-20 16:00,23.535,
2025-12-20 17:00,23.531,
2025-12-20 18:00,23.53,
2025-12-20 19:00,23.525,
2025-12-20 20:00,23.522,
2025-12-20 21:00,23.518,
2025-12-20 22:00,23.515,
2025-12-20 23:00,23.513,
2025-12-21 00:00,23.51,
2025-12-21 01:00,23.508,
2025-12-21 02:00,23.508,
2025-12-21 03:00,23.504,
2025-12-21 04:00,23.502,
2025-12-21 05:00,23.502,
2025-12-21 06:00,23.499,
2025-12-21 07:00,23.497,
2025-12-21 08:00,23.496,
2025-12-21 09:00,23.494,
2025-12-21 10:00,23.492,
2025-12-21 11:00,23.49,
2025-12-21 12:00,23.489,
2025-12-21 13:00,23.487,
2025-12-21 14:00,23.485,
2025-12-21 15:00,23.483,
2025-12-21 16:00,23.481,
2025-12-21 17:00,23.479,
2025-12-21 18:00,23.481,
2025-12-21 19:00,23.483,
2025-12-21 20:00,23.483,
2025-12-21 21:00,23.483,
2025-12-21 22:00,23.484,
2025-12-21 23:00,23.479,
2025-12-22 00:00,23.476,
2025-12-22 01:00,23.474,
2025-12-22 02:00,23.47,
2025-12-22 03:00,23.469,
2025-12-22 04:00,23.466,
2025-12-22 05:00,23.465,
2025-12-22 06:00,23.465,
2025-12-22 07:00,23.463,
2025-12-22 08:00,23.459,
2025-12-22 09:00,23.457,
2025-12-22 10:00,23.456,
2025-12-22 11:00,23.454,
2025-12-22 12:00,23.452,
2025-12-22 13:00,23.452,
2025-12-22 14:00,23.45,
2025-12-22 15:00,23.448,
2025-12-22 16:00,23.445,
2025-12-22 17:00,23.444,
2025-12-22 18:00,23.441,
2025-12-22 19:00,23.439,
2025-12-22 20:00,23.437,
2025-12-22 21:00,23.434,
2025-12-22 22:00,23.432,
2025-12-22 23:00,23.431,
2025-12-23 00:00,23.431,
2025-12-23 01:00,23.428,
2025-12-23 02:00,23.428,
2025-12-23 03:00,23.425,
2025-12-23 04:00,23.425,
2025-12-23 05:00,23.425,
2025-12-23 06:00,23.426,
2025-12-23 07:00,23.423,
2025-12-23 08:00,23.422,
2025-12-23 09:00,23.421,
2025-12-23 10:00,23.42,
2025-12-23 11:00,23.418,
2025-12-23 12:00,23.418,
2025-12-23 13:00,23.418,
2025-12-23 14:00,23.416,
2025-12-23 15:00,23.415,
2025-12-23 16:00,23.414,
2025-12-23 17:00,23.413,
2025-12-23 18:00,23.411,
2025-12-23 19:00,23.408,
2025-12-23 20:00,23.406,
2025-12-23 21:00,23.403,
2025-12-23 22:00,23.401,
2025-12-23 23:00,23.401,
2025-12-24 00:00,23.398,
2025-12-24 01:00,23.396,
2025-12-24 02:00,23.395,
2025-12-24 03:00,23.396,
2025-12-24 04:00,23.395,
2025-12-24 05:00,23.393,
2025-12-24 06:00,23.394,
2025-12-24 07:00,23.395,
2025-12-24 08:00,23.394,
2025-12-24 09:00,23.391,
2025-12-24 10:00,23.391,
2025-12-24 11:00,23.391,
2025-12-24 12:00,23.391,
2025-12-24 13:00,23.389,
2025-12-24 14:00,23.389,
2025-12-24 15:00,23.388,
2025-12-24 16:00,23.386,
2025-12-24 17:00,23.385,
2025-12-24 18:00,23.383,
2025-12-24 19:00,23.381,
2025-12-24 20:00,23.379,
2025-12-24 21:00,23.377,
2025-12-24 22:00,23.375,
2025-12-24 23:00,23.375,
2025-12-25 00:00,23.373,
2025-12-25 01:00,23.372,
2025-12-25 02:00,23.371,
2025-12-25 03:00,23.371,
2025-12-25 04:00,23.371,
2025-12-25 05:00,23.37,
2025-12-25 06:00,23.37,
2025-12-25 07:00,23.369,
2025-12-25 08:00,23.369,
2025-12-25 09:00,23.369,
2025-12-25 10:00,23.368,
2025-12-25 11:00,23.368,
2025-12-25 12:00,23.367,
2025-12-25 13:00,23.366,
2025-12-25 14:00,23.36,
2025-12-25 15:00,23.369,
2025-12-25 16:00,23.359,
2025-12-25 17:00,23.375,
2025-12-25 18:00,23.377,
2025-12-25 19:00,23.378,
2025-12-25 20:00,23.381,
2025-12-25 21:00,23.389,
2025-12-25 22:00,23.413,
2025-12-25 23:00,23.48,
2025-12-26 00:00,23.516,
2025-12-26 01:00,23.528,
2025-12-26 02:00,23.516,
2025-12-26 03:00,23.5,
2025-12-26 04:00,23.483,
2025-12-26 05:00,23.475,
2025-12-26 06:00,23.466,
2025-12-26 07:00,23.462,
2025-12-26 08:00,23.458,
2025-12-26 09:00,23.457,
2025-12-26 10:00,23.456,
2025-12-26 11:00,23.454,
2025-12-26 12:00,23.454,
2025-12-26 13:00,23.453,
2025-12-26 14:00,23.451,
2025-12-26 15:00,23.448,
2025-12-26 16:00,23.444,
2025-12-26 17:00,23.439,
2025-12-26 18:00,23.437,
2025-12-26 19:00,23.432,
2025-12-26 20:00,23.434,
2025-12-26 21:00,23.434,
2025-12-26 22:00,23.432,
2025-12-26 23:00,23.421,
2025-12-27 00:00,23.434,
2025-12-27 01:00,23.435,
2025-12-27 02:00,23.437,
2025-12-27 03:00,23.438,
2025-12-27 04:00,23.438,
2025-12-27 05:00,23.429,
2025-12-27 06:00,23.44,
2025-12-27 07:00,23.441,
2025-12-27 08:00,23.44,
2025-12-27 09:00,23.438,
2025-12-27 10:00,23.437,
2025-12-27 11:00,23.434,
2025-12-27 12:00,23.431,
2025-12-27 13:00,23.43,
2025-12-27 14:00,23.426,
2025-12-27 15:00,23.424,
2025-12-27 16:00,23.419,
2025-12-27 17:00,23.417,
2025-12-27 18:00,23.413,
2025-12-27 19:00,23.412,
2025-12-27 20:00,23.41,
2025-12-27 21:00,23.408,
2025-12-27 22:00,23.404,
2025-12-27 23:00,23.402,
2025-12-28 00:00,23.399,
2025-12-28 01:00,23.399,
2025-12-28 02:00,23.395,
2025-12-28 03:00,23.394,
2025-12-28 04:00,23.393,
2025-12-28 05:00,23.392,
2025-12-28 06:00,23.39,
2025-12-28 07:00,23.388,
2025-12-28 08:00,23.385,
2025-12-28 09:00,23.384,
2025-12-28 10:00,23.383,
2025-12-28 11:00,23.382,
2025-12-28 12:00,23.379,
2025-12-28 13:00,23.378,
2025-12-28 14:00,23.378,
2025-12-28 15:00,23.376,
2025-12-28 16:00,23.375,
2025-12-28 17:00,23.374,
2025-12-28 18:00,23.373,
2025-12-28 19:00,23.371,
2025-12-28 20:00,23.37,
2025-12-28 21:00,23.368,
2025-12-28 22:00,23.366,
2025-12-28 23:00,23.367,
2025-12-29 00:00,23.365,
2025-12-29 01:00,23.365,
2025-12-29 02:00,23.364,
2025-12-29 03:00,23.363,
2025-12-29 04:00,23.365,
2025-12-29 05:00,23.364,
2025-12-29 06:00,23.363,
2025-12-29 07:00,23.363,
2025-12-29 08:00,23.361,
2025-12-29 09:00,23.359,
2025-12-29 10:00,23.36,
2025-12-29 11:00,23.36,
2025-12-29 12:00,23.358,
2025-12-29 13:00,23.356,
2025-12-29 14:00,23.357,
2025-12-29 15:00,23.354,
2025-12-29 16:00,23.352,
2025-12-29 17:00,23.351,
2025-12-29 18:00,23.349,
2025-12-29 19:00,23.348,
2025-12-29 20:00,23.345,
2025-12-29 21:00,23.344,
2025-12-29 22:00,23.343,
2025-12-29 23:00,23.341,
2025-12-30 00:00,23.342,
2025-12-30 01:00,23.339,
2025-12-30 02:00,23.337,
2025-12-30 03:00,23.336,
2025-12-30 04:00,23.335,
2025-12-30 05:00,23.336,
2025-12-30 06:00,23.334,
2025-12-30 07:00,23.335,
2025-12-30 08:00,23.336,
2025-12-30 09:00,23.334,
2025-12-30 10:00,23.333,
2025-12-30 11:00,23.331,
2025-12-30 12:00,23.333,
2025-12-30 13:00,23.332,
2025-12-30 14:00,23.33,
2025-12-30 15:00,23.329,
2025-12-30 16:00,23.329,
2025-12-30 17:00,23.329,
2025-12-30 18:00,23.329,
2025-12-30 19:00,23.326,
2025-12-30 20:00,23.324,
2025-12-30 21:00,23.324,
2025-12-30 22:00,23.322,
2025-12-30 23:00,23.32,
2025-12-31 00:00,23.32,
2025-12-31 01:00,23.319,
2025-12-31 02:00,23.32,
2025-12-31 03:00,23.319,
2025-12-31 04:00,23.316,
2025-12-31 05:00,23.316,
2025-12-31 06:00,23.315,
2025-12-31 07:00,23.317,
2025-12-31 08:00,23.317,
2025-12-31 09:00,23.313,
2025-12-31 10:00,23.313,
2025-12-31 11:00,23.313,
2025-12-31 12:00,23.313,
2025-12-31 13:00,23.314,
2025-12-31 14:00,23.312,
2025-12-31 15:00,23.311,
2025-12-31 16:00,23.311,
2025-12-31 17:00,23.311,
2025-12-31 18:00,23.31,
2025-12-31 19:00,23.307,
2025-12-31 20:00,23.307,
2025-12-31 21:00,23.306,
2025-12-31 22:00,23.305,
2025-12-31 23:00,23.305,
2026-01-01 00:00,23.303,
2026-01-01 01:00,23.303,
2026-01-01 02:00,23.301,
2026-01-01 03:00,23.301,
2026-01-01 04:00,23.298,
2026-01-01 05:00,23.299,
2026-01-01 06:00,23.299,
2026-01-01 07:00,23.299,
2026-01-01 08:00,23.298,
2026-01-01 09:00,23.297,
2026-01-01 10:00,23.296,
2026-01-01 11:00,23.296,
2026-01-01 12:00,23.297,
2026-01-01 13:00,23.297,
2026-01-01 14:00,23.297,
2026-01-01 15:00,23.296,
2026-01-01 16:00,23.294,
2026-01-01 17:00,23.293,
2026-01-01 18:00,23.293,
2026-01-01 19:00,23.292,
2026-01-01 20:00,23.291,
2026-01-01 21:00,23.29,
2026-01-01 22:00,23.288,
2026-01-01 23:00,23.288,
2026-01-02 00:00,23.286,
2026-01-02 01:00,23.285,
2026-01-02 02:00,23.286,
2026-01-02 03:00,23.286,
2026-01-02 04:00,23.285,
2026-01-02 05:00,23.284,
2026-01-02 06:00,23.284,
2026-01-02 07:00,23.282,
2026-01-02 08:00,23.281,
2026-01-02 09:00,23.281,
2026-01-02 10:00,23.282,
2026-01-02 11:00,23.28,
2026-01-02 12:00,23.282,
2026-01-02 13:00,23.281,
2026-01-02 14:00,23.279,
2026-01-02 15:00,23.279,
2026-01-02 16:00,23.281,
2026-01-02 17:00,23.279,
2026-01-02 18:00,23.278,
2026-01-02 19:00,23.278,
2026-01-02 20:00,23.276,
2026-01-02 21:00,23.272,
2026-01-02 22:00,23.272,
2026-01-02 23:00,23.27,
2026-01-03 00:00,23.269,
2026-01-03 01:00,23.268,
2026-01-03 02:00,23.269,
2026-01-03 03:00,23.268,
2026-01-03 04:00,23.268,
2026-01-03 05:00,23.268,
2026-01-03 06:00,23.267,
2026-01-03 07:00,23.267,
2026-01-03 08:00,23.267,
2026-01-03 09:00,23.266,
2026-01-03 10:00,23.266,
2026-01-03 11:00,23.266,
2026-01-03 12:00,23.266,
2026-01-03 13:00,23.263,
2026-01-03 14:00,23.265,
2026-01-03 15:00,23.265,
2026-01-03 16:00,23.267,
2026-01-03 17:00,23.264,
2026-01-03 18:00,23.264,
2026-01-03 19:00,23.262,
2026-01-03 20:00,23.261,
2026-01-03 21:00,23.259,
2026-01-03 22:00,23.258,
2026-01-03 23:00,23.257,
2026-01-04 00:00,23.256,
2026-01-04 01:00,23.256,
2026-01-04 02:00,23.256,
2026-01-04 03:00,23.255,
2026-01-04 04:00,23.255,
2026-01-04 05:00,23.254,
2026-01-04 06:00,23.253,
2026-01-04 07:00,23.253,
2026-01-04 08:00,23.253,
2026-01-04 09:00,23.253,
2026-01-04 10:00,23.251,
2026-01-04 11:00,23.252,
2026-01-04 12:00,23.251,
2026-01-04 13:00,23.251,
2026-01-04 14:00,23.254,
2026-01-04 15:00,23.254,
2026-01-04 16:00,23.251,
2026-01-04 17:00,23.251,
2026-01-04 18:00,23.251,
2026-01-04 19:00,23.249,
2026-01-04 20:00,23.246,
2026-01-04 21:00,23.246,
2026-01-04 22:00,23.246,
2026-01-04 23:00,23.243,
2026-01-05 00:00,23.244,
2026-01-05 01:00,23.242,
2026-01-05 02:00,23.242,
2026-01-05 03:00,23.243,
2026-01-05 04:00,23.242,
2026-01-05 05:00,23.244,
2026-01-05 06:00,23.242,
2026-01-05 07:00,23.243,
2026-01-05 08:00,23.242,
2026-01-05 09:00,23.241,
2026-01-05 10:00,23.239,
2026-01-05 11:00,23.241,
2026-01-05 12:00,23.241,
2026-01-05 13:00,23.241,
2026-01-05 14:00,23.241,
2026-01-05 15:00,23.238,
2026-01-05 16:00,23.237,
2026-01-05 17:00,23.237,
2026-01-05 18:00,23.238,
2026-01-05 19:00,23.236,
2026-01-05 20:00,23.235,
2026-01-05 21:00,23.234,
2026-01-05 22:00,23.235,
2026-01-05 23:00,23.233,
2026-01-06 00:00,23.232,
2026-01-06 01:00,23.23,
2026-01-06 02:00,23.23,
2026-01-06 03:00,23.233,
2026-01-06 04:00,23.232,
2026-01-06 05:00,23.233,
2026-01-06 06:00,23.231,
2026-01-06 07:00,23.229,
2026-01-06 08:00,23.23,
2026-01-06 09:00,23.229,
2026-01-06 10:00,23.228,
2026-01-06 11:00,23.228,
2026-01-06 12:00,23.225,
2026-01-06 13:00,23.227,
2026-01-06 14:00,23.226,
2026-01-06 15:00,23.227,
2026-01-06 16:00,23.227,
2026-01-06 17:00,23.225,
2026-01-06 18:00,23.225,
2026-01-06 19:00,23.225,
2026-01-06 20:00,23.223,
2026-01-06 21:00,23.223,
2026-01-06 22:00,23.224,
2026-01-06 23:00,23.222,
2026-01-07 00:00,23.221,
2026-01-07 01:00,23.22,
2026-01-07 02:00,23.221,
2026-01-07 03:00,23.221,
2026-01-07 04:00,23.219,
2026-01-07 05:00,23.22,
2026-01-07 06:00,23.221,
2026-01-07 07:00,23.222,
2026-01-07 08:00,23.221,
2026-01-07 09:00,23.222,
2026-01-07 10:00,23.221,
2026-01-07 11:00,23.224,
2026-01-07 12:00,23.219,
2026-01-07 13:00,23.229,
2026-01-07 14:00,23.229,
2026-01-07 15:00,23.232,
2026-01-07 16:00,23.232,
2026-01-07 17:00,23.232,
2026-01-07 18:00,23.233,
2026-01-07 19:00,23.233,
2026-01-07 20:00,23.231,
2026-01-07 21:00,23.231,
2026-01-07 22:00,23.23,
2026-01-07 23:00,23.231,
2026-01-08 00:00,23.23,
2026-01-08 01:00,23.227,
2026-01-08 02:00,23.225,
2026-01-08 03:00,23.227,
2026-01-08 04:00,23.227,
2026-01-08 05:00,23.228,
2026-01-08 06:00,23.228,
2026-01-08 07:00,23.226,
2026-01-08 08:00,23.226,
2026-01-08 09:00,23.226,
2026-01-08 10:00,23.225,
2026-01-08 11:00,23.225,
2026-01-08 12:00,23.221,
2026-01-08 13:00,23.223,
2026-01-08 14:00,23.224,
2026-01-08 15:00,23.226,
2026-01-08 16:00,23.224,
2026-01-08 17:00,23.223,
2026-01-08 18:00,23.221,
2026-01-08 19:00,23.219,
2026-01-08 20:00,23.221,
2026-01-08 21:00,23.22,
2026-01-08 22:00,23.221,
2026-01-08 23:00,23.22,
2026-01-09 00:00,23.219,
2026-01-09 01:00,23.22,
2026-01-09 02:00,23.22,
2026-01-09 03:00,23.22,
2026-01-09 04:00,23.218,
2026-01-09 05:00,23.217,
2026-01-09 06:00,23.216,
2026-01-09 07:00,23.215,
2026-01-09 08:00,23.209,
2026-01-09 09:00,23.216,
2026-01-09 10:00,23.219,
2026-01-09 11:00,23.219,
2026-01-09 12:00,23.217,
2026-01-09 13:00,23.216,
2026-01-09 14:00,23.218,
2026-01-09 15:00,23.219,
2026-01-09 16:00,23.22,
2026-01-09 17:00,23.221,
2026-01-09 18:00,23.225,
2026-01-09 19:00,23.225,
2026-01-09 20:00,23.225,
2026-01-09 21:00,23.223,
2026-01-09 22:00,23.221,
2026-01-09 23:00,23.221,
2026-01-10 00:00,23.219,
2026-01-10 01:00,23.217,
2026-01-10 02:00,23.217,
2026-01-10 03:00,23.218,
2026-01-10 04:00,23.216,
2026-01-10 05:00,23.214,
2026-01-10 06:00,23.213,
2026-01-10 07:00,23.212,
2026-01-10 08:00,23.211,
2026-01-10 09:00,23.21,
2026-01-10 10:00,23.209,
2026-01-10 11:00,23.208,
2026-01-10 12:00,23.209,
2026-01-10 13:00,23.209,
2026-01-10 14:00,23.209,
2026-01-10 15:00,23.208,
2026-01-10 16:00,23.204,
2026-01-10 17:00,23.202,
2026-01-10 18:00,23.197,
2026-01-10 19:00,23.196,
2026-01-10 20:00,23.194,
2026-01-10 21:00,23.192,
2026-01-10 22:00,23.189,
2026-01-10 23:00,23.187,
2026-01-11 00:00,23.187,
2026-01-11 01:00,23.186,
2026-01-11 02:00,23.185,
2026-01-11 03:00,23.184,
2026-01-11 04:00,23.185,
2026-01-11 05:00,23.186,
2026-01-11 06:00,23.185,
2026-01-11 07:00,23.184,
2026-01-11 08:00,23.184,
2026-01-11 09:00,23.183,
2026-01-11 10:00,23.181,
2026-01-11 11:00,23.181,
2026-01-11 12:00,23.18,
2026-01-11 13:00,23.178,
2026-01-11 14:00,23.179,
2026-01-11 15:00,23.179,
2026-01-11 16:00,23.177,
2026-01-11 17:00,23.179,
2026-01-11 18:00,23.179,
2026-01-11 19:00,23.173,
2026-01-11 20:00,23.171,
2026-01-11 21:00,23.17,
2026-01-11 22:00,23.168,
2026-01-11 23:00,23.167,
2026-01-12 00:00,23.166,
2026-01-12 01:00,23.166,
2026-01-12 02:00,23.165,
2026-01-12 03:00,23.166,
2026-01-12 04:00,23.166,
2026-01-12 05:00,23.165,
2026-01-12 06:00,23.164,
2026-01-12 07:00,23.164,
2026-01-12 08:00,23.163,
2026-01-12 09:00,23.162,
2026-01-12 10:00,23.162,
2026-01-12 11:00,23.161,
2026-01-12 12:00,23.16,
2026-01-12 13:00,23.161,
2026-01-12 14:00,23.162,
2026-01-12 15:00,23.162,
2026-01-12 16:00,23.162,
2026-01-12 17:00,23.16,
2026-01-12 18:00,23.16,
2026-01-12 19:00,23.16,
2026-01-12 20:00,23.16,
2026-01-12 21:00,23.16,
2026-01-12 22:00,23.16,
2026-01-12 23:00,23.157,
2026-01-13 00:00,23.156,
2026-01-13 01:00,23.156,
2026-01-13 02:00,23.156,
2026-01-13 03:00,23.158,
2026-01-13 04:00,23.158,
2026-01-13 05:00,23.155,
2026-01-13 06:00,23.155,
2026-01-13 07:00,23.154,
2026-01-13 08:00,23.155,
2026-01-13 09:00,23.154,
2026-01-13 10:00,23.153,
2026-01-13 11:00,23.153,
2026-01-13 12:00,23.152,
2026-01-13 13:00,23.15,
2026-01-13 14:00,23.151,
2026-01-13 15:00,23.152,
2026-01-13 16:00,23.15,
2026-01-13 17:00,23.15,
2026-01-13 18:00,23.149,
2026-01-13 19:00,23.148,
2026-01-13 20:00,23.146,
2026-01-13 21:00,23.144,
2026-01-13 22:00,23.144,
2026-01-13 23:00,23.144,
2026-01-14 00:00,23.145,
2026-01-14 01:00,23.144,
2026-01-14 02:00,23.145,
2026-01-14 03:00,23.143,
2026-01-14 04:00,23.144,
2026-01-14 05:00,23.141,
2026-01-14 06:00,23.141,
2026-01-14 07:00,23.141,
2026-01-14 08:00,23.142,
2026-01-14 09:00,23.14,
2026-01-14 10:00,23.141,
2026-01-14 11:00,23.141,
2026-01-14 12:00,23.14,
2026-01-14 13:00,23.139,
2026-01-14 14:00,23.139,
2026-01-14 15:00,23.14,
2026-01-14 16:00,23.141,
2026-01-14 17:00,23.14,
2026-01-14 18:00,23.138,
2026-01-14 19:00,23.14,
2026-01-14 20:00,23.138,
2026-01-14 21:00,23.136,
2026-01-14 22:00,23.135,
2026-01-14 23:00,23.136,
2026-01-15 00:00,23.135,
2026-01-15 01:00,23.135,
2026-01-15 02:00,23.136,
2026-01-15 03:00,23.136,
2026-01-15 04:00,23.136,
2026-01-15 05:00,23.136,
2026-01-15 06:00,23.135,
2026-01-15 07:00,23.135,
2026-01-15 08:00,23.134,
2026-01-15 09:00,23.133,
2026-01-15 10:00,23.133,
2026-01-15 11:00,23.131,
2026-01-15 12:00,23.136,
2026-01-15 13:00,23.135,
2026-01-15 14:00,23.139,
2026-01-15 15:00,23.137,
2026-01-15 16:00,23.134,
2026-01-15 17:00,23.132,
2026-01-15 18:00,23.137,
2026-01-15 19:00,23.134,
2026-01-15 20:00,23.133,
2026-01-15 21:00,23.132,
2026-01-15 22:00,23.132,
2026-01-15 23:00,23.131,
2026-01-16 00:00,23.131,
2026-01-16 01:00,23.132,
2026-01-16 02:00,23.133,
2026-01-16 03:00,23.132,
2026-01-16 04:00,23.129,
2026-01-16 05:00,23.13,
2026-01-16 06:00,23.13,
2026-01-16 07:00,23.13,
2026-01-16 08:00,23.129,
2026-01-16 09:00,23.129,
2026-01-16 10:00,23.128,
2026-01-16 11:00,23.127,
2026-01-16 12:00,23.129,
2026-01-16 13:00,23.128,
2026-01-16 14:00,23.125,
2026-01-16 15:00,23.129,
2026-01-16 16:00,23.128,
2026-01-16 17:00,23.128,
2026-01-16 18:00,23.127,
2026-01-16 19:00,23.128,
2026-01-16 20:00,23.126,
2026-01-16 21:00,23.126,
2026-01-16 22:00,23.126,
2026-01-16 23:00,23.124,
2026-01-17 00:00,23.122,
2026-01-17 01:00,23.121,
2026-01-17 02:00,23.12,
2026-01-17 03:00,23.119,
2026-01-17 04:00,23.118,
2026-01-17 05:00,23.118,
2026-01-17 06:00,23.119,
2026-01-17 07:00,23.119,
2026-01-17 08:00,23.118,
2026-01-17 09:00,23.118,
2026-01-17 10:00,23.118,
2026-01-17 11:00,23.119,
2026-01-17 12:00,23.119,
2026-01-17 13:00,23.116,
2026-01-17 14:00,23.116,
2026-01-17 15:00,23.12,
2026-01-17 16:00,23.122,
2026-01-17 17:00,23.123,
2026-01-17 18:00,23.124,
2026-01-17 19:00,23.122,
2026-01-17 20:00,23.122,
2026-01-17 21:00,23.122,
2026-01-17 22:00,23.122,
2026-01-17 23:00,23.121,
2026-01-18 00:00,23.119,
2026-01-18 01:00,23.117,
2026-01-18 02:00,23.117,
2026-01-18 03:00,23.115,
2026-01-18 04:00,23.115,
2026-01-18 05:00,23.118,
2026-01-18 06:00,23.119,
2026-01-18 07:00,23.119,
2026-01-18 08:00,23.118,
2026-01-18 09:00,23.117,
2026-01-18 10:00,23.118,
2026-01-18 11:00,23.116,
2026-01-18 12:00,23.113,
2026-01-18 13:00,23.112,
2026-01-18 14:00,23.113,
2026-01-18 15:00,23.114,
2026-01-18 16:00,23.11,
2026-01-18 17:00,23.112,
2026-01-18 18:00,23.114,
2026-01-18 19:00,23.112,
2026-01-18 20:00,23.11,
2026-01-18 21:00,23.109,
2026-01-18 22:00,23.108,
2026-01-18 23:00,23.109,
2026-01-19 00:00,23.109,
2026-01-19 01:00,23.109,
2026-01-19 02:00,23.109,
2026-01-19 03:00,23.107,
2026-01-19 04:00,23.105,
2026-01-19 05:00,23.105,
2026-01-19 06:00,23.105,
2026-01-19 07:00,23.105,
2026-01-19 08:00,23.105,
2026-01-19 09:00,23.106,
2026-01-19 10:00,23.105,
2026-01-19 11:00,23.104,
2026-01-19 12:00,23.104,
2026-01-19 13:00,23.103,
2026-01-19 14:00,23.1,
2026-01-19 15:00,23.101,
2026-01-19 16:00,23.101,
2026-01-19 17:00,23.102,
2026-01-19 18:00,23.101,
2026-01-19 19:00,23.101,
2026-01-19 20:00,23.103,
2026-01-19 21:00,23.099,
2026-01-19 22:00,23.099,
2026-01-19 23:00,23.098,
2026-01-20 00:00,23.098,
2026-01-20 01:00,23.097,
2026-01-20 02:00,23.095,
2026-01-20 03:00,23.096,
2026-01-20 04:00,23.096,
2026-01-20 05:00,23.097,
2026-01-20 06:00,23.098,
2026-01-20 07:00,23.098,
2026-01-20 08:00,23.096,
2026-01-20 09:00,23.094,
2026-01-20 10:00,23.092,
2026-01-20 11:00,23.089,
2026-01-20 12:00,23.092,
2026-01-20 13:00,23.09,
2026-01-20 14:00,23.087,
2026-01-20 15:00,23.085,
2026-01-20 16:00,23.084,
2026-01-20 17:00,23.084,
2026-01-20 18:00,23.082,
2026-01-20 19:00,23.082,
2026-01-20 20:00,23.081,
2026-01-20 21:00,23.081,
2026-01-20 22:00,23.08,
2026-01-20 23:00,23.079,
2026-01-21 00:00,23.078,
2026-01-21 01:00,23.077,
2026-01-21 02:00,23.077,
2026-01-21 03:00,23.076,
2026-01-21 04:00,23.078,
2026-01-21 05:00,23.078,
2026-01-21 06:00,23.077,
2026-01-21 07:00,23.076,
2026-01-21 08:00,23.076,
2026-01-21 09:00,23.076,
2026-01-21 10:00,23.074,
2026-01-21 11:00,23.072,
2026-01-21 12:00,23.065,
2026-01-21 13:00,23.07,
2026-01-21 14:00,23.07,
2026-01-21 15:00,23.073,
2026-01-21 16:00,23.072,
2026-01-21 17:00,23.073,
2026-01-21 18:00,23.072,
2026-01-21 19:00,23.069,
2026-01-21 20:00,23.071,
2026-01-21 21:00,23.072,
2026-01-21 22:00,23.071,
2026-01-21 23:00,23.07,
2026-01-22 00:00,23.067,
2026-01-22 01:00,23.065,
2026-01-22 02:00,23.065,
2026-01-22 03:00,23.064,
2026-01-22 04:00,23.066,
2026-01-22 05:00,23.064,
2026-01-22 06:00,23.065,
2026-01-22 07:00,23.067,
2026-01-22 08:00,23.067,
2026-01-22 09:00,23.065,
2026-01-22 10:00,23.06,
2026-01-22 11:00,23.059,
2026-01-22 12:00,23.06,
2026-01-22 13:00,23.061,
2026-01-22 14:00,23.062,
2026-01-22 15:00,23.057,
2026-01-22 16:00,23.057,
2026-01-22 17:00,23.061,
2026-01-22 18:00,23.065,
2026-01-22 19:00,23.064,
2026-01-22 20:00,23.063,
2026-01-22 21:00,23.061,
2026-01-22 22:00,23.061,
2026-01-22 23:00,23.061,
2026-01-23 00:00,23.059,
2026-01-23 01:00,23.059,
2026-01-23 02:00,23.058,
2026-01-23 03:00,23.056,
2026-01-23 04:00,23.059,
2026-01-23 05:00,23.057,
2026-01-23 06:00,23.057,
2026-01-23 07:00,23.056,
2026-01-23 08:00,23.055,
2026-01-23 09:00,23.055,
2026-01-23 10:00,23.052,
2026-01-23 11:00,23.053,
2026-01-23 12:00,23.051,
2026-01-23 13:00,23.052,
2026-01-23 14:00,23.053,
2026-01-23 15:00,23.049,
2026-01-23 16:00,23.057,
2026-01-23 17:00,23.06,
2026-01-23 18:00,23.068,
2026-01-23 19:00,23.065,
2026-01-23 20:00,23.066,
2026-01-23 21:00,23.064,
2026-01-23 22:00,23.064,
2026-01-23 23:00,23.063,
2026-01-24 00:00,23.061,
2026-01-24 01:00,23.062,
2026-01-24 02:00,23.063,
2026-01-24 03:00,23.064,
2026-01-24 04:00,23.062,
2026-01-24 05:00,23.064,
2026-01-24 06:00,23.063,
2026-01-24 07:00,23.063,
2026-01-24 08:00,23.062,
2026-01-24 09:00,23.061,
2026-01-24 10:00,23.063,
2026-01-24 11:00,23.055,
2026-01-24 12:00,23.061,
2026-01-24 13:00,23.057,
2026-01-24 14:00,23.06,
2026-01-24 15:00,23.061,
2026-01-24 16:00,23.057,
2026-01-24 17:00,23.062,
2026-01-24 18:00,23.063,
2026-01-24 19:00,23.062,
2026-01-24 20:00,23.061,
2026-01-24 21:00,23.061,
2026-01-24 22:00,23.06,
2026-01-24 23:00,23.06,
2026-01-25 00:00,23.058,
2026-01-25 01:00,23.058,
2026-01-25 02:00,23.057,
2026-01-25 03:00,23.056,
2026-01-25 04:00,23.056,
2026-01-25 05:00,23.058,
2026-01-25 06:00,23.058,
2026-01-25 07:00,23.058,
2026-01-25 08:00,23.058,
2026-01-25 09:00,23.059,
2026-01-25 10:00,23.056,
2026-01-25 11:00,23.057,
2026-01-25 12:00,23.056,
2026-01-25 13:00,23.056,
2026-01-25 14:00,23.055,
2026-01-25 15:00,23.056,
2026-01-25 16:00,23.052,
2026-01-25 17:00,23.054,
2026-01-25 18:00,23.051,
2026-01-25 19:00,23.057,
2026-01-25 20:00,23.056,
2026-01-25 21:00,23.055,
2026-01-25 22:00,23.055,
2026-01-25 23:00,23.054,
2026-01-26 00:00,23.053,
2026-01-26 01:00,23.053,
2026-01-26 02:00,23.051,
2026-01-26 03:00,23.052,
2026-01-26 04:00,23.053,
2026-01-26 05:00,23.053,
2026-01-26 06:00,23.055,
2026-01-26 07:00,23.057,
2026-01-26 08:00,23.055,
2026-01-26 09:00,23.054,
2026-01-26 10:00,23.053,
2026-01-26 11:00,23.047,
2026-01-26 12:00,23.051,
2026-01-26 13:00,23.055,
2026-01-26 14:00,23.053,
2026-01-26 15:00,23.051,
2026-01-26 16:00,23.055,
2026-01-26 17:00,23.051,
2026-01-26 18:00,23.044,
2026-01-26 19:00,23.033,
2026-01-26 20:00,23.031,
2026-01-26 21:00,23.031,
2026-01-26 22:00,23.029,
2026-01-26 23:00,23.028,
2026-01-27 00:00,23.027,
2026-01-27 01:00,23.027,
2026-01-27 02:00,23.026,
2026-01-27 03:00,23.029,
2026-01-27 04:00,23.026,
2026-01-27 05:00,23.027,
2026-01-27 06:00,23.027,
2026-01-27 07:00,23.025,
2026-01-27 08:00,23.025,
2026-01-27 09:00,23.024,
2026-01-27 10:00,23.024,
2026-01-27 11:00,23.021,
2026-01-27 12:00,23.021,
2026-01-27 13:00,23.018,
2026-01-27 14:00,23.021,
2026-01-27 15:00,23.02,
2026-01-27 16:00,23.022,
2026-01-27 17:00,23.02,
2026-01-27 18:00,23.017,
2026-01-27 19:00,23.021,
2026-01-27 20:00,23.021,
2026-01-27 21:00,23.021,
2026-01-27 22:00,23.02,
2026-01-27 23:00,23.017,
2026-01-28 00:00,23.017,
2026-01-28 01:00,23.016,
2026-01-28 02:00,23.016,
2026-01-28 03:00,23.016,
2026-01-28 04:00,23.015,
2026-01-28 05:00,23.016,
2026-01-28 06:00,23.016,
2026-01-28 07:00,23.017,
2026-01-28 08:00,23.016,
2026-01-28 09:00,23.016,
2026-01-28 10:00,23.016,
2026-01-28 11:00,23.01,
2026-01-28 12:00,23.012,
2026-01-28 13:00,23.015,
2026-01-28 14:00,23.011,
2026-01-28 15:00,23.014,
2026-01-28 16:00,23.013,
2026-01-28 17:00,23.011,
2026-01-28 18:00,23.015,
2026-01-28 19:00,23.016,
2026-01-28 20:00,23.013,
2026-01-28 21:00,23.012,
2026-01-28 22:00,23.011,
2026-01-28 23:00,23.013,
2026-01-29 00:00,23.012,
2026-01-29 01:00,23.01,
2026-01-29 02:00,23.009,
2026-01-29 03:00,23.007,
2026-01-29 04:00,23.006,
2026-01-29 05:00,23.006,
2026-01-29 06:00,23.009,
2026-01-29 07:00,23.01,
2026-01-29 08:00,23.009,
2026-01-29 09:00,23.006,
2026-01-29 10:00,23.001,
2026-01-29 11:00,23.004,
2026-01-29 12:00,23.006,
2026-01-29 13:00,23.004,
2026-01-29 14:00,23.003,
2026-01-29 15:00,23.01,
2026-01-29 16:00,23.012,
2026-01-29 17:00,23.007,
2026-01-29 18:00,23.005,
2026-01-29 19:00,23.002,
2026-01-29 20:00,23.001,
2026-01-29 21:00,23.002,
2026-01-29 22:00,23.003,
2026-01-29 23:00,23.004,
2026-01-30 00:00,23.003,
2026-01-30 01:00,23.003,
2026-01-30 02:00,23.0,
2026-01-30 03:00,22.998,
2026-01-30 04:00,22.998,
2026-01-30 05:00,22.998,
2026-01-30 06:00,22.996,
2026-01-30 07:00,22.998,
2026-01-30 08:00,22.998,
2026-01-30 09:00,22.997,
2026-01-30 10:00,22.994,
2026-01-30 11:00,22.99,
2026-01-30 12:00,22.999,
2026-01-30 13:00,22.992,
2026-01-30 14:00,22.989,
2026-01-30 15:00,22.994,
2026-01-30 16:00,22.994,
2026-01-30 17:00,22.99,
2026-01-30 18:00,22.986,
2026-01-30 19:00,22.991,
2026-01-30 20:00,22.991,
2026-01-30 21:00,22.991,
2026-01-30 22:00,22.99,
2026-01-30 23:00,22.987,
2026-01-31 00:00,22.987,
2026-01-31 01:00,22.986,
2026-01-31 02:00,22.985,
2026-01-31 03:00,22.985,
2026-01-31 04:00,22.984,
2026-01-31 05:00,22.984,
2026-01-31 06:00,22.984,
2026-01-31 07:00,22.985,
2026-01-31 08:00,22.984,
2026-01-31 09:00,22.985,
2026-01-31 10:00,22.981,
2026-01-31 11:00,22.983,
2026-01-31 12:00,22.978,
2026-01-31 13:00,22.983,
2026-01-31 14:00,22.978,
2026-01-31 15:00,22.979,
2026-01-31 16:00,22.986,
2026-01-31 17:00,22.989,
2026-01-31 18:00,22.985,
2026-01-31 19:00,22.988,
2026-01-31 20:00,22.985,
2026-01-31 21:00,22.988,
2026-01-31 22:00,22.986,
2026-01-31 23:00,22.983,
2026-02-01 00:00,22.983,
2026-02-01 01:00,22.981,
2026-02-01 02:00,22.98,
2026-02-01 03:00,22.983,
2026-02-01 04:00,22.984,
2026-02-01 05:00,22.984,
2026-02-01 06:00,22.984,
2026-02-01 07:00,22.984,
2026-02-01 08:00,22.984,
2026-02-01 09:00,22.983,
2026-02-01 10:00,22.979,
2026-02-01 11:00,22.979,
2026-02-01 12:00,22.983,
2026-02-01 13:00,22.982,
2026-02-01 14:00,22.979,
2026-02-01 15:00,22.981,
2026-02-01 16:00,22.981,
2026-02-01 17:00,22.976,
2026-02-01 18:00,22.979,
2026-02-01 19:00,22.981,
2026-02-01 20:00,22.981,
2026-02-01 21:00,22.979,
2026-02-01 22:00,22.975,
2026-02-01 23:00,22.971,
2026-02-02 00:00,22.972,
2026-02-02 01:00,22.972,
2026-02-02 02:00,22.975,
2026-02-02 03:00,22.974,
2026-02-02 04:00,22.973,
2026-02-02 05:00,22.974,
2026-02-02 06:00,22.974,
2026-02-02 07:00,22.975,
2026-02-02 08:00,22.975,
2026-02-02 09:00,22.974,
2026-02-02 10:00,22.973,
2026-02-02 11:00,22.973,
2026-02-02 12:00,22.969,
2026-02-02 13:00,22.97,
2026-02-02 14:00,22.974,
2026-02-02 15:00,22.975,
2026-02-02 16:00,22.978,
2026-02-02 17:00,22.976,
2026-02-02 18:00,22.976,
2026-02-02 19:00,22.977,
2026-02-02 20:00,22.974,
2026-02-02 21:00,22.975,
2026-02-02 22:00,22.972,
2026-02-02 23:00,22.972,
2026-02-03 00:00,22.97,
2026-02-03 01:00,22.97,
2026-02-03 02:00,22.967,
2026-02-03 03:00,22.969,
2026-02-03 04:00,22.971,
2026-02-03 05:00,22.972,
2026-02-03 06:00,22.97,
2026-02-03 07:00,22.97,
2026-02-03 08:00,22.968,
2026-02-03 09:00,22.967,
2026-02-03 10:00,22.96,
2026-02-03 11:00,22.966,
2026-02-03 12:00,22.966,
2026-02-03 13:00,22.971,
2026-02-03 14:00,22.97,
2026-02-03 15:00,22.969,
2026-02-03 16:00,22.97,
2026-02-03 17:00,22.975,
2026-02-03 18:00,22.975,
2026-02-03 19:00,22.976,
2026-02-03 20:00,22.972,
2026-02-03 21:00,22.971,
2026-02-03 22:00,22.97,
2026-02-03 23:00,22.969,
2026-02-04 00:00,22.965,
2026-02-04 01:00,22.966,
2026-02-04 02:00,22.968,
2026-02-04 03:00,22.965,
2026-02-04 04:00,22.966,
2026-02-04 05:00,22.966,
2026-02-04 06:00,22.968,
2026-02-04 07:00,22.968,
2026-02-04 08:00,22.968,
2026-02-04 09:00,22.967,
2026-02-04 10:00,22.966,
2026-02-04 11:00,22.97,
2026-02-04 12:00,22.966,
2026-02-04 13:00,22.963,
2026-02-04 14:00,22.968,
2026-02-04 15:00,22.966,
2026-02-04 16:00,22.969,
2026-02-04 17:00,22.97,
2026-02-04 18:00,22.97,
2026-02-04 19:00,22.971,
2026-02-04 20:00,22.97,
2026-02-04 21:00,22.968,
2026-02-04 22:00,22.966,
2026-02-04 23:00,22.966,
2026-02-05 00:00,22.966,
2026-02-05 01:00,22.966,
2026-02-05 02:00,22.968,
2026-02-05 03:00,22.971,
2026-02-05 04:00,22.969,
2026-02-05 05:00,22.967,
2026-02-05 06:00,22.964,
2026-02-05 07:00,22.965,
2026-02-05 08:00,22.967,
2026-02-05 09:00,22.967,
2026-02-05 10:00,22.966,
2026-02-05 11:00,22.965,
2026-02-05 12:00,22.965,
2026-02-05 13:00,22.966,
2026-02-05 14:00,22.964,
2026-02-05 15:00,22.967,
2026-02-05 16:00,22.965,
2026-02-05 17:00,22.958,
2026-02-05 18:00,22.929,
2026-02-05 19:00,22.916,
2026-02-05 20:00,22.909,
2026-02-05 21:00,22.909,
2026-02-05 22:00,22.907,
2026-02-05 23:00,22.908,
2026-02-06 00:00,22.907,
2026-02-06 01:00,22.907,
2026-02-06 02:00,22.905,
2026-02-06 03:00,22.904,
2026-02-06 04:00,22.906,
2026-02-06 05:00,22.904,
2026-02-06 06:00,22.906,
2026-02-06 07:00,22.907,
2026-02-06 08:00,22.907,
2026-02-06 09:00,22.904,
2026-02-06 10:00,22.904,
2026-02-06 11:00,22.905,
2026-02-06 12:00,22.905,
2026-02-06 13:00,22.905,
2026-02-06 14:00,22.908,
2026-02-06 15:00,22.908,
2026-02-06 16:00,22.909,
2026-02-06 17:00,22.906,
2026-02-06 18:00,22.908,
2026-02-06 19:00,22.907,
2026-02-06 20:00,22.905,
2026-02-06 21:00,22.903,
2026-02-06 22:00,22.903,
2026-02-06 23:00,22.903,
2026-02-07 00:00,22.901,
2026-02-07 01:00,22.901,
2026-02-07 02:00,22.9,
2026-02-07 03:00,22.899,
2026-02-07 04:00,22.897,
2026-02-07 05:00,22.9,
2026-02-07 06:00,22.901,
2026-02-07 07:00,22.9,
2026-02-07 08:00,22.899,
2026-02-07 09:00,22.896,
2026-02-07 10:00,22.897,
2026-02-07 11:00,22.897,
2026-02-07 12:00,22.897,
2026-02-07 13:00,22.892,
2026-02-07 14:00,22.895,
2026-02-07 15:00,22.898,
2026-02-07 16:00,22.9,
2026-02-07 17:00,22.898,
2026-02-07 18:00,22.901,
2026-02-07 19:00,22.904,
2026-02-07 20:00,22.904,
2026-02-07 21:00,22.905,
2026-02-07 22:00,22.904,
2026-02-07 23:00,22.904,
2026-02-08 00:00,22.895,
2026-02-09 00:00,22.903,
2026-02-10 00:00,22.89,
2026-02-10 21:00,22.9,
2026-02-10 22:00,22.9,
2026-02-10 23:00,22.901,
2026-02-11 00:00,22.901,
2026-02-11 01:00,22.902,
2026-02-11 02:00,22.902,
2026-02-11 03:00,22.903,
2026-02-11 04:00,22.903,
2026-02-11 05:00,22.904,
2026-02-11 06:00,22.904,
2026-02-11 07:00,22.905,
2026-02-11 08:00,22.905,
2026-02-11 09:00,22.906,
2026-02-11 10:00,22.906,
2026-02-11 11:00,22.907,
2026-02-11 12:00,22.907,
2026-02-11 13:00,22.908,
2026-02-11 14:00,22.908,
2026-02-11 15:00,22.909,
2026-02-11 16:00,22.909,
2026-02-11 17:00,22.91,
2026-02-11 18:00,22.91,
2026-02-11 19:00,22.911,
2026-02-11 20:00,22.911,
2026-02-12 00:00,22.915,
2026-02-13 00:00,22.906,
2026-02-13 01:00,22.906,
2026-02-13 02:00,22.905,
2026-02-13 03:00,22.905,
2026-02-13 04:00,22.904,
2026-02-13 05:00,22.904,
2026-02-13 06:00,22.903,
2026-02-13 07:00,22.903,
2026-02-13 08:00,22.902,
2026-02-13 09:00,22.902,
2026-02-13 10:00,22.901,
2026-02-13 11:00,22.901,
2026-02-13 12:00,22.9,
2026-02-13 13:00,22.9,
2026-02-13 14:00,22.899,
2026-02-13 15:00,22.899,
2026-02-13 16:00,22.898,
2026-02-13 17:00,22.898,
2026-02-13 18:00,22.897,
2026-02-13 19:00,22.897,
2026-02-13 20:00,22.896,
2026-02-13 21:00,22.896,
2026-02-13 22:00,22.895,
2026-02-13 23:00,22.895,
2026-02-14 00:00,22.896,
2026-02-15 00:00,22.912,
2026-02-16 00:00,22.897,
2026-02-17 00:00,22.895,
2026-02-18 00:00,22.91,
2026-02-19 00:00,22.933,
2026-02-20 00:00,23.201,
2026-02-21 00:00,23.194,
2026-02-22 00:00,23.188,
2026-02-23 00:00,23.184,
2026-02-23 17:00,23.183,
2026-02-23 18:00,23.182,
2026-02-23 19:00,23.182,
2026-02-23 20:00,23.181,
2026-02-23 21:00,23.181,
2026-02-23 22:00,23.18,
2026-02-23 23:00,23.18,
2026-02-24 00:00,23.179,
2026-02-24 01:00,23.179,
2026-02-24 02:00,23.178,
2026-02-24 03:00,23.178,
2026-02-24 04:00,23.177,
2026-02-24 05:00,23.177,
2026-02-24 06:00,23.176,
2026-02-24 07:00,23.176,
2026-02-24 08:00,23.175,
2026-02-24 09:00,23.175,
2026-02-24 10:00,23.174,
2026-02-24 11:00,23.174,
2026-02-24 12:00,23.173,
2026-02-24 13:00,23.173,
2026-02-24 14:00,23.172,
2026-02-24 15:00,23.172,
2026-02-24 16:00,23.171,
2026-02-24 17:00,23.17,
2026-02-24 18:00,23.176,
2026-02-24 19:00,23.177,
2026-02-24 20:00,23.178,
2026-02-24 21:00,23.178,
2026-02-24 22:00,23.178,
2026-02-24 23:00,23.178,
2026-02-25 00:00,23.179,
2026-02-25 01:00,23.178,
2026-02-25 02:00,23.179,
2026-02-25 03:00,23.178,
2026-02-25 04:00,23.177,
2026-02-25 05:00,23.177,
2026-02-25 06:00,23.177,
2026-02-25 07:00,23.177,
2026-02-25 08:00,23.175,
2026-02-25 09:00,23.173,
2026-02-25 10:00,23.174,
2026-02-25 11:00,23.173,
2026-02-25 12:00,23.174,
2026-02-25 13:00,23.173,
2026-02-25 14:00,23.172,
2026-02-25 15:00,23.173,
2026-02-25 16:00,23.176,
2026-02-25 17:00,23.173,
2026-02-25 18:00,23.175,
2026-02-25 19:00,23.173,
2026-02-25 20:00,23.175,
2026-02-25 21:00,23.174,
2026-02-25 22:00,23.174,
2026-02-25 23:00,23.174,
2026-02-26 00:00,23.174,
2026-02-26 01:00,23.173,
2026-02-26 02:00,23.172,
2026-02-26 03:00,23.172,
2026-02-26 04:00,23.17,
2026-02-26 05:00,23.171,
2026-02-26 06:00,23.169,
2026-02-26 07:00,23.168,
2026-02-26 08:00,23.169,
2026-02-26 09:00,23.166,
2026-02-26 10:00,23.165,
2026-02-26 11:00,23.167,
2026-02-26 12:00,23.167,
2026-02-26 13:00,23.166,
2026-02-26 14:00,23.171,
2026-02-26 15:00,23.174,
2026-02-26 16:00,23.173,
2026-02-26 17:00,23.175,
2026-02-26 18:00,23.18,
2026-02-26 19:00,23.183,
2026-02-26 20:00,23.183,
2026-02-26 21:00,23.182,
2026-02-26 22:00,23.183,
2026-02-26 23:00,23.183,
2026-02-27 00:00,23.186,
2026-02-27 01:00,23.186,
2026-02-27 02:00,23.185,
2026-02-27 03:00,23.185,
2026-02-27 04:00,23.186,
2026-02-27 05:00,23.185,
2026-02-27 06:00,23.186,
2026-02-27 07:00,23.183,
2026-02-27 08:00,23.184,
2026-02-27 09:00,23.183,
2026-02-27 10:00,23.182,
2026-02-27 11:00,23.182,
2026-02-27 12:00,23.182,
2026-02-27 13:00,23.183,
2026-02-27 14:00,23.185,
2026-02-27 15:00,23.184,
2026-02-27 16:00,23.185,
2026-02-27 17:00,23.185,
2026-02-27 18:00,23.186,
2026-02-27 19:00,23.185,
2026-02-27 20:00,23.185,
2026-02-27 21:00,23.185,
2026-02-27 22:00,23.186,
2026-02-27 23:00,23.187,
2026-02-28 00:00,23.188,
2026-02-28 01:00,23.19,
2026-02-28 02:00,23.19,
2026-02-28 03:00,23.191,
2026-02-28 04:00,23.191,
2026-02-28 05:00,23.191,
2026-02-28 06:00,23.191,
2026-02-28 07:00,23.192,
2026-02-28 08:00,23.192,
2026-02-28 09:00,23.193,
2026-02-28 10:00,23.185,
2026-02-28 11:00,23.192,
2026-02-28 12:00,23.189,
2026-02-28 13:00,23.197,
2026-02-28 14:00,23.194,
2026-02-28 15:00,23.19,
2026-02-28 16:00,23.196,
2026-02-28 17:00,23.2,
2026-02-28 18:00,23.201,
2026-02-28 19:00,23.202,
2026-02-28 20:00,23.201,
2026-02-28 21:00,23.202,
2026-02-28 22:00,23.202,
2026-02-28 23:00,23.202,
2026-03-01 00:00,23.202,
2026-03-01 01:00,23.201,
2026-03-01 02:00,23.201,
2026-03-01 03:00,23.202,
2026-03-01 04:00,23.201,
2026-03-01 05:00,23.201,
2026-03-01 06:00,23.202,
2026-03-01 07:00,23.201,
2026-03-01 08:00,23.199,
2026-03-01 09:00,23.199,
2026-03-01 10:00,23.195,
2026-03-01 11:00,23.2,
2026-03-01 12:00,23.2,
2026-03-01 13:00,23.203,
2026-03-01 14:00,23.206,
2026-03-01 15:00,23.206,
2026-03-01 16:00,23.203,
2026-03-01 17:00,23.205,
2026-03-01 18:00,23.208,
2026-03-01 19:00,23.208,
2026-03-01 20:00,23.209,
2026-03-01 21:00,23.209,
2026-03-01 22:00,23.21,
2026-03-01 23:00,23.211,
2026-03-02 00:00,23.212,
2026-03-02 01:00,23.214,
2026-03-02 02:00,23.218,
2026-03-02 03:00,23.218,
2026-03-02 04:00,23.219,
2026-03-02 05:00,23.221,
2026-03-02 06:00,23.221,
2026-03-02 07:00,23.223,
2026-03-02 08:00,23.22,
2026-03-02 09:00,23.218,
2026-03-02 10:00,23.217,
2026-03-02 11:00,23.213,
2026-03-02 12:00,23.213,
2026-03-02 13:00,23.217,
2026-03-02 14:00,23.219,
2026-03-02 15:00,23.214,
2026-03-02 16:00,23.219,
2026-03-02 17:00,23.216,
2026-03-02 18:00,23.221,
2026-03-02 19:00,23.22,
2026-03-02 20:00,23.22,
2026-03-02 21:00,23.217,
2026-03-02 22:00,23.219,
2026-03-02 23:00,23.22,
2026-03-03 00:00,23.222,
2026-03-03 01:00,23.219,
2026-03-03 02:00,23.221,
2026-03-03 03:00,23.22,
2026-03-03 04:00,23.221,
2026-03-03 05:00,23.221,
2026-03-03 06:00,23.22,
2026-03-03 07:00,23.22,
2026-03-03 08:00,23.22,
2026-03-03 09:00,23.217,
2026-03-03 10:00,23.217,
2026-03-03 11:00,23.217,
2026-03-03 12:00,23.217,
2026-03-03 13:00,23.218,
2026-03-03 14:00,23.219,
2026-03-03 15:00,23.22,
2026-03-03 16:00,23.218,
2026-03-03 17:00,23.219,
2026-03-03 18:00,23.218,
2026-03-03 19:00,23.218,
2026-03-03 20:00,23.218,
2026-03-03 21:00,23.217,
2026-03-03 22:00,23.218,
2026-03-03 23:00,23.218,
2026-03-04 00:00,23.218,
2026-03-04 01:00,23.218,
2026-03-04 02:00,23.219,
2026-03-04 03:00,23.218,
2026-03-04 04:00,23.217,
2026-03-04 05:00,23.218,
2026-03-04 06:00,23.219,
2026-03-04 07:00,23.218,
2026-03-04 08:00,23.217,
2026-03-04 09:00,23.215,
2026-03-04 10:00,23.215,
2026-03-04 11:00,23.215,
2026-03-04 12:00,23.214,
2026-03-04 13:00,23.214,
2026-03-04 14:00,23.213,
2026-03-04 15:00,23.212,
2026-03-04 16:00,23.211,
2026-03-04 17:00,23.212,
2026-03-04 18:00,23.213,
2026-03-04 19:00,23.212,
2026-03-04 20:00,23.213,
2026-03-04 21:00,23.211,
2026-03-04 22:00,23.212,
2026-03-04 23:00,23.214,
2026-03-05 00:00,23.214,
2026-03-05 01:00,23.211,
2026-03-05 02:00,23.212,
2026-03-05 03:00,23.213,
2026-03-05 04:00,23.212,
2026-03-05 05:00,23.213,
2026-03-05 06:00,23.211,
2026-03-05 07:00,23.213,
2026-03-05 08:00,23.211,
2026-03-05 09:00,23.209,
2026-03-05 10:00,23.207,
2026-03-05 11:00,23.207,
2026-03-05 12:00,23.208,
2026-03-05 13:00,23.208,
2026-03-05 14:00,23.209,
2026-03-05 15:00,23.207,
2026-03-05 16:00,23.205,
2026-03-05 17:00,23.211,
2026-03-05 18:00,23.211,
2026-03-05 19:00,23.211,
2026-03-05 20:00,23.211,
2026-03-05 21:00,23.21,
2026-03-05 22:00,23.211,
2026-03-05 23:00,23.213,
2026-03-06 00:00,23.214,
2026-03-06 01:00,23.215,
2026-03-06 02:00,23.223,
2026-03-06 03:00,23.235,
2026-03-06 04:00,23.241,
2026-03-06 05:00,23.243,
2026-03-06 06:00,23.241,
2026-03-06 07:00,23.241,
2026-03-06 08:00,23.239,
2026-03-06 09:00,23.235,
2026-03-06 10:00,23.233,
2026-03-06 11:00,23.23,
2026-03-06 12:00,23.233,
2026-03-06 13:00,23.245,
2026-03-06 14:00,23.254,
2026-03-06 15:00,23.258,
2026-03-06 16:00,23.261,
2026-03-06 17:00,23.261,
2026-03-06 18:00,23.258,
2026-03-06 19:00,23.257,
2026-03-06 20:00,23.254,
2026-03-06 21:00,23.25,
2026-03-06 22:00,23.249,
2026-03-06 23:00,23.248,
2026-03-07 00:00,23.246,
2026-03-07 01:00,23.243,
2026-03-07 02:00,23.239,
2026-03-07 03:00,23.24,
2026-03-07 04:00,23.238,
2026-03-07 05:00,23.235,
2026-03-07 06:00,23.234,
2026-03-07 07:00,23.231,
2026-03-07 08:00,23.229,
2026-03-07 09:00,23.226,
2026-03-07 10:00,23.223,
2026-03-07 11:00,23.226,
2026-03-07 12:00,23.224,
2026-03-07 13:00,23.211,
2026-03-07 14:00,23.222,
2026-03-07 15:00,23.212,
2026-03-07 16:00,23.19,
2026-03-07 17:00,23.183,
2026-03-07 18:00,23.171,
2026-03-07 19:00,23.176,
2026-03-07 20:00,23.175,
2026-03-07 21:00,23.174,
2026-03-07 22:00,23.174,
2026-03-07 23:00,23.173,
2026-03-08 00:00,23.173,
2026-03-08 01:00,23.172,
2026-03-08 02:00,23.172,
2026-03-08 03:00,23.173,
2026-03-08 04:00,23.173,
2026-03-08 05:00,23.172,
2026-03-08 06:00,23.173,
2026-03-08 07:00,23.172,
2026-03-08 08:00,23.17,
2026-03-08 09:00,23.168,
2026-03-08 10:00,23.16,
2026-03-08 11:00,23.168,
2026-03-08 12:00,23.169,
2026-03-08 13:00,23.16,
2026-03-08 14:00,23.166,
2026-03-08 15:00,23.168,
2026-03-08 16:00,23.163,
2026-03-08 17:00,23.165,
2026-03-08 18:00,23.162,
2026-03-08 19:00,23.169,
2026-03-08 20:00,23.166,
2026-03-08 21:00,23.165,
2026-03-08 22:00,23.164,
2026-03-08 23:00,23.165,
2026-03-09 00:00,23.165,
2026-03-09 01:00,23.165,
2026-03-09 02:00,23.164,
2026-03-09 03:00,23.164,
2026-03-09 04:00,23.164,
2026-03-09 05:00,23.163,
2026-03-09 06:00,23.164,
2026-03-09 07:00,23.163,
2026-03-09 08:00,23.162,
2026-03-09 09:00,23.161,
2026-03-09 10:00,23.163,
2026-03-09 11:00,23.161,
2026-03-09 12:00,23.16,
2026-03-09 13:00,23.16,
2026-03-09 14:00,23.157,
2026-03-09 15:00,23.159,
2026-03-09 16:00,23.156,
2026-03-09 17:00,23.16,
2026-03-09 18:00,23.157,
2026-03-09 19:00,23.161,
2026-03-09 20:00,23.159,
2026-03-09 21:00,23.159,
2026-03-09 22:00,23.159,
2026-03-09 23:00,23.159,
2026-03-10 00:00,23.159,
2026-03-10 01:00,23.16,
2026-03-10 02:00,23.161,
2026-03-10 03:00,23.161,
2026-03-10 04:00,23.162,
2026-03-10 05:00,23.162,
2026-03-10 06:00,23.161,
2026-03-10 07:00,23.161,
2026-03-10 08:00,23.16,
2026-03-10 09:00,23.158,
2026-03-10 10:00,23.152,
2026-03-10 11:00,23.149,
2026-03-10 12:00,23.152,
2026-03-10 13:00,23.158,
2026-03-10 14:00,23.159,
2026-03-10 15:00,23.15,
2026-03-10 16:00,23.153,
2026-03-10 17:00,23.154,
2026-03-10 18:00,23.157,
2026-03-10 19:00,23.156,
2026-03-10 20:00,23.156,
2026-03-10 21:00,23.155,
2026-03-10 22:00,23.155,
2026-03-10 23:00,23.156,
2026-03-11 00:00,23.156,
2026-03-11 01:00,23.156,
2026-03-11 02:00,23.158,
2026-03-11 03:00,23.157,
2026-03-11 04:00,23.156,
2026-03-11 05:00,23.158,
2026-03-11 06:00,23.158,
2026-03-11 07:00,23.158,
2026-03-11 08:00,23.156,
2026-03-11 09:00,23.155,
2026-03-11 10:00,23.153,
2026-03-11 11:00,23.153,
2026-03-11 12:00,23.153,
2026-03-11 13:00,23.152,
2026-03-11 14:00,23.152,
2026-03-11 15:00,23.145,
2026-03-11 16:00,23.153,
2026-03-11 17:00,23.152,
2026-03-11 18:00,23.148,
2026-03-11 19:00,23.151,
2026-03-11 20:00,23.152,
2026-03-11 21:00,23.152,
2026-03-11 22:00,23.151,
2026-03-11 23:00,23.152,
2026-03-12 00:00,23.152,
2026-03-12 01:00,23.154,
2026-03-12 02:00,23.155,
2026-03-12 03:00,23.155,
2026-03-12 04:00,23.155,
2026-03-12 05:00,23.157,
2026-03-12 06:00,23.156,
2026-03-12 07:00,23.158,
2026-03-12 08:00,23.155,
2026-03-12 09:00,23.155,
2026-03-12 10:00,23.15,
2026-03-12 11:00,23.151,
2026-03-12 12:00,23.154,
2026-03-12 13:00,23.151,
2026-03-12 14:00,23.146,
2026-03-12 15:00,23.144,
2026-03-12 16:00,23.144,
2026-03-12 17:00,23.149,
2026-03-12 18:00,23.141,
2026-03-12 19:00,23.15,
2026-03-12 20:00,23.153,
2026-03-12 21:00,23.152,
2026-03-12 22:00,23.15,
2026-03-12 23:00,23.152,
2026-03-13 00:00,23.152,
2026-03-13 01:00,23.151,
2026-03-13 02:00,23.154,
2026-03-13 03:00,23.153,
2026-03-13 04:00,23.155,
2026-03-13 05:00,23.154,
2026-03-13 06:00,23.154,
2026-03-13 07:00,23.154,
2026-03-13 08:00,23.151,
2026-03-13 09:00,23.151,
2026-03-13 10:00,23.144,
2026-03-13 11:00,23.145,
2026-03-13 12:00,23.151,
2026-03-13 13:00,23.148,
2026-03-13 14:00,23.148,
2026-03-13 15:00,23.146,
2026-03-13 16:00,23.143,
2026-03-13 17:00,23.145,
2026-03-13 18:00,23.146,
2026-03-13 19:00,23.147,
2026-03-13 20:00,23.147,
2026-03-13 21:00,23.146,
2026-03-13 22:00,23.146,
2026-03-13 23:00,23.147,
2026-03-14 00:00,23.146,
2026-03-14 01:00,23.147,
2026-03-14 02:00,23.147,
2026-03-14 03:00,23.147,
2026-03-14 04:00,23.147,
2026-03-14 05:00,23.147,
2026-03-14 06:00,23.147,
2026-03-14 07:00,23.148,
2026-03-14 08:00,23.146,
2026-03-14 09:00,23.146,
2026-03-14 10:00,23.146,
2026-03-14 11:00,23.139,
2026-03-14 12:00,23.141,
2026-03-14 13:00,23.146,
2026-03-14 14:00,23.142,
2026-03-14 15:00,23.139,
2026-03-14 16:00,23.14,
2026-03-14 17:00,23.14,
2026-03-14 18:00,23.139,
2026-03-14 19:00,23.146,
2026-03-14 20:00,23.144,
2026-03-14 21:00,23.144,
2026-03-14 22:00,23.143,
2026-03-14 23:00,23.142,
2026-03-15 00:00,23.141,
2026-03-15 01:00,23.141,
2026-03-15 02:00,23.143,
2026-03-15 03:00,23.143,
2026-03-15 04:00,23.141,
2026-03-15 05:00,23.142,
2026-03-15 06:00,23.144,
2026-03-15 07:00,23.143,
2026-03-15 08:00,23.143,
2026-03-15 09:00,23.142,
2026-03-15 10:00,23.141,
2026-03-15 11:00,23.142,
2026-03-15 12:00,23.133,
2026-03-15 13:00,23.137,
2026-03-15 14:00,23.131,
2026-03-15 15:00,23.133,
2026-03-15 16:00,23.131,
2026-03-15 17:00,23.134,
2026-03-15 18:00,23.137,
2026-03-15 19:00,23.135,
2026-03-15 20:00,23.137,
2026-03-15 21:00,23.136,
2026-03-15 22:00,23.135,
2026-03-15 23:00,23.134,
2026-03-16 00:00,23.135,
2026-03-16 01:00,23.135,
2026-03-16 02:00,23.135,
2026-03-16 03:00,23.135,
2026-03-16 04:00,23.136,
2026-03-16 05:00,23.136,
2026-03-16 06:00,23.136,
2026-03-16 07:00,23.136,
2026-03-16 08:00,23.133,
2026-03-16 09:00,23.132,
2026-03-16 10:00,23.131,
2026-03-16 11:00,23.13,
2026-03-16 12:00,23.12,
2026-03-16 13:00,23.129,
2026-03-16 14:00,23.121,
2026-03-16 15:00,23.119,
2026-03-16 16:00,23.127,
2026-03-16 17:00,23.122,
2026-03-16 18:00,23.13,
2026-03-16 19:00,23.131,
2026-03-16 20:00,23.122,
2026-03-16 21:00,23.13,
2026-03-16 22:00,23.127,
2026-03-16 23:00,23.128,
2026-03-17 00:00,23.128,
2026-03-17 01:00,23.129,
2026-03-17 02:00,23.131,
2026-03-17 03:00,23.131,
2026-03-17 04:00,23.133,
2026-03-17 05:00,23.132,
2026-03-17 06:00,23.134,
2026-03-17 07:00,23.133,
2026-03-17 08:00,23.134,
2026-03-17 09:00,23.133,
2026-03-17 10:00,23.131,
2026-03-17 11:00,23.131,
2026-03-17 12:00,23.13,
2026-03-17 13:00,23.124,
2026-03-17 14:00,23.127,
2026-03-17 15:00,23.122,
2026-03-17 16:00,23.117,
2026-03-17 17:00,23.125,
2026-03-17 18:00,23.118,
2026-03-17 19:00,23.127,
2026-03-17 20:00,23.126,
2026-03-17 21:00,23.127,
2026-03-17 22:00,23.125,
2026-03-17 23:00,23.125,
2026-03-18 00:00,23.123,
2026-03-18 01:00,23.125,
2026-03-18 02:00,23.125,
2026-03-18 03:00,23.125,
2026-03-18 04:00,23.127,
2026-03-18 05:00,23.128,
2026-03-18 06:00,23.128,
2026-03-18 07:00,23.128,
2026-03-18 08:00,23.127,
2026-03-18 09:00,23.125,
2026-03-18 10:00,23.124,
2026-03-18 11:00,23.123,
2026-03-18 12:00,23.124,
2026-03-18 13:00,23.121,
2026-03-18 14:00,23.122,
2026-03-18 15:00,23.109,
2026-03-18 16:00,23.115,
2026-03-18 17:00,23.116,
2026-03-18 18:00,23.113,
2026-03-18 19:00,23.118,
2026-03-18 20:00,23.118,
2026-03-18 21:00,23.118,
2026-03-18 22:00,23.117,
2026-03-18 23:00,23.116,
2026-03-19 00:00,23.116,
2026-03-19 01:00,23.116,
2026-03-19 02:00,23.116,
2026-03-19 03:00,23.119,
2026-03-19 04:00,23.117,
2026-03-19 05:00,23.118,
2026-03-19 06:00,23.119,
2026-03-19 07:00,23.118,
2026-03-19 08:00,23.116,
2026-03-19 09:00,23.114,
2026-03-19 10:00,23.106,
2026-03-19 11:00,23.112,
2026-03-19 12:00,23.104,
2026-03-19 13:00,23.112,
2026-03-19 14:00,23.111,
2026-03-19 15:00,23.108,
2026-03-19 16:00,23.109,
2026-03-19 17:00,23.108,
2026-03-19 18:00,23.104,
2026-03-19 19:00,23.114,
2026-03-19 20:00,23.114,
2026-03-19 21:00,23.114,
2026-03-19 22:00,23.116,
2026-03-19 23:00,23.114,
2026-03-20 00:00,23.116,
2026-03-20 01:00,23.116,
2026-03-20 02:00,23.117,
2026-03-20 03:00,23.116,
2026-03-20 04:00,23.118,
2026-03-20 05:00,23.118,
2026-03-20 06:00,23.119,
2026-03-20 07:00,23.119,
2026-03-20 08:00,23.117,
2026-03-20 09:00,23.116,
2026-03-20 10:00,23.116,
2026-03-20 11:00,23.115,
2026-03-20 12:00,23.115,
2026-03-20 13:00,23.115,
2026-03-20 14:00,23.113,
2026-03-20 15:00,23.113,
2026-03-20 16:00,23.114,
2026-03-20 17:00,23.115,
2026-03-20 18:00,23.115,
2026-03-20 19:00,23.116,
2026-03-20 20:00,23.115,
2026-03-20 21:00,23.115,
2026-03-20 22:00,23.115,
2026-03-20 23:00,23.114,
2026-03-21 00:00,23.114,
2026-03-21 01:00,23.114,
2026-03-21 02:00,23.115,
2026-03-21 03:00,23.114,
2026-03-21 04:00,23.115,
2026-03-21 05:00,23.116,
2026-03-21 06:00,23.116,
2026-03-21 07:00,23.116,
2026-03-21 08:00,23.116,
2026-03-21 09:00,23.116,
2026-03-21 10:00,23.115,
2026-03-21 11:00,23.116,
2026-03-21 12:00,23.117,
2026-03-21 13:00,23.116,
2026-03-21 14:00,23.119,
2026-03-21 15:00,23.119,
2026-03-21 16:00,23.116,
2026-03-21 17:00,23.108,
2026-03-21 18:00,23.12,
2026-03-21 19:00,23.12,
2026-03-21 20:00,23.12,
2026-03-21 21:00,23.12,
2026-03-21 22:00,23.119,
2026-03-21 23:00,23.118,
2026-03-22 00:00,23.118,
2026-03-22 01:00,23.119,
2026-03-22 02:00,23.119,
2026-03-22 03:00,23.119,
2026-03-22 04:00,23.119,
2026-03-22 05:00,23.12,
2026-03-22 06:00,23.12,
2026-03-22 07:00,23.118,
2026-03-22 08:00,23.119,
2026-03-22 09:00,23.114,
2026-03-22 10:00,23.116,
2026-03-22 11:00,23.112,
2026-03-22 12:00,23.116,
2026-03-22 13:00,23.114,
2026-03-22 14:00,23.114,
2026-03-22 15:00,23.113,
2026-03-22 16:00,23.114,
2026-03-22 17:00,23.108,
2026-03-22 18:00,23.114,
2026-03-22 19:00,23.113,
2026-03-22 20:00,23.113,
2026-03-22 21:00,23.112,
2026-03-22 22:00,23.111,
2026-03-22 23:00,23.109,
2026-03-23 00:00,23.11,
2026-03-23 01:00,23.11,
2026-03-23 02:00,23.109,
2026-03-23 03:00,23.108,
2026-03-23 04:00,23.107,
2026-03-23 05:00,23.107,
2026-03-23 06:00,23.109,
2026-03-23 07:00,23.109,
2026-03-23 08:00,23.107,
2026-03-23 09:00,23.106,
2026-03-23 10:00,23.105,
2026-03-23 11:00,23.105,
2026-03-23 12:00,23.107,
2026-03-23 13:00,23.103,
2026-03-23 14:00,23.104,
2026-03-23 15:00,23.105,
2026-03-23 16:00,23.105,
2026-03-23 17:00,23.104,
2026-03-23 18:00,23.104,
2026-03-23 19:00,23.104,
2026-03-23 20:00,23.104,
2026-03-23 21:00,23.103,
2026-03-23 22:00,23.102,
2026-03-23 23:00,23.102,
2026-03-24 00:00,23.1,
2026-03-24 01:00,23.099,
2026-03-24 02:00,23.101,
2026-03-24 03:00,23.101,
2026-03-24 04:00,23.101,
2026-03-24 05:00,23.102,
2026-03-24 06:00,23.102,
2026-03-24 07:00,23.101,
2026-03-24 08:00,23.099,
2026-03-24 09:00,23.098,
2026-03-24 10:00,23.097,
2026-03-24 11:00,23.092,
2026-03-24 12:00,23.093,
2026-03-24 13:00,23.094,
2026-03-24 14:00,23.09,
2026-03-24 15:00,23.094,
2026-03-24 16:00,23.09,
2026-03-24 17:00,23.091,
2026-03-24 18:00,23.093,
2026-03-24 19:00,23.092,
2026-03-24 20:00,23.093,
2026-03-24 21:00,23.092,
2026-03-24 22:00,23.093,
2026-03-24 23:00,23.09,
2026-03-25 00:00,23.091,
2026-03-25 01:00,23.091,
2026-03-25 02:00,23.092,
2026-03-25 03:00,23.093,
2026-03-25 04:00,23.091,
2026-03-25 05:00,23.093,
2026-03-25 06:00,23.093,
2026-03-25 07:00,23.094,
2026-03-25 08:00,23.092,
2026-03-25 09:00,23.09,
2026-03-25 10:00,23.09,
2026-03-25 11:00,23.087,
2026-03-25 12:00,23.087,
2026-03-25 13:00,23.086,
2026-03-25 14:00,23.086,
2026-03-25 15:00,23.084,
2026-03-25 16:00,23.083,
2026-03-25 17:00,23.083,
2026-03-25 18:00,23.081,
2026-03-25 19:00,23.082,
2026-03-25 20:00,23.081,
2026-03-25 21:00,23.08,
2026-03-25 22:00,23.08,
2026-03-25 23:00,23.082,
2026-03-26 00:00,23.083,
2026-03-26 01:00,23.084,
2026-03-26 02:00,23.083,
2026-03-26 03:00,23.083,
2026-03-26 04:00,23.083,
2026-03-26 05:00,23.084,
2026-03-26 06:00,23.085,
2026-03-26 07:00,23.084,
2026-03-26 08:00,23.082,
2026-03-26 09:00,23.08,
2026-03-26 10:00,23.081,
2026-03-26 11:00,23.082,
2026-03-26 12:00,23.082,
2026-03-26 13:00,23.081,
2026-03-26 14:00,23.08,
2026-03-26 15:00,23.077,
2026-03-26 16:00,23.075,
2026-03-26 17:00,23.068,
2026-03-26 18:00,23.071,
2026-03-26 19:00,23.069,
2026-03-26 20:00,23.07,
2026-03-26 21:00,23.071,
2026-03-26 22:00,23.069,
2026-03-26 23:00,23.067,
2026-03-27 00:00,23.067,
2026-03-27 01:00,23.066,
2026-03-27 02:00,23.068,
2026-03-27 03:00,23.068,
2026-03-27 04:00,23.069,
2026-03-27 05:00,23.069,
2026-03-27 06:00,23.071,
2026-03-27 07:00,23.07,
2026-03-27 08:00,23.07,
2026-03-27 09:00,23.07,
2026-03-27 10:00,23.07,
2026-03-27 11:00,23.068,
2026-03-27 12:00,23.068,
2026-03-27 13:00,23.066,
2026-03-27 14:00,23.064,
2026-03-27 15:00,23.064,
2026-03-27 16:00,23.063,
2026-03-27 17:00,23.064,
2026-03-27 18:00,23.064,
2026-03-27 19:00,23.063,
2026-03-27 20:00,23.065,
2026-03-27 21:00,23.065,
2026-03-27 22:00,23.068,
2026-03-27 23:00,23.067,
2026-03-28 00:00,23.066,
2026-03-28 01:00,23.067,
2026-03-28 02:00,23.067,
2026-03-28 03:00,23.066,
2026-03-28 04:00,23.067,
2026-03-28 05:00,23.068,
2026-03-28 06:00,23.068,
2026-03-28 07:00,23.068,
2026-03-28 08:00,23.066,
2026-03-28 09:00,23.066,
2026-03-28 10:00,23.066,
2026-03-28 11:00,23.065,
2026-03-28 12:00,23.063,
2026-03-28 13:00,23.062,
2026-03-28 14:00,23.06,
2026-03-28 15:00,23.061,
2026-03-28 16:00,23.059,
2026-03-28 17:00,23.05,
2026-03-28 18:00,23.058,
2026-03-28 19:00,23.06,
2026-03-28 20:00,23.059,
2026-03-28 21:00,23.062,
2026-03-28 22:00,23.06,
2026-03-28 23:00,23.06,
2026-03-29 00:00,23.061,
2026-03-29 01:00,23.064,
2026-03-29 02:00,23.064,
2026-03-29 03:00,23.066,
2026-03-29 04:00,23.066,
2026-03-29 05:00,23.067,
2026-03-29 06:00,23.069,
2026-03-29 07:00,23.07,
2026-03-29 08:00,23.069,
2026-03-29 09:00,23.068,
2026-03-29 10:00,23.068,
2026-03-29 11:00,23.066,
2026-03-29 12:00,23.064,
2026-03-29 13:00,23.064,
2026-03-29 14:00,23.061,
2026-03-29 15:00,23.059,
2026-03-29 16:00,23.057,
2026-03-29 17:00,23.057,
2026-03-29 18:00,23.056,
2026-03-29 19:00,23.056,
2026-03-29 20:00,23.058,
2026-03-29 21:00,23.087,
2026-03-29 22:00,23.127,
2026-03-29 23:00,23.137,
2026-03-30 00:00,23.141,
2026-03-30 01:00,23.151,
2026-03-30 02:00,23.165,
2026-03-30 03:00,23.169,
2026-03-30 04:00,23.169,
2026-03-30 05:00,23.167,
2026-03-30 06:00,23.167,
2026-03-30 07:00,23.182,
2026-03-30 08:00,23.218,
2026-03-30 09:00,23.232,
2026-03-30 10:00,23.233,
2026-03-30 11:00,23.23,
2026-03-30 12:00,23.225,
2026-03-30 13:00,23.221,
2026-03-30 14:00,23.218,
2026-03-30 15:00,23.216,
2026-03-30 16:00,23.211,
2026-03-30 17:00,23.204,
2026-03-30 18:00,23.2,
2026-03-30 19:00,23.199,
2026-03-30 20:00,23.201,
2026-03-30 21:00,23.204,
2026-03-30 22:00,23.21,
2026-03-30 23:00,23.213,
2026-03-31 00:00,23.214,
2026-03-31 01:00,23.216,
2026-03-31 02:00,23.216,
2026-03-31 03:00,23.215,
2026-03-31 04:00,23.216,
2026-03-31 05:00,23.219,
2026-03-31 06:00,23.237,
2026-03-31 07:00,23.27,
2026-03-31 08:00,23.306,
2026-03-31 09:00,23.334,
2026-03-31 10:00,23.337,
2026-03-31 11:00,23.327,
2026-03-31 12:00,23.309,
2026-03-31 13:00,23.291,
2026-03-31 14:00,23.276,
2026-03-31 15:00,23.26,
2026-03-31 16:00,23.249,
2026-03-31 17:00,23.238,
2026-03-31 18:00,23.226,
2026-03-31 19:00,23.217,
2026-03-31 20:00,23.211,
2026-03-31 21:00,23.203,
2026-03-31 22:00,23.197,
2026-03-31 23:00,23.19,
2026-04-01 00:00,23.185,
2026-04-01 01:00,23.181,
2026-04-01 02:00,23.177,
2026-04-01 03:00,23.175,
2026-04-01 04:00,23.17,
2026-04-01 05:00,23.167,
2026-04-01 06:00,23.161,
2026-04-01 07:00,23.159,
2026-04-01 08:00,23.156,
2026-04-01 09:00,23.154,
2026-04-01 10:00,23.152,
2026-04-01 11:00,23.148,
2026-04-01 12:00,23.144,
2026-04-01 13:00,23.139,
2026-04-01 14:00,23.138,
2026-04-01 15:00,23.135,
2026-04-01 16:00,23.134,
2026-04-01 17:00,23.136,
2026-04-01 18:00,23.135,
2026-04-01 19:00,23.133,
2026-04-01 20:00,23.131,
2026-04-01 21:00,23.127,
2026-04-01 22:00,23.125,
2026-04-01 23:00,23.122,
2026-04-02 00:00,23.12,
2026-04-02 01:00,23.117,
2026-04-02 02:00,23.114,
2026-04-02 03:00,23.113,
2026-04-02 04:00,23.109,
2026-04-02 05:00,23.108,
2026-04-02 06:00,23.107,
2026-04-02 07:00,23.109,
2026-04-02 08:00,23.104,
2026-04-02 09:00,23.103,
2026-04-02 10:00,23.098,
2026-04-02 11:00,23.095,
2026-04-02 12:00,23.091,
2026-04-02 13:00,23.088,
2026-04-02 14:00,23.086,
2026-04-02 15:00,23.085,
2026-04-02 16:00,23.083,
2026-04-02 17:00,23.08,
2026-04-02 18:00,23.079,
2026-04-02 19:00,23.075,
2026-04-02 20:00,23.074,
2026-04-02 21:00,23.07,
2026-04-02 22:00,23.068,
2026-04-02 23:00,23.065,
2026-04-03 00:00,23.064,
2026-04-03 01:00,23.065,
2026-04-03 02:00,23.064,
2026-04-03 03:00,23.062,
2026-04-03 04:00,23.061,
2026-04-03 05:00,23.061,
2026-04-03 06:00,23.059,
2026-04-03 07:00,23.056,
2026-04-03 08:00,23.051,
2026-04-03 09:00,23.05,
2026-04-03 10:00,23.047,
2026-04-03 11:00,23.046,
2026-04-03 12:00,23.043,
2026-04-03 13:00,23.041,
2026-04-03 14:00,23.04,
2026-04-03 15:00,23.037,
2026-04-03 16:00,23.035,
2026-04-03 17:00,23.033,
2026-04-03 18:00,23.032,
2026-04-03 19:00,23.03,
2026-04-03 20:00,23.027,
2026-04-03 21:00,23.024,
2026-04-03 22:00,23.021,
2026-04-03 23:00,23.019,
2026-04-04 00:00,23.019,
2026-04-04 01:00,23.016,
2026-04-04 02:00,23.017,
2026-04-04 03:00,23.018,
2026-04-04 04:00,23.018,
2026-04-04 05:00,23.017,
2026-04-04 06:00,23.013,
2026-04-04 07:00,23.014,
2026-04-04 08:00,23.012,
2026-04-04 09:00,23.009,
2026-04-04 10:00,23.008,
2026-04-04 11:00,23.007,
2026-04-04 12:00,23.005,
2026-04-04 13:00,23.003,
2026-04-04 14:00,23.001,
2026-04-04 15:00,23.001,
2026-04-04 16:00,23.0,
2026-04-04 17:00,22.999,
2026-04-04 18:00,22.997,
2026-04-04 19:00,22.996,
2026-04-04 20:00,22.995,
2026-04-04 21:00,22.993,
2026-04-04 22:00,22.991,
2026-04-04 23:00,22.99,
2026-04-05 00:00,22.989,
2026-04-05 01:00,22.987,
2026-04-05 02:00,22.987,
2026-04-05 03:00,22.986,
2026-04-05 04:00,22.986,
2026-04-05 05:00,22.986,
2026-04-05 06:00,22.988,
2026-04-05 07:00,22.99,
2026-04-05 08:00,22.987,
2026-04-05 09:00,22.984,
2026-04-05 10:00,22.983,
2026-04-05 11:00,22.982,
2026-04-05 12:00,22.979,
2026-04-05 13:00,22.977,
2026-04-05 14:00,22.975,
2026-04-05 15:00,22.973,
2026-04-05 16:00,22.972,
2026-04-05 17:00,22.971,
2026-04-05 18:00,22.97,
2026-04-05 19:00,22.97,
2026-04-05 20:00,22.969,
2026-04-05 21:00,22.967,
2026-04-05 22:00,22.965,
2026-04-05 23:00,22.964,
2026-04-06 00:00,22.965,
2026-04-06 01:00,22.965,
2026-04-06 02:00,22.963,
2026-04-06 03:00,22.965,
2026-04-06 04:00,22.966,
2026-04-06 05:00,22.966,
2026-04-06 06:00,22.966,
2026-04-06 07:00,22.965,
2026-04-06 08:00,22.966,
2026-04-06 09:00,22.963,
2026-04-06 10:00,22.963,
2026-04-06 11:00,22.962,
2026-04-06 12:00,22.961,
2026-04-06 13:00,22.96,
2026-04-06 14:00,22.96,
2026-04-06 15:00,22.958,
2026-04-06 16:00,22.957,
2026-04-06 17:00,22.955,
2026-04-06 18:00,22.956,
2026-04-06 19:00,22.958,
2026-04-06 20:00,22.955,
2026-04-06 21:00,22.953,
2026-04-06 22:00,22.951,
2026-04-06 23:00,22.95,
2026-04-07 00:00,22.95,
2026-04-07 01:00,22.951,
2026-04-07 02:00,22.95,
2026-04-07 03:00,22.951,
2026-04-07 04:00,22.951,
2026-04-07 05:00,22.951,
2026-04-07 06:00,22.953,
2026-04-07 07:00,22.95,
2026-04-07 08:00,22.95,
2026-04-07 09:00,22.951,
2026-04-07 10:00,22.952,
2026-04-07 11:00,22.954,
2026-04-07 12:00,22.96,
2026-04-07 13:00,22.969,
2026-04-07 14:00,22.979,
2026-04-07 15:00,22.983,
2026-04-07 16:00,22.988,
2026-04-07 17:00,22.988,
2026-04-07 18:00,22.996,
2026-04-07 19:00,22.998,
2026-04-07 20:00,23.0,
2026-04-07 21:00,23.002,
2026-04-07 22:00,22.998,
2026-04-07 23:00,22.998,
2026-04-08 00:00,22.998,
2026-04-08 01:00,22.999,
2026-04-08 02:00,23.001,
2026-04-08 03:00,23.002,
2026-04-08 04:00,23.004,
2026-04-08 05:00,23.006,
2026-04-08 06:00,23.007,
2026-04-08 07:00,23.009,
2026-04-08 08:00,23.009,
2026-04-08 09:00,23.008,
2026-04-08 10:00,23.007,
2026-04-08 11:00,23.007,
2026-04-08 12:00,23.004,
2026-04-08 13:00,23.001,
2026-04-08 14:00,22.998,
2026-04-08 15:00,22.994,
2026-04-08 16:00,22.991,
2026-04-08 17:00,22.988,
2026-04-08 18:00,22.99,
2026-04-08 19:00,22.987,
2026-04-08 20:00,22.985,
2026-04-08 21:00,22.982,
2026-04-08 22:00,22.977,
2026-04-08 23:00,22.974,
2026-04-09 00:00,22.973,
2026-04-09 01:00,22.972,
2026-04-09 02:00,22.97,
2026-04-09 03:00,22.97,
2026-04-09 04:00,22.969,
2026-04-09 05:00,22.969,
2026-04-09 06:00,22.969,
2026-04-09 07:00,22.969,
2026-04-09 08:00,22.966,
2026-04-09 09:00,22.963,
2026-04-09 10:00,22.975,
2026-04-09 11:00,23.001,
2026-04-09 12:00,23.022,
2026-04-09 13:00,23.041,
2026-04-09 14:00,23.056,
2026-04-09 15:00,23.07,
2026-04-09 16:00,23.081,
2026-04-09 17:00,23.101,
2026-04-09 18:00,23.115,
2026-04-09 19:00,23.123,
2026-04-09 20:00,23.129,
2026-04-09 21:00,23.139,
2026-04-09 22:00,23.202,
2026-04-09 23:00,23.309,
2026-04-10 00:00,23.37,
2026-04-10 01:00,23.379,
2026-04-10 02:00,23.383,
2026-04-10 03:00,23.39,
2026-04-10 04:00,23.39,
2026-04-10 05:00,23.385,
2026-04-10 06:00,23.365,
2026-04-10 07:00,23.346,
2026-04-10 08:00,23.325,
2026-04-10 09:00,23.309,
2026-04-10 10:00,23.295,
2026-04-10 11:00,23.282,
2026-04-10 12:00,23.269,
2026-04-10 13:00,23.26,
2026-04-10 14:00,23.252,
2026-04-10 15:00,23.244,
2026-04-10 16:00,23.236,
2026-04-10 17:00,23.231,
2026-04-10 18:00,23.225,
2026-04-10 19:00,23.222,
2026-04-10 20:00,23.216,
2026-04-10 21:00,23.211,
2026-04-10 22:00,23.207,
2026-04-10 23:00,23.202,
2026-04-11 00:00,23.198,
2026-04-11 01:00,23.194,
2026-04-11 02:00,23.188,
2026-04-11 03:00,23.187,
2026-04-11 04:00,23.181,
2026-04-11 05:00,23.177,
2026-04-11 06:00,23.173,
2026-04-11 07:00,23.169,
2026-04-11 08:00,23.167,
2026-04-11 09:00,23.162,
2026-04-11 10:00,23.157,
2026-04-11 11:00,23.152,
2026-04-11 12:00,23.148,
2026-04-11 13:00,23.145,
2026-04-11 14:00,23.144,
2026-04-11 15:00,23.147,
2026-04-11 16:00,23.149,
2026-04-11 17:00,23.147,
2026-04-11 18:00,23.169,
2026-04-11 19:00,23.172,
2026-04-11 20:00,23.165,
2026-04-11 21:00,23.154,
2026-04-11 22:00,23.146,
2026-04-11 23:00,23.137,
2026-04-12 00:00,23.13,
2026-04-12 01:00,23.125,
2026-04-12 02:00,23.121,
2026-04-12 03:00,23.116,
2026-04-12 04:00,23.115,
2026-04-12 05:00,23.112,
2026-04-12 06:00,23.108,
2026-04-12 07:00,23.105,
2026-04-12 08:00,23.103,
2026-04-12 09:00,23.099,
2026-04-12 10:00,23.098,
2026-04-12 11:00,23.094,
2026-04-12 12:00,23.092,
2026-04-12 13:00,23.09,
2026-04-12 14:00,23.089,
2026-04-12 15:00,23.088,
2026-04-12 16:00,23.084,
2026-04-12 17:00,23.085,
2026-04-12 18:00,23.082,
2026-04-12 19:00,23.081,
2026-04-12 20:00,23.079,
2026-04-12 21:00,23.075,
2026-04-12 22:00,23.073,
2026-04-12 23:00,23.071,
2026-04-13 00:00,23.071,
2026-04-13 01:00,23.07,
2026-04-13 02:00,23.068,
2026-04-13 03:00,23.068,
2026-04-13 04:00,23.067,
2026-04-13 05:00,23.067,
2026-04-13 06:00,23.066,
2026-04-13 07:00,23.065,
2026-04-13 08:00,23.062,
2026-04-13 09:00,23.06,
2026-04-13 10:00,23.06,
2026-04-13 11:00,23.064,
2026-04-13 12:00,23.082,
2026-04-13 13:00,23.106,
2026-04-13 14:00,23.121,
2026-04-13 15:00,23.127,
2026-04-13 16:00,23.127,
2026-04-13 17:00,23.127,
2026-04-13 18:00,23.12,
2026-04-13 19:00,23.115,
2026-04-13 20:00,23.11,
2026-04-13 21:00,23.105,
2026-04-13 22:00,23.101,
2026-04-13 23:00,23.096,
2026-04-14 00:00,23.092,
2026-04-14 01:00,23.089,
2026-04-14 02:00,23.085,
2026-04-14 03:00,23.083,
2026-04-14 04:00,23.08,
2026-04-14 05:00,23.078,
2026-04-14 06:00,23.077,
2026-04-14 07:00,23.075,
2026-04-14 08:00,23.073,
2026-04-14 09:00,23.069,
2026-04-14 10:00,23.066,
2026-04-14 11:00,23.064,
2026-04-14 12:00,23.062,
2026-04-14 13:00,23.056,
2026-04-14 14:00,23.051,
2026-04-14 15:00,23.05,
2026-04-14 16:00,23.049,
2026-04-14 17:00,23.047,
2026-04-14 18:00,23.046,
2026-04-14 19:00,23.046,
2026-04-14 20:00,23.047,
2026-04-14 21:00,23.047,
2026-04-14 22:00,23.047,
2026-04-14 23:00,23.048,
2026-04-15 00:00,23.047,
2026-04-15 01:00,23.048,
2026-04-15 02:00,23.048,
2026-04-15 03:00,23.047,
2026-04-15 04:00,23.049,
2026-04-15 05:00,23.047,
2026-04-15 06:00,23.044,
2026-04-15 07:00,23.044,
2026-04-15 08:00,23.042,
2026-04-15 09:00,23.039,
2026-04-15 10:00,23.04,
2026-04-15 11:00,23.041,
2026-04-15 12:00,23.043,
2026-04-15 13:00,23.042,
2026-04-15 14:00,23.042,
2026-04-15 15:00,23.045,
2026-04-15 16:00,23.048,
2026-04-15 17:00,23.051,
2026-04-15 18:00,23.082,
2026-04-15 19:00,23.099,
2026-04-15 20:00,23.097,
2026-04-15 21:00,23.094,
2026-04-15 22:00,23.094,
2026-04-15 23:00,23.093,
2026-04-16 00:00,23.09,
2026-04-16 01:00,23.084,
2026-04-16 02:00,23.078,
2026-04-16 03:00,23.075,
2026-04-16 04:00,23.071,
2026-04-16 05:00,23.067,
2026-04-16 06:00,23.066,
2026-04-16 07:00,23.063,
2026-04-16 08:00,23.064,
2026-04-16 09:00,23.063,
2026-04-16 10:00,23.067,
2026-04-16 11:00,23.068,
2026-04-16 12:00,23.066,
2026-04-16 13:00,23.066,
2026-04-16 14:00,23.064,
2026-04-16 15:00,23.063,
2026-04-16 16:00,23.059,
2026-04-16 17:00,23.061,
2026-04-16 18:00,23.061,
2026-04-16 19:00,23.06,
2026-04-16 20:00,23.059,
2026-04-16 21:00,23.057,
2026-04-16 22:00,23.056,
2026-04-16 23:00,23.055,
2026-04-17 00:00,23.054,
2026-04-17 01:00,23.055,
2026-04-17 02:00,23.054,
2026-04-17 03:00,23.053,
2026-04-17 04:00,23.053,
2026-04-17 05:00,23.051,
2026-04-17 06:00,23.052,
2026-04-17 07:00,23.052,
2026-04-17 08:00,23.053,
2026-04-17 09:00,23.053,
2026-04-17 10:00,23.052,
2026-04-17 11:00,23.05,
2026-04-17 12:00,23.045,
2026-04-17 13:00,23.045,
2026-04-17 14:00,23.045,
2026-04-17 15:00,23.042,
2026-04-17 16:00,23.042,
2026-04-17 17:00,23.041,
2026-04-17 18:00,23.04,
2026-04-17 19:00,23.038,
2026-04-17 20:00,23.036,
2026-04-17 21:00,23.033,
2026-04-17 22:00,23.033,
2026-04-17 23:00,23.031,
2026-04-18 00:00,23.032,
2026-04-18 01:00,23.032,
2026-04-18 02:00,23.031,
2026-04-18 03:00,23.032,
2026-04-18 04:00,23.032,
2026-04-18 05:00,23.036,
2026-04-18 06:00,23.041,
2026-04-18 07:00,23.05,
2026-04-18 08:00,23.061,
2026-04-18 09:00,23.074,
2026-04-18 10:00,23.085,
2026-04-18 11:00,23.093,
2026-04-18 12:00,23.097,
2026-04-18 13:00,23.105,
2026-04-18 14:00,23.109,
2026-04-18 15:00,23.119,
2026-04-18 16:00,23.123,
2026-04-18 17:00,23.126,
2026-04-18 18:00,23.124,
2026-04-18 19:00,23.119,
2026-04-18 20:00,23.116,
2026-04-18 21:00,23.111,
2026-04-18 22:00,23.105,
2026-04-18 23:00,23.102,
2026-04-19 00:00,23.098,
2026-04-19 01:00,23.095,
2026-04-19 02:00,23.093,
2026-04-19 03:00,23.09,
2026-04-19 04:00,23.088,
2026-04-19 05:00,23.085,
2026-04-19 06:00,23.084,
2026-04-19 07:00,23.081,
2026-04-19 08:00,23.079,
2026-04-19 09:00,23.075,
2026-04-19 10:00,23.073,
2026-04-19 11:00,23.07,
2026-04-19 12:00,23.067,
2026-04-19 13:00,23.065,
2026-04-19 14:00,23.06,
2026-04-19 15:00,23.058,
2026-04-19 16:00,23.055,
2026-04-19 17:00,23.052,
2026-04-19 18:00,23.05,
2026-04-19 19:00,23.045,
2026-04-19 20:00,23.042,
2026-04-19 21:00,23.039,
2026-04-19 22:00,23.036,
2026-04-19 23:00,23.034,
2026-04-20 00:00,23.031,
2026-04-20 01:00,23.029,
2026-04-20 02:00,23.029,
2026-04-20 03:00,23.027,
2026-04-20 04:00,23.026,
2026-04-20 05:00,23.024,
2026-04-20 06:00,23.021,
2026-04-20 07:00,23.025,
2026-04-20 08:00,23.023,
2026-04-20 09:00,23.02,
2026-04-20 10:00,23.019,
2026-04-20 11:00,23.016,
2026-04-20 12:00,23.014,
2026-04-20 13:00,23.012,
2026-04-20 14:00,23.01,
2026-04-20 15:00,23.01,
2026-04-20 16:00,23.009,
2026-04-20 17:00,23.009,
2026-04-20 18:00,23.008,
2026-04-20 19:00,23.004,
2026-04-20 20:00,23.0,
2026-04-20 21:00,22.998,
2026-04-20 22:00,22.996,
2026-04-20 23:00,22.995,
2026-04-21 00:00,22.995,
2026-04-21 01:00,22.996,
2026-04-21 02:00,22.995,
2026-04-21 03:00,22.995,
2026-04-21 04:00,22.993,
2026-04-21 05:00,22.991,
2026-04-21 06:00,22.992,
2026-04-21 07:00,22.991,
2026-04-21 08:00,22.991,
2026-04-21 09:00,22.988,
2026-04-21 10:00,22.988,
2026-04-21 11:00,22.987,
2026-04-21 12:00,22.985,
2026-04-21 13:00,22.983,
2026-04-21 14:00,22.983,
2026-04-21 15:00,22.981,
2026-04-21 16:00,22.98,
2026-04-21 17:00,22.979,
2026-04-21 18:00,22.977,
2026-04-21 19:00,22.976,
2026-04-21 20:00,22.976,
2026-04-21 21:00,22.972,
2026-04-21 22:00,22.97,
2026-04-21 23:00,22.969,
2026-04-22 00:00,22.969,
2026-04-22 01:00,22.969,
2026-04-22 02:00,22.971,
2026-04-22 03:00,22.97,
2026-04-22 04:00,22.97,
2026-04-22 05:00,22.971,
2026-04-22 06:00,22.971,
2026-04-22 07:00,22.972,
2026-04-22 08:00,22.972,
2026-04-22 09:00,22.969,
2026-04-22 10:00,22.967,
2026-04-22 11:00,22.967,
2026-04-22 12:00,22.966,
2026-04-22 13:00,22.964,
2026-04-22 14:00,22.965,
2026-04-22 15:00,22.966,
2026-04-22 16:00,22.965,
2026-04-22 17:00,22.962,
2026-04-22 18:00,22.961,
2026-04-22 19:00,22.958,
2026-04-22 20:00,22.957,
2026-04-22 21:00,22.956,
2026-04-22 22:00,22.954,
2026-04-22 23:00,22.954,
2026-04-23 00:00,22.953,
2026-04-23 01:00,22.953,
2026-04-23 02:00,22.955,
2026-04-23 03:00,22.954,
2026-04-23 04:00,22.954,
2026-04-23 05:00,22.957,
2026-04-23 06:00,22.957,
2026-04-23 07:00,22.957,
2026-04-23 08:00,22.953,
2026-04-23 09:00,22.952,
2026-04-23 10:00,22.952,
2026-04-23 11:00,22.949,
2026-04-23 12:00,22.948,
2026-04-23 13:00,22.947,
2026-04-23 14:00,22.945,
2026-04-23 15:00,22.944,
2026-04-23 16:00,22.942,
2026-04-23 17:00,22.941,
2026-04-23 18:00,22.94,
2026-04-23 19:00,22.938,
2026-04-23 20:00,22.936,
2026-04-23 21:00,22.936,
2026-04-23 22:00,22.939,
2026-04-23 23:00,22.938,
2026-04-24 00:00,22.938,
2026-04-24 01:00,22.937,
2026-04-24 02:00,22.936,
2026-04-24 03:00,22.937,
2026-04-24 04:00,22.937,
2026-04-24 05:00,22.937,
2026-04-24 06:00,22.938,
2026-04-24 07:00,22.938,
2026-04-24 08:00,22.937,
2026-04-24 09:00,22.934,
2026-04-24 10:00,22.934,
2026-04-24 11:00,22.933,
2026-04-24 12:00,22.935,
2026-04-24 13:00,22.939,
2026-04-24 14:00,22.938,
2026-04-24 15:00,22.937,
2026-04-24 16:00,22.934,
2026-04-24 17:00,22.932,
2026-04-24 18:00,22.929,
2026-04-24 19:00,22.929,
2026-04-24 20:00,22.926,
2026-04-24 21:00,22.924,
2026-04-24 22:00,22.922,
2026-04-24 23:00,22.92,
2026-04-25 00:00,22.92,
2026-04-25 01:00,22.92,
2026-04-25 02:00,22.92,
2026-04-25 03:00,22.922,
2026-04-25 04:00,22.922,
2026-04-25 05:00,22.922,
2026-04-25 06:00,22.924,
2026-04-25 07:00,22.926,
2026-04-25 08:00,22.928,
2026-04-25 09:00,22.926,
2026-04-25 10:00,22.925,
2026-04-25 11:00,22.924,
2026-04-25 12:00,22.924,
2026-04-25 13:00,22.923,
2026-04-25 14:00,22.921,
2026-04-25 15:00,22.918,
2026-04-25 16:00,22.92,
2026-04-25 17:00,22.918,
2026-04-25 18:00,22.917,
2026-04-25 19:00,22.916,
2026-04-25 20:00,22.916,
2026-04-25 21:00,22.916,
2026-04-25 22:00,22.916,
2026-04-25 23:00,22.915,
2026-04-26 00:00,22.919,
2026-04-26 01:00,22.917,
2026-04-26 02:00,22.919,
2026-04-26 03:00,22.917,
2026-04-26 04:00,22.919,
2026-04-26 05:00,22.919,
2026-04-26 06:00,22.918,
2026-04-26 07:00,22.919,
2026-04-26 08:00,22.915,
2026-04-26 09:00,22.914,
2026-04-26 10:00,22.913,
2026-04-26 11:00,22.914,
2026-04-26 12:00,22.917,
2026-04-26 13:00,22.917,
2026-04-26 14:00,22.916,
2026-04-26 15:00,22.916,
2026-04-26 16:00,22.916,
2026-04-26 17:00,22.909,
2026-04-26 18:00,22.914,
2026-04-26 19:00,22.912,
2026-04-26 20:00,22.911,
2026-04-26 21:00,22.909,
2026-04-26 22:00,22.91,
2026-04-26 23:00,22.907,
2026-04-27 00:00,22.906,
2026-04-27 01:00,22.906,
2026-04-27 02:00,22.907,
2026-04-27 03:00,22.907,
2026-04-27 04:00,22.908,
2026-04-27 05:00,22.911,
2026-04-27 06:00,22.914,
2026-04-27 07:00,22.913,
2026-04-27 08:00,22.914,
2026-04-27 09:00,22.912,
2026-04-27 10:00,22.915,
2026-04-27 11:00,22.914,
2026-04-27 12:00,22.911,
2026-04-27 13:00,22.909,
2026-04-27 14:00,22.906,
2026-04-27 15:00,22.903,
2026-04-27 16:00,22.901,
2026-04-27 17:00,22.902,
2026-04-27 18:00,22.902,
2026-04-27 19:00,22.901,
2026-04-27 20:00,22.901,
2026-04-27 21:00,22.901,
2026-04-27 22:00,22.901,
2026-04-27 23:00,22.899,
2026-04-28 00:00,22.899,
2026-04-28 01:00,22.898,
2026-04-28 02:00,22.898,
2026-04-28 03:00,22.899,
2026-04-28 04:00,22.899,
2026-04-28 05:00,22.9,
2026-04-28 06:00,22.901,
2026-04-28 07:00,22.906,
2026-04-28 08:00,22.904,
2026-04-28 09:00,22.902,
2026-04-28 10:00,22.902,
2026-04-28 11:00,22.9,
2026-04-28 12:00,22.899,
2026-04-28 13:00,22.897,
2026-04-28 14:00,22.898,
2026-04-28 15:00,22.897,
2026-04-28 16:00,22.898,
2026-04-28 17:00,22.899,
2026-04-28 18:00,22.897,
2026-04-28 19:00,22.896,
2026-04-28 20:00,22.895,
2026-04-28 21:00,22.893,
2026-04-28 22:00,22.892,
2026-04-28 23:00,22.889,
2026-04-29 00:00,22.889,
2026-04-29 01:00,22.892,
2026-04-29 02:00,22.891,
2026-04-29 03:00,22.889,
2026-04-29 04:00,22.889,
2026-04-29 05:00,22.89,
2026-04-29 06:00,22.889,
2026-04-29 07:00,22.89,
2026-04-29 08:00,22.889,
2026-04-29 09:00,22.888,
2026-04-29 10:00,22.886,
2026-04-29 11:00,22.885,
2026-04-29 12:00,22.885,
2026-04-29 13:00,22.883,
2026-04-29 14:00,22.882,
2026-04-29 15:00,22.879,
2026-04-29 16:00,22.884,
2026-04-29 17:00,22.887,
2026-04-29 18:00,22.884,
2026-04-29 19:00,22.882,
2026-04-29 20:00,22.882,
2026-04-29 21:00,22.88,
2026-04-29 22:00,22.877,
2026-04-29 23:00,22.877,
2026-04-30 00:00,22.875,
2026-04-30 01:00,22.875,
2026-04-30 02:00,22.875,
2026-04-30 03:00,22.876,
2026-04-30 04:00,22.875,
2026-04-30 05:00,22.877,
2026-04-30 06:00,22.879,
2026-04-30 07:00,22.878,
2026-04-30 08:00,22.878,
2026-04-30 09:00,22.878,
2026-04-30 10:00,22.876,
2026-04-30 11:00,22.876,
2026-04-30 12:00,22.873,
2026-04-30 13:00,22.874,
2026-04-30 14:00,22.874,
2026-04-30 15:00,22.874,
2026-04-30 16:00,22.875,
2026-04-30 17:00,22.876,
2026-04-30 18:00,22.875,
2026-04-30 19:00,22.874,
2026-04-30 20:00,22.872,
2026-04-30 21:00,22.873,
2026-04-30 22:00,22.872,
2026-04-30 23:00,22.87,
2026-05-01 00:00,22.871,
2026-05-01 01:00,22.87,
2026-05-01 02:00,22.874,
2026-05-01 03:00,22.875,
2026-05-01 04:00,22.875,
2026-05-01 05:00,22.875,
2026-05-01 06:00,22.876,
2026-05-01 07:00,22.88,
2026-05-01 08:00,22.88,
2026-05-01 09:00,22.879,
2026-05-01 10:00,22.878,
2026-05-01 11:00,22.878,
2026-05-01 12:00,22.876,
2026-05-01 13:00,22.875,
2026-05-01 14:00,22.876,
2026-05-01 15:00,22.875,
2026-05-01 16:00,22.874,
2026-05-01 17:00,22.873,
2026-05-01 18:00,22.874,
2026-05-01 19:00,22.874,
2026-05-01 20:00,22.874,
2026-05-01 21:00,22.872,
2026-05-01 22:00,22.872,
2026-05-01 23:00,22.871,
2026-05-02 00:00,22.869,
2026-05-02 01:00,22.868,
2026-05-02 02:00,22.87,
2026-05-02 03:00,22.869,
2026-05-02 04:00,22.87,
2026-05-02 05:00,22.87,
2026-05-02 06:00,22.873,
2026-05-02 07:00,22.87,
2026-05-02 08:00,22.87,
2026-05-02 09:00,22.869,
2026-05-02 10:00,22.869,
2026-05-02 11:00,22.868,
2026-05-02 12:00,22.866,
2026-05-02 13:00,22.864,
2026-05-02 14:00,22.856,
2026-05-02 15:00,22.861,
2026-05-02 16:00,22.86,
2026-05-02 17:00,22.86,
2026-05-02 18:00,22.858,
2026-05-02 19:00,22.856,
2026-05-02 20:00,22.857,
2026-05-02 21:00,22.855,
2026-05-02 22:00,22.857,
2026-05-02 23:00,22.857,
2026-05-03 00:00,22.857,
2026-05-03 01:00,22.857,
2026-05-03 02:00,22.858,
2026-05-03 03:00,22.859,
2026-05-03 04:00,22.86,
2026-05-03 05:00,22.861,
2026-05-03 06:00,22.862,
2026-05-03 07:00,22.864,
2026-05-03 08:00,22.866,
2026-05-03 09:00,22.867,
2026-05-03 10:00,22.866,
2026-05-03 11:00,22.867,
2026-05-03 12:00,22.864,
2026-05-03 13:00,22.862,
2026-05-03 14:00,22.857,
2026-05-03 15:00,22.861,
2026-05-03 16:00,22.859,
2026-05-03 17:00,22.861,
2026-05-03 18:00,22.861,
2026-05-03 19:00,22.86,
2026-05-03 20:00,22.859,
2026-05-03 21:00,22.858,
2026-05-03 22:00,22.857,
2026-05-03 23:00,22.857,
2026-05-04 00:00,22.857,
2026-05-04 01:00,22.856,
2026-05-04 02:00,22.855,
2026-05-04 03:00,22.855,
2026-05-04 04:00,22.854,
2026-05-04 05:00,22.855,
2026-05-04 06:00,22.856,
2026-05-04 07:00,22.856,
2026-05-04 08:00,22.855,
2026-05-04 09:00,22.854,
2026-05-04 10:00,22.854,
2026-05-04 11:00,22.855,
2026-05-04 12:00,22.856,
2026-05-04 13:00,22.855,
2026-05-04 14:00,22.855,
2026-05-04 15:00,22.854,
2026-05-04 16:00,22.853,
2026-05-04 17:00,22.854,
2026-05-04 18:00,22.853,
2026-05-04 19:00,22.859,
2026-05-04 20:00,22.86,
2026-05-04 21:00,22.862,
2026-05-04 22:00,22.863,
2026-05-04 23:00,22.862,
2026-05-05 00:00,22.864,
2026-05-05 01:00,22.865,
2026-05-05 02:00,22.866,
2026-05-05 03:00,22.866,
2026-05-05 04:00,22.868,
2026-05-05 05:00,22.87,
2026-05-05 06:00,22.87,
2026-05-05 07:00,22.871,
2026-05-05 08:00,22.871,
2026-05-05 09:00,22.87,
2026-05-05 10:00,22.869,
2026-05-05 11:00,22.869,
2026-05-05 12:00,22.868,
2026-05-05 13:00,22.869,
2026-05-05 14:00,22.868,
2026-05-05 15:00,22.867,
2026-05-05 16:00,22.87,
2026-05-05 17:00,22.871,
2026-05-05 18:00,22.87,
2026-05-05 19:00,22.869,
2026-05-05 20:00,22.868,
2026-05-05 21:00,22.866,
2026-05-05 22:00,22.864,
2026-05-05 23:00,22.863,
2026-05-06 00:00,22.861,
2026-05-06 01:00,22.86,
2026-05-06 02:00,22.859,
2026-05-06 03:00,22.86,
2026-05-06 04:00,22.859,
2026-05-06 05:00,22.859,
2026-05-06 06:00,22.859,
2026-05-06 07:00,22.859,
2026-05-06 08:00,22.859,
2026-05-06 09:00,22.856,
2026-05-06 10:00,22.857,
2026-05-06 11:00,22.858,
2026-05-06 12:00,22.858,
2026-05-06 13:00,22.857,
2026-05-06 14:00,22.856,
2026-05-06 15:00,22.853,
2026-05-06 16:00,22.852,
2026-05-06 17:00,22.851,
2026-05-06 18:00,22.85,
2026-05-06 19:00,22.85,
2026-05-06 20:00,22.848,
2026-05-06 21:00,22.848,
2026-05-06 22:00,22.848,
2026-05-06 23:00,22.849,
2026-05-07 00:00,22.85,
2026-05-07 01:00,22.852,
2026-05-07 02:00,22.853,
2026-05-07 03:00,22.855,
2026-05-07 04:00,22.858,
2026-05-07 05:00,22.859,
2026-05-07 06:00,22.861,
2026-05-07 07:00,22.863,
2026-05-07 08:00,22.867,
2026-05-07 09:00,22.871,
2026-05-07 10:00,22.875,
2026-05-07 11:00,22.879,
2026-05-07 12:00,22.883,
2026-05-07 13:00,22.887,
2026-05-07 14:00,22.891,
2026-05-07 15:00,22.895,
2026-05-07 16:00,22.9,
2026-05-07 17:00,22.904,
2026-05-07 18:00,22.909,
2026-05-07 19:00,22.905,
2026-05-07 20:00,22.92,
2026-05-07 21:00,22.921,
2026-05-07 22:00,22.925,
2026-05-07 23:00,22.932,
2026-05-08 00:00,22.94,
2026-05-08 01:00,22.953,
2026-05-08 02:00,22.968,
2026-05-08 03:00,22.986,
2026-05-08 04:00,23.001,
2026-05-08 05:00,23.014,
2026-05-08 06:00,23.024,
2026-05-08 07:00,23.03,
2026-05-08 08:00,23.043,
2026-05-08 09:00,23.079,
2026-05-08 10:00,23.117,
2026-05-08 11:00,23.144,
2026-05-08 12:00,23.161,
2026-05-08 13:00,23.165,
2026-05-08 14:00,23.164,
2026-05-08 15:00,23.161,
2026-05-08 16:00,23.159,
2026-05-08 17:00,23.154,
2026-05-08 18:00,23.152,
2026-05-08 19:00,23.147,
2026-05-08 20:00,23.143,
2026-05-08 21:00,23.139,
2026-05-08 22:00,23.134,
2026-05-08 23:00,23.128,
2026-05-09 00:00,23.124,
2026-05-09 01:00,23.13,
2026-05-09 02:00,23.141,
2026-05-09 03:00,23.141,
2026-05-09 04:00,23.14,
2026-05-09 05:00,23.137,
2026-05-09 06:00,23.134,
2026-05-09 07:00,23.129,
2026-05-09 08:00,23.126,
2026-05-09 09:00,23.122,
2026-05-09 10:00,23.119,
2026-05-09 11:00,23.114,
2026-05-09 12:00,23.111,
2026-05-09 13:00,23.108,
2026-05-09 14:00,23.104,
2026-05-09 15:00,23.099,
2026-05-09 16:00,23.095,
2026-05-09 17:00,23.096,
2026-05-09 18:00,23.093,
2026-05-09 19:00,23.092,
2026-05-09 20:00,23.092,
2026-05-09 21:00,23.092,
2026-05-09 22:00,23.091,
2026-05-09 23:00,23.09,
2026-05-10 00:00,23.09,
2026-05-10 01:00,23.087,
2026-05-10 02:00,23.087,
2026-05-10 03:00,23.087,
2026-05-10 04:00,23.085,
2026-05-10 05:00,23.086,
2026-05-10 06:00,23.085,
2026-05-10 07:00,23.083,
2026-05-10 08:00,23.081,
2026-05-10 09:00,23.079,
2026-05-10 10:00,23.076,
2026-05-10 11:00,23.074,
2026-05-10 12:00,23.07,
2026-05-10 13:00,23.068,
2026-05-10 14:00,23.067,
2026-05-10 15:00,23.064,
2026-05-10 16:00,23.063,
2026-05-10 17:00,23.061,
2026-05-10 18:00,23.057,
2026-05-10 19:00,23.055,
2026-05-10 20:00,23.055,
2026-05-10 21:00,23.054,
2026-05-10 22:00,23.056,
2026-05-10 23:00,23.06,
2026-05-11 00:00,23.062,
2026-05-11 01:00,23.066,
2026-05-11 02:00,23.069,
2026-05-11 03:00,23.074,
2026-05-11 04:00,23.076,
2026-05-11 05:00,23.078,
2026-05-11 06:00,23.083,
2026-05-11 07:00,23.089,
2026-05-11 08:00,23.1,
2026-05-11 09:00,23.113,
2026-05-11 10:00,23.128,
2026-05-11 11:00,23.136,
2026-05-11 12:00,23.143,
2026-05-11 13:00,23.149,
2026-05-11 14:00,23.149,
2026-05-11 15:00,23.156,
2026-05-11 16:00,23.162,
2026-05-11 17:00,23.168,
2026-05-11 18:00,23.168,
2026-05-11 19:00,23.168,
2026-05-11 20:00,23.166,
2026-05-11 21:00,23.165,
2026-05-11 22:00,23.161,
2026-05-11 23:00,23.16,
2026-05-12 00:00,23.157,
2026-05-12 01:00,23.155,
2026-05-12 02:00,23.152,
2026-05-12 03:00,23.151,
2026-05-12 04:00,23.148,
2026-05-12 05:00,23.15,
2026-05-12 06:00,23.148,
2026-05-12 07:00,23.146,
2026-05-12 08:00,23.142,
2026-05-12 09:00,23.139,
2026-05-12 10:00,23.138,
2026-05-12 11:00,23.135,
2026-05-12 12:00,23.134,
2026-05-12 13:00,23.131,
2026-05-12 14:00,23.121,
2026-05-12 15:00,23.129,
2026-05-12 16:00,23.129,
2026-05-12 17:00,23.117,
2026-05-12 18:00,23.13,
2026-05-12 19:00,23.146,
2026-05-12 20:00,23.147,
2026-05-12 21:00,23.147,
2026-05-12 22:00,23.147,
2026-05-12 23:00,23.151,
2026-05-13 00:00,23.216,
2026-05-13 01:00,23.4,
2026-05-13 02:00,23.476,
2026-05-13 03:00,23.499,
2026-05-13 04:00,23.504,
2026-05-13 05:00,23.493,
2026-05-13 06:00,23.472,
2026-05-13 07:00,23.446,
2026-05-13 08:00,23.421,
2026-05-13 09:00,23.397,
2026-05-13 10:00,23.377,
2026-05-13 11:00,23.359,
2026-05-13 12:00,23.345,
2026-05-13 13:00,23.331,
2026-05-13 14:00,23.319,
2026-05-13 15:00,23.309,
2026-05-13 16:00,23.3,
2026-05-13 17:00,23.278,
2026-05-13 18:00,23.291,
2026-05-13 19:00,23.289,
2026-05-13 20:00,23.294,
2026-05-13 21:00,23.29,
2026-05-13 22:00,23.299,
2026-05-13 23:00,23.318,
2026-05-14 00:00,23.36,
2026-05-14 01:00,23.417,
2026-05-14 02:00,23.454,
2026-05-14 03:00,23.463,
2026-05-14 04:00,23.449,
2026-05-14 05:00,23.429,
2026-05-14 06:00,23.407,
2026-05-14 07:00,23.392,
2026-05-14 08:00,23.379,
2026-05-14 09:00,23.367,
2026-05-14 10:00,23.357,
2026-05-14 11:00,23.348,
2026-05-14 12:00,23.339,
2026-05-14 13:00,23.331,
2026-05-14 14:00,23.323,
2026-05-14 15:00,23.313,
2026-05-14 16:00,23.308,
2026-05-14 17:00,23.299,
2026-05-14 18:00,23.292,
2026-05-14 19:00,23.285,
2026-05-14 20:00,23.279,
2026-05-14 21:00,23.275,
2026-05-14 22:00,23.27,
2026-05-14 23:00,23.265,
2026-05-15 00:00,23.261,
2026-05-15 01:00,23.257,
2026-05-15 02:00,23.253,
2026-05-15 03:00,23.25,
2026-05-15 04:00,23.249,
2026-05-15 05:00,23.247,
2026-05-15 06:00,23.244,
2026-05-15 07:00,23.241,
2026-05-15 08:00,23.237,
2026-05-15 09:00,23.235,
2026-05-15 10:00,23.233,
2026-05-15 11:00,23.229,
2026-05-15 12:00,23.228,
2026-05-15 13:00,23.224,
2026-05-15 14:00,23.223,
2026-05-15 15:00,23.223,
2026-05-15 16:00,23.22,
2026-05-15 17:00,23.217,
2026-05-15 18:00,23.215,
2026-05-15 19:00,23.212,
2026-05-15 20:00,23.212,
2026-05-15 21:00,23.196,
2026-05-15 22:00,23.209,
2026-05-15 23:00,23.207,
2026-05-16 00:00,23.207,
2026-05-16 01:00,23.206,
2026-05-16 02:00,23.207,
2026-05-16 03:00,23.208,
2026-05-16 04:00,23.207,
2026-05-16 05:00,23.206,
2026-05-16 06:00,23.207,
2026-05-16 07:00,23.206,
2026-05-16 08:00,23.207,
2026-05-16 09:00,23.206,
2026-05-16 10:00,23.212,
2026-05-16 11:00,23.218,
2026-05-16 12:00,23.223,
2026-05-16 13:00,23.229,
2026-05-16 14:00,23.231,
2026-05-16 15:00,23.234,
2026-05-16 16:00,23.235,
2026-05-16 17:00,23.235,
2026-05-16 18:00,23.234,
2026-05-16 19:00,23.233,
2026-05-16 20:00,23.232,
2026-05-16 21:00,23.231,
2026-05-16 22:00,23.23,
2026-05-16 23:00,23.23,
2026-05-17 00:00,23.229,
2026-05-17 01:00,23.228,
2026-05-17 02:00,23.227,
2026-05-17 03:00,23.226,
2026-05-17 04:00,23.224,
2026-05-17 05:00,23.223,
2026-05-17 06:00,23.222,
2026-05-17 07:00,23.22,
2026-05-17 08:00,23.217,
2026-05-17 09:00,23.216,
2026-05-17 10:00,23.213,
2026-05-17 11:00,23.211,
2026-05-17 12:00,23.209,
2026-05-17 13:00,23.205,
2026-05-17 14:00,23.205,
2026-05-17 15:00,23.203,
2026-05-17 16:00,23.203,
2026-05-17 17:00,23.197,
2026-05-17 18:00,23.204,
2026-05-17 19:00,23.207,
2026-05-17 20:00,23.21,
2026-05-17 21:00,23.21,
2026-05-17 22:00,23.209,
2026-05-17 23:00,23.208,
2026-05-18 00:00,23.206,
2026-05-18 01:00,23.204,
2026-05-18 02:00,23.201,
2026-05-18 03:00,23.201,
2026-05-18 04:00,23.199,
2026-05-18 05:00,23.197,
2026-05-18 06:00,23.195,
2026-05-18 07:00,23.194,
2026-05-18 08:00,23.191,
2026-05-18 09:00,23.193,
2026-05-18 10:00,23.192,
2026-05-18 11:00,23.191,
2026-05-18 12:00,23.19,
2026-05-18 13:00,23.19,
2026-05-18 14:00,23.187,
2026-05-18 15:00,23.186,
2026-05-18 16:00,23.185,
2026-05-18 17:00,23.184,
2026-05-18 18:00,23.181,
2026-05-18 19:00,23.181,
2026-05-18 20:00,23.178,
2026-05-18 21:00,23.176,
2026-05-18 22:00,23.162,
2026-05-18 23:00,23.177,
2026-05-19 00:00,23.175,
2026-05-19 01:00,23.174,
2026-05-19 02:00,23.174,
2026-05-19 03:00,23.176,
2026-05-19 04:00,23.175,
2026-05-19 05:00,23.173,
2026-05-19 06:00,23.17,
2026-05-19 07:00,23.17,
2026-05-19 08:00,23.168,
2026-05-19 09:00,23.167,
2026-05-19 10:00,23.166,
2026-05-19 11:00,23.166,
2026-05-19 12:00,23.164,
2026-05-19 13:00,23.165,
2026-05-19 14:00,23.166,
2026-05-19 15:00,23.165,
2026-05-19 16:00,23.163,
2026-05-19 17:00,23.164,
2026-05-19 18:00,23.165,
2026-05-19 19:00,23.164,
2026-05-19 20:00,23.163,
2026-05-19 21:00,23.163,
2026-05-19 22:00,23.163,
2026-05-19 23:00,23.166,
2026-05-20 00:00,23.165,
2026-05-20 01:00,23.165,
2026-05-20 02:00,23.168,
2026-05-20 03:00,23.167,
2026-05-20 04:00,23.167,
2026-05-20 05:00,23.166,
2026-05-20 06:00,23.165,
2026-05-20 07:00,23.165,
2026-05-20 08:00,23.166,
2026-05-20 09:00,23.164,
2026-05-20 10:00,23.165,
2026-05-20 11:00,23.165,
2026-05-20 12:00,23.164,
2026-05-20 13:00,23.155,
2026-05-20 14:00,23.178,
2026-05-20 15:00,23.179,
2026-05-20 16:00,23.179,
2026-05-20 17:00,23.175,
2026-05-20 18:00,23.178,
2026-05-20 19:00,23.181,
2026-05-20 20:00,23.186,
2026-05-20 21:00,23.193,
2026-05-20 22:00,23.198,
2026-05-20 23:00,23.203,
2026-05-21 00:00,23.206,
2026-05-21 01:00,23.208,
2026-05-21 02:00,23.211,
2026-05-21 03:00,23.212,
2026-05-21 04:00,23.213,
2026-05-21 05:00,23.212,
2026-05-21 06:00,23.213,
2026-05-21 07:00,23.21,
2026-05-21 08:00,23.209,
2026-05-21 09:00,23.208,
2026-05-21 10:00,23.207,
2026-05-21 11:00,23.208,
2026-05-21 12:00,23.207,
2026-05-21 13:00,23.206,
2026-05-21 14:00,23.207,
2026-05-21 15:00,23.207,
2026-05-21 16:00,23.212,
2026-05-21 17:00,23.208,
2026-05-21 18:00,23.206,
2026-05-21 19:00,23.204,
2026-05-21 20:00,23.203,
2026-05-21 21:00,23.203,
2026-05-21 22:00,23.202,
2026-05-21 23:00,23.199,
2026-05-22 00:00,23.198,
2026-05-22 01:00,23.196,
2026-05-22 02:00,23.193,
2026-05-22 03:00,23.193,
2026-05-22 04:00,23.191,
2026-05-22 05:00,23.189,
2026-05-22 06:00,23.186,
2026-05-22 07:00,23.186,
2026-05-22 08:00,23.184,
2026-05-22 09:00,23.182,
2026-05-22 10:00,23.18,
2026-05-22 11:00,23.179,
2026-05-22 12:00,23.177,
2026-05-22 13:00,23.176,
2026-05-22 14:00,23.175,
2026-05-22 15:00,23.174,
2026-05-22 16:00,23.171,
2026-05-22 17:00,23.17,
2026-05-22 18:00,23.17,
2026-05-22 19:00,23.169,
2026-05-22 20:00,23.167,
2026-05-22 21:00,23.166,
2026-05-22 22:00,23.165,
2026-05-22 23:00,23.164,
2026-05-23 00:00,23.161,
2026-05-23 01:00,23.162,
2026-05-23 02:00,23.161,
2026-05-23 03:00,23.159,
2026-05-23 04:00,23.158,
2026-05-23 05:00,23.157,
2026-05-23 06:00,23.156,
2026-05-23 07:00,23.155,
2026-05-23 08:00,23.153,
2026-05-23 09:00,23.152,
2026-05-23 10:00,23.151,
2026-05-23 11:00,23.15,
2026-05-23 12:00,23.149,
2026-05-23 13:00,23.149,
2026-05-23 14:00,23.149,
2026-05-23 15:00,23.147,
2026-05-23 16:00,23.147,
2026-05-23 17:00,23.145,
2026-05-23 18:00,23.144,
2026-05-23 19:00,23.143,
2026-05-23 20:00,23.191,
2026-05-23 21:00,23.2,
2026-05-23 22:00,23.209,
2026-05-23 23:00,23.212,
2026-05-24 00:00,23.218,
2026-05-24 01:00,23.23,
2026-05-24 02:00,23.268,
2026-05-24 03:00,23.332,
2026-05-24 04:00,23.372,
2026-05-24 05:00,23.387,
2026-05-24 06:00,23.389,
2026-05-24 07:00,23.384,
2026-05-24 08:00,23.372,
2026-05-24 09:00,23.361,
2026-05-24 10:00,23.345,
2026-05-24 11:00,23.334,
2026-05-24 12:00,23.32,
2026-05-24 13:00,23.312,
2026-05-24 14:00,23.303,
2026-05-24 15:00,23.296,
2026-05-24 16:00,23.291,
2026-05-24 17:00,23.285,
2026-05-24 18:00,23.281,
2026-05-24 19:00,23.276,
2026-05-24 20:00,23.269,
2026-05-24 21:00,23.265,
2026-05-24 22:00,23.261,
2026-05-24 23:00,23.259,
2026-05-25 00:00,23.253,
2026-05-25 01:00,23.248,
2026-05-25 02:00,23.243,
2026-05-25 03:00,23.239,
2026-05-25 04:00,23.238,
2026-05-25 05:00,23.233,
2026-05-25 06:00,23.229,
2026-05-25 07:00,23.227,
2026-05-25 08:00,23.223,
2026-05-25 09:00,23.221,
2026-05-25 10:00,23.219,
2026-05-25 11:00,23.216,
2026-05-25 12:00,23.214,
2026-05-25 13:00,23.213,
2026-05-25 14:00,23.209,
2026-05-25 15:00,23.207,
2026-05-25 16:00,23.206,
2026-05-25 17:00,23.205,
2026-05-25 18:00,23.206,
2026-05-25 19:00,23.203,
2026-05-25 20:00,23.201,
2026-05-25 21:00,23.199,
2026-05-25 22:00,23.19,
2026-05-25 23:00,23.195,
2026-05-26 00:00,23.196,
2026-05-26 01:00,23.193,
2026-05-26 02:00,23.192,
2026-05-26 03:00,23.192,
2026-05-26 04:00,23.19,
2026-05-26 05:00,23.189,
2026-05-26 06:00,23.189,
2026-05-26 07:00,23.187,
2026-05-26 08:00,23.187,
2026-05-26 09:00,23.186,
2026-05-26 10:00,23.186,
2026-05-26 11:00,23.185,
2026-05-26 12:00,23.182,
2026-05-26 13:00,23.182,
2026-05-26 14:00,23.183,
2026-05-26 15:00,23.181,
2026-05-26 16:00,23.181,
2026-05-26 17:00,23.18,
2026-05-26 18:00,23.18,
2026-05-26 19:00,23.178,
2026-05-26 20:00,23.175,
2026-05-26 21:00,23.175,
2026-05-26 22:00,23.174,
2026-05-26 23:00,23.172,
2026-05-27 00:00,23.171,
2026-05-27 01:00,23.17,
2026-05-27 02:00,23.169,
2026-05-27 03:00,23.17,
2026-05-27 04:00,23.169,
2026-05-27 05:00,23.169,
2026-05-27 06:00,23.17,
2026-05-27 07:00,23.168,
2026-05-27 08:00,23.166,
2026-05-27 09:00,23.166,
2026-05-27 10:00,23.165,
2026-05-27 11:00,23.165,
2026-05-27 12:00,23.164,
2026-05-27 13:00,23.163,
2026-05-27 14:00,23.163,
2026-05-27 15:00,23.163,
2026-05-27 16:00,23.162,
2026-05-27 17:00,23.16,
2026-05-27 18:00,23.159,
2026-05-27 19:00,23.158,
2026-05-27 20:00,23.157,
2026-05-27 21:00,23.156,
2026-05-27 22:00,23.154,
2026-05-27 23:00,23.152,
2026-05-28 00:00,23.152,
2026-05-28 01:00,23.152,
2026-05-28 02:00,23.151,
2026-05-28 03:00,23.149,
2026-05-28 04:00,23.148,
2026-05-28 05:00,23.147,
2026-05-28 06:00,23.148,
2026-05-28 07:00,23.147,
2026-05-28 08:00,23.145,
2026-05-28 09:00,23.144,
2026-05-28 10:00,23.144,
2026-05-28 11:00,23.141,
2026-05-28 12:00,23.14,
2026-05-28 13:00,23.139,
2026-05-28 14:00,23.138,
2026-05-28 15:00,23.135,
2026-05-28 16:00,23.135,
2026-05-28 17:00,23.136,
2026-05-28 18:00,23.134,
2026-05-28 19:00,23.131,
2026-05-28 20:00,23.132,
2026-05-28 21:00,23.134,
2026-05-28 22:00,23.134,
2026-05-28 23:00,23.134,
2026-05-29 00:00,23.132,
2026-05-29 01:00,23.131,
2026-05-29 02:00,23.131,
2026-05-29 03:00,23.131,
2026-05-29 04:00,23.13,
2026-05-29 05:00,23.128,
2026-05-29 06:00,23.128,
2026-05-29 07:00,23.127,
2026-05-29 08:00,23.126,
2026-05-29 09:00,23.125,
2026-05-29 10:00,23.125,
2026-05-29 11:00,23.124,
2026-05-29 12:00,23.123,
2026-05-29 13:00,23.127,
2026-05-29 14:00,23.129,
2026-05-29 15:00,23.129,
2026-05-29 16:00,23.128,
2026-05-29 17:00,23.127,
2026-05-29 18:00,23.127,
2026-05-29 19:00,23.127,
2026-05-29 20:00,23.127,
2026-05-29 21:00,23.126,
2026-05-29 22:00,23.127,
2026-05-29 23:00,23.125,
2026-05-30 00:00,23.128,
2026-05-30 01:00,23.13,
2026-05-30 02:00,23.131,
2026-05-30 03:00,23.134,
2026-05-30 04:00,23.137,
2026-05-30 05:00,23.137,
2026-05-30 06:00,23.142,
2026-05-30 07:00,23.141,
2026-05-30 08:00,23.141,
2026-05-30 09:00,23.141,
2026-05-30 10:00,23.14,
2026-05-30 11:00,23.139,
2026-05-30 12:00,23.138,
2026-05-30 13:00,23.135,
2026-05-30 14:00,23.133,
2026-05-30 15:00,23.135,
2026-05-30 16:00,23.133,
2026-05-30 17:00,23.133,
2026-05-30 18:00,23.132,
2026-05-30 19:00,23.133,
2026-05-30 20:00,23.132,
2026-05-30 21:00,23.131,
2026-05-30 22:00,23.131,
2026-05-30 23:00,23.132,
2026-05-31 00:00,23.133,
2026-05-31 01:00,23.133,
2026-05-31 02:00,23.132,
2026-05-31 03:00,23.132,
2026-05-31 04:00,23.13,
2026-05-31 05:00,23.132,
2026-05-31 06:00,23.133,
2026-05-31 07:00,23.132,
2026-05-31 08:00,23.132,
2026-05-31 09:00,23.133,
2026-05-31 10:00,23.132,
2026-05-31 11:00,23.131,
2026-05-31 12:00,23.131,
2026-05-31 13:00,23.131,
2026-05-31 14:00,23.129,
2026-05-31 15:00,23.129,
2026-05-31 16:00,23.128,
2026-05-31 17:00,23.128,
2026-05-31 18:00,23.127,
2026-05-31 19:00,23.126,
2026-05-31 20:00,23.125,
2026-05-31 21:00,23.125,
2026-05-31 22:00,23.125,
2026-05-31 23:00,23.127,
2026-06-01 00:00,23.128,
2026-06-01 01:00,23.13,
2026-06-01 02:00,23.13,
2026-06-01 03:00,23.131,
2026-06-01 04:00,23.132,
2026-06-01 05:00,23.13,
2026-06-01 06:00,23.131,
2026-06-01 07:00,23.132,
2026-06-01 08:00,23.132,
2026-06-01 09:00,23.131,
2026-06-01 10:00,23.132,
2026-06-01 11:00,23.132,
2026-06-01 12:00,23.133,
2026-06-01 13:00,23.12,
2026-06-01 14:00,23.137,
2026-06-01 15:00,23.139,
2026-06-01 16:00,23.139,
2026-06-01 17:00,23.142,
2026-06-01 18:00,23.145,
2026-06-01 19:00,23.147,
2026-06-01 20:00,23.15,
2026-06-01 21:00,23.15,
2026-06-01 22:00,23.149,
2026-06-01 23:00,23.151,
2026-06-02 00:00,23.149,
2026-06-02 01:00,23.148,
2026-06-02 02:00,23.147,
2026-06-02 03:00,23.146,
2026-06-02 04:00,23.145,
2026-06-02 05:00,23.144,
2026-06-02 06:00,23.145,
2026-06-02 07:00,23.143,
2026-06-02 08:00,23.143,
2026-06-02 09:00,23.14,
2026-06-02 10:00,23.141,
2026-06-02 11:00,23.139,
2026-06-02 12:00,23.138,
2026-06-02 13:00,23.137,
2026-06-02 14:00,23.136,
2026-06-02 15:00,23.136,
2026-06-02 16:00,23.135,
2026-06-02 17:00,23.135,
2026-06-02 18:00,23.134,
2026-06-02 19:00,23.134,
2026-06-02 20:00,23.134,
2026-06-02 21:00,23.134,
2026-06-02 22:00,23.133,
2026-06-02 23:00,23.134,
2026-06-03 00:00,23.133,
2026-06-03 01:00,23.134,
2026-06-03 02:00,23.131,
2026-06-03 03:00,23.133,
2026-06-03 04:00,23.132,
2026-06-03 05:00,23.132,
2026-06-03 06:00,23.132,
2026-06-03 07:00,23.133,
2026-06-03 08:00,23.133,
2026-06-03 09:00,23.132,
2026-06-03 10:00,23.132,
2026-06-03 11:00,23.131,
2026-06-03 12:00,23.13,
2026-06-03 13:00,23.13,
2026-06-03 14:00,23.13,
2026-06-03 15:00,23.131,
2026-06-03 16:00,23.13,
2026-06-03 17:00,23.131,
2026-06-03 18:00,23.129,
2026-06-03 19:00,23.13,
2026-06-03 20:00,23.128,
2026-06-03 21:00,23.128,
2026-06-03 22:00,23.127,
2026-06-03 23:00,23.127,
2026-06-04 00:00,23.128,
2026-06-04 01:00,23.129,
2026-06-04 02:00,23.13,
2026-06-04 03:00,23.13,
2026-06-04 04:00,23.131,
2026-06-04 05:00,23.133,
2026-06-04 06:00,23.134,
2026-06-04 07:00,23.137,
2026-06-04 08:00,23.14,
2026-06-04 09:00,23.141,
2026-06-04 10:00,23.141,
2026-06-04 11:00,23.142,
2026-06-04 12:00,23.143,
2026-06-04 13:00,23.143,
2026-06-04 14:00,23.143,
2026-06-04 16:00,23.141,
2026-06-04 17:00,23.141,
2026-06-04 18:00,23.139,
2026-06-04 19:00,23.138,
2026-06-04 20:00,23.138,
2026-06-04 21:00,23.136,
2026-06-04 22:00,23.135,
2026-06-04 23:00,23.134,
2026-06-05 00:00,23.133,
2026-06-05 01:00,23.132,
2026-06-05 02:00,23.132,
2026-06-05 03:00,23.13,
2026-06-05 04:00,23.13,
2026-06-05 05:00,23.129,
2026-06-05 06:00,23.129,
2026-06-05 07:00,23.129,
2026-06-05 08:00,23.128,
2026-06-05 09:00,23.128,
2026-06-05 10:00,23.127,
2026-06-05 11:00,23.126,
2026-06-05 12:00,23.126,
2026-06-05 13:00,23.125,
2026-06-05 14:00,23.124,
2026-06-05 15:00,23.122,
2026-06-05 16:00,23.122,
2026-06-05 17:00,23.122,
2026-06-05 18:00,23.119,
2026-06-05 19:00,23.119,
2026-06-05 20:00,23.119,
2026-06-05 21:00,23.118,
2026-06-05 22:00,23.119,
2026-06-05 23:00,23.119,
2026-06-06 00:00,23.119,
2026-06-06 01:00,23.119,
2026-06-06 02:00,23.118,
2026-06-06 03:00,23.12,
2026-06-06 04:00,23.12,
2026-06-06 05:00,23.12,
2026-06-06 06:00,23.119,
2026-06-06 07:00,23.119,
2026-06-06 08:00,23.118,
2026-06-06 09:00,23.116,
2026-06-06 10:00,23.116,
2026-06-06 11:00,23.116,
2026-06-06 12:00,23.114,
2026-06-06 13:00,23.113,
2026-06-06 14:00,23.113,
2026-06-06 15:00,23.112,
2026-06-06 16:00,23.11,
2026-06-06 17:00,23.11,
2026-06-06 18:00,23.108,
2026-06-06 19:00,23.107,
2026-06-06 20:00,23.106,
2026-06-06 21:00,23.106,
2026-06-06 22:00,23.105,
2026-06-06 23:00,23.104,
2026-06-07 00:00,23.104,
2026-06-07 01:00,23.103,
2026-06-07 02:00,23.104,
2026-06-07 03:00,23.11,
2026-06-07 04:00,23.12,
2026-06-07 05:00,23.131,
2026-06-07 06:00,23.141,
2026-06-07 07:00,23.149,
2026-06-07 08:00,23.153,
2026-06-07 09:00,23.154,
2026-06-07 10:00,23.155,
2026-06-07 11:00,23.156,
2026-06-07 12:00,23.15,
2026-06-07 13:00,23.154,
2026-06-07 14:00,23.152,
2026-06-07 15:00,23.15,
2026-06-07 16:00,23.147,
2026-06-07 17:00,23.144,
2026-06-07 18:00,23.144,
2026-06-07 19:00,23.14,
2026-06-07 20:00,23.138,
2026-06-07 21:00,23.137,
2026-06-07 22:00,23.134,
2026-06-07 23:00,23.132,
2026-06-08 00:00,23.131,
2026-06-08 01:00,23.129,
2026-06-08 02:00,23.126,
2026-06-08 03:00,23.126,
2026-06-08 04:00,23.124,
2026-06-08 05:00,23.123,
2026-06-08 06:00,23.121,
2026-06-08 07:00,23.12,
2026-06-08 08:00,23.12,
2026-06-08 09:00,23.118,
2026-06-08 10:00,23.115,
2026-06-08 11:00,23.115,
2026-06-08 12:00,23.113,
2026-06-08 13:00,23.112,
2026-06-08 14:00,23.109,
2026-06-08 15:00,23.109,
2026-06-08 16:00,23.108,
2026-06-08 17:00,23.108,
2026-06-08 18:00,23.109,
2026-06-08 19:00,23.108,
2026-06-08 20:00,23.108,
2026-06-08 21:00,23.107,
2026-06-08 22:00,23.107,
2026-06-08 23:00,23.106,
2026-06-09 00:00,23.106,
2026-06-09 01:00,23.106,
2026-06-09 02:00,23.105,
2026-06-09 03:00,23.106,
2026-06-09 04:00,23.105,
2026-06-09 05:00,23.107,
2026-06-09 06:00,23.107,
2026-06-09 07:00,23.107,
2026-06-09 08:00,23.107,
2026-06-09 09:00,23.106,
2026-06-09 10:00,23.106,
2026-06-09 11:00,23.104,
2026-06-09 12:00,23.105,
2026-06-09 13:00,23.105,
2026-06-09 14:00,23.106,
2026-06-09 15:00,23.104,
2026-06-09 16:00,23.104,
2026-06-09 17:00,23.101,
2026-06-09 18:00,23.1,
2026-06-09 19:00,23.097,
2026-06-09 20:00,23.096,
2026-06-09 21:00,23.093,
2026-06-09 22:00,23.091,
2026-06-09 23:00,23.09,
2026-06-10 00:00,23.087,
2026-06-10 01:00,23.085,
2026-06-10 02:00,23.085,
2026-06-10 03:00,23.082,
2026-06-10 04:00,23.082,
2026-06-10 05:00,23.082,
2026-06-10 06:00,23.081,
2026-06-10 07:00,23.08,
2026-06-10 08:00,23.081,
2026-06-10 09:00,23.078,
2026-06-10 10:00,23.078,
2026-06-10 11:00,23.077,
2026-06-10 12:00,23.078,
2026-06-10 13:00,23.077,
2026-06-10 14:00,23.077,
2026-06-10 15:00,23.076,
2026-06-10 16:00,23.074,
2026-06-10 17:00,23.08,
2026-06-10 18:00,23.081,
2026-06-10 19:00,23.081,
2026-06-10 20:00,23.081,
2026-06-10 21:00,23.081,
2026-06-10 22:00,23.082,
2026-06-10 23:00,23.082,
2026-06-11 00:00,23.083,
2026-06-11 01:00,23.085,
2026-06-11 02:00,23.088,
2026-06-11 03:00,23.088,
2026-06-11 04:00,23.089,
2026-06-11 05:00,23.088,
2026-06-11 06:00,23.088,
2026-06-11 07:00,23.088,
2026-06-11 08:00,23.086,
2026-06-11 09:00,23.086,
2026-06-11 10:00,23.085,
2026-06-11 11:00,23.085,
2026-06-11 12:00,23.084,
2026-06-11 13:00,23.084,
2026-06-11 14:00,23.084,
2026-06-11 15:00,23.085,
2026-06-11 16:00,23.085,
2026-06-11 17:00,23.084,
2026-06-11 18:00,23.084,
2026-06-11 19:00,23.083,
2026-06-11 20:00,23.081,
2026-06-11 21:00,23.082,
2026-06-11 22:00,23.083,
2026-06-11 23:00,23.083,
2026-06-12 00:00,23.081,
2026-06-12 01:00,23.084,
2026-06-12 02:00,23.085,
2026-06-12 03:00,23.087,
2026-06-12 04:00,23.089,
2026-06-12 05:00,23.092,
2026-06-12 06:00,23.096,
2026-06-12 07:00,23.097,
2026-06-12 08:00,23.098,
2026-06-12 09:00,23.101,
2026-06-12 10:00,23.103,
2026-06-12 11:00,23.104,
2026-06-12 12:00,23.105,
2026-06-12 13:00,23.105,
2026-06-12 14:00,23.105,
2026-06-12 15:00,23.105,
2026-06-12 16:00,23.104,
2026-06-12 17:00,23.103,
2026-06-12 18:00,23.101,
2026-06-12 19:00,23.099,
2026-06-12 20:00,23.097,
2026-06-12 21:00,23.096,
2026-06-12 22:00,23.094,
2026-06-12 23:00,23.093,
2026-06-13 00:00,23.092,
2026-06-13 01:00,23.092,
2026-06-13 02:00,23.09,
2026-06-13 03:00,23.089,
2026-06-13 04:00,23.089,
2026-06-13 05:00,23.088,
2026-06-13 06:00,23.088,
2026-06-13 07:00,23.088,
2026-06-13 08:00,23.085,
2026-06-13 09:00,23.087,
2026-06-13 10:00,23.084,
2026-06-13 11:00,23.085,
2026-06-13 12:00,23.085,
2026-06-13 13:00,23.084,
2026-06-13 14:00,23.081,
2026-06-13 15:00,23.08,
2026-06-13 16:00,23.079,
2026-06-13 17:00,23.079,
2026-06-13 18:00,23.079,
2026-06-13 19:00,23.079,
2026-06-13 20:00,23.082,
2026-06-13 21:00,23.087,
2026-06-13 22:00,23.094,
2026-06-13 23:00,23.102,
2026-06-14 00:00,23.108,
2026-06-14 01:00,23.114,
2026-06-14 02:00,23.117,
2026-06-14 03:00,23.119,
2026-06-14 04:00,23.121,
2026-06-14 05:00,23.121,
2026-06-14 06:00,23.121,
2026-06-14 07:00,23.124,
2026-06-14 08:00,23.122,
2026-06-14 09:00,23.12,
2026-06-14 10:00,23.119,
2026-06-14 11:00,23.116,
2026-06-14 12:00,23.115,
2026-06-14 13:00,23.114,
2026-06-14 14:00,23.113,
2026-06-14 15:00,23.112,
2026-06-14 16:00,23.153,
2026-06-14 17:00,23.183,
2026-06-14 18:00,23.188,
2026-06-14 19:00,23.184,
2026-06-14 20:00,23.178,
2026-06-14 21:00,23.174,
2026-06-14 22:00,23.173,
2026-06-14 23:00,23.171,
2026-06-15 00:00,23.167,
2026-06-15 01:00,23.164,
2026-06-15 02:00,23.159,
2026-06-15 03:00,23.158,
2026-06-15 04:00,23.157,
2026-06-15 05:00,23.155,
2026-06-15 06:00,23.153,
2026-06-15 07:00,23.147,
2026-06-15 08:00,23.145,
2026-06-15 09:00,23.142,
2026-06-15 10:00,23.139,
2026-06-15 11:00,23.134,
2026-06-15 12:00,23.133,
2026-06-15 13:00,23.131,
2026-06-15 14:00,23.129,
2026-06-15 15:00,23.127,
2026-06-15 16:00,23.126,
2026-06-15 17:00,23.125,
2026-06-15 18:00,23.126,
2026-06-15 19:00,23.128,
2026-06-15 20:00,23.131,
2026-06-15 21:00,23.134,
2026-06-15 22:00,23.136,
2026-06-15 23:00,23.137,
2026-06-16 00:00,23.138,
2026-06-16 01:00,23.139,
2026-06-16 02:00,23.139,
2026-06-16 03:00,23.141,
2026-06-16 04:00,23.142,
2026-06-16 05:00,23.144,
2026-06-16 06:00,23.143,
2026-06-16 07:00,23.144,
2026-06-16 08:00,23.141,
2026-06-16 09:00,23.141,
2026-06-16 10:00,23.14,
2026-06-16 11:00,23.141,
2026-06-16 12:00,23.138,
2026-06-16 13:00,23.139,
2026-06-16 14:00,23.138,
2026-06-16 15:00,23.136,
2026-06-16 16:00,23.134,
2026-06-16 17:00,23.133,
2026-06-16 18:00,23.13,
2026-06-16 19:00,23.129,
2026-06-16 20:00,23.127,
2026-06-16 21:00,23.126,
2026-06-16 22:00,23.126,
2026-06-16 23:00,23.123,
2026-06-17 00:00,23.123,
2026-06-17 01:00,23.121,
2026-06-17 02:00,23.119,
2026-06-17 03:00,23.119,
2026-06-17 04:00,23.12,
2026-06-17 05:00,23.117,
2026-06-17 06:00,23.117,
2026-06-17 07:00,23.114,
2026-06-17 08:00,23.112,
2026-06-17 09:00,23.111,
2026-06-17 10:00,23.109,
2026-06-17 11:00,23.108,
2026-06-17 12:00,23.107,
2026-06-17 13:00,23.112,
2026-06-17 14:00,23.136,
2026-06-17 15:00,23.162,
2026-06-17 16:00,23.186,
2026-06-17 17:00,23.193,
2026-06-17 18:00,23.197,
2026-06-17 19:00,23.19,
2026-06-17 20:00,23.206,
2026-06-17 21:00,23.209,
2026-06-17 22:00,23.22,
2026-06-17 23:00,23.248,
2026-06-18 00:00,23.279,
2026-06-18 01:00,23.3,
2026-06-18 02:00,23.306,
2026-06-18 03:00,23.309,
2026-06-18 04:00,23.306,
2026-06-18 05:00,23.302,
2026-06-18 06:00,23.292,
2026-06-18 07:00,23.284,
2026-06-18 08:00,23.28,
2026-06-18 09:00,23.28,
2026-06-18 10:00,23.276,
2026-06-18 11:00,23.273,
2026-06-18 12:00,23.269,
2026-06-18 13:00,23.266,
2026-06-18 14:00,23.262,
2026-06-18 15:00,23.258,
2026-06-18 16:00,23.253,
2026-06-18 17:00,23.249,
2026-06-18 18:00,23.246,
2026-06-18 19:00,23.244,
2026-06-18 20:00,23.231,
2026-06-18 21:00,23.266,
2026-06-18 22:00,23.283,
2026-06-18 23:00,23.316,
2026-06-19 00:00,23.435,
2026-06-19 01:00,23.513,
2026-06-19 02:00,23.53,
2026-06-19 03:00,23.515,
2026-06-19 04:00,23.484,
2026-06-19 05:00,23.449,
2026-06-19 06:00,23.422,
2026-06-19 07:00,23.414,
2026-06-19 08:00,23.41,
2026-06-19 09:00,23.4,
2026-06-19 10:00,23.385,
2026-06-19 11:00,23.37,
2026-06-19 12:00,23.355,
2026-06-19 13:00,23.343,
2026-06-19 14:00,23.334,
2026-06-19 15:00,23.325,
2026-06-19 16:00,23.317,
2026-06-19 17:00,23.311,
2026-06-19 18:00,23.304,
2026-06-19 19:00,23.299,
2026-06-19 20:00,23.293,
2026-06-19 21:00,23.287,
2026-06-19 22:00,23.283,
2026-06-19 23:00,23.278,
2026-06-20 00:00,23.275,
2026-06-20 01:00,23.272,
2026-06-20 02:00,23.268,
2026-06-20 03:00,23.263,
2026-06-20 04:00,23.26,
2026-06-20 05:00,23.257,
2026-06-20 06:00,23.253,
2026-06-20 07:00,23.249,
2026-06-20 08:00,23.246,
2026-06-20 09:00,23.243,
2026-06-20 10:00,23.24,
2026-06-20 11:00,23.238,
2026-06-20 12:00,23.235,
2026-06-20 13:00,23.233,
2026-06-20 14:00,23.231,
2026-06-20 15:00,23.231,
2026-06-20 16:00,23.229,
2026-06-20 17:00,23.221,
2026-06-20 18:00,23.226,
2026-06-20 19:00,23.224,
2026-06-20 20:00,23.207,
2026-06-20 21:00,23.229,
2026-06-20 22:00,23.228,
2026-06-20 23:00,23.225,
2026-06-21 00:00,23.224,
2026-06-21 01:00,23.223,
2026-06-21 02:00,23.221,
2026-06-21 03:00,23.219,
2026-06-21 04:00,23.216,
2026-06-21 05:00,23.213,
2026-06-21 06:00,23.21,
2026-06-21 07:00,23.207,
2026-06-21 08:00,23.204,
2026-06-21 09:00,23.203,
2026-06-21 10:00,23.205,
2026-06-21 11:00,23.209,
2026-06-21 12:00,23.212,
2026-06-21 13:00,23.214,
2026-06-21 14:00,23.216,
2026-06-21 15:00,23.214,
2026-06-21 16:00,23.211,
2026-06-21 17:00,23.202,
2026-06-21 18:00,23.204,
2026-06-21 19:00,23.204,
2026-06-21 20:00,23.202,
2026-06-21 21:00,23.204,
2026-06-21 22:00,23.207,
2026-06-21 23:00,23.21,
2026-06-22 00:00,23.239,
2026-06-22 01:00,23.304,
2026-06-22 02:00,23.357,
2026-06-22 03:00,23.387,
2026-06-22 04:00,23.401,
2026-06-22 05:00,23.402,
2026-06-22 06:00,23.399,
2026-06-22 07:00,23.396,
2026-06-22 08:00,23.395,
2026-06-22 09:00,23.388,
2026-06-22 10:00,23.382,
2026-06-22 11:00,23.372,
2026-06-22 12:00,23.359,
2026-06-22 13:00,23.349,
2026-06-22 14:00,23.339,
2026-06-22 15:00,23.329,
2026-06-22 16:00,23.322,
2026-06-22 17:00,23.313,
2026-06-22 18:00,23.305,
2026-06-22 19:00,23.299,
2026-06-22 20:00,23.293,
2026-06-22 21:00,23.287,
2026-06-22 22:00,23.282,
2026-06-22 23:00,23.278,
2026-06-23 00:00,23.272,
2026-06-23 01:00,23.269,
2026-06-23 02:00,23.264,
2026-06-23 03:00,23.26,
2026-06-23 04:00,23.257,
2026-06-23 05:00,23.252,
2026-06-23 06:00,23.251,
2026-06-23 07:00,23.247,
2026-06-23 08:00,23.245,
2026-06-23 09:00,23.24,
2026-06-23 10:00,23.239,
2026-06-23 11:00,23.236,
2026-06-23 12:00,23.233,
2026-06-23 13:00,23.231,
2026-06-23 14:00,23.23,
2026-06-23 15:00,23.227,
2026-06-23 16:00,23.226,
2026-06-23 17:00,23.224,
2026-06-23 18:00,23.224,
2026-06-23 19:00,23.238,
2026-06-23 20:00,23.284,
2026-06-23 21:00,23.317,
2026-06-23 22:00,23.338,
2026-06-23 23:00,23.359,
2026-06-24 00:00,23.374,
2026-06-24 01:00,23.373,
2026-06-24 02:00,23.364,
2026-06-24 03:00,23.358,
2026-06-24 04:00,23.349,
2026-06-24 05:00,23.339,
2026-06-24 06:00,23.33,
2026-06-24 07:00,23.321,
2026-06-24 08:00,23.313,
2026-06-24 09:00,23.306,
2026-06-24 10:00,23.299,
2026-06-24 11:00,23.292,
2026-06-24 12:00,23.286,
2026-06-24 13:00,23.281,
2026-06-24 14:00,23.276,
2026-06-24 15:00,23.272,
2026-06-24 16:00,23.27,
2026-06-24 17:00,23.266,
2026-06-24 18:00,23.263,
2026-06-24 19:00,23.248,
2026-06-24 20:00,23.261,
2026-06-24 21:00,23.26,
2026-06-24 22:00,23.26,
2026-06-24 23:00,23.262,
2026-06-25 00:00,23.269,
2026-06-25 01:00,23.272,
2026-06-25 02:00,23.283,
2026-06-25 03:00,23.3,
2026-06-25 04:00,23.319,
2026-06-25 05:00,23.326,
2026-06-25 06:00,23.326,
2026-06-25 07:00,23.323,
2026-06-25 08:00,23.314,
2026-06-25 09:00,23.309,
2026-06-25 10:00,23.301,
2026-06-25 11:00,23.296,
2026-06-25 12:00,23.29,
2026-06-25 13:00,23.287,
2026-06-25 14:00,23.282,
2026-06-25 15:00,23.279,
2026-06-25 16:00,23.274,
2026-06-25 17:00,23.272,
2026-06-25 18:00,23.268,
2026-06-25 19:00,23.266,
2026-06-25 20:00,23.261,
2026-06-25 21:00,23.257,
2026-06-25 22:00,23.254,
2026-06-25 23:00,23.251,
2026-06-26 00:00,23.25,
2026-06-26 01:00,23.248,
2026-06-26 02:00,23.247,
2026-06-26 03:00,23.247,
2026-06-26 04:00,23.246,
2026-06-26 05:00,23.246,
2026-06-26 06:00,23.244,
2026-06-26 07:00,23.243,
2026-06-26 08:00,23.241,
2026-06-26 09:00,23.238,
2026-06-26 10:00,23.237,
2026-06-26 11:00,23.235,
2026-06-26 12:00,23.233,
2026-06-26 13:00,23.23,
2026-06-26 14:00,23.23,
2026-06-26 15:00,23.227,
2026-06-26 16:00,23.227,
2026-06-26 17:00,23.224,
2026-06-26 18:00,23.223,
2026-06-26 19:00,23.222,
2026-06-26 20:00,23.221,
2026-06-26 21:00,23.219,
2026-06-26 22:00,23.217,
2026-06-26 23:00,23.216,
2026-06-27 00:00,23.215,
2026-06-27 01:00,23.214,
2026-06-27 02:00,23.211,
2026-06-27 03:00,23.211,
2026-06-27 04:00,23.209,
2026-06-27 05:00,23.21,
2026-06-27 06:00,23.208,
2026-06-27 07:00,23.207,
2026-06-27 08:00,23.205,
2026-06-27 09:00,23.204,
2026-06-27 10:00,23.203,
2026-06-27 11:00,23.202,
2026-06-27 12:00,23.201,
2026-06-27 13:00,23.197,
2026-06-27 14:00,23.2,
2026-06-27 15:00,23.197,
2026-06-27 16:00,23.198,
2026-06-27 17:00,23.197,
2026-06-27 18:00,23.197,
2026-06-27 19:00,23.196,
2026-06-27 20:00,23.195,
2026-06-27 21:00,23.193,
2026-06-27 22:00,23.193,
2026-06-27 23:00,23.193,
2026-06-28 00:00,23.191,
2026-06-28 01:00,23.19,
2026-06-28 02:00,23.189,
2026-06-28 03:00,23.186,
2026-06-28 04:00,23.186,
2026-06-28 05:00,23.183,
2026-06-28 06:00,23.183,
2026-06-28 07:00,23.184,
2026-06-28 08:00,23.182,
2026-06-28 09:00,23.181,
2026-06-28 10:00,23.179,
2026-06-28 11:00,23.178,
2026-06-28 12:00,23.177,
2026-06-28 13:00,23.177,
2026-06-28 14:00,23.177,
2026-06-28 15:00,23.175,
2026-06-28 16:00,23.174,
2026-06-28 17:00,23.174,
2026-06-28 18:00,23.174,
2026-06-28 19:00,23.172,
2026-06-28 20:00,23.173,
2026-06-28 21:00,23.184,
2026-06-28 22:00,23.218,
2026-06-28 23:00,23.258,
2026-06-29 00:00,23.285,
2026-06-29 01:00,23.304,
2026-06-29 02:00,23.319,
2026-06-29 03:00,23.328,
2026-06-29 04:00,23.328,
2026-06-29 05:00,23.32,
2026-06-29 06:00,23.308,
2026-06-29 07:00,23.298,
2026-06-29 08:00,23.286,
2026-06-29 09:00,23.278,
2026-06-29 10:00,23.269,
2026-06-29 11:00,23.262,
2026-06-29 12:00,23.258,
2026-06-29 13:00,23.252,
2026-06-29 14:00,23.248,
2026-06-29 15:00,23.243,
2026-06-29 16:00,23.238,
2026-06-29 17:00,23.237,
2026-06-29 18:00,23.232,
2026-06-29 19:00,23.228,
2026-06-29 20:00,23.224,
2026-06-29 21:00,23.221,
2026-06-29 22:00,23.218,
2026-06-29 23:00,23.215,
2026-06-30 00:00,23.213,
2026-06-30 01:00,23.21,
2026-06-30 02:00,23.209,
2026-06-30 03:00,23.208,
2026-06-30 04:00,23.206,
2026-06-30 05:00,23.204,
2026-06-30 06:00,23.202,
2026-06-30 07:00,23.199,
2026-06-30 08:00,23.198,
2026-06-30 09:00,23.197,
2026-06-30 10:00,23.195,
2026-06-30 11:00,23.192,
2026-06-30 12:00,23.191,
2026-06-30 13:00,23.19,
2026-06-30 14:00,23.188,
2026-06-30 15:00,23.188,
2026-06-30 16:00,23.186,
2026-06-30 17:00,23.185,
2026-06-30 18:00,23.185,
2026-06-30 19:00,23.183,
2026-06-30 20:00,23.182,
2026-06-30 21:00,23.181,
2026-06-30 22:00,23.181,
2026-06-30 23:00,23.179,
2026-07-01 00:00,23.178,
2026-07-01 01:00,23.178,
2026-07-01 02:00,23.178,
2026-07-01 03:00,23.179,
2026-07-01 04:00,23.179,
2026-07-01 05:00,23.179,
2026-07-01 06:00,23.18,
2026-07-01 07:00,23.18,
2026-07-01 08:00,23.179,
2026-07-01 09:00,23.179,
2026-07-01 10:00,23.179,
2026-07-01 11:00,23.178,
2026-07-01 12:00,23.177,
2026-07-01 13:00,23.164,
2026-07-01 14:00,23.177,
2026-07-01 15:00,23.178,
2026-07-01 16:00,23.176,
2026-07-01 17:00,23.176,
2026-07-01 18:00,23.177,
2026-07-01 19:00,23.176,
2026-07-01 20:00,23.174,
2026-07-01 21:00,23.178,
2026-07-01 22:00,23.174,
2026-07-01 23:00,23.175,
2026-07-02 00:00,23.174,
2026-07-02 01:00,23.174,
2026-07-02 02:00,23.173,
2026-07-02 03:00,23.174,
2026-07-02 04:00,23.176,
2026-07-02 05:00,23.176,
2026-07-02 06:00,23.176,
2026-07-02 07:00,23.175,
2026-07-02 08:00,23.175,
2026-07-02 09:00,23.175,
2026-07-02 10:00,23.175,
2026-07-02 11:00,23.174,
2026-07-02 12:00,23.175,
2026-07-02 13:00,23.172,
2026-07-02 14:00,23.173,
2026-07-02 15:00,23.173,
2026-07-02 16:00,23.173,
2026-07-02 17:00,23.173,
2026-07-02 18:00,23.175,
2026-07-02 19:00,23.174,
2026-07-02 20:00,23.177,
2026-07-02 21:00,23.18,
2026-07-02 22:00,23.182,
2026-07-02 23:00,23.183,
2026-07-03 00:00,23.184,
2026-07-03 01:00,23.184,
2026-07-03 02:00,23.183,
2026-07-03 03:00,23.185,
2026-07-03 04:00,23.185,
2026-07-03 05:00,23.187,
2026-07-03 06:00,23.187,
2026-07-03 07:00,23.187,
2026-07-03 08:00,23.187,
2026-07-03 09:00,23.189,
2026-07-03 10:00,23.188,
2026-07-03 11:00,23.19,
2026-07-03 12:00,23.191,
2026-07-03 13:00,23.19,
2026-07-03 14:00,23.19,
2026-07-03 15:00,23.188,
2026-07-03 16:00,23.188,
2026-07-03 17:00,23.188,
2026-07-03 18:00,23.183,
2026-07-03 19:00,23.181,
2026-07-03 20:00,23.18,
2026-07-03 21:00,23.18,
2026-07-03 22:00,23.177,
2026-07-03 23:00,23.178,
2026-07-04 00:00,23.177,
2026-07-04 01:00,23.174,
2026-07-04 02:00,23.175,
2026-07-04 03:00,23.173,
2026-07-04 04:00,23.172,
2026-07-04 05:00,23.173,
2026-07-04 06:00,23.172,
2026-07-04 07:00,23.17,
2026-07-04 08:00,23.169,
2026-07-04 09:00,23.169,
2026-07-04 10:00,23.167,
2026-07-04 11:00,23.165,
2026-07-04 12:00,23.164,
2026-07-04 13:00,23.164,
2026-07-04 14:00,23.167,
2026-07-04 15:00,23.165,
2026-07-04 16:00,23.162,
2026-07-04 17:00,23.16,
2026-07-04 18:00,23.158,
2026-07-04 19:00,23.157,
2026-07-04 20:00,23.156,
2026-07-04 21:00,23.156,
2026-07-04 22:00,23.155,
2026-07-04 23:00,23.155,
2026-07-05 00:00,23.153,
2026-07-05 01:00,23.153,
2026-07-05 02:00,23.152,
2026-07-05 03:00,23.154,
2026-07-05 04:00,23.154,
2026-07-05 05:00,23.152,
2026-07-05 06:00,23.151,
2026-07-05 07:00,23.15,
2026-07-05 08:00,23.149,
2026-07-05 09:00,23.147,
2026-07-05 10:00,23.146,
2026-07-05 11:00,23.145,
2026-07-05 12:00,23.144,
2026-07-05 13:00,23.142,
2026-07-05 14:00,23.142,
2026-07-05 15:00,23.139,
2026-07-05 16:00,23.139,
2026-07-05 17:00,23.142,
2026-07-05 18:00,23.142,
2026-07-05 19:00,23.141,
2026-07-05 20:00,23.141,
2026-07-05 21:00,23.14,
2026-07-05 22:00,23.14,
2026-07-05 23:00,23.138,
2026-07-06 00:00,23.137,
2026-07-06 01:00,23.137,
2026-07-06 02:00,23.137,
2026-07-06 03:00,23.136,
2026-07-06 04:00,23.137,
2026-07-06 05:00,23.135,
2026-07-06 06:00,23.135,
2026-07-06 07:00,23.134,
2026-07-06 08:00,23.134,
2026-07-06 09:00,23.132,
2026-07-06 10:00,23.13,
2026-07-06 11:00,23.13,
2026-07-06 12:00,23.127,
2026-07-06 13:00,23.125,
2026-07-06 14:00,23.121,
2026-07-06 15:00,23.119,
2026-07-06 16:00,23.118,
2026-07-06 17:00,23.114,
2026-07-06 18:00,23.115,
2026-07-06 19:00,23.112,
2026-07-06 20:00,23.111,
2026-07-06 21:00,23.11,
2026-07-06 22:00,23.109,
2026-07-06 23:00,23.11,
2026-07-07 00:00,23.108,
2026-07-07 01:00,23.108,
2026-07-07 02:00,23.108,
2026-07-07 03:00,23.108,
2026-07-07 04:00,23.107,
2026-07-07 05:00,23.107,
2026-07-07 06:00,23.107,
2026-07-07 07:00,23.106,
2026-07-07 08:00,23.106,
2026-07-07 09:00,23.105,
2026-07-07 10:00,23.103,
2026-07-07 11:00,23.101,
2026-07-07 12:00,23.1,
2026-07-07 13:00,23.098,
2026-07-07 14:00,23.098,
2026-07-07 15:00,23.097,
2026-07-07 16:00,23.095,
2026-07-07 17:00,23.094,
2026-07-07 18:00,23.093,
2026-07-07 19:00,23.092,
2026-07-07 20:00,23.091,
2026-07-07 21:00,23.09,
2026-07-07 22:00,23.089,
2026-07-07 23:00,23.089,
2026-07-08 00:00,23.087,
2026-07-08 01:00,23.087,
2026-07-08 02:00,23.087,
2026-07-08 03:00,23.086,
2026-07-08 04:00,23.087,
2026-07-08 05:00,23.087,
2026-07-08 06:00,23.087,
2026-07-08 07:00,23.086,
2026-07-08 08:00,23.086,
2026-07-08 09:00,23.085,
2026-07-08 10:00,23.085,
2026-07-08 11:00,23.085,
2026-07-08 12:00,23.082,
2026-07-08 13:00,23.082,
2026-07-08 14:00,23.08,
2026-07-08 15:00,23.079,
2026-07-08 16:00,23.078,
2026-07-08 17:00,23.077,
2026-07-08 18:00,23.076,
2026-07-08 19:00,23.076,
2026-07-08 20:00,23.077,
2026-07-08 21:00,23.076,
2026-07-08 22:00,23.076,
2026-07-08 23:00,23.075,
2026-07-09 00:00,23.077,
2026-07-09 01:00,23.078,
2026-07-09 02:00,23.079,
2026-07-09 03:00,23.079,
2026-07-09 04:00,23.081,
2026-07-09 05:00,23.082,
2026-07-09 06:00,23.082,
2026-07-09 07:00,23.081,
2026-07-09 08:00,23.081,
2026-07-09 09:00,23.079,
2026-07-09 10:00,23.078,
2026-07-09 11:00,23.077,
2026-07-09 12:00,23.075,
2026-07-09 13:00,23.075,
2026-07-09 14:00,23.075,
2026-07-09 15:00,23.073,
2026-07-09 16:00,23.072,
2026-07-09 17:00,23.074,
2026-07-09 18:00,23.079,
2026-07-09 19:00,23.081,
2026-07-09 20:00,23.081,
2026-07-09 21:00,23.078,
2026-07-09 22:00,23.078,
2026-07-09 23:00,23.073,
2026-07-10 00:00,23.072,
2026-07-10 01:00,23.07,
2026-07-10 02:00,23.069,
2026-07-10 03:00,23.068,
2026-07-10 04:00,23.068,
2026-07-10 05:00,23.068,
2026-07-10 06:00,23.067,
2026-07-10 07:00,23.068,
2026-07-10 08:00,23.067,
2026-07-10 09:00,23.068,
2026-07-10 10:00,23.069,
2026-07-10 11:00,23.068,
2026-07-10 12:00,23.067,
2026-07-10 13:00,23.066,
2026-07-10 14:00,23.065,
2026-07-10 15:00,23.064,
2026-07-10 16:00,23.066,
2026-07-10 17:00,23.066,
2026-07-10 18:00,23.064,
2026-07-10 19:00,23.062,
2026-07-10 20:00,23.062,
2026-07-10 21:00,23.061,
2026-07-10 22:00,23.06,
2026-07-10 23:00,23.059,
2026-07-11 00:00,23.059,
2026-07-11 01:00,23.059,
2026-07-11 02:00,23.059,
2026-07-11 03:00,23.059,
2026-07-11 04:00,23.059,
2026-07-11 05:00,23.06,
2026-07-11 06:00,23.062,
2026-07-11 07:00,23.064,
2026-07-11 08:00,23.062,
2026-07-11 09:00,23.062,
2026-07-11 10:00,23.063,
2026-07-11 11:00,23.061,
2026-07-11 12:00,23.061,
2026-07-11 13:00,23.059,
2026-07-11 14:00,23.059,
2026-07-11 15:00,23.059,
2026-07-11 16:00,23.061,
2026-07-11 17:00,23.063,
2026-07-11 18:00,23.065,
2026-07-11 19:00,23.066,
2026-07-11 20:00,23.065,
2026-07-11 21:00,23.066,
2026-07-11 22:00,23.065,
2026-07-11 23:00,23.064,
2026-07-12 00:00,23.065,
2026-07-12 01:00,23.065,
2026-07-12 02:00,23.065,
2026-07-12 03:00,23.064,
2026-07-12 04:00,23.064,
2026-07-12 05:00,23.064,
2026-07-12 06:00,23.063,
2026-07-12 07:00,23.065,
2026-07-12 08:00,23.066,
2026-07-12 09:00,23.065,
2026-07-12 10:00,23.065,
2026-07-12 11:00,23.064,
2026-07-12 12:00,23.064,
2026-07-12 13:00,23.064,
2026-07-12 14:00,23.063,
2026-07-12 15:00,23.061,
2026-07-12 16:00,23.06,
2026-07-12 17:00,23.058,
2026-07-12 18:00,23.057,
2026-07-12 19:00,23.056,
2026-07-12 20:00,23.055,
2026-07-12 21:00,23.055,
2026-07-12 22:00,23.051,
2026-07-12 23:00,23.051,
2026-07-13 00:00,23.051,
2026-07-13 01:00,23.049,
2026-07-13 02:00,23.049,
2026-07-13 03:00,23.049,
2026-07-13 04:00,23.048,
2026-07-13 05:00,23.048,
2026-07-13 06:00,23.047,
2026-07-13 07:00,23.049,
2026-07-13 08:00,23.047,
2026-07-13 09:00,23.046,
2026-07-13 10:00,23.045,
2026-07-13 11:00,23.045,
2026-07-13 12:00,23.044,
2026-07-13 13:00,23.044,
2026-07-13 14:00,23.042,
2026-07-13 15:00,23.043,
2026-07-13 16:00,23.044,
2026-07-13 17:00,23.043,
2026-07-13 18:00,23.041,
2026-07-13 19:00,23.041,
2026-07-13 20:00,23.04,
2026-07-13 21:00,23.04,
2026-07-13 22:00,23.039,
2026-07-13 23:00,23.039,
2026-07-14 00:00,23.038,
2026-07-14 01:00,23.037,
2026-07-14 02:00,23.037,
2026-07-14 03:00,23.037,
2026-07-14 04:00,23.036,
2026-07-14 05:00,23.037,
2026-07-14 06:00,23.037,
2026-07-14 07:00,23.069,
2026-07-14 08:00,23.084,
2026-07-14 09:00,23.096,
2026-07-14 10:00,23.101,
2026-07-14 11:00,23.106,
2026-07-14 12:00,23.106,
2026-07-14 13:00,23.108,
2026-07-14 14:00,23.109,
2026-07-14 15:00,23.109,
2026-07-14 16:00,23.109,
2026-07-14 17:00,23.109,
2026-07-14 18:00,23.11,
2026-07-14 19:00,23.109,
2026-07-14 20:00,23.108,
2026-07-14 21:00,23.106,
2026-07-14 22:00,23.104,
2026-07-14 23:00,23.102,
2026-07-15 00:00,23.1,
2026-07-15 01:00,23.099,
2026-07-15 02:00,23.098,
2026-07-15 03:00,23.099,
2026-07-15 04:00,23.098,
2026-07-15 05:00,23.096,
2026-07-15 06:00,23.095,
2026-07-15 07:00,23.095,
2026-07-15 08:00,23.094,
2026-07-15 09:00,23.094,
2026-07-15 10:00,23.092,
2026-07-15 11:00,23.091,
2026-07-15 12:00,23.088,
2026-07-15 13:00,23.112,
2026-07-15 14:00,23.171,
2026-07-15 15:00,23.22,
2026-07-15 16:00,23.244,
2026-07-15 17:00,23.241,
2026-07-15 18:00,23.235,
2026-07-15 19:00,23.222,
2026-07-15 20:00,23.222,
2026-07-15 21:00,23.234,
2026-07-15 22:00,23.243,
2026-07-15 23:00,23.242,
2026-07-16 00:00,23.244,
2026-07-16 01:00,23.249,
2026-07-16 02:00,23.252,
2026-07-16 03:00,23.254,
2026-07-16 04:00,23.254,
2026-07-16 05:00,23.256,
2026-07-16 06:00,23.259,
2026-07-16 07:00,23.265,
2026-07-16 08:00,23.27,
2026-07-16 09:00,23.275,
2026-07-16 10:00,23.276,
2026-07-16 11:00,23.275,
2026-07-16 12:00,23.271,
2026-07-16 13:00,23.266,
2026-07-16 14:00,23.259,
2026-07-16 15:00,23.252,
2026-07-16 16:00,23.246,
2026-07-16 17:00,23.24,
2026-07-16 18:00,23.235,
2026-07-16 19:00,23.231,
2026-07-16 20:00,23.227,
2026-07-16 21:00,23.206,
2026-07-16 22:00,23.231,
2026-07-16 23:00,23.227,
2026-07-17 00:00,23.224,
2026-07-17 01:00,23.227,
2026-07-17 02:00,23.278,
2026-07-17 03:00,23.535,
2026-07-17 04:00,23.661,
2026-07-17 05:00,23.727,
2026-07-17 06:00,23.743,
2026-07-17 07:00,23.73,
2026-07-17 08:00,23.7,
2026-07-17 09:00,23.656,
2026-07-17 10:00,23.61,
2026-07-17 11:00,23.564,
2026-07-17 12:00,23.523,
2026-07-17 13:00,23.489,
2026-07-17 14:00,23.473,
2026-07-17 15:00,23.449,
2026-07-17 16:00,23.425,
2026-07-17 17:00,23.39,
2026-07-17 18:00,23.391,
2026-07-17 19:00,23.374,
2026-07-17 20:00,23.364,
2026-07-17 21:00,23.355,
2026-07-17 22:00,23.367,
2026-07-17 23:00,23.682,
2026-07-18 00:00,23.889,
2026-07-18 01:00,23.994,
2026-07-18 02:00,24.056,
2026-07-18 03:00,24.104,
2026-07-18 04:00,24.108,
2026-07-18 05:00,24.086,
2026-07-18 06:00,24.033,
2026-07-18 07:00,23.953,
2026-07-18 08:00,23.858,
2026-07-18 09:00,23.772,
2026-07-18 10:00,23.704,
2026-07-18 11:00,23.65,
2026-07-18 12:00,23.611,
2026-07-18 13:00,23.579,
2026-07-18 14:00,23.549,
2026-07-18 15:00,23.526,
2026-07-18 16:00,23.504,
2026-07-18 17:00,23.484,
2026-07-18 18:00,23.467,
2026-07-18 19:00,23.452,
2026-07-18 20:00,23.437,
2026-07-18 21:00,23.423,
2026-07-18 22:00,23.409,
2026-07-18 23:00,23.396,
2026-07-19 00:00,23.387,
2026-07-19 01:00,23.376,
2026-07-19 02:00,23.365,
2026-07-19 03:00,23.357,
2026-07-19 04:00,23.349,
2026-07-19 05:00,23.341,
2026-07-19 06:00,23.334,
2026-07-19 07:00,23.326,
2026-07-19 08:00,23.319,
2026-07-19 09:00,23.313,
2026-07-19 10:00,23.306,
2026-07-19 11:00,23.3,
2026-07-19 12:00,23.294,
2026-07-19 13:00,23.288,
2026-07-19 14:00,23.283,
2026-07-19 15:00,23.281,
2026-07-19 16:00,23.277,
2026-07-19 17:00,23.27,
2026-07-19 18:00,23.265,
2026-07-19 19:00,23.259,
2026-07-19 20:00,23.254,
2026-07-19 21:00,23.25,
2026-07-19 22:00,23.247,
2026-07-19 23:00,23.241,
2026-07-20 00:00,23.236,
2026-07-20 01:00,23.232,
2026-07-20 02:00,23.228,
2026-07-20 03:00,23.224,
2026-07-20 04:00,23.22,
2026-07-20 05:00,23.221,
2026-07-20 06:00,23.22,
2026-07-20 07:00,23.221,
2026-07-20 08:00,23.22,
2026-07-20 09:00,23.216,
2026-07-20 10:00,23.213,
2026-07-20 11:00,23.209,
2026-07-20 12:00,23.204,
2026-07-20 13:00,23.202,
2026-07-20 14:00,23.199,
2026-07-20 15:00,23.196,
2026-07-20 16:00,23.192,
2026-07-20 17:00,23.191,
2026-07-20 18:00,23.188,
2026-07-20 19:00,23.183,
2026-07-20 20:00,23.181,
2026-07-20 21:00,23.176,
2026-07-20 22:00,23.175,
2026-07-20 23:00,23.172,
2026-07-21 00:00,23.172,
2026-07-21 01:00,23.178,
2026-07-21 02:00,23.193,
2026-07-21 03:00,23.207,
2026-07-21 04:00,23.213,
2026-07-21 05:00,23.213,
2026-07-21 06:00,23.211,
2026-07-21 07:00,23.208,
2026-07-21 08:00,23.203,
2026-07-21 09:00,23.199,
2026-07-21 10:00,23.196,
2026-07-21 11:00,23.191,
2026-07-21 12:00,23.186,
2026-07-21 13:00,23.183,
2026-07-21 14:00,23.179,
2026-07-21 15:00,23.174,
2026-07-21 16:00,23.17,
2026-07-21 17:00,23.164,
2026-07-21 18:00,23.159,
2026-07-21 19:00,23.156,
2026-07-21 20:00,23.152,
2026-07-21 21:00,23.148,
2026-07-21 22:00,23.143,
2026-07-21 23:00,23.139,
2026-07-22 00:00,23.134,
2026-07-22 01:00,23.131,
2026-07-22 02:00,23.127,
2026-07-22 03:00,23.124,
2026-07-22 04:00,23.123,
2026-07-22 05:00,23.119,
2026-07-22 06:00,23.116,
2026-07-22 07:00,23.114,
2026-07-22 08:00,23.11,
2026-07-22 09:00,23.108,
2026-07-22 10:00,23.106,
2026-07-22 11:00,23.103,
2026-07-22 12:00,23.101,
2026-07-22 13:00,23.098,
2026-07-22 14:00,23.094,
2026-07-22 15:00,23.093,
2026-07-22 16:00,23.089,
2026-07-22 17:00,23.087,
2026-07-22 18:00,23.086,
2026-07-22 19:00,23.084,
2026-07-22 20:00,23.082,
2026-07-22 21:00,23.08,
2026-07-22 22:00,23.078,
2026-07-22 23:00,23.075,
2026-07-23 00:00,23.074,
2026-07-23 01:00,23.072,
2026-07-23 02:00,23.069,
2026-07-23 03:00,23.068,
2026-07-23 04:00,23.066,
2026-07-23 05:00,23.066,
2026-07-23 06:00,23.064,
2026-07-23 07:00,23.064,
2026-07-23 08:00,23.063,
2026-07-23 09:00,23.06,
2026-07-23 10:00,23.058,
2026-07-23 11:00,23.056,
2026-07-23 12:00,23.054,
2026-07-23 13:00,23.054,
2026-07-23 14:00,23.052,
2026-07-23 15:00,23.05,
2026-07-23 16:00,23.048,
2026-07-23 17:00,23.046,
2026-07-23 18:00,23.044,
2026-07-23 19:00,23.044,
2026-07-23 20:00,23.042,
2026-07-23 21:00,23.04,
2026-07-23 22:00,23.037,
2026-07-23 23:00,23.035,
2026-07-24 00:00,23.035,
2026-07-24 01:00,23.034,
2026-07-24 02:00,23.032,
2026-07-24 03:00,23.03,
2026-07-24 04:00,23.031,
2026-07-24 05:00,23.031,
2026-07-24 06:00,23.03,
2026-07-24 07:00,23.028,
2026-07-24 08:00,23.027,
2026-07-24 09:00,23.025,
2026-07-24 10:00,23.025,
2026-07-24 11:00,23.024,
2026-07-24 12:00,23.022,
2026-07-24 13:00,23.025,
2026-07-24 14:00,23.027,
2026-07-24 15:00,23.029,
2026-07-24 16:00,23.031,
2026-07-24 17:00,23.033,
2026-07-24 18:00,23.034,
2026-07-24 19:00,23.036,
2026-07-24 20:00,23.037,
2026-07-24 21:00,23.039,
2026-07-24 22:00,23.04,
2026-07-24 23:00,23.042,
2026-07-25 00:00,23.043,
2026-07-25 01:00,23.045,
2026-07-25 02:00,23.046,
2026-07-25 03:00,23.047,
2026-07-25 04:00,23.049,
2026-07-25 05:00,23.051,
2026-07-25 06:00,23.052,
2026-07-25 07:00,23.05,
2026-07-25 08:00,23.051,
2026-07-25 09:00,23.047,
2026-07-25 10:00,23.046,
2026-07-25 11:00,23.043,
2026-07-25 12:00,23.044,
2026-07-25 13:00,23.041,
2026-07-25 14:00,23.038,
2026-07-25 15:00,23.037,
2026-07-25 16:00,23.036,
2026-07-25 17:00,23.033,
2026-07-25 18:00,23.03,
2026-07-25 19:00,23.028,
2026-07-25 20:00,23.027,
2026-07-25 21:00,23.025,
2026-07-25 22:00,23.022,
2026-07-25 23:00,23.022,
2026-07-26 00:00,23.02,
2026-07-26 01:00,23.019,
2026-07-26 02:00,23.016,
2026-07-26 03:00,23.016,
2026-07-26 04:00,23.014,
2026-07-26 05:00,23.014,
2026-07-26 06:00,23.011,
2026-07-26 07:00,23.011,
2026-07-26 08:00,23.01,
2026-07-26 09:00,23.009,
2026-07-26 10:00,23.008,
2026-07-26 11:00,23.006,
2026-07-26 12:00,23.004,
2026-07-26 13:00,23.005,
2026-07-26 14:00,23.005,
2026-07-26 15:00,23.005,
2026-07-26 16:00,23.003,
2026-07-26 17:00,23.004,
2026-07-26 18:00,23.001,
2026-07-26 19:00,23.0,
2026-07-26 20:00,22.999,
2026-07-26 21:00,22.999,
2026-07-26 22:00,23.0,
2026-07-26 23:00,23.0,
2026-07-27 00:00,23.003,
2026-07-27 01:00,23.003,
2026-07-27 02:00,23.003,
2026-07-27 03:00,23.003,
2026-07-27 04:00,23.003,
2026-07-27 05:00,23.003,
2026-07-27 06:00,23.003,
2026-07-27 07:00,23.003,
2026-07-27 08:00,23.003,
2026-07-27 09:00,23.003,
2026-07-27 10:00,23.003,
2026-07-27 11:00,23.003,
2026-07-27 12:00,23.003,
2026-07-27 13:00,23.003,
2026-07-27 14:00,23.003,
2026-07-27 15:00,23.003,
2026-07-27 16:00,23.002,
2026-07-27 17:00,23.002,
2026-07-27 18:00,23.001,
2026-07-27 19:00,23.001,
2026-07-27 20:00,23.0,
2026-07-27 21:00,22.999,
2026-07-27 22:00,22.997,
2026-07-27 23:00,22.996,
2026-07-28 00:00,22.996,
2026-07-28 01:00,22.994,
2026-07-28 02:00,22.994,
2026-07-28 03:00,22.992,
2026-07-28 04:00,22.993,
2026-07-28 05:00,22.99,
2026-07-28 06:00,22.99,
2026-07-28 07:00,22.987,
2026-07-28 08:00,22.985,
2026-07-28 09:00,22.985,
2026-07-28 10:00,22.981,
2026-07-28 11:00,22.981,
2026-07-28 12:00,22.98,
2026-07-28 13:00,22.981,
2026-07-28 14:00,22.979,
2026-07-28 15:00,22.979,
2026-07-28 16:00,22.974,
2026-07-28 17:00,22.973,
2026-07-28 18:00,22.974,
2026-07-28 19:00,22.973,
2026-07-28 20:00,22.971,
2026-07-28 21:00,22.97,
2026-07-28 22:00,22.969,
2026-07-28 23:00,22.969,
2026-07-29 00:00,22.967,
2026-07-29 01:00,22.968,
2026-07-29 02:00,22.966,
2026-07-29 03:00,22.958,
2026-07-29 04:00,22.962,
2026-07-29 05:00,22.968,
2026-07-29 06:00,22.97,
2026-07-29 07:00,22.97,
2026-07-29 08:00,22.971,
2026-07-29 09:00,22.971,
2026-07-29 10:00,22.971,
2026-07-29 11:00,22.968,
2026-07-29 12:00,22.967,
2026-07-29 13:00,22.968,
2026-07-29 14:00,22.969,
2026-07-29 15:00,22.97,
2026-07-29 16:00,22.97,
2026-07-29 17:00,22.968,
2026-07-29 18:00,22.968,
2026-07-29 19:00,22.968,
2026-07-29 20:00,22.969,
2026-07-29 21:00,22.97,
2026-07-29 22:00,22.971,
2026-07-29 23:00,22.972,
2026-07-30 00:00,22.973,
2026-07-30 01:00,22.973,
2026-07-30 02:00,22.974,
2026-07-30 03:00,22.975,
2026-07-30 04:00,22.976,
2026-07-30 05:00,22.978,
2026-07-30 06:00,22.983,
2026-07-30 07:00,22.984,
2026-07-30 08:00,22.986,
2026-07-30 09:00,22.987,
2026-07-30 10:00,22.987,
2026-07-30 11:00,22.987,
2026-07-30 12:00,22.987,
2026-07-30 13:00,22.986,
2026-07-30 14:00,22.985,
2026-07-30 15:00,22.984,
2026-07-30 16:00,22.983,
2026-07-30 17:00,22.981,
2026-07-30 18:00,22.979,
2026-07-30 19:00,22.977,
2026-07-30 20:00,22.976,
2026-07-30 21:00,22.972,
2026-07-30 22:00,22.971,
2026-07-30 23:00,22.97,
2026-07-31 00:00,22.969,
2026-07-31 01:00,22.965,
2026-07-31 02:00,22.964,
2026-07-31 03:00,22.965,
2026-07-31 04:00,22.965,
2026-07-31 05:00,22.964,
2026-07-31 06:00,22.963,
2026-07-31 07:00,22.962,
2026-07-31 08:00,22.962,
2026-07-31 09:00,22.959,
2026-07-31 10:00,22.958,
2026-07-31 11:00,22.957,
2026-07-31 12:00,22.956,
2026-07-31 13:00,22.954,
2026-07-31 14:00,22.953,
2026-07-31 15:00,22.997,
2026-07-31 16:00,23.001,
2026-07-31 17:00,22.999,
2026-07-31 18:00,22.987,
2026-07-31 19:00,22.98,
2026-07-31 20:00,22.975,
2026-07-31 21:00,22.972,
2026-07-31 22:00,22.968,
2026-07-31 23:00,22.965,
2026-08-01 00:00,22.962,
2026-08-01 01:00,22.96,
2026-08-01 02:00,22.96,
2026-08-01 03:00,22.96,
2026-08-01 04:00,22.961,
2026-08-01 05:00,22.96,
2026-08-01 06:00,22.962,
2026-08-01 07:00,22.963,
2026-08-01 08:00,22.959,
2026-08-01 09:00,22.96,
2026-08-01 10:00,22.957,
2026-08-01 11:00,22.955,
2026-08-01 12:00,22.954,
2026-08-01 13:00,22.954,
2026-08-01 14:00,22.952,
2026-08-01 15:00,22.951,
2026-08-01 16:00,22.951,
2026-08-01 17:00,22.965,
2026-08-01 18:00,22.978,
2026-08-01 19:00,22.985,
2026-08-01 20:00,22.99,
2026-08-01 21:00,22.994,
2026-08-01 22:00,22.997,
2026-08-01 23:00,22.996,
2026-08-02 00:00,23.006,
2026-08-02 01:00,23.008,
2026-08-02 02:00,23.01,
2026-08-02 03:00,23.011,
2026-08-02 04:00,23.009,
2026-08-02 05:00,23.009,
2026-08-02 06:00,23.009,
2026-08-02 07:00,23.011,
2026-08-02 08:00,23.013,
2026-08-02 09:00,23.013,
2026-08-02 10:00,23.015,
2026-08-02 11:00,23.018,
2026-08-02 12:00,23.021,
2026-08-02 13:00,23.024,
2026-08-02 14:00,23.025,
2026-08-02 15:00,23.022,
2026-08-02 16:00,23.016,
2026-08-02 17:00,23.015,
2026-08-02 18:00,23.011,
2026-08-02 19:00,23.006,
2026-08-02 20:00,23.005,
2026-08-02 21:00,23.002,
2026-08-02 22:00,22.999,
2026-08-02 23:00,22.998,
2026-08-03 00:00,22.996,
2026-08-03 01:00,22.995,
2026-08-03 02:00,22.993,
2026-08-03 03:00,22.992,
2026-08-03 04:00,22.989,
2026-08-03 05:00,22.991,
2026-08-03 06:00,22.991,
2026-08-03 07:00,22.988,
2026-08-03 08:00,22.986,
2026-08-03 09:00,22.985,
2026-08-03 10:00,22.983,
2026-08-03 11:00,22.982,
2026-08-03 12:00,22.982,
2026-08-03 13:00,23.007,
2026-08-03 14:00,23.067,
2026-08-03 15:00,23.101,
2026-08-03 16:00,23.111,
2026-08-03 17:00,23.113,
2026-08-03 18:00,23.109,
2026-08-03 19:00,23.093,
2026-08-03 20:00,23.097,
2026-08-03 21:00,23.089,
2026-08-03 22:00,23.081,
2026-08-03 23:00,23.076,
2026-08-04 00:00,23.07,
2026-08-04 01:00,23.064,
2026-08-04 02:00,23.061,
2026-08-04 03:00,23.057,
2026-08-04 04:00,23.057,
2026-08-04 05:00,23.058,
2026-08-04 06:00,23.061,
2026-08-04 07:00,23.064,
2026-08-04 08:00,23.064,
2026-08-04 09:00,23.063,
2026-08-04 10:00,23.062,
2026-08-04 11:00,23.068,
2026-08-04 12:00,23.073,
2026-08-04 13:00,23.077,
2026-08-04 14:00,23.077,
2026-08-04 15:00,23.075,
2026-08-04 16:00,23.071,
2026-08-04 17:00,23.067,
2026-08-04 18:00,23.063,
2026-08-04 19:00,23.062,
2026-08-04 20:00,23.056,
2026-08-04 21:00,23.051,
2026-08-04 22:00,23.047,
2026-08-04 23:00,23.044,
2026-08-05 00:00,23.04,
2026-08-05 01:00,23.038,
2026-08-05 02:00,23.036,
2026-08-05 03:00,23.038,
2026-08-05 04:00,23.04,
2026-08-05 05:00,23.047,
2026-08-05 06:00,23.05,
2026-08-05 07:00,23.053,
2026-08-05 08:00,23.054,
2026-08-05 09:00,23.052,
2026-08-05 10:00,23.049,
2026-08-05 11:00,23.048,
2026-08-05 12:00,23.042,
2026-08-05 13:00,23.04,
2026-08-05 14:00,23.034,
2026-08-05 15:00,23.03,
2026-08-05 16:00,23.026,
2026-08-05 17:00,23.022,
2026-08-05 18:00,23.019,
2026-08-05 19:00,23.014,
2026-08-05 20:00,23.011,
2026-08-05 21:00,23.009,
2026-08-05 22:00,23.005,
2026-08-05 23:00,23.004,
2026-08-06 00:00,23.002,
2026-08-06 01:00,23.0,
2026-08-06 02:00,22.996,
2026-08-06 03:00,22.994,
2026-08-06 04:00,22.993,
2026-08-06 05:00,22.991,
2026-08-06 06:00,22.99,
2026-08-06 07:00,22.988,
2026-08-06 08:00,22.989,
2026-08-06 09:00,22.986,
2026-08-06 10:00,22.983,
2026-08-06 11:00,22.982,
2026-08-06 12:00,22.979,
2026-08-06 13:00,22.978,
2026-08-06 14:00,22.976,
2026-08-06 15:00,22.974,
2026-08-06 16:00,22.972,
2026-08-06 17:00,22.97,
2026-08-06 18:00,22.967,
2026-08-06 19:00,22.971,
2026-08-06 20:00,22.969,
2026-08-06 21:00,22.969,
2026-08-06 22:00,22.967,
2026-08-06 23:00,22.97,
2026-08-07 00:00,22.975,
2026-08-07 01:00,22.978,
2026-08-07 02:00,22.977,
2026-08-07 03:00,22.975,
2026-08-07 04:00,22.971,
2026-08-07 05:00,22.97,
2026-08-07 06:00,22.968,
2026-08-07 07:00,22.967,
2026-08-07 08:00,22.966,
2026-08-07 09:00,22.966,
2026-08-07 10:00,22.965,
2026-08-07 11:00,22.964,
2026-08-07 12:00,22.964,
2026-08-07 13:00,22.964,
2026-08-07 14:00,22.964,
2026-08-07 15:00,22.966,
2026-08-07 16:00,22.969,
2026-08-07 17:00,22.97,
2026-08-07 18:00,22.976,
2026-08-07 19:00,22.978,
2026-08-07 20:00,22.983,
2026-08-07 21:00,22.986,
2026-08-07 22:00,22.988,
2026-08-07 23:00,22.989,
2026-08-08 00:00,22.989,
2026-08-08 01:00,22.989,
2026-08-08 02:00,22.988,
2026-08-08 03:00,22.989,
2026-08-08 04:00,22.987,
2026-08-08 05:00,22.988,
2026-08-08 06:00,22.988,
2026-08-08 07:00,22.986,
2026-08-08 08:00,22.984,
2026-08-08 09:00,22.984,
2026-08-08 10:00,22.981,
2026-08-08 11:00,22.98,
2026-08-08 12:00,22.979,
2026-08-08 13:00,22.978,
2026-08-08 14:00,22.976,
2026-08-08 15:00,22.973,
2026-08-08 16:00,22.972,
2026-08-08 17:00,22.969,
2026-08-08 18:00,22.967,
2026-08-08 19:00,22.965,
2026-08-08 20:00,22.963,
2026-08-08 21:00,22.962,
2026-08-08 22:00,22.96,
2026-08-08 23:00,22.958,
2026-08-09 00:00,22.957,
2026-08-09 01:00,22.958,
2026-08-09 02:00,22.957,
2026-08-09 03:00,22.956,
2026-08-09 04:00,22.955,
2026-08-09 05:00,22.955,
2026-08-09 06:00,22.956,
2026-08-09 07:00,22.955,
2026-08-09 08:00,22.955,
2026-08-09 09:00,22.954,
2026-08-09 10:00,22.953,
2026-08-09 11:00,22.951,
2026-08-09 12:00,22.95,
2026-08-09 13:00,22.949,
2026-08-09 14:00,22.949,
2026-08-09 15:00,22.949,
2026-08-09 16:00,22.946,
2026-08-09 17:00,22.945,
2026-08-09 18:00,22.943,
2026-08-09 19:00,22.942,
2026-08-09 20:00,22.94,
2026-08-09 21:00,22.939,
2026-08-09 22:00,22.94,
2026-08-09 23:00,22.961,
2026-08-10 00:00,22.999,
2026-08-10 01:00,23.016,
2026-08-10 02:00,23.014,
2026-08-10 03:00,23.006,
2026-08-10 04:00,22.994,
2026-08-10 05:00,22.984,
2026-08-10 06:00,22.974,
2026-08-10 07:00,22.969,
2026-08-10 08:00,22.961,
2026-08-10 09:00,22.956,
2026-08-10 10:00,22.95,
2026-08-10 11:00,22.945,
2026-08-10 12:00,22.941,
2026-08-10 13:00,22.938,
2026-08-10 14:00,22.936,
2026-08-10 15:00,22.933,
2026-08-10 16:00,22.931,
2026-08-10 17:00,22.929,
2026-08-10 18:00,22.927,
2026-08-10 19:00,22.924,
2026-08-10 20:00,22.924,
2026-08-10 21:00,22.92,
2026-08-10 22:00,22.919,
2026-08-10 23:00,22.919,
2026-08-11 00:00,22.918,
2026-08-11 01:00,22.918,
2026-08-11 02:00,22.916,
2026-08-11 03:00,22.915,
2026-08-11 04:00,22.917,
2026-08-11 05:00,22.915,
2026-08-11 06:00,22.916,
2026-08-11 07:00,22.915,
2026-08-11 08:00,22.915,
2026-08-11 09:00,22.913,
2026-08-11 10:00,22.913,
2026-08-11 11:00,22.911,
2026-08-11 12:00,22.91,
2026-08-11 13:00,22.908,
2026-08-11 14:00,22.907,
2026-08-11 15:00,22.909,
2026-08-11 16:00,22.909,
2026-08-11 17:00,22.907,
2026-08-11 18:00,22.906,
2026-08-11 19:00,22.906,
2026-08-11 20:00,22.906,
2026-08-11 21:00,22.905,
2026-08-11 22:00,22.905,
2026-08-11 23:00,22.904,
2026-08-12 00:00,22.904,
2026-08-12 01:00,22.905,
2026-08-12 02:00,22.905,
2026-08-12 03:00,22.908,
2026-08-12 04:00,22.91,
2026-08-12 05:00,22.911,
2026-08-12 06:00,22.914,
2026-08-12 07:00,22.916,
2026-08-12 08:00,22.916,
2026-08-12 09:00,22.917,
2026-08-12 10:00,22.919,
2026-08-12 11:00,22.919,
2026-08-12 12:00,22.921,
2026-08-12 13:00,22.923,
2026-08-12 14:00,22.924,
2026-08-12 15:00,22.927,
2026-08-12 16:00,22.928,
2026-08-12 17:00,22.929,
2026-08-12 18:00,22.931,
2026-08-12 19:00,22.932,
2026-08-12 20:00,22.941,
2026-08-12 21:00,22.944,
2026-08-12 22:00,22.944,
2026-08-12 23:00,22.941,
2026-08-13 00:00,22.937,
2026-08-13 01:00,22.937,
2026-08-13 02:00,22.938,
2026-08-13 03:00,22.94,
2026-08-13 04:00,22.944,
2026-08-13 05:00,22.952,
2026-08-13 06:00,22.958,
2026-08-13 07:00,22.973,
2026-08-13 08:00,22.989,
2026-08-13 09:00,23.011,
2026-08-13 10:00,23.029,
2026-08-13 11:00,23.044,
2026-08-13 12:00,23.053,
2026-08-13 13:00,23.061,
2026-08-13 14:00,23.062,
2026-08-13 15:00,23.063,
2026-08-13 16:00,23.064,
2026-08-13 17:00,23.063,
2026-08-13 18:00,23.06,
2026-08-13 19:00,23.056,
2026-08-13 20:00,23.051,
2026-08-13 21:00,23.048,
2026-08-13 22:00,23.042,
2026-08-13 23:00,23.037,
2026-08-14 00:00,23.032,
2026-08-14 01:00,23.026,
2026-08-14 02:00,23.021,
2026-08-14 03:00,23.017,
2026-08-14 04:00,23.013,
2026-08-14 05:00,23.008,
2026-08-14 06:00,23.005,
2026-08-14 07:00,23.001,
2026-08-14 08:00,22.998,
2026-08-14 09:00,22.993,
2026-08-14 10:00,22.991,
2026-08-14 11:00,22.987,
2026-08-14 12:00,22.984,
2026-08-14 13:00,22.975,
2026-08-14 14:00,22.978,
2026-08-14 15:00,22.975,
2026-08-14 16:00,22.973,
2026-08-14 17:00,22.971,
2026-08-14 18:00,22.969,
2026-08-14 19:00,22.966,
2026-08-14 20:00,22.964,
2026-08-14 21:00,22.962,
2026-08-14 22:00,22.959,
2026-08-14 23:00,22.958,
2026-08-15 00:00,22.955,
2026-08-15 01:00,22.953,
2026-08-15 02:00,22.951,
2026-08-15 03:00,22.95,
2026-08-15 04:00,22.949,
2026-08-15 05:00,22.949,
2026-08-15 06:00,22.95,
2026-08-15 07:00,22.95,
2026-08-15 08:00,22.948,
2026-08-15 09:00,22.949,
2026-08-15 10:00,22.947,
2026-08-15 11:00,22.949,
2026-08-15 12:00,22.949,
2026-08-15 13:00,22.95,
2026-08-15 14:00,22.952,
2026-08-15 15:00,22.954,
2026-08-15 16:00,22.953,
2026-08-15 17:00,22.954,
2026-08-15 18:00,22.952,
2026-08-15 19:00,22.949,
2026-08-15 20:00,22.946,
2026-08-15 21:00,22.944,
2026-08-15 22:00,22.941,
2026-08-15 23:00,22.941,
2026-08-16 00:00,22.94,
2026-08-16 01:00,22.939,
2026-08-16 02:00,22.937,
2026-08-16 03:00,22.938,
2026-08-16 04:00,22.935,
2026-08-16 05:00,22.937,
2026-08-16 06:00,22.936,
2026-08-16 07:00,22.935,
2026-08-16 08:00,22.932,
2026-08-16 09:00,22.93,
2026-08-16 10:00,22.928,
2026-08-16 11:00,22.927,
2026-08-16 12:00,22.925,
2026-08-16 13:00,22.913,
2026-08-16 14:00,22.923,
2026-08-16 15:00,22.923,
2026-08-16 16:00,22.92,
2026-08-16 17:00,22.918,
2026-08-16 18:00,22.913,
2026-08-16 19:00,22.911,
2026-08-16 20:00,22.908,
2026-08-16 21:00,22.905,
2026-08-16 22:00,22.905,
2026-08-16 23:00,22.906,
2026-08-17 00:00,22.905,
2026-08-17 01:00,22.904,
2026-08-17 02:00,22.905,
2026-08-17 03:00,22.904,
2026-08-17 04:00,22.906,
2026-08-17 05:00,22.907,
2026-08-17 06:00,22.906,
2026-08-17 07:00,22.908,
2026-08-17 08:00,22.908,
2026-08-17 09:00,22.908,
2026-08-17 10:00,22.909,
2026-08-17 11:00,22.91,
2026-08-17 12:00,22.91,
2026-08-17 13:00,22.911,
2026-08-17 14:00,22.912,
2026-08-17 15:00,22.912,
2026-08-17 16:00,22.911,
2026-08-17 17:00,22.91,
2026-08-17 18:00,22.909,
2026-08-17 19:00,22.907,
2026-08-17 20:00,22.908,
2026-08-17 21:00,22.907,
2026-08-17 22:00,22.904,
2026-08-17 23:00,22.906,
2026-08-18 00:00,22.906,
2026-08-18 01:00,22.907,
2026-08-18 02:00,22.906,
2026-08-18 03:00,22.906,
2026-08-18 04:00,22.907,
2026-08-18 05:00,22.906,
2026-08-18 06:00,22.906,
2026-08-18 07:00,22.906,
2026-08-18 08:00,22.905,
2026-08-18 09:00,22.903,
2026-08-18 10:00,22.903,
2026-08-18 11:00,22.903,
2026-08-18 12:00,22.902,
2026-08-18 13:00,22.901,
2026-08-18 14:00,22.901,
2026-08-18 15:00,22.901,
2026-08-18 16:00,22.901,
2026-08-18 17:00,22.899,
2026-08-18 18:00,22.898,
2026-08-18 19:00,22.898,
2026-08-18 20:00,22.896,
2026-08-18 21:00,22.895,
2026-08-18 22:00,22.895,
2026-08-18 23:00,22.894,
2026-08-19 00:00,22.894,
2026-08-19 01:00,22.893,
2026-08-19 02:00,22.893,
2026-08-19 03:00,22.892,
2026-08-19 04:00,22.891,
2026-08-19 05:00,22.891,
2026-08-19 06:00,22.891,
2026-08-19 07:00,22.891,
2026-08-19 08:00,22.891,
2026-08-19 09:00,22.89,
2026-08-19 10:00,22.89,
2026-08-19 11:00,22.89,
2026-08-19 12:00,22.889,
2026-08-19 13:00,22.888,
2026-08-19 14:00,22.886,
2026-08-19 15:00,22.885,
2026-08-19 16:00,22.886,
2026-08-19 17:00,22.885,
2026-08-19 18:00,22.883,
2026-08-19 19:00,22.882,
2026-08-19 20:00,22.881,
2026-08-19 21:00,22.88,
2026-08-19 22:00,22.879,
2026-08-19 23:00,22.881,
2026-08-20 00:00,22.879,
2026-08-20 01:00,22.879,
2026-08-20 02:00,22.879,
2026-08-20 03:00,22.88,
2026-08-20 04:00,22.88,
2026-08-20 05:00,22.88,
2026-08-20 06:00,22.88,
2026-08-20 07:00,22.882,
2026-08-20 08:00,22.881,
2026-08-20 09:00,22.881,
2026-08-20 10:00,22.881,
2026-08-20 11:00,22.881,
2026-08-20 12:00,22.883,
2026-08-20 13:00,22.883,
2026-08-20 14:00,22.882,
2026-08-20 15:00,22.883,
2026-08-20 16:00,22.883,
2026-08-20 17:00,22.884,
2026-08-20 18:00,22.883,
2026-08-20 19:00,22.884,
2026-08-20 20:00,22.882,
2026-08-20 21:00,22.883,
2026-08-20 22:00,22.884,
2026-08-20 23:00,22.884,
2026-08-21 00:00,22.885,
2026-08-21 01:00,22.884,
2026-08-21 02:00,22.884,
2026-08-21 03:00,22.884,
2026-08-21 04:00,22.884,
2026-08-21 05:00,22.884,
2026-08-21 06:00,22.884,
2026-08-21 07:00,22.884,
2026-08-21 08:00,22.883,
2026-08-21 09:00,22.883,
2026-08-21 10:00,22.881,
2026-08-21 11:00,22.881,
2026-08-21 12:00,22.88,
2026-08-21 13:00,22.88,
2026-08-21 14:00,22.879,
2026-08-21 15:00,22.88,
2026-08-21 16:00,22.88,
2026-08-21 17:00,22.882,
2026-08-21 18:00,22.883,
2026-08-21 19:00,22.884,
2026-08-21 20:00,22.885,
2026-08-21 21:00,22.885,
2026-08-21 22:00,22.883,
2026-08-21 23:00,22.883,
2026-08-22 00:00,22.884,
2026-08-22 01:00,22.884,
2026-08-22 02:00,22.884,
2026-08-22 03:00,22.884,
2026-08-22 04:00,22.885,
2026-08-22 05:00,22.888,
2026-08-22 06:00,22.888,
2026-08-22 07:00,22.89,
2026-08-22 08:00,22.89,
2026-08-22 09:00,22.89,
2026-08-22 10:00,22.891,
2026-08-22 11:00,22.892,
2026-08-22 12:00,22.893,
2026-08-22 13:00,22.896,
2026-08-22 14:00,22.899,
2026-08-22 15:00,22.902,
2026-08-22 16:00,22.907,
2026-08-22 17:00,22.914,
2026-08-22 18:00,22.919,
2026-08-22 19:00,22.924,
2026-08-22 20:00,22.926,
2026-08-22 21:00,22.933,
2026-08-22 22:00,22.94,
2026-08-22 23:00,22.947,
2026-08-23 00:00,22.956,
2026-08-23 01:00,22.964,
2026-08-23 02:00,22.973,
2026-08-23 03:00,22.979,
2026-08-23 04:00,22.985,
2026-08-23 05:00,22.989,
2026-08-23 06:00,22.993,
2026-08-23 07:00,22.994,
2026-08-23 08:00,22.994,
2026-08-23 09:00,22.994,
2026-08-23 10:00,22.995,
2026-08-23 11:00,22.995,
2026-08-23 12:00,22.992,
2026-08-23 13:00,22.992,
2026-08-23 14:00,22.991,
2026-08-23 15:00,22.991,
2026-08-23 16:00,22.988,
2026-08-23 17:00,22.985,
2026-08-23 18:00,22.982,
2026-08-23 19:00,22.979,
2026-08-23 20:00,22.975,
2026-08-23 21:00,22.973,
2026-08-23 22:00,22.97,
2026-08-23 23:00,22.967,
2026-08-24 00:00,22.964,
2026-08-24 01:00,22.962,
2026-08-24 02:00,22.959,
2026-08-24 03:00,22.956,
2026-08-24 04:00,22.955,
2026-08-24 05:00,22.951,
2026-08-24 06:00,22.949,
2026-08-24 07:00,22.948,
2026-08-24 08:00,22.946,
2026-08-24 09:00,22.943,
2026-08-24 10:00,22.941,
2026-08-24 11:00,22.941,
2026-08-24 12:00,22.941,
2026-08-24 13:00,22.941,
2026-08-24 14:00,22.938,
2026-08-24 15:00,22.939,
2026-08-24 16:00,22.937,
2026-08-24 17:00,22.938,
2026-08-24 18:00,22.935,
2026-08-24 19:00,22.934,
2026-08-24 20:00,22.932,
2026-08-24 21:00,22.93,
2026-08-24 22:00,22.929,
2026-08-24 23:00,22.926,
2026-08-25 00:00,22.925,
2026-08-25 01:00,22.925,
2026-08-25 02:00,22.923,
2026-08-25 03:00,22.924,
2026-08-25 04:00,22.923,
2026-08-25 05:00,22.922,
2026-08-25 06:00,22.923,
2026-08-25 07:00,22.923,
2026-08-25 08:00,22.922,
2026-08-25 09:00,22.923,
2026-08-25 10:00,22.92,
2026-08-25 11:00,22.92,
2026-08-25 12:00,22.921,
2026-08-25 13:00,22.919,
2026-08-25 14:00,22.952,
2026-08-25 15:00,22.965,
2026-08-25 16:00,22.97,
2026-08-25 17:00,22.973,
2026-08-25 18:00,22.97,
2026-08-25 19:00,22.968,
2026-08-25 20:00,22.967,
2026-08-25 21:00,22.97,
2026-08-25 22:00,22.975,
2026-08-25 23:00,22.981,
2026-08-26 00:00,22.985,
2026-08-26 01:00,22.99,
2026-08-26 02:00,22.991,
2026-08-26 03:00,22.994,
2026-08-26 04:00,22.993,
2026-08-26 05:00,22.993,
2026-08-26 06:00,22.991,
2026-08-26 07:00,22.99,
2026-08-26 08:00,22.988,
2026-08-26 09:00,22.986,
2026-08-26 10:00,22.984,
2026-08-26 11:00,22.982,
2026-08-26 12:00,22.979,
2026-08-26 13:00,22.978,
2026-08-26 14:00,22.98,
2026-08-26 15:00,22.979,
2026-08-26 16:00,22.979,
2026-08-26 17:00,22.978,
2026-08-26 18:00,22.977,
2026-08-26 19:00,22.978,
2026-08-26 20:00,22.978,
2026-08-26 21:00,22.977,
2026-08-26 22:00,22.975,
2026-08-26 23:00,22.974,
2026-08-27 00:00,22.974,
2026-08-27 01:00,22.973,
2026-08-27 02:00,22.971,
2026-08-27 03:00,22.971,
2026-08-27 04:00,22.97,
2026-08-27 05:00,22.968,
2026-08-27 06:00,22.969,
2026-08-27 07:00,22.968,
2026-08-27 08:00,22.966,
2026-08-27 09:00,22.965,
2026-08-27 10:00,22.965,
2026-08-27 11:00,22.964,
2026-08-27 12:00,22.962,
2026-08-27 13:00,22.963,
2026-08-27 14:00,22.962,
2026-08-27 15:00,22.962,
2026-08-27 16:00,22.96,
2026-08-27 17:00,22.959,
2026-08-27 18:00,22.958,
2026-08-27 19:00,22.956,
2026-08-27 20:00,22.956,
2026-08-27 21:00,22.954,
2026-08-27 22:00,22.954,
2026-08-27 23:00,22.953,
2026-08-28 00:00,22.952,
2026-08-28 01:00,22.951,
2026-08-28 02:00,22.95,
2026-08-28 03:00,22.95,
2026-08-28 04:00,22.948,
2026-08-28 05:00,22.948,
2026-08-28 06:00,22.945,
2026-08-28 07:00,22.946,
2026-08-28 08:00,22.945,
2026-08-28 09:00,22.944,
2026-08-28 10:00,22.943,
2026-08-28 11:00,22.943,
2026-08-28 12:00,22.941,
2026-08-28 13:00,22.94,
2026-08-28 14:00,22.938,
2026-08-28 15:00,22.937,
2026-08-28 16:00,22.937,
2026-08-28 17:00,22.937,
2026-08-28 18:00,22.936,
2026-08-28 19:00,22.933,
2026-08-28 20:00,22.933,
2026-08-28 21:00,22.93,
2026-08-28 22:00,22.929,
2026-08-28 23:00,22.929,
2026-08-29 00:00,22.927,
2026-08-29 01:00,22.925,
2026-08-29 02:00,22.923,
2026-08-29 03:00,22.923,
2026-08-29 04:00,22.922,
2026-08-29 05:00,22.92,
2026-08-29 06:00,22.921,
2026-08-29 07:00,22.92,
2026-08-29 08:00,22.919,
2026-08-29 09:00,22.918,
2026-08-29 10:00,22.917,
2026-08-29 11:00,22.916,
2026-08-29 12:00,22.912,
2026-08-29 13:00,22.935,
2026-08-29 14:00,22.951,
2026-08-29 15:00,22.959,
2026-08-29 16:00,22.963,
2026-08-29 17:00,22.963,
2026-08-29 18:00,22.96,
2026-08-29 19:00,22.957,
2026-08-29 20:00,22.954,
2026-08-29 21:00,22.952,
2026-08-29 22:00,22.951,
2026-08-29 23:00,22.95,
2026-08-30 00:00,22.95,
2026-08-30 01:00,22.948,
2026-08-30 02:00,22.948,
2026-08-30 03:00,22.948,
2026-08-30 04:00,22.946,
2026-08-30 05:00,22.944,
2026-08-30 06:00,22.944,
2026-08-30 07:00,22.945,
2026-08-30 08:00,22.945,
2026-08-30 09:00,22.944,
2026-08-30 10:00,22.947,
2026-08-30 11:00,22.948,
2026-08-30 12:00,22.949,
2026-08-30 13:00,22.949,
2026-08-30 14:00,22.949,
2026-08-30 15:00,22.95,
2026-08-30 16:00,22.954,
2026-08-30 17:00,22.957,
2026-08-30 18:00,22.96,
2026-08-30 19:00,22.964,
2026-08-30 20:00,22.969,
2026-08-30 21:00,22.974,
2026-08-30 22:00,22.978,
2026-08-30 23:00,22.982,
2026-08-31 00:00,22.986,
2026-08-31 01:00,22.989,
2026-08-31 02:00,22.988,
2026-08-31 03:00,22.988,
2026-08-31 04:00,22.989,
2026-08-31 05:00,22.987,
2026-08-31 06:00,22.986,
2026-08-31 07:00,22.985,
2026-08-31 08:00,22.983,
2026-08-31 09:00,22.98,
2026-08-31 10:00,22.978,
2026-08-31 11:00,22.978,
2026-08-31 12:00,22.976,
2026-08-31 13:00,22.974,
2026-08-31 14:00,22.97,
2026-08-31 15:00,22.969,
2026-08-31 16:00,22.968,
2026-08-31 17:00,22.967,
2026-08-31 18:00,22.964,
2026-08-31 19:00,22.962,
2026-08-31 20:00,22.959,
2026-08-31 21:00,22.957,
2026-08-31 22:00,22.954,
2026-08-31 23:00,22.953,
2026-09-01 00:00,22.948,
2026-09-01 01:00,22.946,
2026-09-01 02:00,22.946,
2026-09-01 03:00,22.944,
2026-09-01 04:00,22.944,
2026-09-01 05:00,22.942,
2026-09-01 06:00,22.941,
2026-09-01 07:00,22.94,
2026-09-01 08:00,22.937,
2026-09-01 09:00,22.936,
2026-09-01 10:00,22.935,
2026-09-01 11:00,22.934,
2026-09-01 12:00,22.932,
2026-09-01 13:00,22.931,
2026-09-01 14:00,22.931,
2026-09-01 15:00,22.93,
2026-09-01 16:00,22.929,
2026-09-01 17:00,22.929,
2026-09-01 18:00,22.927,
2026-09-01 19:00,22.925,
2026-09-01 20:00,22.923,
2026-09-01 21:00,22.921,
2026-09-01 22:00,22.918,
2026-09-01 23:00,22.918,
2026-09-02 00:00,22.915,
2026-09-02 01:00,22.914,
2026-09-02 02:00,22.913,
2026-09-02 03:00,22.914,
2026-09-02 04:00,22.913,
2026-09-02 05:00,22.912,
2026-09-02 06:00,22.913,
2026-09-02 07:00,22.911,
2026-09-02 08:00,22.91,
2026-09-02 09:00,22.91,
2026-09-02 10:00,22.908,
2026-09-02 11:00,22.907,
2026-09-02 12:00,22.907,
2026-09-02 13:00,22.906,
2026-09-02 14:00,22.906,
2026-09-02 15:00,22.906,
2026-09-02 16:00,22.906,
2026-09-02 17:00,22.905,
2026-09-02 18:00,22.907,
2026-09-02 19:00,22.906,
2026-09-02 20:00,22.907,
2026-09-02 21:00,22.908,
2026-09-02 22:00,22.907,
2026-09-02 23:00,22.907,
2026-09-03 00:00,22.907,
2026-09-03 01:00,22.907,
2026-09-03 02:00,22.906,
2026-09-03 03:00,22.907,
2026-09-03 04:00,22.907,
2026-09-03 05:00,22.907,
2026-09-03 06:00,22.908,
2026-09-03 07:00,22.908,
2026-09-03 08:00,22.908,
2026-09-03 09:00,22.908,
2026-09-03 10:00,22.907,
2026-09-03 11:00,22.907,
2026-09-03 12:00,22.905,
2026-09-03 13:00,22.907,
2026-09-03 14:00,22.906,
2026-09-03 15:00,22.906,
2026-09-03 16:00,22.905,
2026-09-03 17:00,22.908,
2026-09-03 18:00,22.908,
2026-09-03 19:00,22.907,
2026-09-03 20:00,22.906,
2026-09-03 21:00,22.905,
2026-09-03 22:00,22.905,
2026-09-03 23:00,22.904,
2026-09-04 00:00,22.904,
2026-09-04 01:00,22.905,
2026-09-04 02:00,22.905,
2026-09-04 03:00,22.903,
2026-09-04 04:00,22.905,
2026-09-04 05:00,22.904,
2026-09-04 06:00,22.904,
2026-09-04 07:00,22.904,
2026-09-04 08:00,22.903,
2026-09-04 09:00,22.902,
2026-09-04 10:00,22.901,
2026-09-04 11:00,22.908,
2026-09-04 12:00,22.915,
2026-09-04 13:00,22.915,
2026-09-04 14:00,22.915,
2026-09-04 15:00,22.914,
2026-09-04 16:00,22.914,
2026-09-04 17:00,22.913,
2026-09-04 18:00,22.913,
2026-09-04 19:00,22.912,
2026-09-04 20:00,22.912,
2026-09-04 21:00,22.911,
2026-09-04 22:00,22.91,
2026-09-04 23:00,22.911,
2026-09-05 00:00,22.912,
2026-09-05 01:00,22.911,
2026-09-05 02:00,22.91,
2026-09-05 03:00,22.913,
2026-09-05 04:00,22.913,
2026-09-05 05:00,22.913,
2026-09-05 06:00,22.913,
2026-09-05 07:00,22.914,
2026-09-05 08:00,22.914,
2026-09-05 09:00,22.913,
2026-09-05 10:00,22.912,
2026-09-05 11:00,22.901,
2026-09-05 12:00,22.872,
2026-09-05 13:00,22.854,
2026-09-05 14:00,22.843,
2026-09-05 15:00,22.831,
2026-09-05 16:00,22.826,
2026-09-05 17:00,22.824,
2026-09-05 18:00,22.823,
2026-09-05 19:00,22.822,
2026-09-05 20:00,22.82,
2026-09-05 21:00,22.816,
2026-09-05 22:00,22.816,
2026-09-05 23:00,22.816,
2026-09-06 00:00,22.816,
2026-09-06 01:00,22.815,
2026-09-06 02:00,22.819,
2026-09-06 03:00,22.821,
2026-09-06 04:00,22.821,
2026-09-06 05:00,22.821,
2026-09-06 06:00,22.822,
2026-09-06 07:00,22.822,
2026-09-06 08:00,22.824,
2026-09-06 09:00,22.823,
2026-09-06 10:00,22.822,
2026-09-06 11:00,22.822,
2026-09-06 12:00,22.82,
2026-09-06 13:00,22.819,
2026-09-06 14:00,22.82,
2026-09-06 15:00,22.82,
2026-09-06 16:00,22.82,
2026-09-06 17:00,22.822,
2026-09-06 18:00,22.82,
2026-09-06 19:00,22.817,
2026-09-06 20:00,22.817,
2026-09-06 21:00,22.813,
2026-09-06 22:00,22.812,
2026-09-06 23:00,22.811,
2026-09-07 00:00,22.812,
2026-09-07 01:00,22.81,
2026-09-07 02:00,22.81,
2026-09-07 03:00,22.811,
2026-09-07 04:00,22.814,
2026-09-07 05:00,22.813,
2026-09-07 06:00,22.813,
2026-09-07 07:00,22.812,
2026-09-07 08:00,22.811,
2026-09-07 09:00,22.81,
2026-09-07 10:00,22.81,
2026-09-07 11:00,22.809,
2026-09-07 12:00,22.809,
2026-09-07 13:00,22.808,
2026-09-07 14:00,22.808,
2026-09-07 15:00,22.808,
2026-09-07 16:00,22.808,
2026-09-07 17:00,22.808,
2026-09-07 18:00,22.807,
2026-09-07 19:00,22.806,
2026-09-07 20:00,22.805,
2026-09-07 21:00,22.804,
2026-09-07 22:00,22.804,
2026-09-07 23:00,22.804,
2026-09-08 00:00,22.804,
2026-09-08 01:00,22.803,
2026-09-08 02:00,22.803,
2026-09-08 03:00,22.802,
2026-09-08 04:00,22.802,
2026-09-08 05:00,22.802,
2026-09-08 06:00,22.802,
2026-09-08 07:00,22.804,
2026-09-08 08:00,22.806,
2026-09-08 09:00,22.806,
2026-09-08 10:00,22.806,
2026-09-08 11:00,22.805,
2026-09-08 12:00,22.805,
2026-09-08 13:00,22.805,
2026-09-08 14:00,22.804,
2026-09-08 15:00,22.805,
2026-09-08 16:00,22.805,
2026-09-08 17:00,22.806,
2026-09-08 18:00,22.805,
2026-09-08 19:00,22.806,
2026-09-08 20:00,22.805,
2026-09-08 21:00,22.804,
2026-09-08 22:00,22.803,
2026-09-08 23:00,22.802,
2026-09-09 00:00,22.803,
2026-09-09 01:00,22.802,
2026-09-09 02:00,22.801,
2026-09-09 03:00,22.802,
2026-09-09 04:00,22.802,
2026-09-09 05:00,22.802,
2026-09-09 06:00,22.804,
2026-09-09 07:00,22.803,
2026-09-09 08:00,22.801,
2026-09-09 09:00,22.801,
2026-09-09 10:00,22.8,
2026-09-09 11:00,22.8,
2026-09-09 12:00,22.799,
2026-09-09 13:00,22.799,
2026-09-09 14:00,22.801,
2026-09-09 15:00,22.802,
2026-09-09 16:00,22.805,
2026-09-09 17:00,22.807,
2026-09-09 18:00,22.809,
2026-09-09 19:00,22.809,
2026-09-09 20:00,22.809,
2026-09-09 21:00,22.811,
2026-09-09 22:00,22.81,
2026-09-09 23:00,22.812,
2026-09-10 00:00,22.812,
2026-09-10 01:00,22.811,
2026-09-10 02:00,22.812,
2026-09-10 03:00,22.812,
2026-09-10 04:00,22.813,
2026-09-10 05:00,22.814,
2026-09-10 06:00,22.817,
2026-09-10 07:00,22.818,
2026-09-10 08:00,22.816,
2026-09-10 09:00,22.814,
2026-09-10 10:00,22.815,
2026-09-10 11:00,22.815,
2026-09-10 12:00,22.814,
2026-09-10 13:00,22.815,
2026-09-10 14:00,22.815,
2026-09-10 15:00,22.818,
2026-09-10 16:00,22.82,
2026-09-10 17:00,22.834,
2026-09-10 18:00,22.848,
2026-09-10 19:00,22.85,
2026-09-10 20:00,22.851,
2026-09-10 21:00,22.847,
2026-09-10 22:00,22.841,
2026-09-10 23:00,22.837,
2026-09-11 00:00,22.831,
2026-09-11 01:00,22.826,
2026-09-11 02:00,22.82,
2026-09-11 03:00,22.814,
2026-09-11 04:00,22.811,
2026-09-11 05:00,22.807,
2026-09-11 06:00,22.805,
2026-09-11 07:00,22.806,
2026-09-11 08:00,22.809,
2026-09-11 09:00,22.809,
2026-09-11 10:00,22.812,
2026-09-11 11:00,22.813,
2026-09-11 12:00,22.816,
2026-09-11 13:00,22.822,
2026-09-11 14:00,22.825,
2026-09-11 15:00,22.829,
2026-09-11 16:00,22.833,
2026-09-11 17:00,22.837,
2026-09-11 18:00,22.84,
2026-09-11 19:00,22.843,
2026-09-11 20:00,22.844,
2026-09-11 21:00,22.843,
2026-09-11 22:00,22.843,
2026-09-11 23:00,22.842,
2026-09-12 00:00,22.843,
2026-09-12 01:00,22.843,
2026-09-12 02:00,22.844,
2026-09-12 03:00,22.844,
2026-09-12 04:00,22.845,
2026-09-12 05:00,22.848,
2026-09-12 06:00,22.853,
2026-09-12 07:00,22.856,
2026-09-12 08:00,22.857,
2026-09-12 09:00,22.857,
2026-09-12 10:00,22.856,
2026-09-12 11:00,22.857,
2026-09-12 12:00,22.856,
2026-09-12 13:00,22.857,
2026-09-12 14:00,22.857,
2026-09-12 15:00,22.86,
2026-09-12 16:00,22.857,
2026-09-12 17:00,22.855,
2026-09-12 18:00,22.854,
2026-09-12 19:00,22.852,
2026-09-12 20:00,22.852,
2026-09-12 21:00,22.852,
2026-09-12 22:00,22.853,
2026-09-12 23:00,22.853,
2026-09-13 00:00,22.853,
2026-09-13 01:00,22.854,
2026-09-13 02:00,22.857,
2026-09-13 03:00,22.859,
2026-09-13 04:00,22.861,
2026-09-13 05:00,22.861,
2026-09-13 06:00,22.864,
2026-09-13 07:00,22.865,
2026-09-13 08:00,22.867,
2026-09-13 09:00,22.866,
2026-09-13 10:00,22.866,
2026-09-13 11:00,22.866,
2026-09-13 12:00,22.866,
2026-09-13 13:00,22.868,
2026-09-13 14:00,22.868,
2026-09-13 15:00,22.87,
2026-09-13 16:00,22.869,
2026-09-13 17:00,22.87,
2026-09-13 18:00,22.868,
2026-09-13 19:00,22.869,
2026-09-13 20:00,22.881,
2026-09-13 21:00,22.887,
2026-09-13 22:00,22.887,
2026-09-13 23:00,22.885,
2026-09-14 00:00,22.891,
2026-09-14 01:00,22.891,
2026-09-14 02:00,22.89,
2026-09-14 03:00,22.887,
2026-09-14 04:00,22.884,
2026-09-14 05:00,22.88,
2026-09-14 06:00,22.877,
2026-09-14 07:00,22.874,
2026-09-14 08:00,22.871,
2026-09-14 09:00,22.87,
2026-09-14 10:00,22.868,
2026-09-14 11:00,22.865,
2026-09-14 12:00,22.863,
2026-09-14 13:00,22.863,
2026-09-14 14:00,22.863,
2026-09-14 15:00,22.863,
2026-09-14 16:00,22.864,
2026-09-14 17:00,22.867,
2026-09-14 18:00,22.872,
2026-09-14 19:00,22.872,
2026-09-14 20:00,22.875,
2026-09-14 21:00,22.875,
2026-09-14 22:00,22.876,
2026-09-14 23:00,22.877,
2026-09-15 00:00,22.877,
2026-09-15 01:00,22.879,
2026-09-15 02:00,22.881,
2026-09-15 03:00,22.883,
2026-09-15 04:00,22.887,
2026-09-15 05:00,22.889,
2026-09-15 06:00,22.892,
2026-09-15 07:00,22.892,
2026-09-15 08:00,22.894,
2026-09-15 09:00,22.894,
2026-09-15 10:00,22.896,
2026-09-15 11:00,22.897,
2026-09-15 12:00,22.898,
2026-09-15 13:00,22.9,
2026-09-15 14:00,22.903,
2026-09-15 15:00,22.908,
2026-09-15 16:00,22.915,
2026-09-15 17:00,22.926,
2026-09-15 18:00,22.949,
2026-09-15 19:00,22.956,
2026-09-15 20:00,22.959,
2026-09-15 21:00,22.961,
2026-09-15 22:00,22.961,
2026-09-15 23:00,22.981,
2026-09-16 00:00,22.987,
2026-09-16 01:00,22.983,
2026-09-16 02:00,23.04,
2026-09-16 03:00,23.099,
2026-09-16 04:00,23.129,
2026-09-16 05:00,23.115,
2026-09-16 06:00,23.085,
2026-09-16 07:00,23.057,
2026-09-16 08:00,23.034,
2026-09-16 09:00,23.018,
2026-09-16 10:00,23.003,
2026-09-16 11:00,22.989,
2026-09-16 12:00,22.98,
2026-09-16 13:00,22.974,
2026-09-16 14:00,22.968,
2026-09-16 15:00,22.963,
2026-09-16 16:00,22.96,
2026-09-16 17:00,22.957,
2026-09-16 18:00,22.957,
2026-09-16 19:00,22.956,
2026-09-16 20:00,22.956,
2026-09-16 21:00,22.959,
2026-09-16 22:00,22.958,
2026-09-16 23:00,22.959,
2026-09-17 00:00,22.96,
2026-09-17 01:00,22.961,
2026-09-17 02:00,22.959,
2026-09-17 03:00,22.959,
2026-09-17 04:00,22.957,
2026-09-17 05:00,22.956,
2026-09-17 06:00,22.953,
2026-09-17 07:00,22.95,
2026-09-17 08:00,22.947,
2026-09-17 09:00,22.944,
2026-09-17 10:00,22.941,
2026-09-17 11:00,22.939,
2026-09-17 12:00,22.936,
2026-09-17 13:00,22.934,
2026-09-17 14:00,22.934,
2026-09-17 15:00,22.936,
2026-09-17 16:00,22.938,
2026-09-17 17:00,22.94,
2026-09-17 18:00,22.936,
2026-09-17 19:00,22.969,
2026-09-17 20:00,22.977,
2026-09-17 21:00,22.984,
2026-09-17 22:00,22.99,
2026-09-17 23:00,22.994,
2026-09-18 00:00,23.001,
2026-09-18 01:00,23.004,
2026-09-18 02:00,23.005,
2026-09-18 03:00,23.005,
2026-09-18 04:00,23.004,
2026-09-18 05:00,23.003,
2026-09-18 06:00,22.999,
2026-09-18 07:00,22.996,
2026-09-18 08:00,22.995,
2026-09-18 09:00,22.994,
2026-09-18 10:00,22.994,
2026-09-18 11:00,22.994,
2026-09-18 12:00,22.993,
2026-09-18 13:00,22.993,
2026-09-18 14:00,22.98,
2026-09-18 15:00,23.004,
2026-09-18 16:00,23.005,
2026-09-18 17:00,23.003,
2026-09-18 18:00,23.001,
2026-09-18 19:00,22.998,
2026-09-18 20:00,22.998,
2026-09-18 21:00,22.995,
2026-09-18 22:00,22.992,
2026-09-18 23:00,22.989,
2026-09-19 00:00,22.985,
2026-09-19 01:00,22.98,
2026-09-19 02:00,22.977,
2026-09-19 03:00,22.973,
2026-09-19 04:00,22.969,
2026-09-19 05:00,22.966,
2026-09-19 06:00,22.962,
2026-09-19 07:00,22.96,
2026-09-19 08:00,22.957,
2026-09-19 09:00,22.956,
2026-09-19 10:00,22.953,
2026-09-19 11:00,22.95,
2026-09-19 12:00,22.947,
2026-09-19 13:00,22.945,
2026-09-19 14:00,22.945,
2026-09-19 15:00,22.946,
2026-09-19 16:00,22.945,
2026-09-19 17:00,22.945,
2026-09-19 18:00,22.944,
2026-09-19 19:00,22.943,
2026-09-19 20:00,22.942,
2026-09-19 21:00,22.943,
2026-09-19 22:00,22.943,
2026-09-19 23:00,22.944,
2026-09-20 00:00,22.941,
2026-09-20 01:00,22.94,
2026-09-20 02:00,22.938,
2026-09-20 03:00,22.936,
2026-09-20 04:00,22.936,
2026-09-20 05:00,22.936,
2026-09-20 06:00,22.935,
2026-09-20 07:00,22.934,
2026-09-20 08:00,22.931,
2026-09-20 09:00,22.931,
2026-09-20 10:00,22.925,
2026-09-20 11:00,22.931,
2026-09-20 12:00,22.929,
2026-09-20 13:00,22.93,
2026-09-20 14:00,22.93,
2026-09-20 15:00,22.93,
2026-09-20 16:00,22.928,
2026-09-20 17:00,22.926,
2026-09-20 18:00,22.925,
2026-09-20 19:00,22.926,
2026-09-20 20:00,22.928,
2026-09-20 21:00,22.93,
2026-09-20 22:00,22.931,
2026-09-20 23:00,22.93,
2026-09-21 00:00,22.931,
2026-09-21 01:00,22.93,
2026-09-21 02:00,22.929,
2026-09-21 03:00,22.929,
2026-09-21 04:00,22.929,
2026-09-21 05:00,22.926,
2026-09-21 06:00,22.924,
2026-09-21 07:00,22.923,
2026-09-21 08:00,22.921,
2026-09-21 09:00,22.92,
2026-09-21 10:00,22.919,
2026-09-21 11:00,22.918,
2026-09-21 12:00,22.918,
2026-09-21 13:00,22.918,
2026-09-21 14:00,22.938,
2026-09-21 15:00,22.941,
2026-09-21 16:00,22.944,
2026-09-21 17:00,22.942,
2026-09-21 18:00,22.935,
2026-09-21 19:00,22.932,
2026-09-21 20:00,22.928,
2026-09-21 21:00,22.927,
2026-09-21 22:00,22.926,
2026-09-21 23:00,22.925,
2026-09-22 00:00,22.923,
2026-09-22 01:00,22.923,
2026-09-22 02:00,22.921,
2026-09-22 03:00,22.922,
2026-09-22 04:00,22.92,
2026-09-22 05:00,22.921,
2026-09-22 06:00,22.919,
2026-09-22 07:00,22.917,
2026-09-22 08:00,22.915,
2026-09-22 09:00,22.915,
2026-09-22 10:00,22.914,
2026-09-22 11:00,22.911,
2026-09-22 12:00,22.911,
2026-09-22 13:00,22.91,
2026-09-22 14:00,22.908,
2026-09-22 15:00,22.908,
2026-09-22 16:00,22.912,
2026-09-22 17:00,22.913,
2026-09-22 18:00,22.913,
2026-09-22 19:00,22.911,
2026-09-22 20:00,22.909,
2026-09-22 21:00,22.91,
2026-09-22 22:00,22.911,
2026-09-22 23:00,22.914,
2026-09-23 00:00,22.915,
2026-09-23 01:00,22.92,
2026-09-23 02:00,22.928,
2026-09-23 03:00,22.934,
2026-09-23 04:00,22.941,
2026-09-23 05:00,22.949,
2026-09-23 06:00,22.957,
2026-09-23 07:00,22.965,
2026-09-23 08:00,22.976,
2026-09-23 09:00,22.981,
2026-09-23 10:00,22.988,
2026-09-23 11:00,22.991,
2026-09-23 12:00,22.994,
2026-09-23 13:00,22.997,
2026-09-23 14:00,22.996,
2026-09-23 15:00,22.997,
2026-09-23 16:00,22.999,
2026-09-23 17:00,23.0,
2026-09-23 18:00,22.998,
2026-09-23 19:00,22.997,
2026-09-23 20:00,22.997,
2026-09-23 21:00,22.996,
2026-09-23 22:00,22.993,
2026-09-23 23:00,22.992,
2026-09-24 00:00,22.991,
2026-09-24 01:00,22.991,
2026-09-24 02:00,22.99,
2026-09-24 03:00,22.989,
2026-09-24 04:00,22.986,
2026-09-24 05:00,22.982,
2026-09-24 06:00,22.98,
2026-09-24 07:00,22.978,
2026-09-24 08:00,22.976,
2026-09-24 09:00,22.971,
2026-09-24 10:00,22.97,
2026-09-24 11:00,22.967,
2026-09-24 12:00,22.964,
2026-09-24 13:00,22.961,
2026-09-24 14:00,22.958,
2026-09-24 15:00,22.956,
2026-09-24 16:00,22.956,
2026-09-24 17:00,22.954,
2026-09-24 18:00,22.953,
2026-09-24 19:00,22.949,
2026-09-24 20:00,22.946,
2026-09-24 21:00,22.944,
2026-09-24 22:00,22.938,
2026-09-24 23:00,22.937,
2026-09-25 00:00,22.935,
2026-09-25 01:00,22.936,
2026-09-25 02:00,22.934,
2026-09-25 03:00,22.931,
2026-09-25 04:00,22.932,
2026-09-25 05:00,22.931,
2026-09-25 06:00,22.929,
2026-09-25 07:00,22.928,
2026-09-25 08:00,22.927,
2026-09-25 09:00,22.925,
2026-09-25 10:00,22.922,
2026-09-25 11:00,22.921,
2026-09-25 12:00,22.919,
2026-09-25 13:00,22.919,
2026-09-25 14:00,22.918,
2026-09-25 15:00,22.915,
2026-09-25 16:00,22.914,
2026-09-25 17:00,22.912,
2026-09-25 18:00,22.911,
2026-09-25 19:00,22.909,
2026-09-25 20:00,22.907,
2026-09-25 21:00,22.907,
2026-09-25 22:00,22.905,
2026-09-25 23:00,22.903,
2026-09-26 00:00,22.903,
2026-09-26 01:00,22.901,
2026-09-26 02:00,22.9,
2026-09-26 03:00,22.9,
2026-09-26 04:00,22.898,
2026-09-26 05:00,22.899,
2026-09-26 06:00,22.899,
2026-09-26 07:00,22.897,
2026-09-26 08:00,22.897,
2026-09-26 09:00,22.896,
2026-09-26 10:00,22.896,
2026-09-26 11:00,22.897,
2026-09-26 12:00,22.9,
2026-09-26 13:00,22.908,
2026-09-26 14:00,22.923,
2026-09-26 15:00,22.935,
2026-09-26 16:00,22.946,
2026-09-26 17:00,22.955,
2026-09-26 18:00,22.955,
2026-09-26 19:00,22.961,
2026-09-26 20:00,22.964,
2026-09-26 21:00,22.964,
2026-09-26 22:00,22.964,
2026-09-26 23:00,22.963,
2026-09-27 00:00,22.964,
2026-09-27 01:00,22.963,
2026-09-27 02:00,22.964,
2026-09-27 03:00,22.962,
2026-09-27 04:00,22.963,
2026-09-27 05:00,22.961,
2026-09-27 06:00,22.96,
2026-09-27 07:00,22.96,
2026-09-27 08:00,22.957,
2026-09-27 09:00,22.956,
2026-09-27 10:00,22.955,
2026-09-27 11:00,22.954,
2026-09-27 12:00,22.951,
2026-09-27 13:00,22.947,
2026-09-27 14:00,22.947,
2026-09-27 15:00,22.946,
2026-09-27 16:00,22.94,
2026-09-27 17:00,22.954,
2026-09-27 18:00,22.962,
2026-09-27 19:00,22.968,
2026-09-27 20:00,22.974,
2026-09-27 21:00,22.978,
2026-09-27 22:00,22.98,
2026-09-27 23:00,22.98,
2026-09-28 00:00,22.981,
2026-09-28 01:00,22.978,
2026-09-28 02:00,22.977,
2026-09-28 03:00,22.973,
2026-09-28 04:00,22.972,
2026-09-28 05:00,22.971,
2026-09-28 06:00,22.967,
2026-09-28 07:00,22.968,
2026-09-28 08:00,22.965,
2026-09-28 09:00,22.962,
2026-09-28 10:00,22.958,
2026-09-28 11:00,22.957,
2026-09-28 12:00,22.955,
2026-09-28 13:00,22.954,
2026-09-28 14:00,22.951,
2026-09-28 15:00,22.947,
2026-09-28 16:00,22.947,
2026-09-28 17:00,22.944,
2026-09-28 18:00,22.941,
2026-09-28 19:00,22.94,
2026-09-28 20:00,22.937,
2026-09-28 21:00,22.934,
2026-09-28 22:00,22.933,
2026-09-28 23:00,22.931,
2026-09-29 00:00,22.931,
2026-09-29 01:00,22.929,
2026-09-29 02:00,22.928,
2026-09-29 03:00,22.927,
2026-09-29 04:00,22.927,
2026-09-29 05:00,22.926,
2026-09-29 06:00,22.927,
2026-09-29 07:00,22.929,
2026-09-29 08:00,22.931,
2026-09-29 09:00,22.933,
2026-09-29 10:00,22.937,
2026-09-29 11:00,22.94,
2026-09-29 12:00,22.944,
2026-09-29 13:00,22.946,
2026-09-29 14:00,22.946,
2026-09-29 15:00,22.945,
2026-09-29 16:00,22.944,
2026-09-29 17:00,22.942,
2026-09-29 18:00,22.941,
2026-09-29 19:00,22.938,
2026-09-29 20:00,22.937,
2026-09-29 21:00,22.936,
2026-09-29 22:00,22.937,
2026-09-29 23:00,22.936,
2026-09-30 00:00,22.935,
2026-09-30 01:00,22.936,
2026-09-30 02:00,22.94,
2026-09-30 03:00,22.95,
2026-09-30 04:00,22.961,
2026-09-30 05:00,22.972,
2026-09-30 06:00,22.978,
2026-09-30 07:00,22.983,
2026-09-30 08:00,22.982,
2026-09-30 09:00,22.983,
2026-09-30 10:00,22.984,
2026-09-30 11:00,22.984,
2026-09-30 12:00,22.984,
2026-09-30 13:00,22.981,
2026-09-30 14:00,22.978,
2026-09-30 15:00,22.975,
2026-09-30 16:00,22.974,
2026-09-30 17:00,22.974,
2026-09-30 18:00,22.972,
2026-09-30 19:00,22.969,
2026-09-30 20:00,22.965,
2026-09-30 21:00,22.96,
2026-09-30 22:00,22.955,
2026-09-30 23:00,22.954,
2026-10-01 00:00,22.952,
2026-10-01 01:00,22.95,
2026-10-01 02:00,22.949,
2026-10-01 03:00,22.948,
2026-10-01 04:00,22.948,
2026-10-01 05:00,22.946,
2026-10-01 06:00,22.944,
2026-10-01 07:00,22.943,
2026-10-01 08:00,22.942,
2026-10-01 09:00,22.94,
2026-10-01 10:00,22.938,
2026-10-01 11:00,22.935,
2026-10-01 12:00,22.935,
2026-10-01 13:00,22.931,
2026-10-01 14:00,22.929,
2026-10-01 15:00,22.93,
2026-10-01 16:00,22.929,
2026-10-01 17:00,22.93,
2026-10-01 18:00,22.931,
2026-10-01 19:00,22.928,
2026-10-01 20:00,22.926,
2026-10-01 21:00,22.923,
2026-10-01 22:00,22.92,
2026-10-01 23:00,22.919,
2026-10-02 00:00,22.919,
2026-10-02 01:00,22.918,
2026-10-02 02:00,22.917,
2026-10-02 03:00,22.917,
2026-10-02 04:00,22.918,
2026-10-02 05:00,22.918,
2026-10-02 06:00,22.917,
2026-10-02 07:00,22.918,
2026-10-02 08:00,22.918,
2026-10-02 09:00,22.917,
2026-10-02 10:00,22.918,
2026-10-02 11:00,22.917,
2026-10-02 12:00,22.916,
2026-10-02 13:00,22.917,
2026-10-02 14:00,22.914,
2026-10-02 15:00,22.915,
2026-10-02 16:00,22.907,
2026-10-02 17:00,22.912,
2026-10-02 18:00,22.909,
2026-10-02 19:00,22.929,
2026-10-02 20:00,22.929,
2026-10-02 21:00,22.932,
2026-10-02 22:00,22.93,
2026-10-02 23:00,22.931,
2026-10-03 00:00,22.933,
2026-10-03 01:00,22.96,
2026-10-03 02:00,23.269,
2026-10-03 03:00,23.426,
2026-10-03 04:00,23.456,
2026-10-03 05:00,23.444,
2026-10-03 06:00,23.41,
2026-10-03 07:00,23.376,
2026-10-03 08:00,23.339,
2026-10-03 09:00,23.309,
2026-10-03 10:00,23.284,
2026-10-03 11:00,23.26,
2026-10-03 12:00,23.239,
2026-10-03 13:00,23.22,
2026-10-03 14:00,23.206,
2026-10-03 15:00,23.204,
2026-10-03 16:00,23.191,
2026-10-03 17:00,23.179,
2026-10-03 18:00,23.163,
2026-10-03 19:00,23.15,
2026-10-03 20:00,23.14,
2026-10-03 21:00,23.145,
2026-10-03 22:00,23.155,
2026-10-03 23:00,23.165,
2026-10-04 00:00,23.179,
2026-10-04 01:00,23.201,
2026-10-04 02:00,23.218,
2026-10-04 03:00,23.241,
2026-10-04 04:00,23.257,
2026-10-04 05:00,23.257,
2026-10-04 06:00,23.249,
2026-10-04 07:00,23.237,
2026-10-04 08:00,23.221,
2026-10-04 09:00,23.205,
2026-10-04 10:00,23.193,
2026-10-04 11:00,23.181,
2026-10-04 12:00,23.17,
2026-10-04 13:00,23.159,
2026-10-04 14:00,23.148,
2026-10-04 15:00,23.139,
2026-10-04 16:00,23.131,
2026-10-04 17:00,23.124,
2026-10-04 18:00,23.118,
2026-10-04 19:00,23.112,
2026-10-04 20:00,23.104,
2026-10-04 21:00,23.096,
2026-10-04 22:00,23.089,
2026-10-04 23:00,23.081,
2026-10-05 00:00,23.075,
2026-10-05 01:00,23.068,
2026-10-05 02:00,23.061,
2026-10-05 03:00,23.052,
2026-10-05 04:00,23.047,
2026-10-05 05:00,23.042,
2026-10-05 06:00,23.035,
2026-10-05 07:00,23.029,
2026-10-05 08:00,23.022,
2026-10-05 09:00,23.017,
2026-10-05 10:00,23.012,
2026-10-05 11:00,23.005,
2026-10-05 12:00,22.999,
2026-10-05 13:00,22.994,
2026-10-05 14:00,22.992,
2026-10-05 15:00,22.99,
2026-10-05 16:00,22.986,
2026-10-05 17:00,22.98,
2026-10-05 18:00,22.971,
2026-10-05 19:00,22.966,
2026-10-05 20:00,22.96,
2026-10-05 21:00,22.955,
2026-10-05 22:00,22.949,
2026-10-05 23:00,22.946,
2026-10-06 00:00,22.943,
2026-10-06 01:00,22.938,
2026-10-06 02:00,22.934,
2026-10-06 03:00,22.934,
2026-10-06 04:00,22.93,
2026-10-06 05:00,22.929,
2026-10-06 06:00,22.917,
2026-10-06 07:00,22.926,
2026-10-06 08:00,22.929,
2026-10-06 09:00,22.93,
2026-10-06 10:00,22.936,
2026-10-06 11:00,22.953,
2026-10-06 12:00,22.972,
2026-10-06 13:00,22.985,
2026-10-06 14:00,22.991,
2026-10-06 15:00,22.994,
2026-10-06 16:00,22.997,
2026-10-06 17:00,23.001,
2026-10-06 18:00,23.006,
2026-10-06 19:00,23.016,
2026-10-06 20:00,23.037,
2026-10-06 21:00,23.057,
2026-10-06 22:00,23.072,
2026-10-06 23:00,23.079,
2026-10-07 00:00,23.081,
2026-10-07 01:00,23.095,
2026-10-07 02:00,23.176,
2026-10-07 03:00,23.254,
2026-10-07 04:00,23.282,
2026-10-07 05:00,23.284,
2026-10-07 06:00,23.273,
2026-10-07 07:00,23.259,
2026-10-07 08:00,23.244,
2026-10-07 09:00,23.228,
2026-10-07 10:00,23.214,
2026-10-07 11:00,23.202,
2026-10-07 12:00,23.189,
2026-10-07 13:00,23.178,
2026-10-07 14:00,23.166,
2026-10-07 15:00,23.154,
2026-10-07 16:00,23.145,
2026-10-07 17:00,23.135,
2026-10-07 18:00,23.132,
2026-10-07 19:00,23.125,
2026-10-07 20:00,23.13,
2026-10-07 21:00,23.19,
2026-10-07 22:00,23.275,
2026-10-07 23:00,23.313,
2026-10-08 00:00,23.319,
2026-10-08 01:00,23.313,
2026-10-08 02:00,23.299,
2026-10-08 03:00,23.282,
2026-10-08 04:00,23.266,
2026-10-08 05:00,23.251,
2026-10-08 06:00,23.238,
2026-10-08 07:00,23.228,
2026-10-08 08:00,23.217,
2026-10-08 09:00,23.206,
2026-10-08 10:00,23.195,
2026-10-08 11:00,23.186,
2026-10-08 12:00,23.177,
2026-10-08 13:00,23.168,
2026-10-08 14:00,23.16,
2026-10-08 15:00,23.154,
2026-10-08 16:00,23.148,
2026-10-08 17:00,23.142,
2026-10-08 18:00,23.137,
2026-10-08 19:00,23.132,
2026-10-08 20:00,23.125,
2026-10-08 21:00,23.12,
2026-10-08 22:00,23.114,
2026-10-08 23:00,23.107,
2026-10-09 00:00,23.103,
2026-10-09 01:00,23.097,
2026-10-09 02:00,23.089,
2026-10-09 03:00,23.085,
2026-10-09 04:00,23.08,
2026-10-09 05:00,23.076,
2026-10-09 06:00,23.07,
2026-10-09 07:00,23.065,
2026-10-09 08:00,23.061,
2026-10-09 09:00,23.058,
2026-10-09 10:00,23.055,
2026-10-09 11:00,23.055,
2026-10-09 12:00,23.062,
2026-10-09 13:00,23.072,
2026-10-09 14:00,23.075,
2026-10-09 15:00,23.076,
2026-10-09 16:00,23.075,
