datetime,value,discharge
2025-10-09 00:00,12.386,50.16
2025-10-09 01:00,12.372,49.32
2025-10-09 02:00,12.36,48.6
2025-10-09 03:00,12.355,48.3
2025-10-09 04:00,12.36,48.6
2025-10-09 05:00,12.373,49.38
2025-10-09 06:00,12.386,50.16
2025-10-09 07:00,12.407,51.49
2025-10-09 08:00,12.433,53.31
2025-10-09 09:00,12.465,55.55
2025-10-09 10:00,12.501,58.07
2025-10-09 11:00,12.529,60.03
2025-10-09 12:00,12.553,61.71
2025-10-09 13:00,12.564,62.48
2025-10-09 14:00,12.56,62.2
2025-10-09 15:00,12.561,62.27
2025-10-09 16:00,12.545,61.15
2025-10-09 17:00,12.578,63.46
2025-10-09 18:00,12.564,62.48
2025-10-09 19:00,12.535,60.45
2025-10-09 20:00,12.506,58.42
2025-10-09 21:00,12.481,56.67
2025-10-09 22:00,12.459,55.13
2025-10-09 23:00,12.438,53.66
2025-10-10 00:00,12.425,52.75
2025-10-10 01:00,12.413,51.91
2025-10-10 02:00,12.404,51.28
2025-10-10 03:00,12.4,51.0
2025-10-10 04:00,12.407,51.49
2025-10-10 05:00,12.42,52.4
2025-10-10 06:00,12.435,53.45
2025-10-10 07:00,12.456,54.92
2025-10-10 08:00,12.483,56.81
2025-10-10 09:00,12.513,58.91
2025-10-10 10:00,12.546,61.22
2025-10-10 11:00,12.564,62.48
2025-10-10 12:00,12.569,62.83
2025-10-10 13:00,12.567,62.69
2025-10-10 14:00,12.546,61.22
2025-10-10 15:00,12.527,59.89
2025-10-10 16:00,12.487,57.09
2025-10-10 17:00,12.459,55.13
2025-10-10 18:00,12.419,52.33
2025-10-10 19:00,12.377,49.62
2025-10-10 20:00,12.334,47.04
2025-10-10 21:00,12.293,44.58
2025-10-10 22:00,12.254,42.24
2025-10-10 23:00,12.214,39.84
2025-10-11 00:00,12.179,37.74
2025-10-11 01:00,12.143,35.58
2025-10-11 02:00,12.113,33.78
2025-10-11 03:00,12.091,32.46
2025-10-11 04:00,12.082,31.92
2025-10-11 05:00,12.085,32.1
2025-10-11 06:00,12.097,32.82
2025-10-11 07:00,12.114,33.84
2025-10-11 08:00,12.142,35.52
2025-10-11 09:00,12.178,37.68
2025-10-11 10:00,12.215,39.9
2025-10-11 11:00,12.263,42.78
2025-10-11 12:00,12.299,44.94
2025-10-11 13:00,12.315,45.9
2025-10-11 14:00,12.326,46.56
2025-10-11 15:00,12.32,46.2
2025-10-11 16:00,12.294,44.64
2025-10-11 17:00,12.273,43.38
2025-10-11 18:00,12.248,41.88
2025-10-11 19:00,12.219,40.14
2025-10-11 20:00,12.193,38.58
2025-10-11 21:00,12.168,37.08
2025-10-11 22:00,12.145,35.7
2025-10-11 23:00,12.127,34.62
2025-10-12 00:00,12.111,33.66
2025-10-12 01:00,12.096,32.76
2025-10-12 02:00,12.083,31.98
2025-10-12 03:00,12.083,31.98
2025-10-12 04:00,12.093,32.58
2025-10-12 05:00,12.114,33.84
2025-10-12 06:00,12.139,35.34
2025-10-12 07:00,12.171,37.26
2025-10-12 08:00,12.21,39.6
2025-10-12 09:00,12.256,42.36
2025-10-12 10:00,12.304,45.24
2025-10-12 11:00,12.345,47.7
2025-10-12 12:00,12.376,49.56
2025-10-12 13:00,12.393,50.58
2025-10-12 14:00,12.39,50.4
2025-10-12 15:00,12.385,50.1
2025-10-12 16:00,12.387,50.22
2025-10-12 17:00,12.394,50.64
2025-10-12 18:00,12.372,49.32
2025-10-12 19:00,12.348,47.88
2025-10-12 20:00,12.33,46.8
2025-10-12 21:00,12.313,45.78
2025-10-12 22:00,12.299,44.94
2025-10-12 23:00,12.286,44.16
2025-10-13 00:00,12.277,43.62
2025-10-13 01:00,12.268,43.08
2025-10-13 02:00,12.267,43.02
2025-10-13 03:00,12.275,43.5
2025-10-13 04:00,12.292,44.52
2025-10-13 05:00,12.317,46.02
2025-10-13 06:00,12.344,47.64
2025-10-13 07:00,12.376,49.56
2025-10-13 08:00,12.408,51.56
2025-10-13 09:00,12.441,53.87
2025-10-13 10:00,12.491,57.37
2025-10-13 11:00,12.526,59.82
2025-10-13 12:00,12.551,61.57
2025-10-13 13:00,12.563,62.41
2025-10-13 14:00,12.564,62.48
2025-10-13 15:00,12.558,62.06
2025-10-13 16:00,12.531,60.17
2025-10-13 17:00,12.524,59.68
2025-10-13 18:00,12.529,60.03
2025-10-13 19:00,12.518,59.26
2025-10-13 20:00,12.5,58.0
2025-10-13 21:00,12.483,56.81
2025-10-13 22:00,12.471,55.97
2025-10-13 23:00,12.561,62.27
2025-10-14 00:00,12.583,63.81
2025-10-14 01:00,12.575,63.25
2025-10-14 02:00,12.578,63.46
2025-10-14 03:00,12.586,64.02
2025-10-14 04:00,12.6,65.0
2025-10-14 05:00,12.624,66.92
2025-10-14 06:00,12.653,69.24
2025-10-14 07:00,12.693,72.44
2025-10-14 08:00,12.743,76.44
2025-10-14 09:00,12.785,79.8
2025-10-14 10:00,12.825,83.0
2025-10-14 11:00,12.881,87.48
2025-10-14 12:00,12.933,91.64
2025-10-14 13:00,12.958,93.64
2025-10-14 14:00,12.975,95.0
2025-10-14 15:00,12.978,95.24
2025-10-14 16:00,12.974,94.92
2025-10-14 17:00,12.958,93.64
2025-10-14 18:00,12.94,92.2
2025-10-14 19:00,12.918,90.44
2025-10-14 20:00,12.897,88.76
2025-10-14 21:00,12.87,86.6
2025-10-14 22:00,12.846,84.68
2025-10-14 23:00,12.826,83.08
2025-10-15 00:00,12.816,82.28
2025-10-15 01:00,12.814,82.12
2025-10-15 02:00,12.819,82.52
2025-10-15 03:00,12.824,82.92
2025-10-15 04:00,12.829,83.32
2025-10-15 05:00,12.836,83.88
2025-10-15 06:00,12.84,84.2
2025-10-15 07:00,12.847,84.76
2025-10-15 08:00,12.861,85.88
2025-10-15 09:00,12.875,87.0
2025-10-15 10:00,12.887,87.96
2025-10-15 11:00,12.886,87.88
2025-10-15 12:00,12.88,87.4
2025-10-15 13:00,12.861,85.88
2025-10-15 14:00,12.83,83.4
2025-10-15 15:00,12.789,80.12
2025-10-15 16:00,12.74,76.2
2025-10-15 17:00,12.688,72.04
2025-10-15 18:00,12.634,67.72
2025-10-15 19:00,12.583,63.81
2025-10-15 20:00,12.532,60.24
2025-10-15 21:00,12.483,56.81
2025-10-15 22:00,12.436,53.52
2025-10-15 23:00,12.396,50.76
2025-10-16 00:00,12.355,48.3
2025-10-16 01:00,12.316,45.96
2025-10-16 02:00,12.285,44.1
2025-10-16 03:00,12.257,42.42
2025-10-16 04:00,12.242,41.52
2025-10-16 05:00,12.242,41.52
2025-10-16 06:00,12.262,42.72
2025-10-16 07:00,12.299,44.94
2025-10-16 08:00,12.348,47.88
2025-10-16 09:00,12.408,51.56
2025-10-16 10:00,12.461,55.27
2025-10-16 11:00,12.495,57.65
2025-10-16 12:00,12.528,59.96
2025-10-16 13:00,12.539,60.73
2025-10-16 14:00,12.533,60.31
2025-10-16 15:00,12.511,58.77
2025-10-16 16:00,12.479,56.53
2025-10-16 17:00,12.438,53.66
2025-10-16 18:00,12.392,50.52
2025-10-16 19:00,12.347,47.82
2025-10-16 20:00,12.315,45.9
2025-10-16 21:00,12.278,43.68
2025-10-16 22:00,12.239,41.34
2025-10-16 23:00,12.199,38.94
2025-10-17 00:00,12.167,37.02
2025-10-17 01:00,12.144,35.64
2025-10-17 02:00,12.137,35.22
2025-10-17 03:00,12.146,35.76
2025-10-17 04:00,12.171,37.26
2025-10-17 05:00,12.208,39.48
2025-10-17 06:00,12.248,41.88
2025-10-17 07:00,12.292,44.52
2025-10-17 08:00,12.342,47.52
2025-10-17 09:00,12.396,50.76
2025-10-17 10:00,12.447,54.29
2025-10-17 11:00,12.483,56.81
2025-10-17 12:00,12.505,58.35
2025-10-17 13:00,12.518,59.26
2025-10-17 14:00,12.508,58.56
2025-10-17 15:00,12.483,56.81
2025-10-17 16:00,12.453,54.71
2025-10-17 17:00,12.426,52.82
2025-10-17 18:00,12.39,50.4
2025-10-17 19:00,12.353,48.18
2025-10-17 20:00,12.32,46.2
2025-10-17 21:00,12.285,44.1
2025-10-17 22:00,12.257,42.42
2025-10-17 23:00,12.23,40.8
2025-10-18 00:00,12.203,39.18
2025-10-18 01:00,12.18,37.8
2025-10-18 02:00,12.157,36.42
2025-10-18 03:00,12.14,35.4
2025-10-18 04:00,12.134,35.04
2025-10-18 05:00,12.141,35.46
2025-10-18 06:00,12.168,37.08
2025-10-18 07:00,12.207,39.42
2025-10-18 08:00,12.259,42.54
2025-10-18 09:00,12.324,46.44
2025-10-18 10:00,12.385,50.1
2025-10-18 11:00,12.438,53.66
2025-10-18 12:00,12.473,56.11
2025-10-18 13:00,12.493,57.51
2025-10-18 14:00,12.494,57.58
2025-10-18 15:00,12.473,56.11
2025-10-18 16:00,12.447,54.29
2025-10-18 17:00,12.418,52.26
2025-10-18 18:00,12.384,50.04
2025-10-18 19:00,12.345,47.7
2025-10-18 20:00,12.307,45.42
2025-10-18 21:00,12.266,42.96
2025-10-18 22:00,12.23,40.8
2025-10-18 23:00,12.201,39.06
2025-10-19 00:00,12.174,37.44
2025-10-19 01:00,12.156,36.36
2025-10-19 02:00,12.144,35.64
2025-10-19 03:00,12.146,35.76
2025-10-19 04:00,12.166,36.96
2025-10-19 05:00,12.192,38.52
2025-10-19 06:00,12.237,41.22
2025-10-19 07:00,12.299,44.94
2025-10-19 08:00,12.376,49.56
2025-10-19 09:00,12.464,55.48
2025-10-19 10:00,12.541,60.87
2025-10-19 11:00,12.615,66.2
2025-10-19 12:00,12.659,69.72
2025-10-19 13:00,12.676,71.08
2025-10-19 14:00,12.69,72.2
2025-10-19 15:00,12.677,71.16
2025-10-19 16:00,12.662,69.96
2025-10-19 17:00,12.64,68.2
2025-10-19 18:00,12.604,65.32
2025-10-19 19:00,12.572,63.04
2025-10-19 20:00,12.542,60.94
2025-10-19 21:00,12.512,58.84
2025-10-19 22:00,12.489,57.23
2025-10-19 23:00,12.468,55.76
2025-10-20 00:00,12.455,54.85
2025-10-20 01:00,12.456,54.92
2025-10-20 02:00,12.463,55.41
2025-10-20 03:00,12.483,56.81
2025-10-20 04:00,12.507,58.49
2025-10-20 05:00,12.529,60.03
2025-10-20 06:00,12.56,62.2
2025-10-20 07:00,12.592,64.44
2025-10-20 08:00,12.633,67.64
2025-10-20 09:00,12.677,71.16
2025-10-20 10:00,12.714,74.12
2025-10-20 11:00,12.748,76.84
2025-10-20 12:00,12.767,78.36
2025-10-20 13:00,12.765,78.2
2025-10-20 14:00,12.75,77.0
2025-10-20 15:00,12.726,75.08
2025-10-20 16:00,12.682,71.56
2025-10-20 17:00,12.647,68.76
2025-10-20 18:00,12.603,65.24
2025-10-20 19:00,12.561,62.27
2025-10-20 20:00,12.519,59.33
2025-10-20 21:00,12.483,56.81
2025-10-20 22:00,12.447,54.29
2025-10-20 23:00,12.412,51.84
2025-10-21 00:00,12.386,50.16
2025-10-21 01:00,12.366,48.96
2025-10-21 02:00,12.358,48.48
2025-10-21 03:00,12.364,48.84
2025-10-21 04:00,12.377,49.62
2025-10-21 05:00,12.396,50.76
2025-10-21 06:00,12.419,52.33
2025-10-21 07:00,12.445,54.15
2025-10-21 08:00,12.477,56.39
2025-10-21 09:00,12.517,59.19
2025-10-21 10:00,12.553,61.71
2025-10-21 11:00,12.582,63.74
2025-10-21 12:00,12.588,64.16
2025-10-21 13:00,12.59,64.3
2025-10-21 14:00,12.582,63.74
2025-10-21 15:00,12.548,61.36
2025-10-21 16:00,12.516,59.12
2025-10-21 17:00,12.476,56.32
2025-10-21 18:00,12.437,53.59
2025-10-21 19:00,12.392,50.52
2025-10-21 20:00,12.347,47.82
2025-10-21 21:00,12.305,45.3
2025-10-21 22:00,12.266,42.96
2025-10-21 23:00,12.232,40.92
2025-10-22 00:00,12.204,39.24
2025-10-22 01:00,12.189,38.34
2025-10-22 02:00,12.194,38.64
2025-10-22 03:00,12.229,40.74
2025-10-22 04:00,12.281,43.86
2025-10-22 05:00,12.348,47.88
2025-10-22 06:00,12.42,52.4
2025-10-22 07:00,12.491,57.37
2025-10-22 08:00,12.553,61.71
2025-10-22 09:00,12.605,65.4
2025-10-22 10:00,12.644,68.52
2025-10-22 11:00,12.667,70.36
2025-10-22 12:00,12.674,70.92
2025-10-22 13:00,12.667,70.36
2025-10-22 14:00,12.646,68.68
2025-10-22 15:00,12.613,66.04
2025-10-22 16:00,12.578,63.46
2025-10-22 17:00,12.537,60.59
2025-10-22 18:00,12.498,57.86
2025-10-22 19:00,12.47,55.9
2025-10-22 20:00,12.462,55.34
2025-10-22 21:00,12.477,56.39
2025-10-22 22:00,12.515,59.05
2025-10-22 23:00,12.567,62.69
2025-10-23 00:00,12.62,66.6
2025-10-23 01:00,12.668,70.44
2025-10-23 02:00,12.713,74.04
2025-10-23 03:00,12.75,77.0
2025-10-23 04:00,12.78,79.4
2025-10-23 05:00,12.806,81.48
2025-10-23 06:00,12.827,83.16
2025-10-23 07:00,12.844,84.52
2025-10-23 08:00,12.86,85.8
2025-10-23 09:00,12.87,86.6
2025-10-23 10:00,12.874,86.92
2025-10-23 11:00,12.869,86.52
2025-10-23 12:00,12.854,85.32
2025-10-23 13:00,12.823,82.84
2025-10-23 14:00,12.781,79.48
2025-10-23 15:00,12.737,75.96
2025-10-23 16:00,12.681,71.48
2025-10-23 17:00,12.641,68.28
2025-10-23 18:00,12.585,63.95
2025-10-23 19:00,12.533,60.31
2025-10-23 20:00,12.489,57.23
2025-10-23 21:00,12.46,55.2
2025-10-23 22:00,12.457,54.99
2025-10-23 23:00,12.472,56.04
2025-10-24 00:00,12.503,58.21
2025-10-24 01:00,12.535,60.45
2025-10-24 02:00,12.566,62.62
2025-10-24 03:00,12.593,64.51
2025-10-24 04:00,12.623,66.84
2025-10-24 05:00,12.656,69.48
2025-10-24 06:00,12.69,72.2
2025-10-24 07:00,12.72,74.6
2025-10-24 08:00,12.75,77.0
2025-10-24 09:00,12.777,79.16
2025-10-24 10:00,12.803,81.24
2025-10-24 11:00,12.824,82.92
2025-10-24 12:00,12.835,83.8
2025-10-24 13:00,12.848,84.84
2025-10-24 14:00,12.861,85.88
2025-10-24 15:00,12.869,86.52
2025-10-24 16:00,12.871,86.68
2025-10-24 17:00,12.876,87.08
2025-10-24 18:00,12.878,87.24
2025-10-24 19:00,12.878,87.24
2025-10-24 20:00,12.879,87.32
2025-10-24 21:00,12.886,87.88
2025-10-24 22:00,12.9,89.0
2025-10-24 23:00,12.928,91.24
2025-10-25 00:00,12.957,93.56
2025-10-25 01:00,12.993,96.44
2025-10-25 02:00,13.035,100.15
2025-10-25 03:00,13.086,104.74
2025-10-25 04:00,13.135,109.15
2025-10-25 05:00,13.192,114.28
2025-10-25 06:00,13.249,119.9
2025-10-25 07:00,13.308,125.8
2025-10-25 08:00,13.365,131.5
2025-10-25 09:00,13.414,136.54
2025-10-25 10:00,13.464,142.04
2025-10-25 11:00,13.499,145.89
2025-10-25 12:00,13.529,149.19
2025-10-25 13:00,13.551,151.61
2025-10-25 14:00,13.57,153.7
2025-10-25 15:00,13.587,155.57
2025-10-25 16:00,13.589,155.79
2025-10-25 17:00,13.588,155.68
2025-10-25 18:00,13.582,155.02
2025-10-25 19:00,13.575,154.25
2025-10-25 20:00,13.561,152.71
2025-10-25 21:00,13.549,151.39
2025-10-25 22:00,13.536,149.96
2025-10-25 23:00,13.521,148.31
2025-10-26 00:00,13.507,146.77
2025-10-26 01:00,13.497,145.67
2025-10-26 02:00,13.483,144.13
2025-10-26 03:00,13.474,143.14
2025-10-26 04:00,13.466,142.26
2025-10-26 05:00,13.457,141.27
2025-10-26 06:00,13.449,140.39
2025-10-26 07:00,13.445,139.95
2025-10-26 08:00,13.437,139.07
2025-10-26 09:00,13.426,137.86
2025-10-26 10:00,13.417,136.87
2025-10-26 11:00,13.405,135.55
2025-10-26 12:00,13.389,133.9
2025-10-26 13:00,13.373,132.3
2025-10-26 14:00,13.348,129.8
2025-10-26 15:00,13.327,127.7
2025-10-26 16:00,13.316,126.6
2025-10-26 17:00,13.299,124.9
2025-10-26 18:00,13.282,123.2
2025-10-26 19:00,13.264,121.4
2025-10-26 20:00,13.256,120.6
2025-10-26 21:00,13.249,119.9
2025-10-26 22:00,13.239,118.9
2025-10-26 23:00,13.231,118.1
2025-10-27 00:00,13.223,117.3
2025-10-27 01:00,13.216,116.6
2025-10-27 02:00,13.214,116.4
2025-10-27 03:00,13.216,116.6
2025-10-27 04:00,13.214,116.4
2025-10-27 05:00,13.215,116.5
2025-10-27 06:00,13.214,116.4
2025-10-27 07:00,13.215,116.5
2025-10-27 08:00,13.221,117.1
2025-10-27 09:00,13.216,116.6
2025-10-27 10:00,13.218,116.8
2025-10-27 11:00,13.216,116.6
2025-10-27 12:00,13.218,116.8
2025-10-27 13:00,13.222,117.2
2025-10-27 14:00,13.235,118.5
2025-10-27 15:00,13.239,118.9
2025-10-27 16:00,13.238,118.8
2025-10-27 17:00,13.233,118.3
2025-10-27 18:00,13.228,117.8
2025-10-27 19:00,13.22,117.0
2025-10-27 20:00,13.213,116.3
2025-10-27 21:00,13.207,115.7
2025-10-27 22:00,13.204,115.4
2025-10-27 23:00,13.198,114.82
2025-10-28 00:00,13.197,114.73
2025-10-28 01:00,13.191,114.19
2025-10-28 02:00,13.19,114.1
2025-10-28 03:00,13.189,114.01
2025-10-28 04:00,13.192,114.28
2025-10-28 05:00,13.199,114.91
2025-10-28 06:00,13.209,115.9
2025-10-28 07:00,13.211,116.1
2025-10-28 08:00,13.223,117.3
2025-10-28 09:00,13.221,117.1
2025-10-28 10:00,13.22,117.0
2025-10-28 11:00,13.21,116.0
2025-10-28 12:00,13.197,114.73
2025-10-28 13:00,13.184,113.56
2025-10-28 14:00,13.17,112.3
2025-10-28 15:00,13.152,110.68
2025-10-28 16:00,13.139,109.51
2025-10-28 17:00,13.125,108.25
2025-10-28 18:00,13.114,107.26
2025-10-28 19:00,13.106,106.54
2025-10-28 20:00,13.093,105.37
2025-10-28 21:00,13.082,104.38
2025-10-28 22:00,13.066,102.94
2025-10-28 23:00,13.053,101.77
2025-10-29 00:00,13.035,100.15
2025-10-29 01:00,13.01,97.9
2025-10-29 02:00,12.978,95.24
2025-10-29 03:00,12.944,92.52
2025-10-29 04:00,12.911,89.88
2025-10-29 05:00,12.888,88.04
2025-10-29 06:00,12.882,87.56
2025-10-29 07:00,12.898,88.84
2025-10-29 08:00,12.918,90.44
2025-10-29 09:00,12.943,92.44
2025-10-29 10:00,12.968,94.44
2025-10-29 11:00,12.992,96.36
2025-10-29 12:00,13.006,97.54
2025-10-29 13:00,13.02,98.8
2025-10-29 14:00,13.026,99.34
2025-10-29 15:00,13.032,99.88
2025-10-29 16:00,13.031,99.79
2025-10-29 17:00,13.029,99.61
2025-10-29 18:00,13.022,98.98
2025-10-29 19:00,13.016,98.44
2025-10-29 20:00,13.016,98.44
2025-10-29 21:00,13.019,98.71
2025-10-29 22:00,13.025,99.25
2025-10-29 23:00,13.042,100.78
2025-10-30 00:00,13.061,102.49
2025-10-30 01:00,13.086,104.74
2025-10-30 02:00,13.109,106.81
2025-10-30 03:00,13.128,108.52
2025-10-30 04:00,13.139,109.51
2025-10-30 05:00,13.15,110.5
2025-10-30 06:00,13.156,111.04
2025-10-30 07:00,13.148,110.32
2025-10-30 08:00,13.14,109.6
2025-10-30 09:00,13.121,107.89
2025-10-30 10:00,13.085,104.65
2025-10-30 11:00,13.047,101.23
2025-10-30 12:00,12.996,96.68
2025-10-30 13:00,12.938,92.04
2025-10-30 14:00,12.874,86.92
2025-10-30 15:00,12.814,82.12
2025-10-30 16:00,12.755,77.4
2025-10-30 17:00,12.715,74.2
2025-10-30 18:00,12.676,71.08
2025-10-30 19:00,12.646,68.68
2025-10-30 20:00,12.625,67.0
2025-10-30 21:00,12.619,66.52
2025-10-30 22:00,12.62,66.6
2025-10-30 23:00,12.639,68.12
2025-10-31 00:00,12.664,70.12
2025-10-31 01:00,12.694,72.52
2025-10-31 02:00,12.727,75.16
2025-10-31 03:00,12.755,77.4
2025-10-31 04:00,12.777,79.16
2025-10-31 05:00,12.803,81.24
2025-10-31 06:00,12.83,83.4
2025-10-31 07:00,12.854,85.32
2025-10-31 08:00,12.873,86.84
2025-10-31 09:00,12.887,87.96
2025-10-31 10:00,12.9,89.0
2025-10-31 11:00,12.912,89.96
2025-10-31 12:00,12.908,89.64
2025-10-31 13:00,12.903,89.24
2025-10-31 14:00,12.883,87.64
2025-10-31 15:00,12.863,86.04
2025-10-31 16:00,12.832,83.56
2025-10-31 17:00,12.803,81.24
2025-10-31 18:00,12.764,78.12
2025-10-31 19:00,12.73,75.4
2025-10-31 20:00,12.699,72.92
2025-10-31 21:00,12.668,70.44
2025-10-31 22:00,12.642,68.36
2025-10-31 23:00,12.619,66.52
2025-11-01 00:00,12.602,65.16
2025-11-01 01:00,12.588,64.16
2025-11-01 02:00,12.586,64.02
2025-11-01 03:00,12.593,64.51
2025-11-01 04:00,12.616,66.28
2025-11-01 05:00,12.647,68.76
2025-11-01 06:00,12.689,72.12
2025-11-01 07:00,12.737,75.96
2025-11-01 08:00,12.786,79.88
2025-11-01 09:00,12.824,82.92
2025-11-01 10:00,12.854,85.32
2025-11-01 11:00,12.867,86.36
2025-11-01 12:00,12.852,85.16
2025-11-01 13:00,12.829,83.32
2025-11-01 14:00,12.791,80.28
2025-11-01 15:00,12.741,76.28
2025-11-01 16:00,12.684,71.72
2025-11-01 17:00,12.622,66.76
2025-11-01 18:00,12.562,62.34
2025-11-01 19:00,12.502,58.14
2025-11-01 20:00,12.447,54.29
2025-11-01 21:00,12.396,50.76
2025-11-01 22:00,12.348,47.88
2025-11-01 23:00,12.308,45.48
2025-11-02 00:00,12.277,43.62
2025-11-02 01:00,12.258,42.48
2025-11-02 02:00,12.273,43.38
2025-11-02 03:00,12.323,46.38
2025-11-02 04:00,12.411,51.77
2025-11-02 05:00,12.514,58.98
2025-11-02 06:00,12.616,66.28
2025-11-02 07:00,12.709,73.72
2025-11-02 08:00,12.795,80.6
2025-11-02 09:00,12.864,86.12
2025-11-02 10:00,12.914,90.12
2025-11-02 11:00,12.946,92.68
2025-11-02 12:00,12.952,93.16
2025-11-02 13:00,12.943,92.44
2025-11-02 14:00,12.907,89.56
2025-11-02 15:00,12.859,85.72
2025-11-02 16:00,12.8,81.0
2025-11-02 17:00,12.735,75.8
2025-11-02 18:00,12.663,70.04
2025-11-02 19:00,12.604,65.32
2025-11-02 20:00,12.545,61.15
2025-11-02 21:00,12.489,57.23
2025-11-02 22:00,12.444,54.08
2025-11-02 23:00,12.41,51.7
2025-11-03 00:00,12.384,50.04
2025-11-03 01:00,12.377,49.62
2025-11-03 02:00,12.398,50.88
2025-11-03 03:00,12.451,54.57
2025-11-03 04:00,12.533,60.31
2025-11-03 05:00,12.622,66.76
2025-11-03 06:00,12.716,74.28
2025-11-03 07:00,12.809,81.72
2025-11-03 08:00,12.891,88.28
2025-11-03 09:00,12.949,92.92
2025-11-03 10:00,13.001,97.09
2025-11-03 11:00,13.036,100.24
2025-11-03 12:00,13.047,101.23
2025-11-03 13:00,13.035,100.15
2025-11-03 14:00,13.004,97.36
2025-11-03 15:00,12.955,93.4
2025-11-03 16:00,12.897,88.76
2025-11-03 17:00,12.846,84.68
2025-11-03 18:00,12.79,80.2
2025-11-03 19:00,12.729,75.32
2025-11-03 20:00,12.675,71.0
2025-11-03 21:00,12.624,66.92
2025-11-03 22:00,12.582,63.74
2025-11-03 23:00,12.546,61.22
2025-11-04 00:00,12.523,59.61
2025-11-04 01:00,12.514,58.98
2025-11-04 02:00,12.536,60.52
2025-11-04 03:00,12.585,63.95
2025-11-04 04:00,12.657,69.56
2025-11-04 05:00,12.737,75.96
2025-11-04 06:00,12.815,82.2
2025-11-04 07:00,12.9,89.0
2025-11-04 08:00,12.97,94.6
2025-11-04 09:00,13.028,99.52
2025-11-04 10:00,13.07,103.3
2025-11-04 11:00,13.095,105.55
2025-11-04 12:00,13.103,106.27
2025-11-04 13:00,13.092,105.28
2025-11-04 14:00,13.062,102.58
2025-11-04 15:00,13.019,98.71
2025-11-04 16:00,12.969,94.52
2025-11-04 17:00,12.92,90.6
2025-11-04 18:00,12.868,86.44
2025-11-04 19:00,12.818,82.44
2025-11-04 20:00,12.774,78.92
2025-11-04 21:00,12.735,75.8
2025-11-04 22:00,12.701,73.08
2025-11-04 23:00,12.675,71.0
2025-11-05 00:00,12.652,69.16
2025-11-05 01:00,12.651,69.08
2025-11-05 02:00,12.684,71.72
2025-11-05 03:00,12.742,76.36
2025-11-05 04:00,12.818,82.44
2025-11-05 05:00,12.899,88.92
2025-11-05 06:00,12.973,94.84
2025-11-05 07:00,13.046,101.14
2025-11-05 08:00,13.102,106.18
2025-11-05 09:00,13.145,110.05
2025-11-05 10:00,13.175,112.75
2025-11-05 11:00,13.182,113.38
2025-11-05 12:00,13.175,112.75
2025-11-05 13:00,13.148,110.32
2025-11-05 14:00,13.12,107.8
2025-11-05 15:00,13.084,104.56
2025-11-05 16:00,13.037,100.33
2025-11-05 17:00,12.999,96.92
2025-11-05 18:00,12.963,94.04
2025-11-05 19:00,12.933,91.64
2025-11-05 20:00,12.909,89.72
2025-11-05 21:00,12.891,88.28
2025-11-05 22:00,12.888,88.04
2025-11-05 23:00,12.895,88.6
2025-11-06 00:00,12.908,89.64
2025-11-06 01:00,12.921,90.68
2025-11-06 02:00,12.935,91.8
2025-11-06 03:00,12.946,92.68
2025-11-06 04:00,12.956,93.48
2025-11-06 05:00,12.966,94.28
2025-11-06 06:00,12.977,95.16
2025-11-06 07:00,12.978,95.24
2025-11-06 08:00,12.975,95.0
2025-11-06 09:00,12.962,93.96
2025-11-06 10:00,12.943,92.44
2025-11-06 11:00,12.913,90.04
2025-11-06 12:00,12.874,86.92
2025-11-06 13:00,12.825,83.0
2025-11-06 14:00,12.769,78.52
2025-11-06 15:00,12.711,73.88
2025-11-06 16:00,12.648,68.84
2025-11-06 17:00,12.586,64.02
2025-11-06 18:00,12.523,59.61
2025-11-06 19:00,12.461,55.27
2025-11-06 20:00,12.402,51.14
2025-11-06 21:00,12.345,47.7
2025-11-06 22:00,12.289,44.34
2025-11-06 23:00,12.237,41.22
2025-11-07 00:00,12.19,38.4
2025-11-07 01:00,12.144,35.64
2025-11-07 02:00,12.101,33.06
2025-11-07 03:00,12.062,30.72
2025-11-07 04:00,12.029,28.74
2025-11-07 05:00,12.01,27.6
2025-11-07 06:00,12.048,29.88
2025-11-07 07:00,12.14,35.4
2025-11-07 08:00,12.278,43.68
2025-11-07 09:00,12.411,51.77
2025-11-07 10:00,12.516,59.12
2025-11-07 11:00,12.592,64.44
2025-11-07 12:00,12.644,68.52
2025-11-07 13:00,12.659,69.72
2025-11-07 14:00,12.653,69.24
2025-11-07 15:00,12.625,67.0
2025-11-07 16:00,12.579,63.53
2025-11-07 17:00,12.522,59.54
2025-11-07 18:00,12.463,55.41
2025-11-07 19:00,12.4,51.0
2025-11-07 20:00,12.339,47.34
2025-11-07 21:00,12.282,43.92
2025-11-07 22:00,12.229,40.74
2025-11-07 23:00,12.177,37.62
2025-11-08 00:00,12.133,34.98
2025-11-08 01:00,12.09,32.4
2025-11-08 02:00,12.053,30.18
2025-11-08 03:00,12.021,28.26
2025-11-08 04:00,11.992,26.52
2025-11-08 05:00,11.979,25.74
2025-11-08 06:00,12.016,27.96
2025-11-08 07:00,12.113,33.78
2025-11-08 08:00,12.251,42.06
2025-11-08 09:00,12.378,49.68
2025-11-08 10:00,12.483,56.81
2025-11-08 11:00,12.557,61.99
2025-11-08 12:00,12.601,65.08
2025-11-08 13:00,12.62,66.6
2025-11-08 14:00,12.612,65.96
2025-11-08 15:00,12.574,63.18
2025-11-08 16:00,12.539,60.73
2025-11-08 17:00,12.478,56.46
2025-11-08 18:00,12.422,52.54
2025-11-08 19:00,12.361,48.66
2025-11-08 20:00,12.3,45.0
2025-11-08 21:00,12.253,42.18
2025-11-08 22:00,12.197,38.82
2025-11-08 23:00,12.153,36.18
2025-11-09 00:00,12.114,33.84
2025-11-09 01:00,12.077,31.62
2025-11-09 02:00,12.048,29.88
2025-11-09 03:00,12.022,28.32
2025-11-09 04:00,12.001,27.06
2025-11-09 05:00,11.999,26.94
2025-11-09 06:00,12.057,30.42
2025-11-09 07:00,12.17,37.2
2025-11-09 08:00,12.31,45.6
2025-11-09 09:00,12.439,53.73
2025-11-09 10:00,12.543,61.01
2025-11-09 11:00,12.616,66.28
2025-11-09 12:00,12.66,69.8
2025-11-09 13:00,12.67,70.6
2025-11-09 14:00,12.649,68.92
2025-11-09 15:00,12.634,67.72
2025-11-09 16:00,12.595,64.65
2025-11-09 17:00,12.538,60.66
2025-11-09 18:00,12.483,56.81
2025-11-09 19:00,12.423,52.61
2025-11-09 20:00,12.365,48.9
2025-11-09 21:00,12.305,45.3
2025-11-09 22:00,12.254,42.24
2025-11-09 23:00,12.205,39.3
2025-11-10 00:00,12.159,36.54
2025-11-10 01:00,12.12,34.2
2025-11-10 02:00,12.079,31.74
2025-11-10 03:00,12.047,29.82
2025-11-10 04:00,12.016,27.96
2025-11-10 05:00,12.001,27.06
2025-11-10 06:00,12.034,29.04
2025-11-10 07:00,12.128,34.68
2025-11-10 08:00,12.251,42.06
2025-11-10 09:00,12.379,49.74
2025-11-10 10:00,12.479,56.53
2025-11-10 11:00,12.554,61.78
2025-11-10 12:00,12.597,64.79
2025-11-10 13:00,12.609,65.72
2025-11-10 14:00,12.597,64.79
2025-11-10 15:00,12.565,62.55
2025-11-10 16:00,12.521,59.47
2025-11-10 17:00,12.469,55.83
2025-11-10 18:00,12.407,51.49
2025-11-10 19:00,12.347,47.82
2025-11-10 20:00,12.285,44.1
2025-11-10 21:00,12.231,40.86
2025-11-10 22:00,12.178,37.68
2025-11-10 23:00,12.133,34.98
2025-11-11 00:00,12.085,32.1
2025-11-11 01:00,12.043,29.58
2025-11-11 02:00,12.004,27.24
2025-11-11 03:00,11.974,25.44
2025-11-11 04:00,11.941,23.46
2025-11-11 05:00,11.924,22.44
2025-11-11 06:00,11.954,24.24
2025-11-11 07:00,12.046,29.76
2025-11-11 08:00,12.178,37.68
2025-11-11 09:00,12.312,45.72
2025-11-11 10:00,12.426,52.82
2025-11-11 11:00,12.505,58.35
2025-11-11 12:00,12.556,61.92
2025-11-11 13:00,12.572,63.04
2025-11-11 14:00,12.56,62.2
2025-11-11 15:00,12.534,60.38
2025-11-11 16:00,12.499,57.93
2025-11-11 17:00,12.453,54.71
2025-11-11 18:00,12.395,50.7
2025-11-11 19:00,12.335,47.1
2025-11-11 20:00,12.277,43.62
2025-11-11 21:00,12.223,40.38
2025-11-11 22:00,12.173,37.38
2025-11-11 23:00,12.128,34.68
2025-11-12 00:00,12.094,32.64
2025-11-12 01:00,12.056,30.36
2025-11-12 02:00,12.022,28.32
2025-11-12 03:00,11.996,26.76
2025-11-12 04:00,11.971,25.26
2025-11-12 05:00,11.957,24.42
2025-11-12 06:00,11.991,26.46
2025-11-12 07:00,12.085,32.1
2025-11-12 08:00,12.216,39.96
2025-11-12 09:00,12.353,48.18
2025-11-12 10:00,12.464,55.48
2025-11-12 11:00,12.546,61.22
2025-11-12 12:00,12.596,64.72
2025-11-12 13:00,12.608,65.64
2025-11-12 14:00,12.599,64.93
2025-11-12 15:00,12.591,64.37
2025-11-12 16:00,12.553,61.71
2025-11-12 17:00,12.497,57.79
2025-11-12 18:00,12.435,53.45
2025-11-12 19:00,12.376,49.56
2025-11-12 20:00,12.317,46.02
2025-11-12 21:00,12.264,42.84
2025-11-12 22:00,12.211,39.66
2025-11-12 23:00,12.164,36.84
2025-11-13 00:00,12.12,34.2
2025-11-13 01:00,12.081,31.86
2025-11-13 02:00,12.045,29.7
2025-11-13 03:00,12.006,27.36
2025-11-13 04:00,11.977,25.62
2025-11-13 05:00,11.946,23.76
2025-11-13 06:00,11.92,22.2
2025-11-13 07:00,11.914,21.84
2025-11-13 08:00,11.955,24.3
2025-11-13 09:00,12.039,29.34
2025-11-13 10:00,12.155,36.3
2025-11-13 11:00,12.264,42.84
2025-11-13 12:00,12.348,47.88
2025-11-13 13:00,12.39,50.4
2025-11-13 14:00,12.407,51.49
2025-11-13 15:00,12.394,50.64
2025-11-13 16:00,12.369,49.14
2025-11-13 17:00,12.33,46.8
2025-11-13 18:00,12.282,43.92
2025-11-13 19:00,12.228,40.68
2025-11-13 20:00,12.177,37.62
2025-11-13 21:00,12.12,34.2
2025-11-13 22:00,12.072,31.32
2025-11-13 23:00,12.028,28.68
2025-11-14 00:00,11.982,25.92
2025-11-14 01:00,11.949,23.94
2025-11-14 02:00,11.911,21.66
2025-11-14 03:00,11.879,19.74
2025-11-14 04:00,11.853,18.18
2025-11-14 05:00,11.825,16.5
2025-11-14 06:00,11.811,15.66
2025-11-14 07:00,11.801,15.06
2025-11-14 08:00,11.837,17.22
2025-11-14 09:00,11.939,23.34
2025-11-14 10:00,12.071,31.26
2025-11-14 11:00,12.188,38.28
2025-11-14 12:00,12.277,43.62
2025-11-14 13:00,12.331,46.86
2025-11-14 14:00,12.357,48.42
2025-11-14 15:00,12.353,48.18
2025-11-14 16:00,12.327,46.62
2025-11-14 17:00,12.293,44.58
2025-11-14 18:00,12.248,41.88
2025-11-14 19:00,12.2,39.0
2025-11-14 20:00,12.15,36.0
2025-11-14 21:00,12.103,33.18
2025-11-14 22:00,12.059,30.54
2025-11-14 23:00,12.014,27.84
2025-11-15 00:00,11.98,25.8
2025-11-15 01:00,11.944,23.64
2025-11-15 02:00,11.915,21.9
2025-11-15 03:00,11.889,20.34
2025-11-15 04:00,11.865,18.9
2025-11-15 05:00,11.837,17.22
2025-11-15 06:00,11.819,16.14
2025-11-15 07:00,11.823,16.38
2025-11-15 08:00,11.883,19.98
2025-11-15 09:00,11.993,26.58
2025-11-15 10:00,12.128,34.68
2025-11-15 11:00,12.252,42.12
2025-11-15 12:00,12.331,46.86
2025-11-15 13:00,12.374,49.44
2025-11-15 14:00,12.384,50.04
2025-11-15 15:00,12.378,49.68
2025-11-15 16:00,12.352,48.12
2025-11-15 17:00,12.31,45.6
2025-11-15 18:00,12.258,42.48
2025-11-15 19:00,12.209,39.54
2025-11-15 20:00,12.156,36.36
2025-11-15 21:00,12.103,33.18
2025-11-15 22:00,12.058,30.48
2025-11-15 23:00,12.016,27.96
2025-11-16 00:00,11.975,25.5
2025-11-16 01:00,11.937,23.22
2025-11-16 02:00,11.907,21.42
2025-11-16 03:00,11.876,19.56
2025-11-16 04:00,11.849,17.94
2025-11-16 05:00,11.825,16.5
2025-11-16 06:00,11.799,14.95
2025-11-16 07:00,11.792,14.6
2025-11-16 08:00,11.826,16.56
2025-11-16 09:00,11.925,22.5
2025-11-16 10:00,12.064,30.84
2025-11-16 11:00,12.178,37.68
2025-11-16 12:00,12.267,43.02
2025-11-16 13:00,12.322,46.32
2025-11-16 14:00,12.342,47.52
2025-11-16 15:00,12.34,47.4
2025-11-16 16:00,12.312,45.72
2025-11-16 17:00,12.274,43.44
2025-11-16 18:00,12.227,40.62
2025-11-16 19:00,12.177,37.62
2025-11-16 20:00,12.128,34.68
2025-11-16 21:00,12.077,31.62
2025-11-16 22:00,12.03,28.8
2025-11-16 23:00,11.983,25.98
2025-11-17 00:00,11.946,23.76
2025-11-17 01:00,11.908,21.48
2025-11-17 02:00,11.878,19.68
2025-11-17 03:00,11.853,18.18
2025-11-17 04:00,11.822,16.32
2025-11-17 05:00,11.799,14.95
2025-11-17 06:00,11.781,14.05
2025-11-17 07:00,11.775,13.75
2025-11-17 08:00,11.819,16.14
2025-11-17 09:00,11.938,23.28
2025-11-17 10:00,12.081,31.86
2025-11-17 11:00,12.194,38.64
2025-11-17 12:00,12.277,43.62
2025-11-17 13:00,12.322,46.32
2025-11-17 14:00,12.337,47.22
2025-11-17 15:00,12.331,46.86
2025-11-17 16:00,12.301,45.06
2025-11-17 17:00,12.262,42.72
2025-11-17 18:00,12.214,39.84
2025-11-17 19:00,12.16,36.6
2025-11-17 20:00,12.116,33.96
2025-11-17 21:00,12.068,31.08
2025-11-17 22:00,12.026,28.56
2025-11-17 23:00,11.987,26.22
2025-11-18 00:00,11.95,24.0
2025-11-18 01:00,11.916,21.96
2025-11-18 02:00,11.893,20.58
2025-11-18 03:00,11.871,19.26
2025-11-18 04:00,11.85,18.0
2025-11-18 05:00,11.825,16.5
2025-11-18 06:00,11.803,15.18
2025-11-18 07:00,11.811,15.66
2025-11-18 08:00,11.853,18.18
2025-11-18 09:00,11.96,24.6
2025-11-18 10:00,12.089,32.34
2025-11-18 11:00,12.202,39.12
2025-11-18 12:00,12.279,43.74
2025-11-18 13:00,12.321,46.26
2025-11-18 14:00,12.334,47.04
2025-11-18 15:00,12.324,46.44
2025-11-18 16:00,12.295,44.7
2025-11-18 17:00,12.262,42.72
2025-11-18 18:00,12.222,40.32
2025-11-18 19:00,12.177,37.62
2025-11-18 20:00,12.135,35.1
2025-11-18 21:00,12.09,32.4
2025-11-18 22:00,12.05,30.0
2025-11-18 23:00,12.011,27.66
2025-11-19 00:00,11.981,25.86
2025-11-19 01:00,11.952,24.12
2025-11-19 02:00,11.926,22.56
2025-11-19 03:00,11.901,21.06
2025-11-19 04:00,11.886,20.16
2025-11-19 05:00,11.873,19.38
2025-11-19 06:00,11.937,23.22
2025-11-19 07:00,12.077,31.62
2025-11-19 08:00,12.217,40.02
2025-11-19 09:00,12.357,48.42
2025-11-19 10:00,12.496,57.72
2025-11-19 11:00,12.601,65.08
2025-11-19 12:00,12.67,70.6
2025-11-19 13:00,12.695,72.6
2025-11-19 14:00,12.676,71.08
2025-11-19 15:00,12.658,69.64
2025-11-19 16:00,12.639,68.12
2025-11-19 17:00,12.621,66.68
2025-11-19 18:00,12.607,65.56
2025-11-19 19:00,12.565,62.55
2025-11-19 20:00,12.522,59.54
2025-11-19 21:00,12.48,56.6
2025-11-19 22:00,12.448,54.36
2025-11-19 23:00,12.419,52.33
2025-11-20 00:00,12.389,50.34
2025-11-20 01:00,12.352,48.12
2025-11-20 02:00,12.315,45.9
2025-11-20 03:00,12.296,44.76
2025-11-20 04:00,12.335,47.1
2025-11-20 05:00,12.373,49.38
2025-11-20 06:00,12.412,51.84
2025-11-20 07:00,12.45,54.5
2025-11-20 08:00,12.489,57.23
2025-11-20 09:00,12.527,59.89
2025-11-20 10:00,12.57,62.9
2025-11-20 11:00,12.552,61.64
2025-11-20 12:00,12.534,60.38
2025-11-20 13:00,12.516,59.12
2025-11-20 14:00,12.498,57.86
2025-11-20 15:00,12.48,56.6
2025-11-20 16:00,12.461,55.27
2025-11-20 17:00,12.443,54.01
2025-11-20 18:00,12.424,52.68
2025-11-20 19:00,12.406,51.42
2025-11-20 20:00,12.387,50.22
2025-11-20 21:00,12.369,49.14
2025-11-20 22:00,12.35,48.0
2025-11-20 23:00,12.336,47.16
2025-11-21 00:00,12.335,47.1
2025-11-21 01:00,12.334,47.04
2025-11-21 02:00,12.333,46.98
2025-11-21 03:00,12.332,46.92
2025-11-21 04:00,12.331,46.86
2025-11-21 05:00,12.33,46.8
2025-11-21 06:00,12.347,47.82
2025-11-21 07:00,12.416,52.12
2025-11-21 08:00,12.481,56.67
2025-11-21 09:00,12.546,61.22
2025-11-21 10:00,12.611,65.88
2025-11-21 11:00,12.676,71.08
2025-11-21 12:00,12.741,76.28
2025-11-21 13:00,12.806,81.48
2025-11-21 14:00,12.871,86.68
2025-11-21 15:00,12.868,86.44
2025-11-21 16:00,12.843,84.44
2025-11-21 17:00,12.818,82.44
2025-11-21 18:00,12.793,80.44
2025-11-21 19:00,12.767,78.36
2025-11-21 20:00,12.742,76.36
2025-11-21 21:00,12.716,74.28
2025-11-21 22:00,12.706,73.48
2025-11-21 23:00,12.743,76.44
2025-11-22 00:00,12.78,79.4
2025-11-22 01:00,12.834,83.72
2025-11-22 02:00,12.894,88.52
2025-11-22 03:00,12.954,93.32
2025-11-22 04:00,13.014,98.26
2025-11-22 05:00,13.074,103.66
2025-11-22 06:00,13.134,109.06
2025-11-22 07:00,13.194,114.46
2025-11-22 08:00,13.254,120.4
2025-11-22 09:00,13.314,126.4
2025-11-22 10:00,13.374,132.4
2025-11-22 11:00,13.434,138.74
2025-11-22 12:00,13.494,145.34
2025-11-22 13:00,13.554,151.94
2025-11-22 14:00,13.614,158.68
2025-11-22 15:00,13.674,165.88
2025-11-22 16:00,13.734,173.08
2025-11-22 17:00,13.794,180.28
2025-11-22 18:00,13.854,187.48
2025-11-22 19:00,13.914,194.68
2025-11-22 20:00,13.974,201.88
2025-11-22 21:00,14.033,209.29
2025-11-22 22:00,14.093,217.09
2025-11-22 23:00,14.152,224.76
2025-11-23 00:00,14.212,232.68
2025-11-23 13:00,15.502,442.38
2025-11-23 14:00,15.602,461.4
2025-11-23 15:00,15.702,481.4
2025-11-23 16:00,15.802,501.4
2025-11-23 17:00,15.902,521.4
2025-11-23 18:00,16.002,541.4
2025-11-23 19:00,16.102,561.4
2025-11-23 20:00,16.202,581.42
2025-11-23 21:00,16.303,602.63
2025-11-23 22:00,16.403,623.63
2025-11-23 23:00,16.504,644.84
2025-11-24 00:00,16.604,666.0
2025-11-24 01:00,16.705,691.25
2025-11-24 02:00,16.805,716.25
2025-11-24 03:00,16.906,741.5
2025-11-24 04:00,17.006,766.56
2025-11-24 05:00,17.107,792.82
2025-11-24 06:00,17.207,818.82
2025-11-24 07:00,17.308,845.08
2025-11-24 08:00,17.408,871.08
2025-11-24 09:00,17.509,897.34
2025-11-24 10:00,17.609,923.61
2025-11-24 11:00,17.71,952.9
2025-11-24 12:00,17.81,981.9
2025-11-24 13:00,17.896,1006.84
2025-11-24 14:00,17.939,1019.7
2025-11-24 15:00,17.982,1032.6
2025-11-24 16:00,18.025,1045.5
2025-11-24 17:00,18.068,1058.4
2025-11-24 18:00,18.111,1071.3
2025-11-24 19:00,18.154,1084.2
2025-11-24 20:00,18.197,1097.1
2025-11-24 21:00,18.24,1110.0
2025-11-24 22:00,18.283,1122.9
2025-11-24 23:00,18.326,1135.8
2025-11-25 00:00,18.369,1148.7
2025-11-25 01:00,18.412,1161.72
2025-11-25 02:00,18.455,1175.05
2025-11-25 03:00,18.498,1188.38
2025-11-25 04:00,18.541,1201.71
2025-11-25 05:00,18.585,1215.35
2025-11-25 06:00,18.628,1229.52
2025-11-25 07:00,18.672,1244.48
2025-11-25 08:00,18.694,1251.96
2025-11-25 09:00,18.667,1242.78
2025-11-25 10:00,18.635,1231.9
2025-11-25 11:00,18.621,1227.14
2025-11-25 12:00,18.575,1212.25
2025-11-25 13:00,18.546,1203.26
2025-11-25 14:00,18.512,1192.72
2025-11-25 15:00,18.483,1183.73
2025-11-25 16:00,18.46,1176.6
2025-11-25 17:00,18.422,1164.82
2025-11-25 18:00,18.385,1153.5
2025-11-25 19:00,18.36,1146.0
2025-11-25 20:00,18.323,1134.9
2025-11-25 21:00,18.311,1131.3
2025-11-25 22:00,18.303,1128.9
2025-11-25 23:00,18.291,1125.3
2025-11-26 00:00,18.254,1114.2
2025-11-26 01:00,18.224,1105.2
2025-11-26 02:00,18.218,1103.4
2025-11-26 03:00,18.182,1092.6
2025-11-26 04:00,18.169,1088.7
2025-11-26 05:00,18.143,1080.9
2025-11-26 06:00,18.136,1078.8
2025-11-26 07:00,18.117,1073.1
2025-11-26 08:00,18.086,1063.8
2025-11-26 09:00,18.071,1059.3
2025-11-26 10:00,18.059,1055.7
2025-11-26 11:00,18.043,1050.9
2025-11-26 12:00,18.047,1052.1
2025-11-26 13:00,18.033,1047.9
2025-11-26 14:00,18.014,1042.2
2025-11-26 15:00,17.996,1036.8
2025-11-26 16:00,17.984,1033.2
2025-11-26 17:00,17.963,1026.9
2025-11-26 18:00,17.946,1021.8
2025-11-26 19:00,17.931,1017.3
2025-11-26 20:00,17.913,1011.9
2025-11-26 21:00,17.903,1008.9
2025-11-26 22:00,17.89,1005.1
2025-11-26 23:00,17.877,1001.33
2025-11-27 00:00,17.852,994.08
2025-11-27 01:00,17.842,991.18
2025-11-27 02:00,17.829,987.41
2025-11-27 03:00,17.811,982.19
2025-11-27 04:00,17.79,976.1
2025-11-27 05:00,17.769,970.01
2025-11-27 06:00,17.753,965.37
2025-11-27 07:00,17.721,956.09
2025-11-27 08:00,17.704,951.16
2025-11-27 09:00,17.678,943.62
2025-11-27 10:00,17.639,932.31
2025-11-27 11:00,17.614,925.06
2025-11-27 12:00,17.585,917.1
2025-11-27 13:00,17.551,908.26
2025-11-27 14:00,17.523,900.98
2025-11-27 15:00,17.491,892.66
2025-11-27 16:00,17.455,883.3
2025-11-27 17:00,17.428,876.28
2025-11-27 18:00,17.395,867.7
2025-11-27 19:00,17.364,859.64
2025-11-27 20:00,17.336,852.36
2025-11-27 21:00,17.294,841.44
2025-11-27 22:00,17.265,833.9
2025-11-27 23:00,17.234,825.84
2025-11-28 00:00,17.195,815.7
2025-11-28 01:00,17.161,806.86
2025-11-28 02:00,17.125,797.5
2025-11-28 03:00,17.095,789.7
2025-11-28 04:00,17.061,780.86
2025-11-28 05:00,17.022,770.72
2025-11-28 06:00,16.977,759.25
2025-11-28 07:00,16.939,749.75
2025-11-28 08:00,16.898,739.5
2025-11-28 09:00,16.857,729.25
2025-11-28 10:00,16.818,719.5
2025-11-28 11:00,16.789,712.25
2025-11-28 12:00,16.757,704.25
2025-11-28 13:00,16.718,694.5
2025-11-28 14:00,16.677,684.25
2025-11-28 15:00,16.636,674.0
2025-11-28 16:00,16.603,665.75
2025-11-28 17:00,16.574,659.54
2025-11-28 18:00,16.539,652.19
2025-11-28 19:00,16.509,645.89
2025-11-28 20:00,16.474,638.54
2025-11-28 21:00,16.449,633.29
2025-11-28 22:00,16.424,628.04
2025-11-28 23:00,16.401,623.21
2025-11-29 00:00,16.374,617.54
2025-11-29 01:00,16.347,611.87
2025-11-29 02:00,16.322,606.62
2025-11-29 03:00,16.294,600.74
2025-11-29 04:00,16.275,596.75
2025-11-29 05:00,16.258,593.18
2025-11-29 06:00,16.237,588.77
2025-11-29 07:00,16.222,585.62
2025-11-29 08:00,16.21,583.1
2025-11-29 09:00,16.195,580.0
2025-11-29 10:00,16.184,577.8
2025-11-29 11:00,16.174,575.8
2025-11-29 12:00,16.16,573.0
2025-11-29 13:00,16.148,570.6
2025-11-29 14:00,16.13,567.0
2025-11-29 15:00,16.121,565.2
2025-11-29 16:00,16.105,562.0
2025-11-29 17:00,16.092,559.4
2025-11-29 18:00,16.076,556.2
2025-11-29 19:00,16.059,552.8
2025-11-29 20:00,16.045,550.0
2025-11-29 21:00,16.022,545.4
2025-11-29 22:00,16.005,542.0
2025-11-29 23:00,15.985,538.0
2025-11-30 00:00,15.958,532.6
2025-11-30 01:00,15.936,528.2
2025-11-30 02:00,15.907,522.4
2025-11-30 03:00,15.883,517.6
2025-11-30 04:00,15.85,511.0
2025-11-30 05:00,15.823,505.6
2025-11-30 06:00,15.789,498.8
2025-11-30 07:00,15.759,492.8
2025-11-30 08:00,15.724,485.8
2025-11-30 09:00,15.687,478.4
2025-11-30 10:00,15.656,472.2
2025-11-30 11:00,15.616,464.2
2025-11-30 12:00,15.58,457.2
2025-11-30 13:00,15.545,450.55
2025-11-30 14:00,15.499,441.81
2025-11-30 15:00,15.46,434.4
2025-11-30 16:00,15.418,426.42
2025-11-30 17:00,15.385,420.45
2025-11-30 18:00,15.343,413.31
2025-11-30 19:00,15.309,407.53
2025-11-30 20:00,15.268,400.56
2025-11-30 21:00,15.227,393.59
2025-11-30 22:00,15.185,386.45
2025-11-30 23:00,15.143,379.31
2025-12-01 00:00,15.1,372.0
2025-12-01 01:00,15.058,364.86
2025-12-01 02:00,15.015,357.55
2025-12-01 03:00,14.973,350.41
2025-12-01 04:00,14.93,343.1
2025-12-01 05:00,14.886,335.62
2025-12-01 06:00,14.847,328.99
2025-12-01 07:00,14.802,321.34
2025-12-01 08:00,14.763,315.08
2025-12-01 09:00,14.72,308.2
2025-12-01 10:00,14.684,302.44
2025-12-01 11:00,14.641,295.56
2025-12-01 12:00,14.598,288.7
2025-12-01 13:00,14.566,283.9
2025-12-01 14:00,14.523,277.45
2025-12-01 15:00,14.485,271.75
2025-12-01 16:00,14.45,266.5
2025-12-01 17:00,14.416,261.4
2025-12-01 18:00,14.381,256.34
2025-12-01 19:00,14.352,252.28
2025-12-01 20:00,14.315,247.1
2025-12-01 21:00,14.277,241.78
2025-12-01 22:00,14.242,236.88
2025-12-01 23:00,14.206,231.84
2025-12-02 00:00,14.168,226.84
2025-12-02 01:00,14.131,222.03
2025-12-02 02:00,14.095,217.35
2025-12-02 03:00,14.059,212.67
2025-12-02 04:00,14.022,207.86
2025-12-02 05:00,13.993,204.16
2025-12-02 06:00,13.957,199.84
2025-12-02 07:00,13.921,195.52
2025-12-02 08:00,13.889,191.68
2025-12-02 09:00,13.862,188.44
2025-12-02 10:00,13.827,184.24
2025-12-02 11:00,13.8,181.0
2025-12-02 12:00,13.768,177.16
2025-12-02 13:00,13.739,173.68
2025-12-02 14:00,13.707,169.84
2025-12-02 15:00,13.691,167.92
2025-12-02 16:00,13.655,163.6
2025-12-02 17:00,13.636,161.32
2025-12-02 18:00,13.613,158.56
2025-12-02 19:00,13.598,156.78
2025-12-02 20:00,13.577,154.47
2025-12-02 21:00,13.559,152.49
2025-12-02 22:00,13.539,150.29
2025-12-02 23:00,13.52,148.2
2025-12-03 00:00,13.505,146.55
2025-12-03 01:00,13.485,144.35
2025-12-03 02:00,13.471,142.81
2025-12-03 03:00,13.453,140.83
2025-12-03 04:00,13.439,139.29
2025-12-03 05:00,13.423,137.53
2025-12-03 06:00,13.411,136.21
2025-12-03 07:00,13.396,134.6
2025-12-03 08:00,13.381,133.1
2025-12-03 09:00,13.371,132.1
2025-12-03 10:00,13.356,130.6
2025-12-03 11:00,13.34,129.0
2025-12-03 12:00,13.332,128.2
2025-12-03 13:00,13.314,126.4
2025-12-03 14:00,13.305,125.5
2025-12-03 15:00,13.297,124.7
2025-12-03 16:00,13.297,124.7
2025-12-03 17:00,13.292,124.2
2025-12-03 18:00,13.288,123.8
2025-12-03 19:00,13.287,123.7
2025-12-03 20:00,13.28,123.0
2025-12-03 21:00,13.273,122.3
2025-12-03 22:00,13.263,121.3
2025-12-03 23:00,13.257,120.7
2025-12-04 00:00,13.249,119.9
2025-12-04 01:00,13.241,119.1
2025-12-04 02:00,13.235,118.5
2025-12-04 03:00,13.23,118.0
2025-12-04 04:00,13.223,117.3
2025-12-04 05:00,13.217,116.7
2025-12-04 06:00,13.209,115.9
2025-12-04 07:00,13.203,115.3
2025-12-04 08:00,13.197,114.73
2025-12-04 09:00,13.188,113.92
2025-12-04 10:00,13.178,113.02
2025-12-04 11:00,13.169,112.21
2025-12-04 12:00,13.16,111.4
2025-12-04 13:00,13.144,109.96
2025-12-04 14:00,13.135,109.15
2025-12-04 15:00,13.125,108.25
2025-12-04 16:00,13.117,107.53
2025-12-04 17:00,13.115,107.35
2025-12-04 18:00,13.104,106.36
2025-12-04 19:00,13.095,105.55
2025-12-04 20:00,13.089,105.01
2025-12-04 21:00,13.091,105.19
2025-12-04 22:00,13.101,106.09
2025-12-04 23:00,13.118,107.62
2025-12-05 00:00,13.138,109.42
2025-12-05 01:00,13.158,111.22
2025-12-05 02:00,13.178,113.02
2025-12-05 03:00,13.194,114.46
2025-12-05 04:00,13.207,115.7
2025-12-05 05:00,13.217,116.7
2025-12-05 06:00,13.233,118.3
2025-12-05 07:00,13.241,119.1
2025-12-05 08:00,13.254,120.4
2025-12-05 09:00,13.263,121.3
2025-12-05 10:00,13.275,122.5
2025-12-05 11:00,13.282,123.2
2025-12-05 12:00,13.291,124.1
2025-12-05 13:00,13.293,124.3
2025-12-05 14:00,13.292,124.2
2025-12-05 15:00,13.294,124.4
2025-12-05 16:00,13.293,124.3
2025-12-05 17:00,13.287,123.7
2025-12-05 18:00,13.276,122.6
2025-12-05 19:00,13.274,122.4
2025-12-05 20:00,13.269,121.9
2025-12-05 21:00,13.266,121.6
2025-12-05 22:00,13.262,121.2
2025-12-05 23:00,13.259,120.9
2025-12-06 00:00,13.256,120.6
2025-12-06 01:00,13.254,120.4
2025-12-06 02:00,13.25,120.0
2025-12-06 03:00,13.245,119.5
2025-12-06 04:00,13.239,118.9
2025-12-06 05:00,13.222,117.2
2025-12-06 06:00,13.196,114.64
2025-12-06 07:00,13.173,112.57
2025-12-06 08:00,13.152,110.68
2025-12-06 09:00,13.133,108.97
2025-12-06 10:00,13.129,108.61
2025-12-06 11:00,13.135,109.15
2025-12-06 12:00,13.148,110.32
2025-12-06 13:00,13.173,112.57
2025-12-06 14:00,13.205,115.5
2025-12-06 15:00,13.248,119.8
2025-12-06 16:00,13.288,123.8
2025-12-06 17:00,13.324,127.4
2025-12-06 18:00,13.353,130.3
2025-12-06 19:00,13.374,132.4
2025-12-06 20:00,13.39,134.0
2025-12-06 21:00,13.392,134.2
2025-12-06 22:00,13.391,134.1
2025-12-06 23:00,13.382,133.2
2025-12-07 00:00,13.372,132.2
2025-12-07 01:00,13.357,130.7
2025-12-07 02:00,13.346,129.6
2025-12-07 03:00,13.341,129.1
2025-12-07 04:00,13.341,129.1
2025-12-07 05:00,13.351,130.1
2025-12-07 06:00,13.373,132.3
2025-12-07 07:00,13.401,135.11
2025-12-07 08:00,13.43,138.3
2025-12-07 09:00,13.459,141.49
2025-12-07 10:00,13.475,143.25
2025-12-07 11:00,13.497,145.67
2025-12-07 12:00,13.506,146.66
2025-12-07 13:00,13.517,147.87
2025-12-07 14:00,13.521,148.31
2025-12-07 15:00,13.52,148.2
2025-12-07 16:00,13.522,148.42
2025-12-07 17:00,13.521,148.31
2025-12-07 18:00,13.521,148.31
2025-12-07 19:00,13.513,147.43
2025-12-07 20:00,13.498,145.78
2025-12-07 21:00,13.481,143.91
2025-12-07 22:00,13.457,141.27
2025-12-07 23:00,13.429,138.19
2025-12-08 00:00,13.4,135.0
2025-12-08 01:00,13.372,132.2
2025-12-08 02:00,13.344,129.4
2025-12-08 03:00,13.324,127.4
2025-12-08 04:00,13.308,125.8
2025-12-08 05:00,13.303,125.3
2025-12-08 06:00,13.31,126.0
2025-12-08 07:00,13.322,127.2
2025-12-08 08:00,13.337,128.7
2025-12-08 09:00,13.356,130.6
2025-12-08 10:00,13.372,132.2
2025-12-08 11:00,13.389,133.9
2025-12-08 12:00,13.405,135.55
2025-12-08 13:00,13.417,136.87
2025-12-08 14:00,13.424,137.64
2025-12-08 15:00,13.439,139.29
2025-12-08 16:00,13.442,139.62
2025-12-08 17:00,13.445,139.95
2025-12-08 18:00,13.455,141.05
2025-12-08 19:00,13.463,141.93
2025-12-08 20:00,13.466,142.26
2025-12-08 21:00,13.468,142.48
2025-12-08 22:00,13.469,142.59
2025-12-08 23:00,13.472,142.92
2025-12-09 00:00,13.472,142.92
2025-12-09 01:00,13.473,143.03
2025-12-09 02:00,13.476,143.36
2025-12-09 03:00,13.481,143.91
2025-12-09 04:00,13.489,144.79
2025-12-09 05:00,13.5,146.0
2025-12-09 06:00,13.519,148.09
2025-12-09 07:00,13.536,149.96
2025-12-09 08:00,13.554,151.94
2025-12-09 09:00,13.57,153.7
2025-12-09 10:00,13.582,155.02
2025-12-09 11:00,13.587,155.57
2025-12-09 12:00,13.591,156.01
2025-12-09 13:00,13.593,156.23
2025-12-09 14:00,13.589,155.79
2025-12-09 15:00,13.573,154.03
2025-12-09 16:00,13.556,152.16
2025-12-09 17:00,13.543,150.73
2025-12-09 18:00,13.529,149.19
2025-12-09 19:00,13.509,146.99
2025-12-09 20:00,13.504,146.44
2025-12-09 21:00,13.494,145.34
2025-12-09 22:00,13.482,144.02
2025-12-09 23:00,13.473,143.03
2025-12-10 00:00,13.461,141.71
2025-12-10 01:00,13.455,141.05
2025-12-10 02:00,13.449,140.39
2025-12-10 03:00,13.448,140.28
2025-12-10 04:00,13.448,140.28
2025-12-10 05:00,13.458,141.38
2025-12-10 06:00,13.468,142.48
2025-12-10 07:00,13.48,143.8
2025-12-10 08:00,13.49,144.9
2025-12-10 09:00,13.501,146.11
2025-12-10 10:00,13.513,147.43
2025-12-10 11:00,13.517,147.87
2025-12-10 12:00,13.519,148.09
2025-12-10 13:00,13.515,147.65
2025-12-10 14:00,13.504,146.44
2025-12-10 15:00,13.498,145.78
2025-12-10 16:00,13.486,144.46
2025-12-10 17:00,13.468,142.48
2025-12-10 18:00,13.453,140.83
2025-12-10 19:00,13.445,139.95
2025-12-10 20:00,13.428,138.08
2025-12-10 21:00,13.417,136.87
2025-12-10 22:00,13.406,135.66
2025-12-10 23:00,13.395,134.5
2025-12-11 00:00,13.384,133.4
2025-12-11 01:00,13.375,132.5
2025-12-11 02:00,13.371,132.1
2025-12-11 03:00,13.367,131.7
2025-12-11 04:00,13.372,132.2
2025-12-11 05:00,13.382,133.2
2025-12-11 06:00,13.394,134.4
2025-12-11 07:00,13.405,135.55
2025-12-11 08:00,13.423,137.53
2025-12-11 09:00,13.44,139.4
2025-12-11 10:00,13.449,140.39
2025-12-11 11:00,13.461,141.71
2025-12-11 12:00,13.46,141.6
2025-12-11 13:00,13.456,141.16
2025-12-11 14:00,13.454,140.94
2025-12-11 15:00,13.451,140.61
2025-12-11 16:00,13.436,138.96
2025-12-11 17:00,13.422,137.42
2025-12-11 18:00,13.408,135.88
2025-12-11 19:00,13.395,134.5
2025-12-11 20:00,13.38,133.0
2025-12-11 21:00,13.376,132.6
2025-12-11 22:00,13.367,131.7
2025-12-11 23:00,13.358,130.8
2025-12-12 00:00,13.352,130.2
2025-12-12 01:00,13.35,130.0
2025-12-12 02:00,13.35,130.0
2025-12-12 03:00,13.353,130.3
2025-12-12 04:00,13.361,131.1
2025-12-12 05:00,13.372,132.2
2025-12-12 06:00,13.388,133.8
2025-12-12 07:00,13.403,135.33
2025-12-12 08:00,13.42,137.2
2025-12-12 09:00,13.434,138.74
2025-12-12 10:00,13.447,140.17
2025-12-12 11:00,13.451,140.61
2025-12-12 12:00,13.441,139.51
2025-12-12 13:00,13.426,137.86
2025-12-12 14:00,13.399,134.9
2025-12-12 15:00,13.365,131.5
2025-12-12 16:00,13.324,127.4
2025-12-12 17:00,13.281,123.1
2025-12-12 18:00,13.235,118.5
2025-12-12 19:00,13.191,114.19
2025-12-12 20:00,13.146,110.14
2025-12-12 21:00,13.109,106.81
2025-12-12 22:00,13.075,103.75
2025-12-12 23:00,13.043,100.87
2025-12-13 00:00,13.015,98.35
2025-12-13 01:00,12.989,96.12
2025-12-13 02:00,12.97,94.6
2025-12-13 03:00,12.957,93.56
2025-12-13 04:00,12.951,93.08
2025-12-13 05:00,12.954,93.32
2025-12-13 06:00,12.971,94.68
2025-12-13 07:00,13.013,98.17
2025-12-13 08:00,13.068,103.12
2025-12-13 09:00,13.127,108.43
2025-12-13 10:00,13.194,114.46
2025-12-13 11:00,13.248,119.8
2025-12-13 12:00,13.276,122.6
2025-12-13 13:00,13.301,125.1
2025-12-13 14:00,13.306,125.6
2025-12-13 15:00,13.291,124.1
2025-12-13 16:00,13.267,121.7
2025-12-13 17:00,13.232,118.2
2025-12-13 18:00,13.198,114.82
2025-12-13 19:00,13.162,111.58
2025-12-13 20:00,13.127,108.43
2025-12-13 21:00,13.095,105.55
2025-12-13 22:00,13.074,103.66
2025-12-13 23:00,13.049,101.41
2025-12-14 00:00,13.031,99.79
2025-12-14 01:00,13.013,98.17
2025-12-14 02:00,13.003,97.27
2025-12-14 03:00,12.994,96.52
2025-12-14 04:00,12.992,96.36
2025-12-14 05:00,12.999,96.92
2025-12-14 06:00,13.019,98.71
2025-12-14 07:00,13.052,101.68
2025-12-14 08:00,13.107,106.63
2025-12-14 09:00,13.156,111.04
2025-12-14 10:00,13.203,115.3
2025-12-14 11:00,13.239,118.9
2025-12-14 12:00,13.271,122.1
2025-12-14 13:00,13.274,122.4
2025-12-14 14:00,13.262,121.2
2025-12-14 15:00,13.245,119.5
2025-12-14 16:00,13.223,117.3
2025-12-14 17:00,13.2,115.0
2025-12-14 18:00,13.175,112.75
2025-12-14 19:00,13.159,111.31
2025-12-14 20:00,13.156,111.04
2025-12-14 21:00,13.159,111.31
2025-12-14 22:00,13.167,112.03
2025-12-14 23:00,13.181,113.29
2025-12-15 00:00,13.194,114.46
2025-12-15 01:00,13.209,115.9
2025-12-15 02:00,13.223,117.3
2025-12-15 03:00,13.229,117.9
2025-12-15 04:00,13.239,118.9
2025-12-15 05:00,13.243,119.3
2025-12-15 06:00,13.248,119.8
2025-12-15 07:00,13.259,120.9
2025-12-15 08:00,13.274,122.4
2025-12-15 09:00,13.293,124.3
2025-12-15 10:00,13.32,127.0
2025-12-15 11:00,13.343,129.3
2025-12-15 12:00,13.38,133.0
2025-12-15 13:00,13.41,136.1
2025-12-15 14:00,13.427,137.97
2025-12-15 15:00,13.443,139.73
2025-12-15 16:00,13.457,141.27
2025-12-15 17:00,13.466,142.26
2025-12-15 18:00,13.466,142.26
2025-12-15 19:00,13.461,141.71
2025-12-15 20:00,13.457,141.27
2025-12-15 21:00,13.451,140.61
2025-12-15 22:00,13.444,139.84
2025-12-15 23:00,13.436,138.96
2025-12-16 00:00,13.424,137.64
2025-12-16 01:00,13.412,136.32
2025-12-16 02:00,13.398,134.8
2025-12-16 03:00,13.38,133.0
2025-12-16 04:00,13.363,131.3
2025-12-16 05:00,13.354,130.4
2025-12-16 06:00,13.352,130.2
2025-12-16 07:00,13.352,130.2
2025-12-16 08:00,13.361,131.1
2025-12-16 09:00,13.374,132.4
2025-12-16 10:00,13.382,133.2
2025-12-16 11:00,13.384,133.4
2025-12-16 12:00,13.39,134.0
2025-12-16 13:00,13.389,133.9
2025-12-16 14:00,13.383,133.3
2025-12-16 15:00,13.375,132.5
2025-12-16 16:00,13.369,131.9
2025-12-16 17:00,13.37,132.0
2025-12-16 18:00,13.366,131.6
2025-12-16 19:00,13.359,130.9
2025-12-16 20:00,13.358,130.8
2025-12-16 21:00,13.351,130.1
2025-12-16 22:00,13.345,129.5
2025-12-16 23:00,13.34,129.0
2025-12-17 00:00,13.333,128.3
2025-12-17 01:00,13.325,127.5
2025-12-17 02:00,13.319,126.9
2025-12-17 03:00,13.308,125.8
2025-12-17 04:00,13.296,124.6
2025-12-17 05:00,13.288,123.8
2025-12-17 06:00,13.282,123.2
2025-12-17 07:00,13.28,123.0
2025-12-17 08:00,13.281,123.1
2025-12-17 09:00,13.285,123.5
2025-12-17 10:00,13.282,123.2
2025-12-17 11:00,13.276,122.6
2025-12-17 12:00,13.272,122.2
2025-12-17 13:00,13.258,120.8
2025-12-17 14:00,13.245,119.5
2025-12-17 15:00,13.232,118.2
2025-12-17 16:00,13.226,117.6
2025-12-17 17:00,13.218,116.8
2025-12-17 18:00,13.212,116.2
2025-12-17 19:00,13.209,115.9
2025-12-17 20:00,13.207,115.7
2025-12-17 21:00,13.205,115.5
2025-12-17 22:00,13.208,115.8
2025-12-17 23:00,13.214,116.4
2025-12-18 00:00,13.213,116.3
2025-12-18 01:00,13.215,116.5
2025-12-18 02:00,13.213,116.3
2025-12-18 03:00,13.211,116.1
2025-12-18 04:00,13.214,116.4
2025-12-18 05:00,13.212,116.2
2025-12-18 06:00,13.22,117.0
2025-12-18 07:00,13.235,118.5
2025-12-18 08:00,13.249,119.9
2025-12-18 09:00,13.262,121.2
2025-12-18 10:00,13.272,122.2
2025-12-18 11:00,13.279,122.9
2025-12-18 12:00,13.277,122.7
2025-12-18 13:00,13.27,122.0
2025-12-18 14:00,13.257,120.7
2025-12-18 15:00,13.253,120.3
2025-12-18 16:00,13.248,119.8
2025-12-18 17:00,13.245,119.5
2025-12-18 18:00,13.234,118.4
2025-12-18 19:00,13.228,117.8
2025-12-18 20:00,13.226,117.6
2025-12-18 21:00,13.219,116.9
2025-12-18 22:00,13.217,116.7
2025-12-18 23:00,13.214,116.4
2025-12-19 00:00,13.213,116.3
2025-12-19 01:00,13.214,116.4
2025-12-19 02:00,13.212,116.2
2025-12-19 03:00,13.213,116.3
2025-12-19 04:00,13.214,116.4
2025-12-19 05:00,13.217,116.7
2025-12-19 06:00,13.223,117.3
2025-12-19 07:00,13.238,118.8
2025-12-19 08:00,13.251,120.1
2025-12-19 09:00,13.261,121.1
2025-12-19 10:00,13.27,122.0
2025-12-19 11:00,13.264,121.4
2025-12-19 12:00,13.267,121.7
2025-12-19 13:00,13.255,120.5
2025-12-19 14:00,13.237,118.7
2025-12-19 15:00,13.222,117.2
2025-12-19 16:00,13.213,116.3
2025-12-19 17:00,13.199,114.91
2025-12-19 18:00,13.185,113.65
2025-12-19 19:00,13.17,112.3
2025-12-19 20:00,13.156,111.04
2025-12-19 21:00,13.145,110.05
2025-12-19 22:00,13.135,109.15
2025-12-19 23:00,13.119,107.71
2025-12-20 00:00,13.112,107.08
2025-12-20 01:00,13.105,106.45
2025-12-20 02:00,13.096,105.64
2025-12-20 03:00,13.085,104.65
2025-12-20 04:00,13.08,104.2
2025-12-20 05:00,13.076,103.84
2025-12-20 06:00,13.076,103.84
2025-12-20 07:00,13.078,104.02
2025-12-20 08:00,13.09,105.1
2025-12-20 09:00,13.1,106.0
2025-12-20 10:00,13.103,106.27
2025-12-20 11:00,13.106,106.54
2025-12-20 12:00,13.094,105.46
2025-12-20 13:00,13.083,104.47
2025-12-20 14:00,13.077,103.93
2025-12-20 15:00,13.052,101.68
2025-12-20 16:00,13.042,100.78
2025-12-20 17:00,13.031,99.79
2025-12-20 18:00,13.013,98.17
2025-12-20 19:00,13.003,97.27
2025-12-20 20:00,12.995,96.6
2025-12-20 21:00,12.987,95.96
2025-12-20 22:00,12.977,95.16
2025-12-20 23:00,12.971,94.68
2025-12-21 00:00,12.963,94.04
2025-12-21 01:00,12.954,93.32
2025-12-21 02:00,12.948,92.84
2025-12-21 03:00,12.941,92.28
2025-12-21 04:00,12.936,91.88
2025-12-21 05:00,12.93,91.4
2025-12-21 06:00,12.929,91.32
2025-12-21 07:00,12.937,91.96
2025-12-21 08:00,12.95,93.0
2025-12-21 09:00,12.96,93.8
2025-12-21 10:00,12.968,94.44
2025-12-21 11:00,12.976,95.08
2025-12-21 12:00,12.963,94.04
2025-12-21 13:00,12.961,93.88
2025-12-21 14:00,12.944,92.52
2025-12-21 15:00,12.932,91.56
2025-12-21 16:00,12.926,91.08
2025-12-21 17:00,12.919,90.52
2025-12-21 18:00,12.909,89.72
2025-12-21 19:00,12.902,89.16
2025-12-21 20:00,12.891,88.28
2025-12-21 21:00,12.891,88.28
2025-12-21 22:00,12.881,87.48
2025-12-21 23:00,12.876,87.08
2025-12-22 00:00,12.871,86.68
2025-12-22 01:00,12.867,86.36
2025-12-22 02:00,12.86,85.8
2025-12-22 03:00,12.856,85.48
2025-12-22 04:00,12.853,85.24
2025-12-22 05:00,12.852,85.16
2025-12-22 06:00,12.857,85.56
2025-12-22 07:00,12.868,86.44
2025-12-22 08:00,12.883,87.64
2025-12-22 09:00,12.901,89.08
2025-12-22 10:00,12.915,90.2
2025-12-22 11:00,12.927,91.16
2025-12-22 12:00,12.924,90.92
2025-12-22 13:00,12.916,90.28
2025-12-22 14:00,12.906,89.48
2025-12-22 15:00,12.893,88.44
2025-12-22 16:00,12.879,87.32
2025-12-22 17:00,12.867,86.36
2025-12-22 18:00,12.856,85.48
2025-12-22 19:00,12.846,84.68
2025-12-22 20:00,12.837,83.96
2025-12-22 21:00,12.826,83.08
2025-12-22 22:00,12.817,82.36
2025-12-22 23:00,12.81,81.8
2025-12-23 00:00,12.802,81.16
2025-12-23 01:00,12.794,80.52
2025-12-23 02:00,12.79,80.2
2025-12-23 03:00,12.784,79.72
2025-12-23 04:00,12.78,79.4
2025-12-23 05:00,12.779,79.32
2025-12-23 06:00,12.776,79.08
2025-12-23 07:00,12.787,79.96
2025-12-23 08:00,12.801,81.08
2025-12-23 09:00,12.82,82.6
2025-12-23 10:00,12.835,83.8
2025-12-23 11:00,12.846,84.68
2025-12-23 12:00,12.847,84.76
2025-12-23 13:00,12.842,84.36
2025-12-23 14:00,12.829,83.32
2025-12-23 15:00,12.814,82.12
2025-12-23 16:00,12.807,81.56
2025-12-23 17:00,12.793,80.44
2025-12-23 18:00,12.784,79.72
2025-12-23 19:00,12.77,78.6
2025-12-23 20:00,12.761,77.88
2025-12-23 21:00,12.755,77.4
2025-12-23 22:00,12.747,76.76
2025-12-23 23:00,12.74,76.2
2025-12-24 00:00,12.735,75.8
2025-12-24 01:00,12.73,75.4
2025-12-24 02:00,12.726,75.08
2025-12-24 03:00,12.72,74.6
2025-12-24 04:00,12.716,74.28
2025-12-24 05:00,12.713,74.04
2025-12-24 06:00,12.714,74.12
2025-12-24 07:00,12.724,74.92
2025-12-24 08:00,12.737,75.96
2025-12-24 09:00,12.753,77.24
2025-12-24 10:00,12.771,78.68
2025-12-24 11:00,12.779,79.32
2025-12-24 12:00,12.784,79.72
2025-12-24 13:00,12.784,79.72
2025-12-24 14:00,12.772,78.76
2025-12-24 15:00,12.761,77.88
2025-12-24 16:00,12.751,77.08
2025-12-24 17:00,12.742,76.36
2025-12-24 18:00,12.736,75.88
2025-12-24 19:00,12.729,75.32
2025-12-24 20:00,12.722,74.76
2025-12-24 21:00,12.718,74.44
2025-12-24 22:00,12.711,73.88
2025-12-24 23:00,12.703,73.24
2025-12-25 00:00,12.704,73.32
2025-12-25 01:00,12.702,73.16
2025-12-25 02:00,12.699,72.92
2025-12-25 03:00,12.699,72.92
2025-12-25 04:00,12.696,72.68
2025-12-25 05:00,12.697,72.76
2025-12-25 06:00,12.694,72.52
2025-12-25 07:00,12.696,72.68
2025-12-25 08:00,12.691,72.28
2025-12-25 09:00,12.685,71.8
2025-12-25 10:00,12.676,71.08
2025-12-25 11:00,12.661,69.88
2025-12-25 12:00,12.641,68.28
2025-12-25 13:00,12.621,66.68
2025-12-25 14:00,12.612,65.96
2025-12-25 15:00,12.618,66.44
2025-12-25 16:00,12.617,66.36
2025-12-25 17:00,12.616,66.28
2025-12-25 18:00,12.621,66.68
2025-12-25 19:00,12.631,67.48
2025-12-25 20:00,12.643,68.44
2025-12-25 21:00,12.654,69.32
2025-12-25 22:00,12.663,70.04
2025-12-25 23:00,12.674,70.92
2025-12-26 00:00,12.687,71.96
2025-12-26 01:00,12.696,72.68
2025-12-26 02:00,12.701,73.08
2025-12-26 03:00,12.715,74.2
2025-12-26 04:00,12.737,75.96
2025-12-26 05:00,12.753,77.24
2025-12-26 06:00,12.765,78.2
2025-12-26 07:00,12.777,79.16
2025-12-26 08:00,12.785,79.8
2025-12-26 09:00,12.794,80.52
2025-12-26 10:00,12.801,81.08
2025-12-26 11:00,12.8,81.0
2025-12-26 12:00,12.794,80.52
2025-12-26 13:00,12.783,79.64
2025-12-26 14:00,12.77,78.6
2025-12-26 15:00,12.763,78.04
2025-12-26 16:00,12.76,77.8
2025-12-26 17:00,12.768,78.44
2025-12-26 18:00,12.779,79.32
2025-12-26 19:00,12.793,80.44
2025-12-26 20:00,12.803,81.24
2025-12-26 21:00,12.805,81.4
2025-12-26 22:00,12.807,81.56
2025-12-26 23:00,12.809,81.72
2025-12-27 00:00,12.809,81.72
2025-12-27 01:00,12.806,81.48
2025-12-27 02:00,12.807,81.56
2025-12-27 03:00,12.804,81.32
2025-12-27 04:00,12.803,81.24
2025-12-27 05:00,12.798,80.84
2025-12-27 06:00,12.798,80.84
2025-12-27 07:00,12.799,80.92
2025-12-27 08:00,12.797,80.76
2025-12-27 09:00,12.792,80.36
2025-12-27 10:00,12.785,79.8
2025-12-27 11:00,12.769,78.52
2025-12-27 12:00,12.749,76.92
2025-12-27 13:00,12.726,75.08
2025-12-27 14:00,12.697,72.76
2025-12-27 15:00,12.675,71.0
2025-12-27 16:00,12.666,70.28
2025-12-27 17:00,12.659,69.72
2025-12-27 18:00,12.657,69.56
2025-12-27 19:00,12.665,70.2
2025-12-27 20:00,12.67,70.6
2025-12-27 21:00,12.678,71.24
2025-12-27 22:00,12.686,71.88
2025-12-27 23:00,12.691,72.28
2025-12-28 00:00,12.693,72.44
2025-12-28 01:00,12.696,72.68
2025-12-28 02:00,12.696,72.68
2025-12-28 03:00,12.696,72.68
2025-12-28 04:00,12.696,72.68
2025-12-28 05:00,12.692,72.36
2025-12-28 06:00,12.694,72.52
2025-12-28 07:00,12.69,72.2
2025-12-28 08:00,12.682,71.56
2025-12-28 09:00,12.676,71.08
2025-12-28 10:00,12.661,69.88
2025-12-28 11:00,12.648,68.84
2025-12-28 12:00,12.623,66.84
2025-12-28 13:00,12.598,64.86
2025-12-28 14:00,12.576,63.32
2025-12-28 15:00,12.553,61.71
2025-12-28 16:00,12.536,60.52
2025-12-28 17:00,12.528,59.96
2025-12-28 18:00,12.534,60.38
2025-12-28 19:00,12.544,61.08
2025-12-28 20:00,12.559,62.13
2025-12-28 21:00,12.568,62.76
2025-12-28 22:00,12.574,63.18
2025-12-28 23:00,12.584,63.88
2025-12-29 00:00,12.594,64.58
2025-12-29 01:00,12.598,64.86
2025-12-29 02:00,12.603,65.24
2025-12-29 03:00,12.611,65.88
2025-12-29 04:00,12.61,65.8
2025-12-29 05:00,12.61,65.8
2025-12-29 06:00,12.611,65.88
2025-12-29 07:00,12.608,65.64
2025-12-29 08:00,12.612,65.96
2025-12-29 09:00,12.606,65.48
2025-12-29 10:00,12.598,64.86
2025-12-29 11:00,12.582,63.74
2025-12-29 12:00,12.566,62.62
2025-12-29 13:00,12.545,61.15
2025-12-29 14:00,12.523,59.61
2025-12-29 15:00,12.495,57.65
2025-12-29 16:00,12.48,56.6
2025-12-29 17:00,12.472,56.04
2025-12-29 18:00,12.474,56.18
2025-12-29 19:00,12.48,56.6
2025-12-29 20:00,12.494,57.58
2025-12-29 21:00,12.507,58.49
2025-12-29 22:00,12.518,59.26
2025-12-29 23:00,12.531,60.17
2025-12-30 00:00,12.541,60.87
2025-12-30 01:00,12.545,61.15
2025-12-30 02:00,12.549,61.43
2025-12-30 03:00,12.543,61.01
2025-12-30 04:00,12.533,60.31
2025-12-30 05:00,12.517,59.19
2025-12-30 06:00,12.497,57.79
2025-12-30 07:00,12.479,56.53
2025-12-30 08:00,12.467,55.69
2025-12-30 09:00,12.461,55.27
2025-12-30 10:00,12.46,55.2
2025-12-30 11:00,12.468,55.76
2025-12-30 12:00,12.482,56.74
2025-12-30 13:00,12.496,57.72
2025-12-30 14:00,12.509,58.63
2025-12-30 15:00,12.518,59.26
2025-12-30 16:00,12.524,59.68
2025-12-30 17:00,12.53,60.1
2025-12-30 18:00,12.531,60.17
2025-12-30 19:00,12.535,60.45
2025-12-30 20:00,12.537,60.59
2025-12-30 21:00,12.537,60.59
2025-12-30 22:00,12.536,60.52
2025-12-30 23:00,12.533,60.31
2025-12-31 00:00,12.521,59.47
2025-12-31 01:00,12.509,58.63
2025-12-31 02:00,12.485,56.95
2025-12-31 03:00,12.463,55.41
2025-12-31 04:00,12.437,53.59
2025-12-31 05:00,12.41,51.7
2025-12-31 06:00,12.38,49.8
2025-12-31 07:00,12.355,48.3
2025-12-31 08:00,12.344,47.64
2025-12-31 09:00,12.351,48.06
2025-12-31 10:00,12.379,49.74
2025-12-31 11:00,12.421,52.47
2025-12-31 12:00,12.462,55.34
2025-12-31 13:00,12.499,57.93
2025-12-31 14:00,12.526,59.82
2025-12-31 15:00,12.537,60.59
2025-12-31 16:00,12.541,60.87
2025-12-31 17:00,12.544,61.08
2025-12-31 18:00,12.537,60.59
2025-12-31 19:00,12.533,60.31
2025-12-31 20:00,12.53,60.1
2025-12-31 21:00,12.528,59.96
2025-12-31 22:00,12.525,59.75
2025-12-31 23:00,12.519,59.33
2026-01-01 00:00,12.509,58.63
2026-01-01 01:00,12.496,57.72
2026-01-01 02:00,12.478,56.46
2026-01-01 03:00,12.455,54.85
2026-01-01 04:00,12.43,53.1
2026-01-01 05:00,12.402,51.14
2026-01-01 06:00,12.374,49.44
2026-01-01 07:00,12.35,48.0
2026-01-01 08:00,12.335,47.1
2026-01-01 09:00,12.331,46.86
2026-01-01 10:00,12.355,48.3
2026-01-01 11:00,12.398,50.88
2026-01-01 12:00,12.448,54.36
2026-01-01 13:00,12.488,57.16
2026-01-01 14:00,12.515,59.05
2026-01-01 15:00,12.54,60.8
2026-01-01 16:00,12.553,61.71
2026-01-01 17:00,12.561,62.27
2026-01-01 18:00,12.566,62.62
2026-01-01 19:00,12.567,62.69
2026-01-01 20:00,12.576,63.32
2026-01-01 21:00,12.586,64.02
2026-01-01 22:00,12.599,64.93
2026-01-01 23:00,12.613,66.04
2026-01-02 00:00,12.625,67.0
2026-01-02 01:00,12.63,67.4
2026-01-02 02:00,12.625,67.0
2026-01-02 03:00,12.613,66.04
2026-01-02 04:00,12.593,64.51
2026-01-02 05:00,12.565,62.55
2026-01-02 06:00,12.534,60.38
2026-01-02 07:00,12.502,58.14
2026-01-02 08:00,12.469,55.83
2026-01-02 09:00,12.439,53.73
2026-01-02 10:00,12.413,51.91
2026-01-02 11:00,12.393,50.58
2026-01-02 12:00,12.379,49.74
2026-01-02 13:00,12.374,49.44
2026-01-02 14:00,12.358,48.48
2026-01-02 15:00,12.353,48.18
2026-01-02 16:00,12.341,47.46
2026-01-02 17:00,12.337,47.22
2026-01-02 18:00,12.337,47.22
2026-01-02 19:00,12.35,48.0
2026-01-02 20:00,12.37,49.2
2026-01-02 21:00,12.398,50.88
2026-01-02 22:00,12.429,53.03
2026-01-02 23:00,12.46,55.2
2026-01-03 00:00,12.49,57.3
2026-01-03 01:00,12.517,59.19
2026-01-03 02:00,12.542,60.94
2026-01-03 03:00,12.551,61.57
2026-01-03 04:00,12.552,61.64
2026-01-03 05:00,12.539,60.73
2026-01-03 06:00,12.524,59.68
2026-01-03 07:00,12.499,57.93
2026-01-03 08:00,12.473,56.11
2026-01-03 09:00,12.448,54.36
2026-01-03 10:00,12.431,53.17
2026-01-03 11:00,12.424,52.68
2026-01-03 12:00,12.422,52.54
2026-01-03 13:00,12.42,52.4
2026-01-03 14:00,12.417,52.19
2026-01-03 15:00,12.407,51.49
2026-01-03 16:00,12.392,50.52
2026-01-03 17:00,12.38,49.8
2026-01-03 18:00,12.364,48.84
2026-01-03 19:00,12.361,48.66
2026-01-03 20:00,12.363,48.78
2026-01-03 21:00,12.374,49.44
2026-01-03 22:00,12.388,50.28
2026-01-03 23:00,12.404,51.28
2026-01-04 00:00,12.422,52.54
2026-01-04 01:00,12.437,53.59
2026-01-04 02:00,12.449,54.43
2026-01-04 03:00,12.463,55.41
2026-01-04 04:00,12.471,55.97
2026-01-04 05:00,12.48,56.6
2026-01-04 06:00,12.485,56.95
2026-01-04 07:00,12.493,57.51
2026-01-04 08:00,12.499,57.93
2026-01-04 09:00,12.5,58.0
2026-01-04 10:00,12.506,58.42
2026-01-04 11:00,12.505,58.35
2026-01-04 12:00,12.509,58.63
2026-01-04 13:00,12.509,58.63
2026-01-04 14:00,12.502,58.14
2026-01-04 15:00,12.491,57.37
2026-01-04 16:00,12.475,56.25
2026-01-04 17:00,12.457,54.99
2026-01-04 18:00,12.434,53.38
2026-01-04 19:00,12.414,51.98
2026-01-04 20:00,12.394,50.64
2026-01-04 21:00,12.376,49.56
2026-01-04 22:00,12.357,48.42
2026-01-04 23:00,12.346,47.76
2026-01-05 00:00,12.343,47.58
2026-01-05 01:00,12.351,48.06
2026-01-05 02:00,12.364,48.84
2026-01-05 03:00,12.385,50.1
2026-01-05 04:00,12.404,51.28
2026-01-05 05:00,12.42,52.4
2026-01-05 06:00,12.439,53.73
2026-01-05 07:00,12.458,55.06
2026-01-05 08:00,12.484,56.88
2026-01-05 09:00,12.517,59.19
2026-01-05 10:00,12.548,61.36
2026-01-05 11:00,12.579,63.53
2026-01-05 12:00,12.6,65.0
2026-01-05 13:00,12.603,65.24
2026-01-05 14:00,12.612,65.96
2026-01-05 15:00,12.605,65.4
2026-01-05 16:00,12.604,65.32
2026-01-05 17:00,12.599,64.93
2026-01-05 18:00,12.621,66.68
2026-01-05 19:00,12.643,68.44
2026-01-05 20:00,12.666,70.28
2026-01-05 21:00,12.684,71.72
2026-01-05 22:00,12.691,72.28
2026-01-05 23:00,12.684,71.72
2026-01-06 00:00,12.669,70.52
2026-01-06 01:00,12.648,68.84
2026-01-06 02:00,12.622,66.76
2026-01-06 03:00,12.591,64.37
2026-01-06 04:00,12.561,62.27
2026-01-06 05:00,12.53,60.1
2026-01-06 06:00,12.504,58.28
2026-01-06 07:00,12.478,56.46
2026-01-06 08:00,12.461,55.27
2026-01-06 09:00,12.447,54.29
2026-01-06 10:00,12.448,54.36
2026-01-06 11:00,12.46,55.2
2026-01-06 12:00,12.479,56.53
2026-01-06 13:00,12.495,57.65
2026-01-06 14:00,12.506,58.42
2026-01-06 15:00,12.516,59.12
2026-01-06 16:00,12.522,59.54
2026-01-06 17:00,12.524,59.68
2026-01-06 18:00,12.521,59.47
2026-01-06 19:00,12.521,59.47
2026-01-06 20:00,12.517,59.19
2026-01-06 21:00,12.516,59.12
2026-01-06 22:00,12.511,58.77
2026-01-06 23:00,12.504,58.28
2026-01-07 00:00,12.489,57.23
2026-01-07 01:00,12.471,55.97
2026-01-07 02:00,12.451,54.57
2026-01-07 03:00,12.426,52.82
2026-01-07 04:00,12.403,51.21
2026-01-07 05:00,12.375,49.5
2026-01-07 06:00,12.349,47.94
2026-01-07 07:00,12.323,46.38
2026-01-07 08:00,12.304,45.24
2026-01-07 09:00,12.296,44.76
2026-01-07 10:00,12.312,45.72
2026-01-07 11:00,12.351,48.06
2026-01-07 12:00,12.4,51.0
2026-01-07 13:00,12.442,53.94
2026-01-07 14:00,12.484,56.88
2026-01-07 15:00,12.508,58.56
2026-01-07 16:00,12.526,59.82
2026-01-07 17:00,12.532,60.24
2026-01-07 18:00,12.536,60.52
2026-01-07 19:00,12.531,60.17
2026-01-07 20:00,12.529,60.03
2026-01-07 21:00,12.528,59.96
2026-01-07 22:00,12.524,59.68
2026-01-07 23:00,12.515,59.05
2026-01-08 00:00,12.508,58.56
2026-01-08 01:00,12.496,57.72
2026-01-08 02:00,12.478,56.46
2026-01-08 03:00,12.457,54.99
2026-01-08 04:00,12.436,53.52
2026-01-08 05:00,12.416,52.12
2026-01-08 06:00,12.394,50.64
2026-01-08 07:00,12.372,49.32
2026-01-08 08:00,12.357,48.42
2026-01-08 09:00,12.35,48.0
2026-01-08 10:00,12.364,48.84
2026-01-08 11:00,12.403,51.21
2026-01-08 12:00,12.443,54.01
2026-01-08 13:00,12.486,57.02
2026-01-08 14:00,12.519,59.33
2026-01-08 15:00,12.532,60.24
2026-01-08 16:00,12.537,60.59
2026-01-08 17:00,12.531,60.17
2026-01-08 18:00,12.523,59.61
2026-01-08 19:00,12.514,58.98
2026-01-08 20:00,12.502,58.14
2026-01-08 21:00,12.493,57.51
2026-01-08 22:00,12.478,56.46
2026-01-08 23:00,12.462,55.34
2026-01-09 00:00,12.44,53.8
2026-01-09 01:00,12.418,52.26
2026-01-09 02:00,12.391,50.46
2026-01-09 03:00,12.358,48.48
2026-01-09 04:00,12.333,46.98
2026-01-09 05:00,12.3,45.0
2026-01-09 06:00,12.273,43.38
2026-01-09 07:00,12.248,41.88
2026-01-09 08:00,12.223,40.38
2026-01-09 09:00,12.215,39.9
2026-01-09 10:00,12.223,40.38
2026-01-09 11:00,12.257,42.42
2026-01-09 12:00,12.31,45.6
2026-01-09 13:00,12.361,48.66
2026-01-09 14:00,12.403,51.21
2026-01-09 15:00,12.431,53.17
2026-01-09 16:00,12.445,54.15
2026-01-09 17:00,12.453,54.71
2026-01-09 18:00,12.451,54.57
2026-01-09 19:00,12.445,54.15
2026-01-09 20:00,12.442,53.94
2026-01-09 21:00,12.438,53.66
2026-01-09 22:00,12.43,53.1
2026-01-09 23:00,12.421,52.47
2026-01-10 00:00,12.41,51.7
2026-01-10 01:00,12.397,50.82
2026-01-10 02:00,12.379,49.74
2026-01-10 03:00,12.357,48.42
2026-01-10 04:00,12.335,47.1
2026-01-10 05:00,12.31,45.6
2026-01-10 06:00,12.286,44.16
2026-01-10 07:00,12.263,42.78
2026-01-10 08:00,12.257,42.42
2026-01-10 09:00,12.27,43.2
2026-01-10 10:00,12.301,45.06
2026-01-10 11:00,12.342,47.52
2026-01-10 12:00,12.379,49.74
2026-01-10 13:00,12.406,51.42
2026-01-10 14:00,12.42,52.4
2026-01-10 15:00,12.421,52.47
2026-01-10 16:00,12.415,52.05
2026-01-10 17:00,12.398,50.88
2026-01-10 18:00,12.375,49.5
2026-01-10 19:00,12.349,47.94
2026-01-10 20:00,12.325,46.5
2026-01-10 21:00,12.299,44.94
2026-01-10 22:00,12.274,43.44
2026-01-10 23:00,12.251,42.06
2026-01-11 00:00,12.232,40.92
2026-01-11 01:00,12.213,39.78
2026-01-11 02:00,12.199,38.94
2026-01-11 03:00,12.18,37.8
2026-01-11 04:00,12.166,36.96
2026-01-11 05:00,12.152,36.12
2026-01-11 06:00,12.139,35.34
2026-01-11 07:00,12.135,35.1
2026-01-11 08:00,12.154,36.24
2026-01-11 09:00,12.216,39.96
2026-01-11 10:00,12.312,45.72
2026-01-11 11:00,12.408,51.56
2026-01-11 12:00,12.489,57.23
2026-01-11 13:00,12.55,61.5
2026-01-11 14:00,12.571,62.97
2026-01-11 15:00,12.577,63.39
2026-01-11 16:00,12.565,62.55
2026-01-11 17:00,12.539,60.73
2026-01-11 18:00,12.505,58.35
2026-01-11 19:00,12.468,55.76
2026-01-11 20:00,12.428,52.96
2026-01-11 21:00,12.392,50.52
2026-01-11 22:00,12.355,48.3
2026-01-11 23:00,12.323,46.38
2026-01-12 00:00,12.294,44.64
2026-01-12 01:00,12.268,43.08
2026-01-12 02:00,12.246,41.76
2026-01-12 03:00,12.226,40.56
2026-01-12 04:00,12.207,39.42
2026-01-12 05:00,12.185,38.1
2026-01-12 06:00,12.174,37.44
2026-01-12 07:00,12.171,37.26
2026-01-12 08:00,12.199,38.94
2026-01-12 09:00,12.264,42.84
2026-01-12 10:00,12.358,48.48
2026-01-12 11:00,12.449,54.43
2026-01-12 12:00,12.525,59.75
2026-01-12 13:00,12.571,62.97
2026-01-12 14:00,12.59,64.3
2026-01-12 15:00,12.591,64.37
2026-01-12 16:00,12.574,63.18
2026-01-12 17:00,12.548,61.36
2026-01-12 18:00,12.511,58.77
2026-01-12 19:00,12.475,56.25
2026-01-12 20:00,12.442,53.94
2026-01-12 21:00,12.404,51.28
2026-01-12 22:00,12.372,49.32
2026-01-12 23:00,12.344,47.64
2026-01-13 00:00,12.318,46.08
2026-01-13 01:00,12.296,44.76
2026-01-13 02:00,12.279,43.74
2026-01-13 03:00,12.26,42.6
2026-01-13 04:00,12.246,41.76
2026-01-13 05:00,12.233,40.98
2026-01-13 06:00,12.221,40.26
2026-01-13 07:00,12.242,41.52
2026-01-13 08:00,12.303,45.18
2026-01-13 09:00,12.401,51.07
2026-01-13 10:00,12.497,57.79
2026-01-13 11:00,12.571,62.97
2026-01-13 12:00,12.626,67.08
2026-01-13 13:00,12.651,69.08
2026-01-13 14:00,12.653,69.24
2026-01-13 15:00,12.636,67.88
2026-01-13 16:00,12.609,65.72
2026-01-13 17:00,12.576,63.32
2026-01-13 18:00,12.538,60.66
2026-01-13 19:00,12.502,58.14
2026-01-13 20:00,12.466,55.62
2026-01-13 21:00,12.434,53.38
2026-01-13 22:00,12.409,51.63
2026-01-13 23:00,12.384,50.04
2026-01-14 00:00,12.362,48.72
2026-01-14 01:00,12.342,47.52
2026-01-14 02:00,12.326,46.56
2026-01-14 03:00,12.312,45.72
2026-01-14 04:00,12.298,44.88
2026-01-14 05:00,12.285,44.1
2026-01-14 06:00,12.273,43.38
2026-01-14 07:00,12.268,43.08
2026-01-14 08:00,12.296,44.76
2026-01-14 09:00,12.364,48.84
2026-01-14 10:00,12.455,54.85
2026-01-14 11:00,12.541,60.87
2026-01-14 12:00,12.608,65.64
2026-01-14 13:00,12.653,69.24
2026-01-14 14:00,12.671,70.68
2026-01-14 15:00,12.671,70.68
2026-01-14 16:00,12.653,69.24
2026-01-14 17:00,12.625,67.0
2026-01-14 18:00,12.592,64.44
2026-01-14 19:00,12.555,61.85
2026-01-14 20:00,12.522,59.54
2026-01-14 21:00,12.49,57.3
2026-01-14 22:00,12.46,55.2
2026-01-14 23:00,12.433,53.31
2026-01-15 00:00,12.409,51.63
2026-01-15 01:00,12.387,50.22
2026-01-15 02:00,12.368,49.08
2026-01-15 03:00,12.348,47.88
2026-01-15 04:00,12.33,46.8
2026-01-15 05:00,12.314,45.84
2026-01-15 06:00,12.3,45.0
2026-01-15 07:00,12.303,45.18
2026-01-15 08:00,12.349,47.94
2026-01-15 09:00,12.434,53.38
2026-01-15 10:00,12.528,59.96
2026-01-15 11:00,12.607,65.56
2026-01-15 12:00,12.665,70.2
2026-01-15 13:00,12.695,72.6
2026-01-15 14:00,12.703,73.24
2026-01-15 15:00,12.692,72.36
2026-01-15 16:00,12.671,70.68
2026-01-15 17:00,12.64,68.2
2026-01-15 18:00,12.608,65.64
2026-01-15 19:00,12.578,63.46
2026-01-15 20:00,12.549,61.43
2026-01-15 21:00,12.524,59.68
2026-01-15 22:00,12.502,58.14
2026-01-15 23:00,12.484,56.88
2026-01-16 00:00,12.467,55.69
2026-01-16 01:00,12.453,54.71
2026-01-16 02:00,12.442,53.94
2026-01-16 03:00,12.43,53.1
2026-01-16 04:00,12.42,52.4
2026-01-16 05:00,12.412,51.84
2026-01-16 06:00,12.406,51.42
2026-01-16 07:00,12.418,52.26
2026-01-16 08:00,12.47,55.9
2026-01-16 09:00,12.555,61.85
2026-01-16 10:00,12.645,68.6
2026-01-16 11:00,12.717,74.36
2026-01-16 12:00,12.764,78.12
2026-01-16 13:00,12.785,79.8
2026-01-16 14:00,12.788,80.04
2026-01-16 15:00,12.773,78.84
2026-01-16 16:00,12.746,76.68
2026-01-16 17:00,12.71,73.8
2026-01-16 18:00,12.68,71.4
2026-01-16 19:00,12.643,68.44
2026-01-16 20:00,12.608,65.64
2026-01-16 21:00,12.575,63.25
2026-01-16 22:00,12.547,61.29
2026-01-16 23:00,12.517,59.19
2026-01-17 00:00,12.493,57.51
2026-01-17 01:00,12.472,56.04
2026-01-17 02:00,12.449,54.43
2026-01-17 03:00,12.431,53.17
2026-01-17 04:00,12.411,51.77
2026-01-17 05:00,12.393,50.58
2026-01-17 06:00,12.376,49.56
2026-01-17 07:00,12.374,49.44
2026-01-17 08:00,12.412,51.84
2026-01-17 09:00,12.489,57.23
2026-01-17 10:00,12.574,63.18
2026-01-17 11:00,12.646,68.68
2026-01-17 12:00,12.697,72.76
2026-01-17 13:00,12.721,74.68
2026-01-17 14:00,12.722,74.76
2026-01-17 15:00,12.696,72.68
2026-01-17 16:00,12.676,71.08
2026-01-17 17:00,12.634,67.72
2026-01-17 18:00,12.599,64.93
2026-01-17 19:00,12.56,62.2
2026-01-17 20:00,12.52,59.4
2026-01-17 21:00,12.487,57.09
2026-01-17 22:00,12.457,54.99
2026-01-17 23:00,12.427,52.89
2026-01-18 00:00,12.403,51.21
2026-01-18 01:00,12.38,49.8
2026-01-18 02:00,12.359,48.54
2026-01-18 03:00,12.34,47.4
2026-01-18 04:00,12.321,46.26
2026-01-18 05:00,12.303,45.18
2026-01-18 06:00,12.286,44.16
2026-01-18 07:00,12.274,43.44
2026-01-18 08:00,12.272,43.32
2026-01-18 09:00,12.306,45.36
2026-01-18 10:00,12.381,49.86
2026-01-18 11:00,12.457,54.99
2026-01-18 12:00,12.521,59.47
2026-01-18 13:00,12.561,62.27
2026-01-18 14:00,12.576,63.32
2026-01-18 15:00,12.565,62.55
2026-01-18 16:00,12.552,61.64
2026-01-18 17:00,12.522,59.54
2026-01-18 18:00,12.489,57.23
2026-01-18 19:00,12.451,54.57
2026-01-18 20:00,12.414,51.98
2026-01-18 21:00,12.377,49.62
2026-01-18 22:00,12.349,47.94
2026-01-18 23:00,12.322,46.32
2026-01-19 00:00,12.297,44.82
2026-01-19 01:00,12.272,43.32
2026-01-19 02:00,12.254,42.24
2026-01-19 03:00,12.235,41.1
2026-01-19 04:00,12.22,40.2
2026-01-19 05:00,12.205,39.3
2026-01-19 06:00,12.19,38.4
2026-01-19 07:00,12.176,37.56
2026-01-19 08:00,12.176,37.56
2026-01-19 09:00,12.215,39.9
2026-01-19 10:00,12.294,44.64
2026-01-19 11:00,12.384,50.04
2026-01-19 12:00,12.464,55.48
2026-01-19 13:00,12.509,58.63
2026-01-19 14:00,12.521,59.47
2026-01-19 15:00,12.525,59.75
2026-01-19 16:00,12.509,58.63
2026-01-19 17:00,12.482,56.74
2026-01-19 18:00,12.453,54.71
2026-01-19 19:00,12.417,52.19
2026-01-19 20:00,12.384,50.04
2026-01-19 21:00,12.353,48.18
2026-01-19 22:00,12.323,46.38
2026-01-19 23:00,12.297,44.82
2026-01-20 00:00,12.275,43.5
2026-01-20 01:00,12.255,42.3
2026-01-20 02:00,12.237,41.22
2026-01-20 03:00,12.222,40.32
2026-01-20 04:00,12.204,39.24
2026-01-20 05:00,12.191,38.46
2026-01-20 06:00,12.177,37.62
2026-01-20 07:00,12.164,36.84
2026-01-20 08:00,12.162,36.72
2026-01-20 09:00,12.198,38.88
2026-01-20 10:00,12.274,43.44
2026-01-20 11:00,12.362,48.72
2026-01-20 12:00,12.441,53.87
2026-01-20 13:00,12.492,57.44
2026-01-20 14:00,12.511,58.77
2026-01-20 15:00,12.504,58.28
2026-01-20 16:00,12.495,57.65
2026-01-20 17:00,12.471,55.97
2026-01-20 18:00,12.443,54.01
2026-01-20 19:00,12.412,51.84
2026-01-20 20:00,12.382,49.92
2026-01-20 21:00,12.356,48.36
2026-01-20 22:00,12.33,46.8
2026-01-20 23:00,12.307,45.42
2026-01-21 00:00,12.288,44.28
2026-01-21 01:00,12.273,43.38
2026-01-21 02:00,12.256,42.36
2026-01-21 03:00,12.243,41.58
2026-01-21 04:00,12.23,40.8
2026-01-21 05:00,12.221,40.26
2026-01-21 06:00,12.209,39.54
2026-01-21 07:00,12.199,38.94
2026-01-21 08:00,12.2,39.0
2026-01-21 09:00,12.237,41.22
2026-01-21 10:00,12.312,45.72
2026-01-21 11:00,12.4,51.0
2026-01-21 12:00,12.474,56.18
2026-01-21 13:00,12.52,59.4
2026-01-21 14:00,12.538,60.66
2026-01-21 15:00,12.541,60.87
2026-01-21 16:00,12.523,59.61
2026-01-21 17:00,12.497,57.79
2026-01-21 18:00,12.472,56.04
2026-01-21 19:00,12.444,54.08
2026-01-21 20:00,12.413,51.91
2026-01-21 21:00,12.385,50.1
2026-01-21 22:00,12.362,48.72
2026-01-21 23:00,12.339,47.34
2026-01-22 00:00,12.32,46.2
2026-01-22 01:00,12.303,45.18
2026-01-22 02:00,12.287,44.22
2026-01-22 03:00,12.274,43.44
2026-01-22 04:00,12.265,42.9
2026-01-22 05:00,12.268,43.08
2026-01-22 06:00,12.292,44.52
2026-01-22 07:00,12.34,47.4
2026-01-22 08:00,12.408,51.56
2026-01-22 09:00,12.478,56.46
2026-01-22 10:00,12.529,60.03
2026-01-22 11:00,12.563,62.41
2026-01-22 12:00,12.577,63.39
2026-01-22 13:00,12.571,62.97
2026-01-22 14:00,12.561,62.27
2026-01-22 15:00,12.537,60.59
2026-01-22 16:00,12.511,58.77
2026-01-22 17:00,12.481,56.67
2026-01-22 18:00,12.453,54.71
2026-01-22 19:00,12.427,52.89
2026-01-22 20:00,12.402,51.14
2026-01-22 21:00,12.382,49.92
2026-01-22 22:00,12.362,48.72
2026-01-22 23:00,12.345,47.7
2026-01-23 00:00,12.329,46.74
2026-01-23 01:00,12.315,45.9
2026-01-23 02:00,12.304,45.24
2026-01-23 03:00,12.292,44.52
2026-01-23 04:00,12.282,43.92
2026-01-23 05:00,12.276,43.56
2026-01-23 06:00,12.283,43.98
2026-01-23 07:00,12.305,45.3
2026-01-23 08:00,12.343,47.58
2026-01-23 09:00,12.393,50.58
2026-01-23 10:00,12.443,54.01
2026-01-23 11:00,12.486,57.02
2026-01-23 12:00,12.514,58.98
2026-01-23 13:00,12.528,59.96
2026-01-23 14:00,12.522,59.54
2026-01-23 15:00,12.506,58.42
2026-01-23 16:00,12.491,57.37
2026-01-23 17:00,12.468,55.76
2026-01-23 18:00,12.442,53.94
2026-01-23 19:00,12.421,52.47
2026-01-23 20:00,12.399,50.94
2026-01-23 21:00,12.379,49.74
2026-01-23 22:00,12.361,48.66
2026-01-23 23:00,12.344,47.64
2026-01-24 00:00,12.327,46.62
2026-01-24 01:00,12.313,45.78
2026-01-24 02:00,12.301,45.06
2026-01-24 03:00,12.288,44.28
2026-01-24 04:00,12.276,43.56
2026-01-24 05:00,12.268,43.08
2026-01-24 06:00,12.27,43.2
2026-01-24 07:00,12.295,44.7
2026-01-24 08:00,12.351,48.06
2026-01-24 09:00,12.421,52.47
2026-01-24 10:00,12.484,56.88
2026-01-24 11:00,12.528,59.96
2026-01-24 12:00,12.55,61.5
2026-01-24 13:00,12.559,62.13
2026-01-24 14:00,12.55,61.5
2026-01-24 15:00,12.529,60.03
2026-01-24 16:00,12.508,58.56
2026-01-24 17:00,12.48,56.6
2026-01-24 18:00,12.454,54.78
2026-01-24 19:00,12.428,52.96
2026-01-24 20:00,12.404,51.28
2026-01-24 21:00,12.384,50.04
2026-01-24 22:00,12.364,48.84
2026-01-24 23:00,12.348,47.88
2026-01-25 00:00,12.333,46.98
2026-01-25 01:00,12.319,46.14
2026-01-25 02:00,12.305,45.3
2026-01-25 03:00,12.291,44.46
2026-01-25 04:00,12.281,43.86
2026-01-25 05:00,12.268,43.08
2026-01-25 06:00,12.26,42.6
2026-01-25 07:00,12.262,42.72
2026-01-25 08:00,12.287,44.22
2026-01-25 09:00,12.335,47.1
2026-01-25 10:00,12.4,51.0
2026-01-25 11:00,12.455,54.85
2026-01-25 12:00,12.491,57.37
2026-01-25 13:00,12.51,58.7
2026-01-25 14:00,12.515,59.05
2026-01-25 15:00,12.508,58.56
2026-01-25 16:00,12.49,57.3
2026-01-25 17:00,12.463,55.41
2026-01-25 18:00,12.439,53.73
2026-01-25 19:00,12.415,52.05
2026-01-25 20:00,12.39,50.4
2026-01-25 21:00,12.368,49.08
2026-01-25 22:00,12.348,47.88
2026-01-25 23:00,12.331,46.86
2026-01-26 00:00,12.314,45.84
2026-01-27 00:00,12.27,
2026-01-27 06:00,12.258,
2026-01-27 07:00,12.256,42.36
2026-01-27 08:00,12.254,42.24
2026-01-27 09:00,12.252,42.12
2026-01-27 10:00,12.25,42.0
2026-01-27 11:00,12.248,41.88
2026-01-27 12:00,12.245,41.7
2026-01-27 13:00,12.243,41.58
2026-01-27 14:00,12.24,41.4
2026-01-27 15:00,12.238,41.28
2026-01-27 16:00,12.235,41.1
2026-01-27 17:00,12.233,40.98
2026-01-27 18:00,12.23,40.8
2026-01-27 19:00,12.228,40.68
2026-01-27 20:00,12.225,40.5
2026-01-27 21:00,12.223,40.38
2026-01-27 22:00,12.22,40.2
2026-01-27 23:00,12.218,40.08
2026-01-28 00:00,12.215,39.9
2026-01-28 01:00,12.213,39.78
2026-01-28 02:00,12.21,39.6
2026-01-28 03:00,12.208,39.48
2026-01-28 04:00,12.205,39.3
2026-01-28 05:00,12.203,39.18
2026-01-28 06:00,12.2,39.0
2026-01-28 07:00,12.226,40.56
2026-01-28 08:00,12.252,42.12
2026-01-28 09:00,12.278,43.68
2026-01-29 00:00,12.329,
2026-01-30 00:00,12.351,
2026-01-31 00:00,12.364,
2026-02-01 00:00,12.381,
2026-02-02 00:00,12.376,
2026-02-03 00:00,12.362,
2026-02-04 00:00,12.353,
2026-02-04 06:00,12.341,47.46
2026-02-04 07:00,12.339,47.34
2026-02-04 08:00,12.337,47.22
2026-02-04 09:00,12.335,47.1
2026-02-04 10:00,12.333,46.98
2026-02-04 11:00,12.331,46.86
2026-02-04 12:00,12.329,46.74
2026-02-04 13:00,12.327,46.62
2026-02-04 14:00,12.325,46.5
2026-02-04 15:00,12.323,46.38
2026-02-04 16:00,12.321,46.26
2026-02-04 17:00,12.319,46.14
2026-02-04 18:00,12.317,46.02
2026-02-04 19:00,12.315,45.9
2026-02-04 20:00,12.313,45.78
2026-02-04 21:00,12.311,45.66
2026-02-04 22:00,12.309,45.54
2026-02-04 23:00,12.307,45.42
2026-02-05 00:00,12.305,45.3
2026-02-05 01:00,12.303,45.18
2026-02-05 02:00,12.301,45.06
2026-02-05 03:00,12.298,44.88
2026-02-05 04:00,12.296,44.76
2026-02-05 05:00,12.293,44.58
2026-02-06 00:00,12.33,
2026-02-07 00:00,12.322,
2026-02-08 00:00,12.309,
2026-02-09 00:00,12.298,
2026-02-10 00:00,12.289,44.34
2026-02-11 00:00,12.316,
2026-02-12 00:00,12.326,46.56
2026-02-13 00:00,12.319,
2026-02-14 00:00,12.316,
2026-02-15 00:00,12.311,
2026-02-16 00:00,12.306,
2026-02-17 00:00,12.301,45.06
2026-02-18 00:00,12.298,
2026-02-19 00:00,12.299,
2026-02-20 00:00,12.281,
2026-02-21 00:00,12.259,
2026-02-22 00:00,12.252,42.12
2026-02-23 00:00,12.261,42.66
2026-02-23 17:00,12.322,46.32
2026-02-23 18:00,12.325,46.5
2026-02-23 19:00,12.329,46.74
2026-02-23 20:00,12.332,46.92
2026-02-23 21:00,12.336,47.16
2026-02-23 22:00,12.339,47.34
2026-02-23 23:00,12.343,47.58
2026-02-24 00:00,12.346,47.76
2026-02-24 01:00,12.35,48.0
2026-02-24 02:00,12.353,48.18
2026-02-24 03:00,12.357,48.42
2026-02-24 04:00,12.36,48.6
2026-02-24 05:00,12.364,48.84
2026-02-24 06:00,12.367,49.02
2026-02-24 07:00,12.371,49.26
2026-02-24 08:00,12.374,49.44
2026-02-24 09:00,12.378,49.68
2026-02-24 10:00,12.381,49.86
2026-02-24 11:00,12.385,50.1
2026-02-24 12:00,12.388,50.28
2026-02-24 13:00,12.392,50.52
2026-02-24 14:00,12.395,50.7
2026-02-24 15:00,12.399,50.94
2026-02-24 16:00,12.402,51.14
2026-02-24 17:00,12.397,50.82
2026-02-24 18:00,12.376,49.56
2026-02-24 19:00,12.355,48.3
2026-02-24 20:00,12.335,47.1
2026-02-24 21:00,12.317,46.02
2026-02-24 22:00,12.3,45.0
2026-02-24 23:00,12.285,44.1
2026-02-25 00:00,12.273,43.38
2026-02-25 01:00,12.261,42.66
2026-02-25 02:00,12.25,42.0
2026-02-25 03:00,12.239,41.34
2026-02-25 04:00,12.228,40.68
2026-02-25 05:00,12.22,40.2
2026-02-25 06:00,12.211,39.66
2026-02-25 07:00,12.207,39.42
2026-02-25 08:00,12.221,40.26
2026-02-25 09:00,12.26,42.6
2026-02-25 10:00,12.321,46.26
2026-02-25 11:00,12.378,49.68
2026-02-25 12:00,12.419,52.33
2026-02-25 13:00,12.437,53.59
2026-02-25 14:00,12.442,53.94
2026-02-25 15:00,12.445,54.15
2026-02-25 16:00,12.431,53.17
2026-02-25 17:00,12.414,51.98
2026-02-25 18:00,12.395,50.7
2026-02-25 19:00,12.377,49.62
2026-02-25 20:00,12.355,48.3
2026-02-25 21:00,12.337,47.22
2026-02-25 22:00,12.322,46.32
2026-02-25 23:00,12.308,45.48
2026-02-26 00:00,12.296,44.76
2026-02-26 01:00,12.283,43.98
2026-02-26 02:00,12.272,43.32
2026-02-26 03:00,12.262,42.72
2026-02-26 04:00,12.252,42.12
2026-02-26 05:00,12.242,41.52
2026-02-26 06:00,12.233,40.98
2026-02-26 07:00,12.228,40.68
2026-02-26 08:00,12.241,41.46
2026-02-26 09:00,12.278,43.68
2026-02-26 10:00,12.331,46.86
2026-02-26 11:00,12.383,49.98
2026-02-26 12:00,12.422,52.54
2026-02-26 13:00,12.444,54.08
2026-02-26 14:00,12.445,54.15
2026-02-26 15:00,12.44,53.8
2026-02-26 16:00,12.429,53.03
2026-02-26 17:00,12.408,51.56
2026-02-26 18:00,12.4,51.0
2026-02-26 19:00,12.381,49.86
2026-02-26 20:00,12.361,48.66
2026-02-26 21:00,12.344,47.64
2026-02-26 22:00,12.328,46.68
2026-02-26 23:00,12.315,45.9
2026-02-27 00:00,12.3,45.0
2026-02-27 01:00,12.29,44.4
2026-02-27 02:00,12.28,43.8
2026-02-27 03:00,12.27,43.2
2026-02-27 04:00,12.26,42.6
2026-02-27 05:00,12.251,42.06
2026-02-27 06:00,12.24,41.4
2026-02-27 07:00,12.235,41.1
2026-02-27 08:00,12.245,41.7
2026-02-27 09:00,12.278,43.68
2026-02-27 10:00,12.328,46.68
2026-02-27 11:00,12.378,49.68
2026-02-27 12:00,12.417,52.19
2026-02-27 13:00,12.444,54.08
2026-02-27 14:00,12.447,54.29
2026-02-27 15:00,12.444,54.08
2026-02-27 16:00,12.448,54.36
2026-02-27 17:00,12.42,52.4
2026-02-27 18:00,12.401,51.07
2026-02-27 19:00,12.39,50.4
2026-02-27 20:00,12.37,49.2
2026-02-27 21:00,12.352,48.12
2026-02-27 22:00,12.338,47.28
2026-02-27 23:00,12.322,46.32
2026-02-28 00:00,12.312,45.72
2026-02-28 01:00,12.3,45.0
2026-02-28 02:00,12.289,44.34
2026-02-28 03:00,12.278,43.68
2026-02-28 04:00,12.268,43.08
2026-02-28 05:00,12.259,42.54
2026-02-28 06:00,12.249,41.94
2026-02-28 07:00,12.245,41.7
2026-02-28 08:00,12.248,41.88
2026-02-28 09:00,12.296,44.76
2026-02-28 10:00,12.354,48.24
2026-02-28 11:00,12.409,51.63
2026-02-28 12:00,12.446,54.22
2026-02-28 13:00,12.47,55.9
2026-02-28 14:00,12.479,56.53
2026-02-28 15:00,12.476,56.32
2026-02-28 16:00,12.455,54.85
2026-02-28 17:00,12.441,53.87
2026-02-28 18:00,12.427,52.89
2026-02-28 19:00,12.411,51.77
2026-02-28 20:00,12.391,50.46
2026-02-28 21:00,12.372,49.32
2026-02-28 22:00,12.358,48.48
2026-02-28 23:00,12.344,47.64
2026-03-01 00:00,12.332,46.92
2026-03-01 01:00,12.32,46.2
2026-03-01 02:00,12.31,45.6
2026-03-01 03:00,12.299,44.94
2026-03-01 04:00,12.29,44.4
2026-03-01 05:00,12.28,43.8
2026-03-01 06:00,12.272,43.32
2026-03-01 07:00,12.268,43.08
2026-03-01 08:00,12.284,44.04
2026-03-01 09:00,12.324,46.44
2026-03-01 10:00,12.378,49.68
2026-03-01 11:00,12.429,53.03
2026-03-01 12:00,12.463,55.41
2026-03-01 13:00,12.483,56.81
2026-03-01 14:00,12.486,57.02
2026-03-01 15:00,12.483,56.81
2026-03-01 16:00,12.469,55.83
2026-03-01 17:00,12.456,54.92
2026-03-01 18:00,12.439,53.73
2026-03-01 19:00,12.421,52.47
2026-03-01 20:00,12.404,51.28
2026-03-01 21:00,12.388,50.28
2026-03-01 22:00,12.372,49.32
2026-03-01 23:00,12.36,48.6
2026-03-02 00:00,12.35,48.0
2026-03-02 01:00,12.337,47.22
2026-03-02 02:00,12.327,46.62
2026-03-02 03:00,12.319,46.14
2026-03-02 04:00,12.31,45.6
2026-03-02 05:00,12.3,45.0
2026-03-02 06:00,12.292,44.52
2026-03-02 07:00,12.291,44.46
2026-03-02 08:00,12.305,45.3
2026-03-02 09:00,12.344,47.64
2026-03-02 10:00,12.388,50.28
2026-03-02 11:00,12.444,54.08
2026-03-02 12:00,12.479,56.53
2026-03-02 13:00,12.498,57.86
2026-03-02 14:00,12.494,57.58
2026-03-02 15:00,12.488,57.16
2026-03-02 16:00,12.482,56.74
2026-03-02 17:00,12.462,55.34
2026-03-02 18:00,12.446,54.22
2026-03-02 19:00,12.435,53.45
2026-03-02 20:00,12.417,52.19
2026-03-02 21:00,12.402,51.14
2026-03-02 22:00,12.387,50.22
2026-03-02 23:00,12.374,49.44
2026-03-03 00:00,12.364,48.84
2026-03-03 01:00,12.353,48.18
2026-03-03 02:00,12.342,47.52
2026-03-03 03:00,12.333,46.98
2026-03-03 04:00,12.325,46.5
2026-03-03 05:00,12.316,45.96
2026-03-03 06:00,12.308,45.48
2026-03-03 07:00,12.306,45.36
2026-03-03 08:00,12.31,45.6
2026-03-03 09:00,12.346,47.76
2026-03-03 10:00,12.405,51.35
2026-03-03 11:00,12.455,54.85
2026-03-03 12:00,12.49,57.3
2026-03-03 13:00,12.51,58.7
2026-03-03 14:00,12.513,58.91
2026-03-03 15:00,12.5,58.0
2026-03-03 16:00,12.479,56.53
2026-03-03 17:00,12.442,53.94
2026-03-03 18:00,12.416,52.12
2026-03-03 19:00,12.382,49.92
2026-03-03 20:00,12.355,48.3
2026-03-03 21:00,12.322,46.32
2026-03-03 22:00,12.292,44.52
2026-03-03 23:00,12.263,42.78
2026-03-04 00:00,12.236,41.16
2026-03-04 01:00,12.208,39.48
2026-03-04 02:00,12.183,37.98
2026-03-04 03:00,12.157,36.42
2026-03-04 04:00,12.131,34.86
2026-03-04 05:00,12.107,33.42
2026-03-04 06:00,12.082,31.92
2026-03-04 07:00,12.06,30.6
2026-03-04 08:00,12.05,30.0
2026-03-04 09:00,12.076,31.56
2026-03-04 10:00,12.129,34.74
2026-03-04 11:00,12.192,38.52
2026-03-04 12:00,12.248,41.88
2026-03-04 13:00,12.277,43.62
2026-03-04 14:00,12.281,43.86
2026-03-04 15:00,12.277,43.62
2026-03-04 16:00,12.254,42.24
2026-03-04 17:00,12.227,40.62
2026-03-04 18:00,12.201,39.06
2026-03-04 19:00,12.168,37.08
2026-03-04 20:00,12.136,35.16
2026-03-04 21:00,12.103,33.18
2026-03-04 22:00,12.073,31.38
2026-03-04 23:00,12.042,29.52
2026-03-05 00:00,12.019,28.14
2026-03-05 01:00,11.997,26.82
2026-03-05 02:00,11.972,25.32
2026-03-05 03:00,11.955,24.3
2026-03-05 04:00,11.93,22.8
2026-03-05 05:00,11.912,21.72
2026-03-05 06:00,11.892,20.52
2026-03-05 07:00,11.879,19.74
2026-03-05 08:00,11.874,19.44
2026-03-05 09:00,11.904,21.24
2026-03-05 10:00,11.971,25.26
2026-03-05 11:00,12.052,30.12
2026-03-05 12:00,12.118,34.08
2026-03-05 13:00,12.154,36.24
2026-03-05 14:00,12.173,37.38
2026-03-05 15:00,12.169,37.14
2026-03-05 16:00,12.156,36.36
2026-03-05 17:00,12.147,35.82
2026-03-05 18:00,12.131,34.86
2026-03-05 19:00,12.093,32.58
2026-03-05 20:00,12.056,30.36
2026-03-05 21:00,12.024,28.44
2026-03-05 22:00,11.988,26.28
2026-03-05 23:00,11.965,24.9
2026-03-06 00:00,11.939,23.34
2026-03-06 01:00,11.92,22.2
2026-03-06 02:00,11.895,20.7
2026-03-06 03:00,11.877,19.62
2026-03-06 04:00,11.857,18.42
2026-03-06 05:00,11.843,17.58
2026-03-06 06:00,11.823,16.38
2026-03-06 07:00,11.81,15.6
2026-03-06 08:00,11.811,15.66
2026-03-06 09:00,11.852,18.12
2026-03-06 10:00,11.934,23.04
2026-03-06 11:00,12.022,28.32
2026-03-06 12:00,12.093,32.58
2026-03-06 13:00,12.14,35.4
2026-03-06 14:00,12.16,36.6
2026-03-06 15:00,12.163,36.78
2026-03-06 16:00,12.141,35.46
2026-03-06 17:00,12.116,33.96
2026-03-06 18:00,12.086,32.16
2026-03-06 19:00,12.044,29.64
2026-03-06 20:00,12.014,27.84
2026-03-06 21:00,11.983,25.98
2026-03-06 22:00,11.953,24.18
2026-03-06 23:00,11.925,22.5
2026-03-07 00:00,11.896,20.76
2026-03-07 01:00,11.874,19.44
2026-03-07 02:00,11.851,18.06
2026-03-07 03:00,11.833,16.98
2026-03-07 04:00,11.815,15.9
2026-03-07 05:00,11.795,14.75
2026-03-07 06:00,11.778,13.9
2026-03-07 07:00,11.764,13.2
2026-03-07 08:00,11.764,13.2
2026-03-07 09:00,11.805,15.3
2026-03-07 10:00,11.885,20.1
2026-03-07 11:00,11.978,25.68
2026-03-07 12:00,12.052,30.12
2026-03-07 13:00,12.1,33.0
2026-03-07 14:00,12.114,33.84
2026-03-07 15:00,12.112,33.72
2026-03-07 16:00,12.095,32.7
2026-03-07 17:00,12.072,31.32
2026-03-07 18:00,12.04,29.4
2026-03-07 19:00,12.007,27.42
2026-03-07 20:00,11.971,25.26
2026-03-07 21:00,11.942,23.52
2026-03-07 22:00,11.91,21.6
2026-03-07 23:00,11.887,20.22
2026-03-08 00:00,11.861,18.66
2026-03-08 01:00,11.84,17.4
2026-03-08 02:00,11.821,16.26
2026-03-08 03:00,11.799,14.95
2026-03-08 04:00,11.781,14.05
2026-03-08 05:00,11.764,13.2
2026-03-08 06:00,11.744,12.2
2026-03-08 07:00,11.736,11.8
2026-03-08 08:00,11.742,12.1
2026-03-08 09:00,11.787,14.35
2026-03-08 10:00,11.873,19.38
2026-03-08 11:00,11.973,25.38
2026-03-08 12:00,12.046,29.76
2026-03-08 13:00,12.094,32.64
2026-03-08 14:00,12.109,33.54
2026-03-08 15:00,12.11,33.6
2026-03-08 16:00,12.093,32.58
2026-03-08 17:00,12.065,30.9
2026-03-08 18:00,12.032,28.92
2026-03-08 19:00,11.998,26.88
2026-03-08 20:00,11.967,25.02
2026-03-08 21:00,11.935,23.1
2026-03-08 22:00,11.904,21.24
2026-03-08 23:00,11.878,19.68
2026-03-09 00:00,11.854,18.24
2026-03-09 01:00,11.83,16.8
2026-03-09 02:00,11.81,15.6
2026-03-09 03:00,11.787,14.35
2026-03-09 04:00,11.77,13.5
2026-03-09 05:00,11.751,12.55
2026-03-09 06:00,11.735,11.75
2026-03-09 07:00,11.722,11.1
2026-03-09 08:00,11.722,11.1
2026-03-09 09:00,11.762,13.1
2026-03-09 10:00,11.847,17.82
2026-03-09 11:00,11.947,23.82
2026-03-09 12:00,12.028,28.68
2026-03-09 13:00,12.079,31.74
2026-03-09 14:00,12.099,32.94
2026-03-09 15:00,12.099,32.94
2026-03-09 16:00,12.083,31.98
2026-03-09 17:00,12.058,30.48
2026-03-09 18:00,12.023,28.38
2026-03-09 19:00,11.99,26.4
2026-03-09 20:00,11.955,24.3
2026-03-09 21:00,11.92,22.2
2026-03-09 22:00,11.893,20.58
2026-03-09 23:00,11.863,18.78
2026-03-10 00:00,11.84,17.4
2026-03-10 01:00,11.816,15.96
2026-03-10 02:00,11.793,14.65
2026-03-10 03:00,11.773,13.65
2026-03-10 04:00,11.754,12.7
2026-03-10 05:00,11.735,11.75
2026-03-10 06:00,11.718,10.9
2026-03-10 07:00,11.707,10.35
2026-03-10 08:00,11.707,10.35
2026-03-10 09:00,11.738,11.9
2026-03-10 10:00,11.824,16.44
2026-03-10 11:00,11.926,22.56
2026-03-10 12:00,12.012,27.72
2026-03-10 13:00,12.062,30.72
2026-03-10 14:00,12.087,32.22
2026-03-10 15:00,12.089,32.34
2026-03-10 16:00,12.073,31.38
2026-03-10 17:00,12.047,29.82
2026-03-10 18:00,12.016,27.96
2026-03-10 19:00,11.983,25.98
2026-03-10 20:00,11.949,23.94
2026-03-10 21:00,11.918,22.08
2026-03-10 22:00,11.884,20.04
2026-03-10 23:00,11.857,18.42
2026-03-11 00:00,11.826,16.56
2026-03-11 01:00,11.804,15.24
2026-03-11 02:00,11.78,14.0
2026-03-11 03:00,11.762,13.1
2026-03-11 04:00,11.74,12.0
2026-03-11 05:00,11.724,11.2
2026-03-11 06:00,11.704,10.2
2026-03-11 07:00,11.691,9.55
2026-03-11 08:00,11.69,9.5
2026-03-11 09:00,11.728,11.4
2026-03-11 10:00,11.81,15.6
2026-03-11 11:00,11.916,21.96
2026-03-11 12:00,12.007,27.42
2026-03-11 13:00,12.054,30.24
2026-03-11 14:00,12.079,31.74
2026-03-11 15:00,12.085,32.1
2026-03-11 16:00,12.067,31.02
2026-03-11 17:00,12.044,29.64
2026-03-11 18:00,12.01,27.6
2026-03-11 19:00,11.977,25.62
2026-03-11 20:00,11.943,23.58
2026-03-11 21:00,11.911,21.66
2026-03-11 22:00,11.88,19.8
2026-03-11 23:00,11.847,17.82
2026-03-12 00:00,11.823,16.38
2026-03-12 01:00,11.8,15.0
2026-03-12 02:00,11.777,13.85
2026-03-12 03:00,11.76,13.0
2026-03-12 04:00,11.738,11.9
2026-03-12 05:00,11.72,11.0
2026-03-12 06:00,11.702,10.1
2026-03-12 07:00,11.69,9.5
2026-03-12 08:00,11.687,9.35
2026-03-12 09:00,11.721,11.05
2026-03-12 10:00,11.808,15.48
2026-03-12 11:00,11.916,21.96
2026-03-12 12:00,11.998,26.88
2026-03-12 13:00,12.053,30.18
2026-03-12 14:00,12.076,31.56
2026-03-12 15:00,12.082,31.92
2026-03-12 16:00,12.067,31.02
2026-03-12 17:00,12.044,29.64
2026-03-12 18:00,12.011,27.66
2026-03-12 19:00,11.974,25.44
2026-03-12 20:00,11.938,23.28
2026-03-12 21:00,11.909,21.54
2026-03-12 22:00,11.879,19.74
2026-03-12 23:00,11.849,17.94
2026-03-13 00:00,11.822,16.32
2026-03-13 01:00,11.799,14.95
2026-03-13 02:00,11.775,13.75
2026-03-13 03:00,11.757,12.85
2026-03-13 04:00,11.733,11.65
2026-03-13 05:00,11.718,10.9
2026-03-13 06:00,11.698,9.9
2026-03-13 07:00,11.681,9.05
2026-03-13 08:00,11.678,8.9
2026-03-13 09:00,11.707,10.35
2026-03-13 10:00,11.792,14.6
2026-03-13 11:00,11.903,21.18
2026-03-13 12:00,11.997,26.82
2026-03-13 13:00,12.061,30.66
2026-03-13 14:00,12.092,32.52
2026-03-13 15:00,12.099,32.94
2026-03-13 16:00,12.091,32.46
2026-03-13 17:00,12.059,30.54
2026-03-13 18:00,12.032,28.92
2026-03-13 19:00,11.998,26.88
2026-03-13 20:00,11.96,24.6
2026-03-13 21:00,11.927,22.62
2026-03-13 22:00,11.892,20.52
2026-03-13 23:00,11.861,18.66
2026-03-14 00:00,11.834,17.04
2026-03-14 01:00,11.808,15.48
2026-03-14 02:00,11.785,14.25
2026-03-14 03:00,11.762,13.1
2026-03-14 04:00,11.742,12.1
2026-03-14 05:00,11.723,11.15
2026-03-14 06:00,11.703,10.15
2026-03-14 07:00,11.688,9.4
2026-03-14 08:00,11.686,9.3
2026-03-14 09:00,11.716,10.8
2026-03-14 10:00,11.794,14.7
2026-03-14 11:00,11.886,20.16
2026-03-14 12:00,11.964,24.84
2026-03-14 13:00,12.02,28.2
2026-03-14 14:00,12.051,30.06
2026-03-14 15:00,12.066,30.96
2026-03-14 16:00,12.068,31.08
2026-03-14 17:00,12.06,30.6
2026-03-14 18:00,12.053,30.18
2026-03-14 19:00,12.045,29.7
2026-03-14 20:00,12.033,28.98
2026-03-14 21:00,12.021,28.26
2026-03-14 22:00,12.005,27.3
2026-03-14 23:00,11.987,26.22
2026-03-15 00:00,11.966,24.96
2026-03-15 01:00,11.942,23.52
2026-03-15 02:00,11.918,22.08
2026-03-15 03:00,11.895,20.7
2026-03-15 04:00,11.871,19.26
2026-03-15 05:00,11.847,17.82
2026-03-15 06:00,11.825,16.5
2026-03-15 07:00,11.807,15.42
2026-03-15 08:00,11.806,15.36
2026-03-15 09:00,11.825,16.5
2026-03-15 10:00,11.869,19.14
2026-03-15 11:00,11.922,22.32
2026-03-15 12:00,11.978,25.68
2026-03-15 13:00,12.018,28.08
2026-03-15 14:00,12.042,29.52
2026-03-15 15:00,12.051,30.06
2026-03-15 16:00,12.058,30.48
2026-03-15 17:00,12.058,30.48
2026-03-15 18:00,12.054,30.24
2026-03-15 19:00,12.048,29.88
2026-03-15 20:00,12.043,29.58
2026-03-15 21:00,12.03,28.8
2026-03-15 22:00,12.018,28.08
2026-03-15 23:00,12.002,27.12
2026-03-16 00:00,11.982,25.92
2026-03-16 01:00,11.961,24.66
2026-03-16 02:00,11.939,23.34
2026-03-16 03:00,11.915,21.9
2026-03-16 04:00,11.892,20.52
2026-03-16 05:00,11.87,19.2
2026-03-16 06:00,11.848,17.88
2026-03-16 07:00,11.834,17.04
2026-03-16 08:00,11.838,17.28
2026-03-16 09:00,11.871,19.26
2026-03-16 10:00,11.932,22.92
2026-03-16 11:00,12.005,27.3
2026-03-16 12:00,12.052,30.12
2026-03-16 13:00,12.085,32.1
2026-03-16 14:00,12.094,32.64
2026-03-16 15:00,12.085,32.1
2026-03-16 16:00,12.066,30.96
2026-03-16 17:00,12.044,29.64
2026-03-16 18:00,12.014,27.84
2026-03-16 19:00,11.983,25.98
2026-03-16 20:00,11.952,24.12
2026-03-16 21:00,11.927,22.62
2026-03-16 22:00,11.9,21.0
2026-03-16 23:00,11.878,19.68
2026-03-17 00:00,11.856,18.36
2026-03-17 01:00,11.831,16.86
2026-03-17 02:00,11.818,16.08
2026-03-17 03:00,11.81,15.6
2026-03-17 04:00,11.811,15.66
2026-03-17 05:00,11.826,16.56
2026-03-17 06:00,11.85,18.0
2026-03-17 07:00,11.883,19.98
2026-03-17 08:00,11.922,22.32
2026-03-17 09:00,11.984,26.04
2026-03-17 10:00,12.042,29.52
2026-03-17 11:00,12.095,32.7
2026-03-17 12:00,12.137,35.22
2026-03-17 13:00,12.159,36.54
2026-03-17 14:00,12.16,36.6
2026-03-17 15:00,12.145,35.7
2026-03-17 16:00,12.125,34.5
2026-03-17 17:00,12.099,32.94
2026-03-17 18:00,12.066,30.96
2026-03-17 19:00,12.04,29.4
2026-03-17 20:00,12.006,27.36
2026-03-17 21:00,11.978,25.68
2026-03-17 22:00,11.952,24.12
2026-03-17 23:00,11.926,22.56
2026-03-18 00:00,11.904,21.24
2026-03-18 01:00,11.887,20.22
2026-03-18 02:00,11.869,19.14
2026-03-18 03:00,11.861,18.66
2026-03-18 04:00,11.869,19.14
2026-03-18 05:00,11.884,20.04
2026-03-18 06:00,11.906,21.36
2026-03-18 07:00,11.939,23.34
2026-03-18 08:00,11.98,25.8
2026-03-18 09:00,12.032,28.92
2026-03-18 10:00,12.09,32.4
2026-03-18 11:00,12.132,34.92
2026-03-18 12:00,12.166,36.96
2026-03-18 13:00,12.176,37.56
2026-03-18 14:00,12.175,37.5
2026-03-18 15:00,12.163,36.78
2026-03-18 16:00,12.142,35.52
2026-03-18 17:00,12.109,33.54
2026-03-18 18:00,12.088,32.28
2026-03-18 19:00,12.058,30.48
2026-03-18 20:00,12.03,28.8
2026-03-18 21:00,12.004,27.24
2026-03-18 22:00,11.977,25.62
2026-03-18 23:00,11.956,24.36
2026-03-19 00:00,11.933,22.98
2026-03-19 01:00,11.915,21.9
2026-03-19 02:00,11.901,21.06
2026-03-19 03:00,11.891,20.46
2026-03-19 04:00,11.897,20.82
2026-03-19 05:00,11.912,21.72
2026-03-19 06:00,11.928,22.68
2026-03-19 07:00,11.958,24.48
2026-03-19 08:00,11.997,26.82
2026-03-19 09:00,12.052,30.12
2026-03-19 10:00,12.113,33.78
2026-03-19 11:00,12.165,36.9
2026-03-19 12:00,12.198,38.88
2026-03-19 13:00,12.218,40.08
2026-03-19 14:00,12.212,39.72
2026-03-19 15:00,12.201,39.06
2026-03-19 16:00,12.175,37.5
2026-03-19 17:00,12.148,35.88
2026-03-19 18:00,12.116,33.96
2026-03-19 19:00,12.089,32.34
2026-03-19 20:00,12.063,30.78
2026-03-19 21:00,12.039,29.34
2026-03-19 22:00,12.022,28.32
2026-03-19 23:00,12.001,27.06
2026-03-20 00:00,11.985,26.1
2026-03-20 01:00,11.971,25.26
2026-03-20 02:00,11.961,24.66
2026-03-20 03:00,11.958,24.48
2026-03-20 04:00,11.964,24.84
2026-03-20 05:00,11.978,25.68
2026-03-20 06:00,12.0,27.0
2026-03-20 07:00,12.028,28.68
2026-03-20 08:00,12.069,31.14
2026-03-20 09:00,12.124,34.44
2026-03-20 10:00,12.179,37.74
2026-03-20 11:00,12.226,40.56
2026-03-20 12:00,12.258,42.48
2026-03-20 13:00,12.278,43.68
2026-03-20 14:00,12.279,43.74
2026-03-20 15:00,12.265,42.9
2026-03-20 16:00,12.246,41.76
2026-03-20 17:00,12.223,40.38
2026-03-20 18:00,12.204,39.24
2026-03-20 19:00,12.178,37.68
2026-03-20 20:00,12.155,36.3
2026-03-20 21:00,12.135,35.1
2026-03-20 22:00,12.116,33.96
2026-03-20 23:00,12.1,33.0
2026-03-21 00:00,12.094,32.64
2026-03-21 01:00,12.094,32.64
2026-03-21 02:00,12.101,33.06
2026-03-21 03:00,12.107,33.42
2026-03-21 04:00,12.11,33.6
2026-03-21 05:00,12.108,33.48
2026-03-21 06:00,12.102,33.12
2026-03-21 07:00,12.094,32.64
2026-03-21 08:00,12.083,31.98
2026-03-21 09:00,12.074,31.44
2026-03-21 10:00,12.081,31.86
2026-03-21 11:00,12.13,34.8
2026-03-21 12:00,12.195,38.7
2026-03-21 13:00,12.25,42.0
2026-03-21 14:00,12.293,44.58
2026-03-21 15:00,12.31,45.6
2026-03-21 16:00,12.316,45.96
2026-03-21 17:00,12.303,45.18
2026-03-21 18:00,12.283,43.98
2026-03-21 19:00,12.26,42.6
2026-03-21 20:00,12.246,41.76
2026-03-21 21:00,12.223,40.38
2026-03-21 22:00,12.201,39.06
2026-03-21 23:00,12.183,37.98
2026-03-22 00:00,12.164,36.84
2026-03-22 01:00,12.15,36.0
2026-03-22 02:00,12.142,35.52
2026-03-22 03:00,12.142,35.52
2026-03-22 04:00,12.152,36.12
2026-03-22 05:00,12.164,36.84
2026-03-22 06:00,12.177,37.62
2026-03-22 07:00,12.195,38.7
2026-03-22 08:00,12.22,40.2
2026-03-22 09:00,12.254,42.24
2026-03-22 10:00,12.301,45.06
2026-03-22 11:00,12.344,47.64
2026-03-22 12:00,12.37,49.2
2026-03-22 13:00,12.395,50.7
2026-03-22 14:00,12.394,50.64
2026-03-22 15:00,12.392,50.52
2026-03-22 16:00,12.374,49.44
2026-03-22 17:00,12.351,48.06
2026-03-22 18:00,12.327,46.62
2026-03-22 19:00,12.308,45.48
2026-03-22 20:00,12.287,44.22
2026-03-22 21:00,12.271,43.26
2026-03-22 22:00,12.254,42.24
2026-03-22 23:00,12.24,41.4
2026-03-23 00:00,12.228,40.68
2026-03-23 01:00,12.216,39.96
2026-03-23 02:00,12.209,39.54
2026-03-23 03:00,12.208,39.48
2026-03-23 04:00,12.215,39.9
2026-03-23 05:00,12.227,40.62
2026-03-23 06:00,12.242,41.52
2026-03-23 07:00,12.259,42.54
2026-03-23 08:00,12.285,44.1
2026-03-23 09:00,12.326,46.56
2026-03-23 10:00,12.372,49.32
2026-03-23 11:00,12.417,52.19
2026-03-23 12:00,12.451,54.57
2026-03-23 13:00,12.47,55.9
2026-03-23 14:00,12.47,55.9
2026-03-23 15:00,12.465,55.55
2026-03-23 16:00,12.449,54.43
2026-03-23 17:00,12.422,52.54
2026-03-23 18:00,12.408,51.56
2026-03-23 19:00,12.38,49.8
2026-03-23 20:00,12.368,49.08
2026-03-23 21:00,12.354,48.24
2026-03-23 22:00,12.339,47.34
2026-03-23 23:00,12.325,46.5
2026-03-24 00:00,12.311,45.66
2026-03-24 01:00,12.299,44.94
2026-03-24 02:00,12.29,44.4
2026-03-24 03:00,12.28,43.8
2026-03-24 04:00,12.271,43.26
2026-03-24 05:00,12.262,42.72
2026-03-24 06:00,12.253,42.18
2026-03-24 07:00,12.246,41.76
2026-03-24 08:00,12.254,42.24
2026-03-24 09:00,12.281,43.86
2026-03-24 10:00,12.333,46.98
2026-03-24 11:00,12.374,49.44
2026-03-24 12:00,12.423,52.61
2026-03-24 13:00,12.447,54.29
2026-03-24 14:00,12.455,54.85
2026-03-24 15:00,12.452,54.64
2026-03-24 16:00,12.443,54.01
2026-03-24 17:00,12.411,51.77
2026-03-24 18:00,12.406,51.42
2026-03-24 19:00,12.384,50.04
2026-03-24 20:00,12.37,49.2
2026-03-24 21:00,12.356,48.36
2026-03-24 22:00,12.341,47.46
2026-03-24 23:00,12.329,46.74
2026-03-25 00:00,12.317,46.02
2026-03-25 01:00,12.307,45.42
2026-03-25 02:00,12.296,44.76
2026-03-25 03:00,12.287,44.22
2026-03-25 04:00,12.278,43.68
2026-03-25 05:00,12.268,43.08
2026-03-25 06:00,12.26,42.6
2026-03-25 07:00,12.254,42.24
2026-03-25 08:00,12.262,42.72
2026-03-25 09:00,12.294,44.64
2026-03-25 10:00,12.337,47.22
2026-03-25 11:00,12.396,50.76
2026-03-25 12:00,12.435,53.45
2026-03-25 13:00,12.46,55.2
2026-03-25 14:00,12.473,56.11
2026-03-25 15:00,12.466,55.62
2026-03-25 16:00,12.449,54.43
2026-03-25 17:00,12.429,53.03
2026-03-25 18:00,12.411,51.77
2026-03-25 19:00,12.395,50.7
2026-03-25 20:00,12.38,49.8
2026-03-25 21:00,12.369,49.14
2026-03-25 22:00,12.356,48.36
2026-03-25 23:00,12.343,47.58
2026-03-26 00:00,12.33,46.8
2026-03-26 01:00,12.318,46.08
2026-03-26 02:00,12.31,45.6
2026-03-26 03:00,12.3,45.0
2026-03-26 04:00,12.291,44.46
2026-03-26 05:00,12.281,43.86
2026-03-26 06:00,12.274,43.44
2026-03-26 07:00,12.267,43.02
2026-03-26 08:00,12.274,43.44
2026-03-26 09:00,12.307,45.42
2026-03-26 10:00,12.365,48.9
2026-03-26 11:00,12.423,52.61
2026-03-26 12:00,12.468,55.76
2026-03-26 13:00,12.509,58.63
2026-03-26 14:00,12.522,59.54
2026-03-26 15:00,12.527,59.89
2026-03-26 16:00,12.523,59.61
2026-03-26 17:00,12.503,58.21
2026-03-26 18:00,12.483,56.81
2026-03-26 19:00,12.457,54.99
2026-03-26 20:00,12.447,54.29
2026-03-26 21:00,12.429,53.03
2026-03-26 22:00,12.411,51.77
2026-03-26 23:00,12.396,50.76
2026-03-27 00:00,12.382,49.92
2026-03-27 01:00,12.371,49.26
2026-03-27 02:00,12.36,48.6
2026-03-27 03:00,12.35,48.0
2026-03-27 04:00,12.341,47.46
2026-03-27 05:00,12.331,46.86
2026-03-27 06:00,12.323,46.38
2026-03-27 07:00,12.315,45.9
2026-03-27 08:00,12.317,46.02
2026-03-27 09:00,12.337,47.22
2026-03-27 10:00,12.394,50.64
2026-03-27 11:00,12.451,54.57
2026-03-27 12:00,12.501,58.07
2026-03-27 13:00,12.542,60.94
2026-03-27 14:00,12.564,62.48
2026-03-27 15:00,12.571,62.97
2026-03-27 16:00,12.56,62.2
2026-03-27 17:00,12.544,61.08
2026-03-27 18:00,12.529,60.03
2026-03-27 19:00,12.502,58.14
2026-03-27 20:00,12.487,57.09
2026-03-27 21:00,12.469,55.83
2026-03-27 22:00,12.451,54.57
2026-03-27 23:00,12.437,53.59
2026-03-28 00:00,12.424,52.68
2026-03-28 01:00,12.411,51.77
2026-03-28 02:00,12.402,51.14
2026-03-28 03:00,12.392,50.52
2026-03-28 04:00,12.383,49.98
2026-03-28 05:00,12.378,49.68
2026-03-28 06:00,12.395,50.7
2026-03-28 07:00,12.435,53.45
2026-03-28 08:00,12.496,57.72
2026-03-28 09:00,12.561,62.27
2026-03-28 10:00,12.616,66.28
2026-03-28 11:00,12.66,69.8
2026-03-28 12:00,12.686,71.88
2026-03-28 13:00,12.706,73.48
2026-03-28 14:00,12.693,72.44
2026-03-28 15:00,12.679,71.32
2026-03-28 16:00,12.657,69.56
2026-03-28 17:00,12.63,67.4
2026-03-28 18:00,12.6,65.0
2026-03-28 19:00,12.578,63.46
2026-03-28 20:00,12.551,61.57
2026-03-28 21:00,12.529,60.03
2026-03-28 22:00,12.51,58.7
2026-03-28 23:00,12.49,57.3
2026-03-29 00:00,12.474,56.18
2026-03-29 01:00,12.458,55.06
2026-03-29 02:00,12.443,54.01
2026-03-29 03:00,12.427,52.89
2026-03-29 04:00,12.415,52.05
2026-03-29 05:00,12.406,51.42
2026-03-29 06:00,12.412,51.84
2026-03-29 07:00,12.449,54.43
2026-03-29 08:00,12.506,58.42
2026-03-29 09:00,12.567,62.69
2026-03-29 10:00,12.627,67.16
2026-03-29 11:00,12.675,71.0
2026-03-29 12:00,12.704,73.32
2026-03-29 13:00,12.721,74.68
2026-03-29 14:00,12.714,74.12
2026-03-29 15:00,12.71,73.8
2026-03-29 16:00,12.684,71.72
2026-03-29 17:00,12.655,69.4
2026-03-29 18:00,12.625,67.0
2026-03-29 19:00,12.6,65.0
2026-03-29 20:00,12.571,62.97
2026-03-29 21:00,12.552,61.64
2026-03-29 22:00,12.529,60.03
2026-03-29 23:00,12.542,60.94
2026-03-30 00:00,12.53,60.1
2026-03-30 01:00,12.514,58.98
2026-03-30 02:00,12.498,57.86
2026-03-30 03:00,12.484,56.88
2026-03-30 04:00,12.472,56.04
2026-03-30 05:00,12.463,55.41
2026-03-30 06:00,12.474,56.18
2026-03-30 07:00,12.51,58.7
2026-03-30 08:00,12.565,62.55
2026-03-30 09:00,12.626,67.08
2026-03-30 10:00,12.682,71.56
2026-03-30 11:00,12.732,75.56
2026-03-30 12:00,12.763,78.04
2026-03-30 13:00,12.783,79.64
2026-03-30 14:00,12.778,79.24
2026-03-30 15:00,12.772,78.76
2026-03-30 16:00,12.759,77.72
2026-03-30 17:00,12.738,76.04
2026-03-30 18:00,12.708,73.64
2026-03-30 19:00,12.682,71.56
2026-03-30 20:00,12.655,69.4
2026-03-30 21:00,12.63,67.4
2026-03-30 22:00,12.609,65.72
2026-03-30 23:00,12.589,64.23
2026-03-31 00:00,12.573,63.11
2026-03-31 01:00,12.557,61.99
2026-03-31 02:00,12.544,61.08
2026-03-31 03:00,12.538,60.66
2026-03-31 04:00,12.547,61.29
2026-03-31 05:00,12.573,63.11
2026-03-31 06:00,12.614,66.12
2026-03-31 07:00,12.664,70.12
2026-03-31 08:00,12.715,74.2
2026-03-31 09:00,12.759,77.72
2026-03-31 10:00,12.793,80.44
2026-03-31 11:00,12.818,82.44
2026-03-31 12:00,12.826,83.08
2026-03-31 13:00,12.823,82.84
2026-03-31 14:00,12.802,81.16
2026-03-31 15:00,12.78,79.4
2026-03-31 16:00,12.758,77.64
2026-03-31 17:00,12.732,75.56
2026-03-31 18:00,12.708,73.64
2026-03-31 19:00,12.691,72.28
2026-03-31 20:00,12.661,69.88
2026-03-31 21:00,12.651,69.08
2026-03-31 22:00,12.633,67.64
2026-03-31 23:00,12.618,66.44
2026-04-01 00:00,12.604,65.32
2026-04-01 01:00,12.59,64.3
2026-04-01 02:00,12.576,63.32
2026-04-01 03:00,12.572,63.04
2026-04-01 04:00,12.58,63.6
2026-04-01 05:00,12.606,65.48
2026-04-01 06:00,12.649,68.92
2026-04-01 07:00,12.707,73.56
2026-04-01 08:00,12.764,78.12
2026-04-01 09:00,12.833,83.64
2026-04-01 10:00,12.884,87.72
2026-04-01 11:00,12.92,90.6
2026-04-01 12:00,12.929,91.32
2026-04-01 13:00,12.933,91.64
2026-04-01 14:00,12.908,89.64
2026-04-01 15:00,12.89,88.2
2026-04-01 16:00,12.863,86.04
2026-04-01 17:00,12.828,83.24
2026-04-01 18:00,12.798,80.84
2026-04-01 19:00,12.778,79.24
2026-04-01 20:00,12.75,77.0
2026-04-01 21:00,12.726,75.08
2026-04-01 22:00,12.704,73.32
2026-04-01 23:00,12.685,71.8
2026-04-02 00:00,12.668,70.44
2026-04-02 01:00,12.653,69.24
2026-04-02 02:00,12.638,68.04
2026-04-02 03:00,12.624,66.92
2026-04-02 04:00,12.609,65.72
2026-04-02 05:00,12.596,64.72
2026-04-02 06:00,12.586,64.02
2026-04-02 07:00,12.588,64.16
2026-04-02 08:00,12.608,65.64
2026-04-02 09:00,12.645,68.6
2026-04-02 10:00,12.692,72.36
2026-04-02 11:00,12.732,75.56
2026-04-02 12:00,12.76,77.8
2026-04-02 13:00,12.776,79.08
2026-04-02 14:00,12.772,78.76
2026-04-02 15:00,12.769,78.52
2026-04-02 16:00,12.743,76.44
2026-04-02 17:00,12.714,74.12
2026-04-02 18:00,12.699,72.92
2026-04-02 19:00,12.667,70.36
2026-04-02 20:00,12.648,68.84
2026-04-02 21:00,12.625,67.0
2026-04-02 22:00,12.604,65.32
2026-04-02 23:00,12.586,64.02
2026-04-03 00:00,12.568,62.76
2026-04-03 01:00,12.55,61.5
2026-04-03 02:00,12.535,60.45
2026-04-03 03:00,12.519,59.33
2026-04-03 04:00,12.503,58.21
2026-04-03 05:00,12.489,57.23
2026-04-03 06:00,12.475,56.25
2026-04-03 07:00,12.468,55.76
2026-04-03 08:00,12.48,56.6
2026-04-03 09:00,12.516,59.12
2026-04-03 10:00,12.561,62.27
2026-04-03 11:00,12.607,65.56
2026-04-03 12:00,12.645,68.6
2026-04-03 13:00,12.664,70.12
2026-04-03 14:00,12.668,70.44
2026-04-03 15:00,12.655,69.4
2026-04-03 16:00,12.623,66.84
2026-04-03 17:00,12.603,65.24
2026-04-03 18:00,12.58,63.6
2026-04-03 19:00,12.566,62.62
2026-04-03 20:00,12.538,60.66
2026-04-03 21:00,12.513,58.91
2026-04-03 22:00,12.491,57.37
2026-04-03 23:00,12.472,56.04
2026-04-04 00:00,12.453,54.71
2026-04-04 01:00,12.435,53.45
2026-04-04 02:00,12.418,52.26
2026-04-04 03:00,12.4,51.0
2026-04-04 04:00,12.386,50.16
2026-04-04 05:00,12.37,49.2
2026-04-04 06:00,12.354,48.24
2026-04-04 07:00,12.346,47.76
2026-04-04 08:00,12.358,48.48
2026-04-04 09:00,12.394,50.64
2026-04-04 10:00,12.448,54.36
2026-04-04 11:00,12.503,58.21
2026-04-04 12:00,12.542,60.94
2026-04-04 13:00,12.566,62.62
2026-04-04 14:00,12.57,62.9
2026-04-04 15:00,12.559,62.13
2026-04-04 16:00,12.544,61.08
2026-04-04 17:00,12.521,59.47
2026-04-04 18:00,12.493,57.51
2026-04-04 19:00,12.473,56.11
2026-04-04 20:00,12.445,54.15
2026-04-04 21:00,12.416,52.12
2026-04-04 22:00,12.392,50.52
2026-04-04 23:00,12.37,49.2
2026-04-05 00:00,12.351,48.06
2026-04-05 01:00,12.331,46.86
2026-04-05 02:00,12.313,45.78
2026-04-05 03:00,12.295,44.7
2026-04-05 04:00,12.277,43.62
2026-04-05 05:00,12.261,42.66
2026-04-05 06:00,12.245,41.7
2026-04-05 07:00,12.237,41.22
2026-04-05 08:00,12.244,41.64
2026-04-05 09:00,12.278,43.68
2026-04-05 10:00,12.335,47.1
2026-04-05 11:00,12.404,51.28
2026-04-05 12:00,12.454,54.78
2026-04-05 13:00,12.483,56.81
2026-04-05 14:00,12.491,57.37
2026-04-05 15:00,12.493,57.51
2026-04-05 16:00,12.477,56.39
2026-04-05 17:00,12.462,55.34
2026-04-05 18:00,12.439,53.73
2026-04-05 19:00,12.412,51.84
2026-04-05 20:00,12.385,50.1
2026-04-05 21:00,12.358,48.48
2026-04-05 22:00,12.338,47.28
2026-04-05 23:00,12.316,45.96
2026-04-06 00:00,12.296,44.76
2026-04-06 01:00,12.28,43.8
2026-04-06 02:00,12.265,42.9
2026-04-06 03:00,12.25,42.0
2026-04-06 04:00,12.236,41.16
2026-04-06 05:00,12.221,40.26
2026-04-06 06:00,12.209,39.54
2026-04-06 07:00,12.201,39.06
2026-04-06 08:00,12.209,39.54
2026-04-06 09:00,12.248,41.88
2026-04-06 10:00,12.309,45.54
2026-04-06 11:00,12.37,49.2
2026-04-06 12:00,12.416,52.12
2026-04-06 13:00,12.455,54.85
2026-04-06 14:00,12.465,55.55
2026-04-06 15:00,12.456,54.92
2026-04-06 16:00,12.444,54.08
2026-04-06 17:00,12.426,52.82
2026-04-06 18:00,12.405,51.35
2026-04-06 19:00,12.375,49.5
2026-04-06 20:00,12.352,48.12
2026-04-06 21:00,12.326,46.56
2026-04-06 22:00,12.301,45.06
2026-04-06 23:00,12.283,43.98
2026-04-07 00:00,12.257,42.42
2026-04-07 01:00,12.248,41.88
2026-04-07 02:00,12.227,40.62
2026-04-07 03:00,12.217,40.02
2026-04-07 04:00,12.204,39.24
2026-04-07 05:00,12.19,38.4
2026-04-07 06:00,12.177,37.62
2026-04-07 07:00,12.17,37.2
2026-04-07 08:00,12.168,37.08
2026-04-07 09:00,12.218,40.08
2026-04-07 10:00,12.274,43.44
2026-04-07 11:00,12.349,47.94
2026-04-07 12:00,12.407,51.49
2026-04-07 13:00,12.443,54.01
2026-04-07 14:00,12.453,54.71
2026-04-07 15:00,12.462,55.34
2026-04-07 16:00,12.441,53.87
2026-04-07 17:00,12.417,52.19
2026-04-07 18:00,12.394,50.64
2026-04-07 19:00,12.37,49.2
2026-04-07 20:00,12.34,47.4
2026-04-07 21:00,12.314,45.84
2026-04-07 22:00,12.291,44.46
2026-04-07 23:00,12.268,43.08
2026-04-08 00:00,12.249,41.94
2026-04-08 01:00,12.23,40.8
2026-04-08 02:00,12.213,39.78
2026-04-08 03:00,12.197,38.82
2026-04-08 04:00,12.182,37.92
2026-04-08 05:00,12.167,37.02
2026-04-08 06:00,12.152,36.12
2026-04-08 07:00,12.136,35.16
2026-04-08 08:00,12.149,35.94
2026-04-08 09:00,12.19,38.4
2026-04-08 10:00,12.262,42.72
2026-04-08 11:00,12.337,47.22
2026-04-08 12:00,12.401,51.07
2026-04-08 13:00,12.447,54.29
2026-04-08 14:00,12.465,55.55
2026-04-08 15:00,12.456,54.92
2026-04-08 16:00,12.445,54.15
2026-04-08 17:00,12.418,52.26
2026-04-08 18:00,12.394,50.64
2026-04-08 19:00,12.363,48.78
2026-04-08 20:00,12.331,46.86
2026-04-08 21:00,12.302,45.12
2026-04-08 22:00,12.277,43.62
2026-04-08 23:00,12.254,42.24
2026-04-09 00:00,12.231,40.86
2026-04-09 01:00,12.211,39.66
2026-04-09 02:00,12.195,38.7
2026-04-09 03:00,12.178,37.68
2026-04-09 04:00,12.161,36.66
2026-04-09 05:00,12.147,35.82
2026-04-09 06:00,12.132,34.92
2026-04-09 07:00,12.121,34.26
2026-04-09 08:00,12.123,34.38
2026-04-09 09:00,12.153,36.18
2026-04-09 10:00,12.208,39.48
2026-04-09 11:00,12.279,43.74
2026-04-09 12:00,12.346,47.76
2026-04-09 13:00,12.388,50.28
2026-04-09 14:00,12.409,51.63
2026-04-09 15:00,12.405,51.35
2026-04-09 16:00,12.397,50.82
2026-04-09 17:00,12.374,49.44
2026-04-09 18:00,12.351,48.06
2026-04-09 19:00,12.323,46.38
2026-04-09 20:00,12.3,45.0
2026-04-09 21:00,12.269,43.14
2026-04-09 22:00,12.248,41.88
2026-04-09 23:00,12.223,40.38
2026-04-10 00:00,12.207,39.42
2026-04-10 01:00,12.192,38.52
2026-04-10 02:00,12.183,37.98
2026-04-10 03:00,12.205,39.3
2026-04-10 04:00,12.263,42.78
2026-04-10 05:00,12.346,47.76
2026-04-10 06:00,12.436,53.52
2026-04-10 07:00,12.521,59.47
2026-04-10 08:00,12.6,65.0
2026-04-10 09:00,12.664,70.12
2026-04-10 10:00,12.713,74.04
2026-04-10 11:00,12.743,76.44
2026-04-10 12:00,12.752,77.16
2026-04-10 13:00,12.746,76.68
2026-04-10 14:00,12.717,74.36
2026-04-10 15:00,12.69,72.2
2026-04-10 16:00,12.653,69.24
2026-04-10 17:00,12.609,65.72
2026-04-10 18:00,12.568,62.76
2026-04-10 19:00,12.531,60.17
2026-04-10 20:00,12.494,57.58
2026-04-10 21:00,12.466,55.62
2026-04-10 22:00,12.439,53.73
2026-04-10 23:00,12.415,52.05
2026-04-11 00:00,12.396,50.76
2026-04-11 01:00,12.378,49.68
2026-04-11 02:00,12.364,48.84
2026-04-11 03:00,12.358,48.48
2026-04-11 04:00,12.37,49.2
2026-04-11 05:00,12.4,51.0
2026-04-11 06:00,12.442,53.94
2026-04-11 07:00,12.49,57.3
2026-04-11 08:00,12.541,60.87
2026-04-11 09:00,12.59,64.3
2026-04-11 10:00,12.635,67.8
2026-04-11 11:00,12.665,70.2
2026-04-11 12:00,12.682,71.56
2026-04-11 13:00,12.684,71.72
2026-04-11 14:00,12.673,70.84
2026-04-11 15:00,12.637,67.96
2026-04-11 16:00,12.608,65.64
2026-04-11 17:00,12.584,63.88
2026-04-11 18:00,12.558,62.06
2026-04-11 19:00,12.525,59.75
2026-04-11 20:00,12.496,57.72
2026-04-11 21:00,12.472,56.04
2026-04-11 22:00,12.448,54.36
2026-04-11 23:00,12.427,52.89
2026-04-12 00:00,12.409,51.63
2026-04-12 01:00,12.392,50.52
2026-04-12 02:00,12.378,49.68
2026-04-12 03:00,12.373,49.38
2026-04-12 04:00,12.382,49.92
2026-04-12 05:00,12.411,51.77
2026-04-12 06:00,12.452,54.64
2026-04-12 07:00,12.504,58.28
2026-04-12 08:00,12.557,61.99
2026-04-12 09:00,12.601,65.08
2026-04-12 10:00,12.654,69.32
2026-04-12 11:00,12.678,71.24
2026-04-12 12:00,12.695,72.6
2026-04-12 13:00,12.694,72.52
2026-04-12 14:00,12.67,70.6
2026-04-12 15:00,12.653,69.24
2026-04-12 16:00,12.623,66.84
2026-04-12 17:00,12.589,64.23
2026-04-12 18:00,12.562,62.34
2026-04-12 19:00,12.532,60.24
2026-04-12 20:00,12.503,58.21
2026-04-12 21:00,12.48,56.6
2026-04-12 22:00,12.458,55.06
2026-04-12 23:00,12.438,53.66
2026-04-13 00:00,12.42,52.4
2026-04-13 01:00,12.402,51.14
2026-04-13 02:00,12.388,50.28
2026-04-13 03:00,12.382,49.92
2026-04-13 04:00,12.392,50.52
2026-04-13 05:00,12.417,52.19
2026-04-13 06:00,12.455,54.85
2026-04-13 07:00,12.502,58.14
2026-04-13 08:00,12.55,61.5
2026-04-13 09:00,12.604,65.32
2026-04-13 10:00,12.648,68.84
2026-04-13 11:00,12.676,71.08
2026-04-13 12:00,12.692,72.36
2026-04-13 13:00,12.685,71.8
2026-04-13 14:00,12.666,70.28
2026-04-13 15:00,12.643,68.44
2026-04-13 16:00,12.621,66.68
2026-04-13 17:00,12.585,63.95
2026-04-13 18:00,12.561,62.27
2026-04-13 19:00,12.537,60.59
2026-04-13 20:00,12.508,58.56
2026-04-13 21:00,12.484,56.88
2026-04-13 22:00,12.463,55.41
2026-04-13 23:00,12.444,54.08
2026-04-14 00:00,12.425,52.75
2026-04-14 01:00,12.409,51.63
2026-04-14 02:00,12.395,50.7
2026-04-14 03:00,12.389,50.34
2026-04-14 04:00,12.401,51.07
2026-04-14 05:00,12.427,52.89
2026-04-14 06:00,12.465,55.55
2026-04-14 07:00,12.514,58.98
2026-04-14 08:00,12.568,62.76
2026-04-14 09:00,12.62,66.6
2026-04-14 10:00,12.662,69.96
2026-04-14 11:00,12.688,72.04
2026-04-14 12:00,12.702,73.16
2026-04-14 13:00,12.702,73.16
2026-04-14 14:00,12.686,71.88
2026-04-14 15:00,12.655,69.4
2026-04-14 16:00,12.662,69.96
2026-04-14 17:00,12.668,70.44
2026-04-14 18:00,12.627,67.16
2026-04-14 19:00,12.581,63.67
2026-04-14 20:00,12.545,61.15
2026-04-14 21:00,12.516,59.12
2026-04-14 22:00,12.493,57.51
2026-04-14 23:00,12.472,56.04
2026-04-15 00:00,12.452,54.64
2026-04-15 01:00,12.435,53.45
2026-04-15 02:00,12.419,52.33
2026-04-15 03:00,12.414,51.98
2026-04-15 04:00,12.424,52.68
2026-04-15 05:00,12.449,54.43
2026-04-15 06:00,12.485,56.95
2026-04-15 07:00,12.532,60.24
2026-04-15 08:00,12.581,63.67
2026-04-15 09:00,12.631,67.48
2026-04-15 10:00,12.664,70.12
2026-04-15 11:00,12.695,72.6
2026-04-15 12:00,12.712,73.96
2026-04-15 13:00,12.704,73.32
2026-04-15 14:00,12.694,72.52
2026-04-15 15:00,12.67,70.6
2026-04-15 16:00,12.63,67.4
2026-04-15 17:00,12.613,66.04
2026-04-15 18:00,12.582,63.74
2026-04-15 19:00,12.553,61.71
2026-04-15 20:00,12.529,60.03
2026-04-15 21:00,12.505,58.35
2026-04-15 22:00,12.484,56.88
2026-04-15 23:00,12.465,55.55
2026-04-16 00:00,12.448,54.36
2026-04-16 01:00,12.431,53.17
2026-04-16 02:00,12.419,52.33
2026-04-16 03:00,12.412,51.84
2026-04-16 04:00,12.424,52.68
2026-04-16 05:00,12.449,54.43
2026-04-16 06:00,12.487,57.09
2026-04-16 07:00,12.535,60.45
2026-04-16 08:00,12.585,63.95
2026-04-16 09:00,12.635,67.8
2026-04-16 10:00,12.676,71.08
2026-04-16 11:00,12.701,73.08
2026-04-16 12:00,12.715,74.2
2026-04-16 13:00,12.713,74.04
2026-04-16 14:00,12.68,71.4
2026-04-16 15:00,12.667,70.36
2026-04-16 16:00,12.64,68.2
2026-04-16 17:00,12.609,65.72
2026-04-16 18:00,12.584,63.88
2026-04-16 19:00,12.561,62.27
2026-04-16 20:00,12.534,60.38
2026-04-16 21:00,12.51,58.7
2026-04-16 22:00,12.488,57.16
2026-04-16 23:00,12.468,55.76
2026-04-17 00:00,12.45,54.5
2026-04-17 01:00,12.435,53.45
2026-04-17 02:00,12.42,52.4
2026-04-17 03:00,12.411,51.77
2026-04-17 04:00,12.42,52.4
2026-04-17 05:00,12.445,54.15
2026-04-17 06:00,12.48,56.6
2026-04-17 07:00,12.528,59.96
2026-04-17 08:00,12.576,63.32
2026-04-17 09:00,12.624,66.92
2026-04-17 10:00,12.671,70.68
2026-04-17 11:00,12.699,72.92
2026-04-17 12:00,12.713,74.04
2026-04-17 13:00,12.716,74.28
2026-04-17 14:00,12.686,71.88
2026-04-17 15:00,12.674,70.92
2026-04-17 16:00,12.656,69.48
2026-04-17 17:00,12.625,67.0
2026-04-17 18:00,12.594,64.58
2026-04-17 19:00,12.563,62.41
2026-04-17 20:00,12.537,60.59
2026-04-17 21:00,12.51,58.7
2026-04-17 22:00,12.49,57.3
2026-04-17 23:00,12.471,55.97
2026-04-18 00:00,12.452,54.64
2026-04-18 01:00,12.435,53.45
2026-04-18 02:00,12.421,52.47
2026-04-18 03:00,12.411,51.77
2026-04-18 04:00,12.417,52.19
2026-04-18 05:00,12.441,53.87
2026-04-18 06:00,12.479,56.53
2026-04-18 07:00,12.528,59.96
2026-04-18 08:00,12.582,63.74
2026-04-18 09:00,12.637,67.96
2026-04-18 10:00,12.68,71.4
2026-04-18 11:00,12.708,73.64
2026-04-18 12:00,12.726,75.08
2026-04-18 13:00,12.717,74.36
2026-04-18 14:00,12.702,73.16
2026-04-18 15:00,12.687,71.96
2026-04-18 16:00,12.654,69.32
2026-04-18 17:00,12.624,66.92
2026-04-18 18:00,12.604,65.32
2026-04-18 19:00,12.574,63.18
2026-04-18 20:00,12.547,61.29
2026-04-18 21:00,12.523,59.61
2026-04-18 22:00,12.5,58.0
2026-04-18 23:00,12.48,56.6
2026-04-19 00:00,12.462,55.34
2026-04-19 01:00,12.445,54.15
2026-04-19 02:00,12.431,53.17
2026-04-19 03:00,12.422,52.54
2026-04-19 04:00,12.431,53.17
2026-04-19 05:00,12.455,54.85
2026-04-19 06:00,12.493,57.51
2026-04-19 07:00,12.542,60.94
2026-04-19 08:00,12.593,64.51
2026-04-19 09:00,12.646,68.68
2026-04-19 10:00,12.688,72.04
2026-04-19 11:00,12.71,73.8
2026-04-19 12:00,12.733,75.64
2026-04-19 13:00,12.732,75.56
2026-04-19 14:00,12.716,74.28
2026-04-19 15:00,12.699,72.92
2026-04-19 16:00,12.67,70.6
2026-04-19 17:00,12.637,67.96
2026-04-19 18:00,12.598,64.86
2026-04-19 19:00,12.576,63.32
2026-04-19 20:00,12.547,61.29
2026-04-19 21:00,12.524,59.68
2026-04-19 22:00,12.502,58.14
2026-04-19 23:00,12.48,56.6
2026-04-20 00:00,12.464,55.48
2026-04-20 01:00,12.447,54.29
2026-04-20 02:00,12.432,53.24
2026-04-20 03:00,12.424,52.68
2026-04-20 04:00,12.432,53.24
2026-04-20 05:00,12.456,54.92
2026-04-20 06:00,12.494,57.58
2026-04-20 07:00,12.542,60.94
2026-04-20 08:00,12.594,64.58
2026-04-20 09:00,12.645,68.6
2026-04-20 10:00,12.683,71.64
2026-04-20 11:00,12.713,74.04
2026-04-20 12:00,12.727,75.16
2026-04-20 13:00,12.728,75.24
2026-04-20 14:00,12.713,74.04
2026-04-20 15:00,12.689,72.12
2026-04-20 16:00,12.662,69.96
2026-04-20 17:00,12.619,66.52
2026-04-20 18:00,12.594,64.58
2026-04-20 19:00,12.572,63.04
2026-04-20 20:00,12.544,61.08
2026-04-20 21:00,12.52,59.4
2026-04-20 22:00,12.496,57.72
2026-04-20 23:00,12.478,56.46
2026-04-21 00:00,12.46,55.2
2026-04-21 01:00,12.444,54.08
2026-04-21 02:00,12.429,53.03
2026-04-21 03:00,12.423,52.61
2026-04-21 04:00,12.433,53.31
2026-04-21 05:00,12.457,54.99
2026-04-21 06:00,12.492,57.44
2026-04-21 07:00,12.538,60.66
2026-04-21 08:00,12.588,64.16
2026-04-21 09:00,12.636,67.88
2026-04-21 10:00,12.678,71.24
2026-04-21 11:00,12.702,73.16
2026-04-21 12:00,12.716,74.28
2026-04-21 13:00,12.713,74.04
2026-04-21 14:00,12.704,73.32
2026-04-21 15:00,12.676,71.08
2026-04-21 16:00,12.649,68.92
2026-04-21 17:00,12.62,66.6
2026-04-21 18:00,12.59,64.3
2026-04-21 19:00,12.56,62.2
2026-04-21 20:00,12.537,60.59
2026-04-21 21:00,12.511,58.77
2026-04-21 22:00,12.489,57.23
2026-04-21 23:00,12.469,55.83
2026-04-22 00:00,12.451,54.57
2026-04-22 01:00,12.435,53.45
2026-04-22 02:00,12.419,52.33
2026-04-22 03:00,12.413,51.91
2026-04-22 04:00,12.421,52.47
2026-04-22 05:00,12.446,54.22
2026-04-22 06:00,12.483,56.81
2026-04-22 07:00,12.531,60.17
2026-04-22 08:00,12.577,63.39
2026-04-22 09:00,12.628,67.24
2026-04-22 10:00,12.668,70.44
2026-04-22 11:00,12.703,73.24
2026-04-22 12:00,12.716,74.28
2026-04-22 13:00,12.715,74.2
2026-04-22 14:00,12.702,73.16
2026-04-22 15:00,12.677,71.16
2026-04-22 16:00,12.649,68.92
2026-04-22 17:00,12.614,66.12
2026-04-22 18:00,12.588,64.16
2026-04-22 19:00,12.557,61.99
2026-04-22 20:00,12.531,60.17
2026-04-22 21:00,12.508,58.56
2026-04-22 22:00,12.486,57.02
2026-04-22 23:00,12.466,55.62
2026-04-23 00:00,12.448,54.36
2026-04-23 01:00,12.431,53.17
2026-04-23 02:00,12.416,52.12
2026-04-23 03:00,12.41,51.7
2026-04-23 04:00,12.419,52.33
2026-04-23 05:00,12.445,54.15
2026-04-23 06:00,12.48,56.6
2026-04-23 07:00,12.526,59.82
2026-04-23 08:00,12.58,63.6
2026-04-23 09:00,12.633,67.64
2026-04-23 10:00,12.682,71.56
2026-04-23 11:00,12.717,74.36
2026-04-23 12:00,12.743,76.44
2026-04-23 13:00,12.755,77.4
2026-04-23 14:00,12.741,76.28
2026-04-23 15:00,12.722,74.76
2026-04-23 16:00,12.694,72.52
2026-04-23 17:00,12.664,70.12
2026-04-23 18:00,12.638,68.04
2026-04-23 19:00,12.609,65.72
2026-04-23 20:00,12.578,63.46
2026-04-23 21:00,12.55,61.5
2026-04-23 22:00,12.526,59.82
2026-04-23 23:00,12.504,58.28
2026-04-24 00:00,12.484,56.88
2026-04-24 01:00,12.465,55.55
2026-04-24 02:00,12.447,54.29
2026-04-24 03:00,12.43,53.1
2026-04-24 04:00,12.412,51.84
2026-04-24 05:00,12.398,50.88
2026-04-24 06:00,12.383,49.98
2026-04-24 07:00,12.383,49.98
2026-04-24 08:00,12.413,51.91
2026-04-24 09:00,12.468,55.76
2026-04-24 10:00,12.535,60.45
2026-04-24 11:00,12.602,65.16
2026-04-24 12:00,12.652,69.16
2026-04-24 13:00,12.673,70.84
2026-04-24 14:00,12.697,72.76
2026-04-24 15:00,12.691,72.28
2026-04-24 16:00,12.674,70.92
2026-04-24 17:00,12.646,68.68
2026-04-24 18:00,12.616,66.28
2026-04-24 19:00,12.594,64.58
2026-04-24 20:00,12.561,62.27
2026-04-24 21:00,12.529,60.03
2026-04-24 22:00,12.503,58.21
2026-04-24 23:00,12.48,56.6
2026-04-25 00:00,12.458,55.06
2026-04-25 01:00,12.438,53.66
2026-04-25 02:00,12.421,52.47
2026-04-25 03:00,12.413,51.91
2026-04-25 04:00,12.421,52.47
2026-04-25 05:00,12.439,53.73
2026-04-25 06:00,12.47,55.9
2026-04-25 07:00,12.517,59.19
2026-04-25 08:00,12.571,62.97
2026-04-25 09:00,12.62,66.6
2026-04-25 10:00,12.661,69.88
2026-04-25 11:00,12.689,72.12
2026-04-25 12:00,12.691,72.28
2026-04-25 13:00,12.694,72.52
2026-04-25 14:00,12.678,71.24
2026-04-25 15:00,12.651,69.08
2026-04-25 16:00,12.627,67.16
2026-04-25 17:00,12.597,64.79
2026-04-25 18:00,12.554,61.78
2026-04-25 19:00,12.537,60.59
2026-04-25 20:00,12.509,58.63
2026-04-25 21:00,12.485,56.95
2026-04-25 22:00,12.463,55.41
2026-04-25 23:00,12.443,54.01
2026-04-26 00:00,12.423,52.61
2026-04-26 01:00,12.407,51.49
2026-04-26 02:00,12.39,50.4
2026-04-26 03:00,12.379,49.74
2026-04-26 04:00,12.38,49.8
2026-04-26 05:00,12.399,50.94
2026-04-26 06:00,12.435,53.45
2026-04-26 07:00,12.481,56.67
2026-04-26 08:00,12.533,60.31
2026-04-26 09:00,12.587,64.09
2026-04-26 10:00,12.622,66.76
2026-04-26 11:00,12.655,69.4
2026-04-26 12:00,12.668,70.44
2026-04-26 13:00,12.679,71.32
2026-04-26 14:00,12.667,70.36
2026-04-26 15:00,12.643,68.44
2026-04-26 16:00,12.616,66.28
2026-04-26 17:00,12.583,63.81
2026-04-26 18:00,12.549,61.43
2026-04-26 19:00,12.523,59.61
2026-04-26 20:00,12.499,57.93
2026-04-26 21:00,12.472,56.04
2026-04-26 22:00,12.451,54.57
2026-04-26 23:00,12.431,53.17
2026-04-27 00:00,12.41,51.7
2026-04-27 01:00,12.392,50.52
2026-04-27 02:00,12.375,49.5
2026-04-27 03:00,12.364,48.84
2026-04-27 04:00,12.368,49.08
2026-04-27 05:00,12.389,50.34
2026-04-27 06:00,12.426,52.82
2026-04-27 07:00,12.473,56.11
2026-04-27 08:00,12.524,59.68
2026-04-27 09:00,12.577,63.39
2026-04-27 10:00,12.615,66.2
2026-04-27 11:00,12.651,69.08
2026-04-27 12:00,12.668,70.44
2026-04-27 13:00,12.663,70.04
2026-04-27 14:00,12.653,69.24
2026-04-27 15:00,12.635,67.8
2026-04-27 16:00,12.606,65.48
2026-04-27 17:00,12.574,63.18
2026-04-27 18:00,12.543,61.01
2026-04-27 19:00,12.514,58.98
2026-04-27 20:00,12.486,57.02
2026-04-27 21:00,12.46,55.2
2026-04-27 22:00,12.438,53.66
2026-04-27 23:00,12.417,52.19
2026-04-28 00:00,12.398,50.88
2026-04-28 01:00,12.38,49.8
2026-04-28 02:00,12.364,48.84
2026-04-28 03:00,12.356,48.36
2026-04-28 04:00,12.362,48.72
2026-04-28 05:00,12.387,50.22
2026-04-28 06:00,12.422,52.54
2026-04-28 07:00,12.472,56.04
2026-04-28 08:00,12.522,59.54
2026-04-28 09:00,12.575,63.25
2026-04-28 10:00,12.616,66.28
2026-04-28 11:00,12.647,68.76
2026-04-28 12:00,12.649,68.92
2026-04-28 13:00,12.661,69.88
2026-04-28 14:00,12.643,68.44
2026-04-28 15:00,12.618,66.44
2026-04-28 16:00,12.588,64.16
2026-04-28 17:00,12.563,62.41
2026-04-28 18:00,12.531,60.17
2026-04-28 19:00,12.503,58.21
2026-04-28 20:00,12.475,56.25
2026-04-28 21:00,12.451,54.57
2026-04-28 22:00,12.428,52.96
2026-04-28 23:00,12.409,51.63
2026-04-29 00:00,12.389,50.34
2026-04-29 01:00,12.372,49.32
2026-04-29 02:00,12.354,48.24
2026-04-29 03:00,12.348,47.88
2026-04-29 04:00,12.354,48.24
2026-04-29 05:00,12.381,49.86
2026-04-29 06:00,12.419,52.33
2026-04-29 07:00,12.467,55.69
2026-04-29 08:00,12.521,59.47
2026-04-29 09:00,12.571,62.97
2026-04-29 10:00,12.612,65.96
2026-04-29 11:00,12.638,68.04
2026-04-29 12:00,12.654,69.32
2026-04-29 13:00,12.651,69.08
2026-04-29 14:00,12.628,67.24
2026-04-29 15:00,12.624,66.92
2026-04-29 16:00,12.606,65.48
2026-04-29 17:00,12.568,62.76
2026-04-29 18:00,12.538,60.66
2026-04-29 19:00,12.506,58.42
2026-04-29 20:00,12.477,56.39
2026-04-29 21:00,12.452,54.64
2026-04-29 22:00,12.429,53.03
2026-04-29 23:00,12.406,51.42
2026-04-30 00:00,12.389,50.34
2026-04-30 01:00,12.371,49.26
2026-04-30 02:00,12.356,48.36
2026-04-30 03:00,12.346,47.76
2026-04-30 04:00,12.352,48.12
2026-04-30 05:00,12.377,49.62
2026-04-30 06:00,12.415,52.05
2026-04-30 07:00,12.463,55.41
2026-04-30 08:00,12.518,59.26
2026-04-30 09:00,12.571,62.97
2026-04-30 10:00,12.62,66.6
2026-04-30 11:00,12.659,69.72
2026-04-30 12:00,12.686,71.88
2026-04-30 13:00,12.695,72.6
2026-04-30 14:00,12.689,72.12
2026-04-30 15:00,12.664,70.12
2026-04-30 16:00,12.637,67.96
2026-04-30 17:00,12.605,65.4
2026-04-30 18:00,12.569,62.83
2026-04-30 19:00,12.546,61.22
2026-04-30 20:00,12.514,58.98
2026-04-30 21:00,12.487,57.09
2026-04-30 22:00,12.462,55.34
2026-04-30 23:00,12.439,53.73
2026-05-01 00:00,12.418,52.26
2026-05-01 01:00,12.4,51.0
2026-05-01 02:00,12.382,49.92
2026-05-01 03:00,12.374,49.44
2026-05-01 04:00,12.378,49.68
2026-05-01 05:00,12.403,51.21
2026-05-01 06:00,12.439,53.73
2026-05-01 07:00,12.486,57.02
2026-05-01 08:00,12.538,60.66
2026-05-01 09:00,12.594,64.58
2026-05-01 10:00,12.647,68.76
2026-05-01 11:00,12.682,71.56
2026-05-01 12:00,12.71,73.8
2026-05-01 13:00,12.719,74.52
2026-05-01 14:00,12.708,73.64
2026-05-01 15:00,12.69,72.2
2026-05-01 16:00,12.672,70.76
2026-05-01 17:00,12.63,67.4
2026-05-01 18:00,12.608,65.64
2026-05-01 19:00,12.574,63.18
2026-05-01 20:00,12.545,61.15
2026-05-01 21:00,12.516,59.12
2026-05-01 22:00,12.491,57.37
2026-05-01 23:00,12.468,55.76
2026-05-02 00:00,12.448,54.36
2026-05-02 01:00,12.43,53.1
2026-05-02 02:00,12.411,51.77
2026-05-02 03:00,12.401,51.07
2026-05-02 04:00,12.406,51.42
2026-05-02 05:00,12.427,52.89
2026-05-02 06:00,12.46,55.2
2026-05-02 07:00,12.508,58.56
2026-05-02 08:00,12.557,61.99
2026-05-02 09:00,12.613,66.04
2026-05-02 10:00,12.666,70.28
2026-05-02 11:00,12.697,72.76
2026-05-02 12:00,12.731,75.48
2026-05-02 17:00,12.738,76.04
2026-05-02 18:00,12.738,76.04
2026-05-02 19:00,12.738,76.04
2026-05-02 20:00,12.737,75.96
2026-05-02 21:00,12.737,75.96
2026-05-02 22:00,12.736,75.88
2026-05-02 23:00,12.736,75.88
2026-05-03 00:00,12.735,75.8
2026-05-03 01:00,12.735,75.8
2026-05-03 02:00,12.734,75.72
2026-05-03 03:00,12.734,75.72
2026-05-03 04:00,12.733,75.64
2026-05-03 05:00,12.733,75.64
2026-05-03 06:00,12.732,75.56
2026-05-03 07:00,12.732,75.56
2026-05-03 08:00,12.731,75.48
2026-05-03 09:00,12.731,75.48
2026-05-03 10:00,12.73,75.4
2026-05-03 11:00,12.73,75.4
2026-05-03 12:00,12.729,75.32
2026-05-03 13:00,12.729,75.32
2026-05-03 14:00,12.728,75.24
2026-05-03 15:00,12.728,75.24
2026-05-03 16:00,12.727,75.16
2026-05-03 17:00,12.706,73.48
2026-05-03 18:00,12.672,70.76
2026-05-03 19:00,12.638,68.04
2026-05-03 20:00,12.61,65.8
2026-05-03 21:00,12.583,63.81
2026-05-03 22:00,12.56,62.2
2026-05-03 23:00,12.539,60.73
2026-05-04 00:00,12.52,59.4
2026-05-04 01:00,12.502,58.14
2026-05-04 02:00,12.487,57.09
2026-05-04 03:00,12.482,56.74
2026-05-04 04:00,12.49,57.3
2026-05-04 05:00,12.512,58.84
2026-05-04 06:00,12.546,61.22
2026-05-04 07:00,12.591,64.37
2026-05-04 08:00,12.639,68.12
2026-05-04 09:00,12.689,72.12
2026-05-04 10:00,12.732,75.56
2026-05-04 11:00,12.767,78.36
2026-05-04 12:00,12.788,80.04
2026-05-04 13:00,12.786,79.88
2026-05-04 14:00,12.781,79.48
2026-05-04 15:00,12.771,78.68
2026-05-04 16:00,12.753,77.24
2026-05-04 17:00,12.718,74.44
2026-05-05 00:00,12.553,61.71
2026-05-06 00:00,12.558,62.06
2026-05-06 19:00,12.615,66.2
2026-05-06 20:00,12.618,66.44
2026-05-06 21:00,12.621,66.68
2026-05-06 22:00,12.624,66.92
2026-05-06 23:00,12.627,67.16
2026-05-07 00:00,12.63,67.4
2026-05-07 01:00,12.633,67.64
2026-05-07 02:00,12.636,67.88
2026-05-07 03:00,12.639,68.12
2026-05-07 04:00,12.642,68.36
2026-05-07 05:00,12.646,68.68
2026-05-07 06:00,12.649,68.92
2026-05-07 07:00,12.653,69.24
2026-05-07 08:00,12.656,69.48
2026-05-07 09:00,12.66,69.8
2026-05-07 10:00,12.663,70.04
2026-05-07 11:00,12.667,70.36
2026-05-07 12:00,12.67,70.6
2026-05-07 13:00,12.674,70.92
2026-05-07 14:00,12.677,71.16
2026-05-07 15:00,12.681,71.48
2026-05-07 16:00,12.684,71.72
2026-05-07 17:00,12.688,72.04
2026-05-07 18:00,12.691,72.28
2026-05-07 19:00,12.68,71.4
2026-05-07 20:00,12.651,69.08
2026-05-07 21:00,12.626,67.08
2026-05-07 22:00,12.602,65.16
2026-05-07 23:00,12.586,64.02
2026-05-08 00:00,12.565,62.55
2026-05-08 01:00,12.549,61.43
2026-05-08 02:00,12.532,60.24
2026-05-08 03:00,12.528,59.96
2026-05-08 04:00,12.54,60.8
2026-05-08 05:00,12.564,62.48
2026-05-08 06:00,12.602,65.16
2026-05-08 07:00,12.646,68.68
2026-05-08 08:00,12.692,72.36
2026-05-08 09:00,12.741,76.28
2026-05-08 10:00,12.783,79.64
2026-05-08 11:00,12.814,82.12
2026-05-08 12:00,12.822,82.76
2026-05-08 13:00,12.833,83.64
2026-05-08 14:00,12.832,83.56
2026-05-08 15:00,12.815,82.2
2026-05-08 16:00,12.778,79.24
2026-05-08 17:00,12.758,77.64
2026-05-08 18:00,12.729,75.32
2026-05-08 19:00,12.698,72.84
2026-05-08 20:00,12.673,70.84
2026-05-08 21:00,12.647,68.76
2026-05-08 22:00,12.626,67.08
2026-05-08 23:00,12.606,65.48
2026-05-09 00:00,12.588,64.16
2026-05-09 01:00,12.572,63.04
2026-05-09 02:00,12.559,62.13
2026-05-09 03:00,12.552,61.64
2026-05-09 04:00,12.562,62.34
2026-05-09 05:00,12.588,64.16
2026-05-09 06:00,12.623,66.84
2026-05-09 07:00,12.666,70.28
2026-05-09 08:00,12.717,74.36
2026-05-09 09:00,12.765,78.2
2026-05-09 10:00,12.807,81.56
2026-05-09 11:00,12.84,84.2
2026-05-09 12:00,12.853,85.24
2026-05-09 13:00,12.86,85.8
2026-05-09 14:00,12.856,85.48
2026-05-09 15:00,12.828,83.24
2026-05-09 16:00,12.804,81.32
2026-05-09 17:00,12.782,79.56
2026-05-09 18:00,12.754,77.32
2026-05-09 19:00,12.725,75.0
2026-05-09 20:00,12.698,72.84
2026-05-09 21:00,12.672,70.76
2026-05-09 22:00,12.648,68.84
2026-05-09 23:00,12.629,67.32
2026-05-10 00:00,12.61,65.8
2026-05-10 01:00,12.594,64.58
2026-05-10 02:00,12.58,63.6
2026-05-10 03:00,12.577,63.39
2026-05-10 04:00,12.589,64.23
2026-05-10 05:00,12.613,66.04
2026-05-10 06:00,12.649,68.92
2026-05-10 07:00,12.69,72.2
2026-05-10 08:00,12.736,75.88
2026-05-10 09:00,12.781,79.48
2026-05-10 10:00,12.822,82.76
2026-05-10 11:00,12.848,84.84
2026-05-10 12:00,12.87,86.6
2026-05-10 13:00,12.872,86.76
2026-05-10 14:00,12.86,85.8
2026-05-10 15:00,12.842,84.36
2026-05-10 16:00,12.813,82.04
2026-05-10 17:00,12.788,80.04
2026-05-10 18:00,12.759,77.72
2026-05-10 19:00,12.743,76.44
2026-05-10 20:00,12.714,74.12
2026-05-10 21:00,12.686,71.88
2026-05-10 22:00,12.665,70.2
2026-05-10 23:00,12.645,68.6
2026-05-11 00:00,12.628,67.24
2026-05-11 01:00,12.612,65.96
2026-05-11 02:00,12.599,64.93
2026-05-11 03:00,12.596,64.72
2026-05-11 04:00,12.608,65.64
2026-05-11 05:00,12.634,67.72
2026-05-11 06:00,12.67,70.6
2026-05-11 07:00,12.713,74.04
2026-05-11 08:00,12.761,77.88
2026-05-11 09:00,12.809,81.72
2026-05-11 10:00,12.85,85.0
2026-05-11 11:00,12.884,87.72
2026-05-11 12:00,12.9,89.0
2026-05-11 13:00,12.905,89.4
2026-05-11 14:00,12.888,88.04
2026-05-11 15:00,12.879,87.32
2026-05-11 16:00,12.848,84.84
2026-05-11 17:00,12.822,82.76
2026-05-11 18:00,12.791,80.28
2026-05-11 19:00,12.761,77.88
2026-05-11 20:00,12.732,75.56
2026-05-11 21:00,12.707,73.56
2026-05-11 22:00,12.684,71.72
2026-05-11 23:00,12.663,70.04
2026-05-12 00:00,12.644,68.52
2026-05-12 01:00,12.627,67.16
2026-05-12 02:00,12.615,66.2
2026-05-12 03:00,12.613,66.04
2026-05-12 04:00,12.626,67.08
2026-05-12 05:00,12.649,68.92
2026-05-12 06:00,12.683,71.64
2026-05-12 07:00,12.723,74.84
2026-05-12 08:00,12.765,78.2
2026-05-12 09:00,12.803,81.24
2026-05-12 10:00,12.836,83.88
2026-05-12 11:00,12.855,85.4
2026-05-12 12:00,12.859,85.72
2026-05-12 13:00,12.848,84.84
2026-05-12 14:00,12.826,83.08
2026-05-12 15:00,12.809,81.72
2026-05-12 16:00,12.793,80.44
2026-05-12 17:00,12.765,78.2
2026-05-12 18:00,12.73,75.4
2026-05-12 19:00,12.71,73.8
2026-05-12 20:00,12.686,71.88
2026-05-12 21:00,12.662,69.96
2026-05-12 22:00,12.643,68.44
2026-05-12 23:00,12.622,66.76
2026-05-13 00:00,12.606,65.48
2026-05-13 01:00,12.588,64.16
2026-05-13 02:00,12.575,63.25
2026-05-13 03:00,12.57,62.9
2026-05-13 04:00,12.582,63.74
2026-05-13 05:00,12.612,65.96
2026-05-13 06:00,12.653,69.24
2026-05-13 07:00,12.701,73.08
2026-05-13 08:00,12.744,76.52
2026-05-13 09:00,12.801,81.08
2026-05-13 10:00,12.849,84.92
2026-05-13 11:00,12.88,87.4
2026-05-13 12:00,12.894,88.52
2026-05-13 13:00,12.89,88.2
2026-05-13 14:00,12.879,87.32
2026-05-13 15:00,12.854,85.32
2026-05-13 16:00,12.814,82.12
2026-05-13 17:00,12.781,79.48
2026-05-13 18:00,12.753,77.24
2026-05-13 19:00,12.739,76.12
2026-05-13 20:00,12.719,74.52
2026-05-13 21:00,12.702,73.16
2026-05-13 22:00,12.688,72.04
2026-05-13 23:00,12.677,71.16
2026-05-14 00:00,12.67,70.6
2026-05-14 01:00,12.667,70.36
2026-05-14 02:00,12.672,70.76
2026-05-14 03:00,12.69,72.2
2026-05-14 04:00,12.72,74.6
2026-05-14 05:00,12.757,77.56
2026-05-14 06:00,12.799,80.92
2026-05-14 07:00,12.846,84.68
2026-05-14 08:00,12.889,88.12
2026-05-14 09:00,12.933,91.64
2026-05-14 10:00,12.97,94.6
2026-05-14 11:00,12.988,96.04
2026-05-14 12:00,12.991,96.28
2026-05-14 13:00,12.976,95.08
2026-05-14 14:00,12.95,93.0
2026-05-14 15:00,12.929,91.32
2026-05-14 16:00,12.892,88.36
2026-05-14 17:00,12.857,85.56
2026-05-14 18:00,12.81,81.8
2026-05-14 19:00,12.792,80.36
2026-05-14 20:00,12.765,78.2
2026-05-14 21:00,12.735,75.8
2026-05-14 22:00,12.711,73.88
2026-05-14 23:00,12.689,72.12
2026-05-15 00:00,12.668,70.44
2026-05-15 01:00,12.648,68.84
2026-05-15 02:00,12.634,67.72
2026-05-15 03:00,12.634,67.72
2026-05-15 04:00,12.645,68.6
2026-05-15 05:00,12.669,70.52
2026-05-15 06:00,12.701,73.08
2026-05-15 07:00,12.74,76.2
2026-05-15 08:00,12.777,79.16
2026-05-15 09:00,12.814,82.12
2026-05-15 10:00,12.84,84.2
2026-05-15 11:00,12.857,85.56
2026-05-15 12:00,12.858,85.64
2026-05-15 13:00,12.85,85.0
2026-05-15 14:00,12.826,83.08
2026-05-15 15:00,12.792,80.36
2026-05-15 16:00,12.769,78.52
2026-05-15 17:00,12.73,75.4
2026-05-15 18:00,12.698,72.84
2026-05-15 19:00,12.675,71.0
2026-05-15 20:00,12.652,69.16
2026-05-15 21:00,12.633,67.64
2026-05-15 22:00,12.61,65.8
2026-05-15 23:00,12.586,64.02
2026-05-16 00:00,12.563,62.41
2026-05-16 01:00,12.541,60.87
2026-05-16 02:00,12.529,60.03
2026-05-16 03:00,12.512,58.84
2026-05-16 04:00,12.506,58.42
2026-05-16 05:00,12.518,59.26
2026-05-16 06:00,12.542,60.94
2026-05-16 07:00,12.569,62.83
2026-05-16 08:00,12.609,65.72
2026-05-16 09:00,12.641,68.28
2026-05-16 10:00,12.676,71.08
2026-05-16 11:00,12.698,72.84
2026-05-16 12:00,12.72,74.6
2026-05-16 13:00,12.732,75.56
2026-05-16 14:00,12.729,75.32
2026-05-16 15:00,12.718,74.44
2026-05-16 16:00,12.699,72.92
2026-05-16 17:00,12.678,71.24
2026-05-16 18:00,12.654,69.32
2026-05-16 19:00,12.628,67.24
2026-05-16 20:00,12.606,65.48
2026-05-16 21:00,12.583,63.81
2026-05-16 22:00,12.561,62.27
2026-05-16 23:00,12.543,61.01
2026-05-17 00:00,12.526,59.82
2026-05-17 01:00,12.511,58.77
2026-05-17 02:00,12.498,57.86
2026-05-17 03:00,12.491,57.37
2026-05-17 04:00,12.496,57.72
2026-05-17 05:00,12.517,59.19
2026-05-17 06:00,12.546,61.22
2026-05-17 07:00,12.58,63.6
2026-05-17 08:00,12.612,65.96
2026-05-17 09:00,12.634,67.72
2026-05-17 10:00,12.673,70.84
2026-05-17 11:00,12.693,72.44
2026-05-17 12:00,12.698,72.84
2026-05-17 13:00,12.71,73.8
2026-05-17 14:00,12.704,73.32
2026-05-17 15:00,12.69,72.2
2026-05-17 16:00,12.663,70.04
2026-05-17 17:00,12.639,68.12
2026-05-17 18:00,12.615,66.2
2026-05-17 19:00,12.594,64.58
2026-05-17 20:00,12.568,62.76
2026-05-17 21:00,12.549,61.43
2026-05-17 22:00,12.529,60.03
2026-05-17 23:00,12.51,58.7
2026-05-18 00:00,12.492,57.44
2026-05-18 01:00,12.478,56.46
2026-05-18 02:00,12.461,55.27
2026-05-18 03:00,12.451,54.57
2026-05-18 04:00,12.445,54.15
2026-05-18 05:00,12.467,55.69
2026-05-18 06:00,12.5,58.0
2026-05-18 07:00,12.536,60.52
2026-05-18 08:00,12.573,63.11
2026-05-18 09:00,12.607,65.56
2026-05-18 10:00,12.635,67.8
2026-05-18 11:00,12.657,69.56
2026-05-18 12:00,12.664,70.12
2026-05-18 13:00,12.671,70.68
2026-05-18 14:00,12.666,70.28
2026-05-18 15:00,12.649,68.92
2026-05-18 16:00,12.629,67.32
2026-05-18 17:00,12.604,65.32
2026-05-18 18:00,12.579,63.53
2026-05-18 19:00,12.552,61.64
2026-05-18 20:00,12.529,60.03
2026-05-18 21:00,12.508,58.56
2026-05-18 22:00,12.487,57.09
2026-05-18 23:00,12.459,55.13
2026-05-19 00:00,12.449,54.43
2026-05-19 01:00,12.431,53.17
2026-05-19 02:00,12.412,51.84
2026-05-19 03:00,12.407,51.49
2026-05-19 04:00,12.407,51.49
2026-05-19 05:00,12.422,52.54
2026-05-19 06:00,12.462,55.34
2026-05-19 07:00,12.5,58.0
2026-05-19 08:00,12.54,60.8
2026-05-19 09:00,12.575,63.25
2026-05-19 10:00,12.604,65.32
2026-05-19 11:00,12.624,66.92
2026-05-19 12:00,12.633,67.64
2026-05-19 13:00,12.636,67.88
2026-05-19 14:00,12.624,66.92
2026-05-19 15:00,12.614,66.12
2026-05-19 16:00,12.59,64.3
2026-05-19 17:00,12.567,62.69
2026-05-19 18:00,12.527,59.89
2026-05-19 19:00,12.518,59.26
2026-05-19 20:00,12.49,57.3
2026-05-19 21:00,12.473,56.11
2026-05-19 22:00,12.452,54.64
2026-05-19 23:00,12.433,53.31
2026-05-20 00:00,12.415,52.05
2026-05-20 01:00,12.398,50.88
2026-05-20 02:00,12.381,49.86
2026-05-20 03:00,12.368,49.08
2026-05-20 04:00,12.37,49.2
2026-05-20 05:00,12.389,50.34
2026-05-20 06:00,12.423,52.61
2026-05-20 07:00,12.464,55.48
2026-05-20 08:00,12.503,58.21
2026-05-20 09:00,12.536,60.52
2026-05-20 10:00,12.565,62.55
2026-05-20 11:00,12.592,64.44
2026-05-20 12:00,12.606,65.48
2026-05-20 13:00,12.611,65.88
2026-05-20 14:00,12.606,65.48
2026-05-20 15:00,12.59,64.3
2026-05-20 16:00,12.57,62.9
2026-05-20 17:00,12.547,61.29
2026-05-20 18:00,12.518,59.26
2026-05-20 19:00,12.495,57.65
2026-05-20 20:00,12.472,56.04
2026-05-20 21:00,12.451,54.57
2026-05-20 22:00,12.42,52.4
2026-05-20 23:00,12.408,51.56
2026-05-21 00:00,12.386,50.16
2026-05-21 01:00,12.374,49.44
2026-05-21 02:00,12.358,48.48
2026-05-21 03:00,12.335,47.1
2026-05-21 04:00,12.347,47.82
2026-05-21 05:00,12.367,49.02
2026-05-21 06:00,12.401,51.07
2026-05-21 07:00,12.445,54.15
2026-05-21 08:00,12.485,56.95
2026-05-21 09:00,12.523,59.61
2026-05-21 10:00,12.552,61.64
2026-05-21 11:00,12.58,63.6
2026-05-21 12:00,12.595,64.65
2026-05-21 13:00,12.598,64.86
2026-05-21 14:00,12.594,64.58
2026-05-21 15:00,12.579,63.53
2026-05-21 16:00,12.562,62.34
2026-05-21 17:00,12.535,60.45
2026-05-21 18:00,12.511,58.77
2026-05-21 19:00,12.485,56.95
2026-05-21 20:00,12.462,55.34
2026-05-21 21:00,12.44,53.8
2026-05-21 22:00,12.42,52.4
2026-05-21 23:00,12.4,51.0
2026-05-22 00:00,12.382,49.92
2026-05-22 01:00,12.364,48.84
2026-05-22 02:00,12.349,47.94
2026-05-22 03:00,12.338,47.28
2026-05-22 04:00,12.342,47.52
2026-05-22 05:00,12.363,48.78
2026-05-22 06:00,12.4,51.0
2026-05-22 07:00,12.442,53.94
2026-05-22 08:00,12.483,56.81
2026-05-22 09:00,12.52,59.4
2026-05-22 10:00,12.549,61.43
2026-05-22 11:00,12.574,63.18
2026-05-22 12:00,12.584,63.88
2026-05-22 13:00,12.588,64.16
2026-05-22 14:00,12.58,63.6
2026-05-22 15:00,12.56,62.2
2026-05-22 16:00,12.541,60.87
2026-05-22 17:00,12.512,58.84
2026-05-22 18:00,12.49,57.3
2026-05-22 19:00,12.468,55.76
2026-05-22 20:00,12.444,54.08
2026-05-22 21:00,12.419,52.33
2026-05-22 22:00,12.4,51.0
2026-05-22 23:00,12.379,49.74
2026-05-23 00:00,12.361,48.66
2026-05-23 01:00,12.343,47.58
2026-05-23 02:00,12.325,46.5
2026-05-23 03:00,12.313,45.78
2026-05-23 04:00,12.313,45.78
2026-05-23 05:00,12.333,46.98
2026-05-23 06:00,12.367,49.02
2026-05-23 07:00,12.409,51.63
2026-05-23 08:00,12.452,54.64
2026-05-23 09:00,12.489,57.23
2026-05-23 10:00,12.521,59.47
2026-05-23 11:00,12.543,61.01
2026-05-23 12:00,12.552,61.64
2026-05-23 13:00,12.552,61.64
2026-05-23 14:00,12.549,61.43
2026-05-23 15:00,12.532,60.24
2026-05-23 16:00,12.515,59.05
2026-05-23 17:00,12.486,57.02
2026-05-23 18:00,12.467,55.69
2026-05-23 19:00,12.437,53.59
2026-05-23 20:00,12.405,51.35
2026-05-23 21:00,12.429,53.03
2026-05-23 22:00,12.419,52.33
2026-05-23 23:00,12.399,50.94
2026-05-24 00:00,12.374,49.44
2026-05-24 01:00,12.352,48.12
2026-05-24 02:00,12.331,46.86
2026-05-24 03:00,12.317,46.02
2026-05-24 04:00,12.32,46.2
2026-05-24 05:00,12.343,47.58
2026-05-24 06:00,12.384,50.04
2026-05-24 07:00,12.43,53.1
2026-05-24 08:00,12.473,56.11
2026-05-24 09:00,12.517,59.19
2026-05-24 10:00,12.549,61.43
2026-05-24 11:00,12.568,62.76
2026-05-24 12:00,12.579,63.53
2026-05-24 13:00,12.584,63.88
2026-05-24 14:00,12.583,63.81
2026-05-24 15:00,12.567,62.69
2026-05-24 16:00,12.545,61.15
2026-05-24 17:00,12.523,59.61
2026-05-24 18:00,12.497,57.79
2026-05-24 19:00,12.471,55.97
2026-05-24 20:00,12.449,54.43
2026-05-24 21:00,12.427,52.89
2026-05-24 22:00,12.406,51.42
2026-05-24 23:00,12.386,50.16
2026-05-25 00:00,12.369,49.14
2026-05-25 01:00,12.351,48.06
2026-05-25 02:00,12.335,47.1
2026-05-25 03:00,12.326,46.56
2026-05-25 04:00,12.325,46.5
2026-05-25 05:00,12.351,48.06
2026-05-25 06:00,12.394,50.64
2026-05-25 07:00,12.437,53.59
2026-05-25 08:00,12.473,56.11
2026-05-25 09:00,12.515,59.05
2026-05-25 10:00,12.544,61.08
2026-05-25 11:00,12.566,62.62
2026-05-25 12:00,12.577,63.39
2026-05-25 13:00,12.58,63.6
2026-05-25 14:00,12.557,61.99
2026-05-25 15:00,12.543,61.01
2026-05-25 16:00,12.523,59.61
2026-05-25 17:00,12.497,57.79
2026-05-25 18:00,12.466,55.62
2026-05-25 19:00,12.451,54.57
2026-05-25 20:00,12.48,56.6
2026-05-25 21:00,12.503,58.21
2026-05-25 22:00,12.494,57.58
2026-05-25 23:00,12.468,55.76
2026-05-26 00:00,12.446,54.22
2026-05-26 01:00,12.427,52.89
2026-05-26 02:00,12.41,51.7
2026-05-26 03:00,12.394,50.64
2026-05-26 04:00,12.39,50.4
2026-05-26 05:00,12.417,52.19
2026-05-26 06:00,12.458,55.06
2026-05-26 07:00,12.512,58.84
2026-05-26 08:00,12.562,62.34
2026-05-26 09:00,12.605,65.4
2026-05-26 10:00,12.639,68.12
2026-05-26 11:00,12.662,69.96
2026-05-26 12:00,12.675,71.0
2026-05-26 13:00,12.67,70.6
2026-05-26 14:00,12.663,70.04
2026-05-26 15:00,12.645,68.6
2026-05-26 16:00,12.622,66.76
2026-05-26 17:00,12.596,64.72
2026-05-26 18:00,12.569,62.83
2026-05-26 19:00,12.543,61.01
2026-05-26 20:00,12.519,59.33
2026-05-26 21:00,12.497,57.79
2026-05-26 22:00,12.478,56.46
2026-05-26 23:00,12.457,54.99
2026-05-27 00:00,12.441,53.87
2026-05-27 01:00,12.423,52.61
2026-05-27 02:00,12.409,51.63
2026-05-27 03:00,12.398,50.88
2026-05-27 04:00,12.4,51.0
2026-05-27 05:00,12.418,52.26
2026-05-27 06:00,12.454,54.78
2026-05-27 07:00,12.492,57.44
2026-05-27 08:00,12.53,60.1
2026-05-27 09:00,12.567,62.69
2026-05-27 10:00,12.594,64.58
2026-05-27 11:00,12.611,65.88
2026-05-27 12:00,12.625,67.0
2026-05-27 13:00,12.623,66.84
2026-05-27 14:00,12.613,66.04
2026-05-27 15:00,12.597,64.79
2026-05-27 16:00,12.576,63.32
2026-05-27 17:00,12.549,61.43
2026-05-27 18:00,12.525,59.75
2026-05-27 19:00,12.5,58.0
2026-05-27 20:00,12.48,56.6
2026-05-27 21:00,12.457,54.99
2026-05-27 22:00,12.438,53.66
2026-05-27 23:00,12.419,52.33
2026-05-28 00:00,12.402,51.14
2026-05-28 01:00,12.385,50.1
2026-05-28 02:00,12.371,49.26
2026-05-28 03:00,12.355,48.3
2026-05-28 04:00,12.356,48.36
2026-05-28 05:00,12.372,49.32
2026-05-28 06:00,12.406,51.42
2026-05-28 07:00,12.449,54.43
2026-05-28 08:00,12.494,57.58
2026-05-28 09:00,12.541,60.87
2026-05-28 10:00,12.58,63.6
2026-05-28 11:00,12.611,65.88
2026-05-28 12:00,12.625,67.0
2026-05-28 13:00,12.624,66.92
2026-05-28 14:00,12.615,66.2
2026-05-28 15:00,12.592,64.44
2026-05-28 16:00,12.569,62.83
2026-05-28 17:00,12.54,60.8
2026-05-28 18:00,12.514,58.98
2026-05-28 19:00,12.488,57.16
2026-05-28 20:00,12.471,55.97
2026-05-28 21:00,12.447,54.29
2026-05-28 22:00,12.427,52.89
2026-05-28 23:00,12.408,51.56
2026-05-29 00:00,12.391,50.46
2026-05-29 01:00,12.373,49.38
2026-05-29 02:00,12.358,48.48
2026-05-29 03:00,12.346,47.76
2026-05-29 04:00,12.341,47.46
2026-05-29 05:00,12.356,48.36
2026-05-29 06:00,12.387,50.22
2026-05-29 07:00,12.427,52.89
2026-05-29 08:00,12.467,55.69
2026-05-29 09:00,12.504,58.28
2026-05-29 10:00,12.536,60.52
2026-05-29 11:00,12.561,62.27
2026-05-29 12:00,12.571,62.97
2026-05-29 13:00,12.579,63.53
2026-05-29 14:00,12.568,62.76
2026-05-29 15:00,12.562,62.34
2026-05-29 16:00,12.541,60.87
2026-05-29 17:00,12.519,59.33
2026-05-29 18:00,12.494,57.58
2026-05-29 19:00,12.468,55.76
2026-05-29 20:00,12.445,54.15
2026-05-29 21:00,12.423,52.61
2026-05-29 22:00,12.405,51.35
2026-05-29 23:00,12.385,50.1
2026-05-30 00:00,12.367,49.02
2026-05-30 01:00,12.351,48.06
2026-05-30 02:00,12.335,47.1
2026-05-30 03:00,12.321,46.26
2026-05-30 04:00,12.318,46.08
2026-05-30 05:00,12.336,47.16
2026-05-30 06:00,12.369,49.14
2026-05-30 07:00,12.41,51.7
2026-05-30 08:00,12.454,54.78
2026-05-30 09:00,12.492,57.44
2026-05-30 10:00,12.524,59.68
2026-05-30 11:00,12.549,61.43
2026-05-30 12:00,12.559,62.13
2026-05-30 13:00,12.569,62.83
2026-05-30 14:00,12.565,62.55
2026-05-30 15:00,12.55,61.5
2026-05-30 16:00,12.527,59.89
2026-05-30 17:00,12.499,57.93
2026-05-30 18:00,12.48,56.6
2026-05-30 19:00,12.455,54.85
2026-05-30 20:00,12.43,53.1
2026-05-30 21:00,12.409,51.63
2026-05-30 22:00,12.388,50.28
2026-05-30 23:00,12.368,49.08
2026-05-31 00:00,12.35,48.0
2026-05-31 01:00,12.333,46.98
2026-05-31 02:00,12.317,46.02
2026-05-31 03:00,12.303,45.18
2026-05-31 04:00,12.304,45.24
2026-05-31 05:00,12.322,46.32
2026-05-31 06:00,12.358,48.48
2026-05-31 07:00,12.399,50.94
2026-05-31 08:00,12.439,53.73
2026-05-31 09:00,12.477,56.39
2026-05-31 10:00,12.508,58.56
2026-05-31 11:00,12.532,60.24
2026-05-31 12:00,12.54,60.8
2026-05-31 13:00,12.545,61.15
2026-05-31 14:00,12.539,60.73
2026-05-31 15:00,12.526,59.82
2026-05-31 16:00,12.505,58.35
2026-05-31 17:00,12.49,57.3
2026-05-31 18:00,12.468,55.76
2026-05-31 19:00,12.442,53.94
2026-05-31 20:00,12.425,52.75
2026-05-31 21:00,12.404,51.28
2026-05-31 22:00,12.385,50.1
2026-05-31 23:00,12.369,49.14
2026-06-01 00:00,12.351,48.06
2026-06-01 01:00,12.336,47.16
2026-06-01 02:00,12.321,46.26
2026-06-01 03:00,12.309,45.54
2026-06-01 04:00,12.308,45.48
2026-06-01 05:00,12.325,46.5
2026-06-01 06:00,12.359,48.54
2026-06-01 07:00,12.401,51.07
2026-06-01 08:00,12.441,53.87
2026-06-01 09:00,12.481,56.67
2026-06-01 10:00,12.513,58.91
2026-06-01 11:00,12.536,60.52
2026-06-01 12:00,12.547,61.29
2026-06-01 13:00,12.549,61.43
2026-06-01 14:00,12.55,61.5
2026-06-01 15:00,12.537,60.59
2026-06-01 16:00,12.516,59.12
2026-06-01 17:00,12.491,57.37
2026-06-01 18:00,12.468,55.76
2026-06-01 19:00,12.445,54.15
2026-06-01 20:00,12.423,52.61
2026-06-01 21:00,12.4,51.0
2026-06-01 22:00,12.382,49.92
2026-06-01 23:00,12.364,48.84
2026-06-02 00:00,12.347,47.82
2026-06-02 01:00,12.329,46.74
2026-06-02 02:00,12.314,45.84
2026-06-02 03:00,12.304,45.24
2026-06-02 04:00,12.304,45.24
2026-06-02 05:00,12.323,46.38
2026-06-02 06:00,12.361,48.66
2026-06-02 07:00,12.412,51.84
2026-06-02 08:00,12.466,55.62
2026-06-02 09:00,12.525,59.75
2026-06-02 10:00,12.568,62.76
2026-06-02 11:00,12.603,65.24
2026-06-02 12:00,12.62,66.6
2026-06-02 13:00,12.626,67.08
2026-06-02 14:00,12.621,66.68
2026-06-02 15:00,12.6,65.0
2026-06-02 16:00,12.574,63.18
2026-06-02 17:00,12.544,61.08
2026-06-02 18:00,12.518,59.26
2026-06-02 19:00,12.489,57.23
2026-06-02 20:00,12.466,55.62
2026-06-02 21:00,12.445,54.15
2026-06-02 22:00,12.421,52.47
2026-06-02 23:00,12.408,51.56
2026-06-03 00:00,12.387,50.22
2026-06-03 01:00,12.378,49.68
2026-06-03 02:00,12.359,48.54
2026-06-03 03:00,12.353,48.18
2026-06-03 04:00,12.342,47.52
2026-06-03 05:00,12.37,49.2
2026-06-03 06:00,12.407,51.49
2026-06-03 07:00,12.456,54.92
2026-06-03 08:00,12.512,58.84
2026-06-03 09:00,12.568,62.76
2026-06-03 10:00,12.62,66.6
2026-06-03 11:00,12.66,69.8
2026-06-03 12:00,12.68,71.4
2026-06-03 13:00,12.682,71.56
2026-06-03 14:00,12.669,70.52
2026-06-03 15:00,12.665,70.2
2026-06-03 16:00,12.638,68.04
2026-06-03 17:00,12.605,65.4
2026-06-03 18:00,12.576,63.32
2026-06-03 19:00,12.547,61.29
2026-06-03 20:00,12.522,59.54
2026-06-03 21:00,12.497,57.79
2026-06-03 22:00,12.477,56.39
2026-06-03 23:00,12.459,55.13
2026-06-04 00:00,12.441,53.87
2026-06-04 01:00,12.425,52.75
2026-06-04 02:00,12.411,51.77
2026-06-04 03:00,12.399,50.94
2026-06-04 04:00,12.399,50.94
2026-06-04 05:00,12.417,52.19
2026-06-04 06:00,12.452,54.64
2026-06-04 07:00,12.504,58.28
2026-06-04 08:00,12.559,62.13
2026-06-04 09:00,12.611,65.88
2026-06-04 10:00,12.655,69.4
2026-06-04 11:00,12.692,72.36
2026-06-04 12:00,12.706,73.48
2026-06-04 13:00,12.71,73.8
2026-06-04 14:00,12.7,73.0
2026-06-04 16:00,12.651,69.08
2026-06-04 17:00,12.619,66.52
2026-06-04 18:00,12.591,64.37
2026-06-04 19:00,12.562,62.34
2026-06-04 20:00,12.534,60.38
2026-06-04 21:00,12.508,58.56
2026-06-04 22:00,12.484,56.88
2026-06-04 23:00,12.462,55.34
2026-06-05 00:00,12.441,53.87
2026-06-05 01:00,12.421,52.47
2026-06-05 02:00,12.402,51.14
2026-06-05 03:00,12.385,50.1
2026-06-05 04:00,12.381,49.86
2026-06-05 05:00,12.396,50.76
2026-06-05 06:00,12.43,53.1
2026-06-05 07:00,12.478,56.46
2026-06-05 08:00,12.53,60.1
2026-06-05 09:00,12.587,64.09
2026-06-05 10:00,12.631,67.48
2026-06-05 11:00,12.663,70.04
2026-06-05 12:00,12.68,71.4
2026-06-05 13:00,12.682,71.56
2026-06-05 14:00,12.671,70.68
2026-06-05 15:00,12.649,68.92
2026-06-05 16:00,12.618,66.44
2026-06-05 17:00,12.584,63.88
2026-06-05 18:00,12.56,62.2
2026-06-05 19:00,12.528,59.96
2026-06-05 20:00,12.507,58.49
2026-06-05 21:00,12.483,56.81
2026-06-05 22:00,12.465,55.55
2026-06-05 23:00,12.445,54.15
2026-06-06 00:00,12.428,52.96
2026-06-06 01:00,12.412,51.84
2026-06-06 02:00,12.396,50.76
2026-06-06 03:00,12.381,49.86
2026-06-06 04:00,12.383,49.98
2026-06-06 05:00,12.4,51.0
2026-06-06 06:00,12.432,53.24
2026-06-06 07:00,12.467,55.69
2026-06-06 08:00,12.508,58.56
2026-06-06 09:00,12.536,60.52
2026-06-06 10:00,12.562,62.34
2026-06-06 11:00,12.571,62.97
2026-06-06 12:00,12.572,63.04
2026-06-06 13:00,12.563,62.41
2026-06-06 14:00,12.547,61.29
2026-06-06 15:00,12.53,60.1
2026-06-06 16:00,12.508,58.56
2026-06-06 17:00,12.487,57.09
2026-06-06 18:00,12.463,55.41
2026-06-06 19:00,12.443,54.01
2026-06-06 20:00,12.424,52.68
2026-06-06 21:00,12.406,51.42
2026-06-06 22:00,12.389,50.34
2026-06-06 23:00,12.373,49.38
2026-06-07 00:00,12.359,48.54
2026-06-07 01:00,12.344,47.64
2026-06-07 02:00,12.33,46.8
2026-06-07 03:00,12.316,45.96
2026-06-07 04:00,12.303,45.18
2026-06-07 05:00,12.29,44.4
2026-06-07 06:00,12.276,43.56
2026-06-07 07:00,12.272,43.32
2026-06-07 08:00,12.289,44.34
2026-06-07 09:00,12.334,47.04
2026-06-07 10:00,12.393,50.58
2026-06-07 11:00,12.448,54.36
2026-06-07 12:00,12.496,57.72
2026-06-07 13:00,12.522,59.54
2026-06-07 14:00,12.531,60.17
2026-06-07 15:00,12.528,59.96
2026-06-07 16:00,12.519,59.33
2026-06-07 17:00,12.51,58.7
2026-06-07 18:00,12.478,56.46
2026-06-07 19:00,12.451,54.57
2026-06-07 20:00,12.429,53.03
2026-06-07 21:00,12.406,51.42
2026-06-07 22:00,12.384,50.04
2026-06-07 23:00,12.363,48.78
2026-06-08 00:00,12.344,47.64
2026-06-08 01:00,12.326,46.56
2026-06-08 02:00,12.31,45.6
2026-06-08 03:00,12.284,44.04
2026-06-08 04:00,12.269,43.14
2026-06-08 05:00,12.264,42.84
2026-06-08 06:00,12.251,42.06
2026-06-08 07:00,12.239,41.34
2026-06-08 08:00,12.243,41.58
2026-06-08 09:00,12.294,44.64
2026-06-08 10:00,12.345,47.7
2026-06-08 11:00,12.404,51.28
2026-06-08 12:00,12.46,55.2
2026-06-08 13:00,12.49,57.3
2026-06-08 14:00,12.505,58.35
2026-06-08 15:00,12.505,58.35
2026-06-08 16:00,12.489,57.23
2026-06-08 17:00,12.468,55.76
2026-06-08 18:00,12.444,54.08
2026-06-08 19:00,12.419,52.33
2026-06-08 20:00,12.394,50.64
2026-06-08 21:00,12.37,49.2
2026-06-08 22:00,12.347,47.82
2026-06-08 23:00,12.325,46.5
2026-06-09 00:00,12.308,45.48
2026-06-09 01:00,12.292,44.52
2026-06-09 02:00,12.275,43.5
2026-06-09 03:00,12.251,42.06
2026-06-09 04:00,12.244,41.64
2026-06-09 05:00,12.231,40.86
2026-06-09 06:00,12.217,40.02
2026-06-09 07:00,12.209,39.54
2026-06-09 08:00,12.218,40.08
2026-06-09 09:00,12.26,42.6
2026-06-09 10:00,12.319,46.14
2026-06-09 11:00,12.385,50.1
2026-06-09 12:00,12.436,53.52
2026-06-09 13:00,12.46,55.2
2026-06-09 14:00,12.482,56.74
2026-06-09 15:00,12.477,56.39
2026-06-09 16:00,12.462,55.34
2026-06-09 17:00,12.439,53.73
2026-06-09 18:00,12.415,52.05
2026-06-09 19:00,12.388,50.28
2026-06-09 20:00,12.362,48.72
2026-06-09 21:00,12.338,47.28
2026-06-09 22:00,12.315,45.9
2026-06-09 23:00,12.297,44.82
2026-06-10 00:00,12.277,43.62
2026-06-10 01:00,12.258,42.48
2026-06-10 02:00,12.241,41.46
2026-06-10 03:00,12.226,40.56
2026-06-10 04:00,12.21,39.6
2026-06-10 05:00,12.195,38.7
2026-06-10 06:00,12.182,37.92
2026-06-10 07:00,12.171,37.26
2026-06-10 08:00,12.175,37.5
2026-06-10 09:00,12.202,39.12
2026-06-10 10:00,12.265,42.9
2026-06-10 11:00,12.327,46.62
2026-06-10 12:00,12.398,50.88
2026-06-10 13:00,12.429,53.03
2026-06-10 14:00,12.449,54.43
2026-06-10 15:00,12.451,54.57
2026-06-10 16:00,12.423,52.61
2026-06-10 17:00,12.404,51.28
2026-06-10 18:00,12.374,49.44
2026-06-10 19:00,12.345,47.7
2026-06-10 20:00,12.316,45.96
2026-06-10 21:00,12.291,44.46
2026-06-10 22:00,12.268,43.08
2026-06-10 23:00,12.245,41.7
2026-06-11 00:00,12.227,40.62
2026-06-11 01:00,12.209,39.54
2026-06-11 02:00,12.193,38.58
2026-06-11 03:00,12.18,37.8
2026-06-11 04:00,12.164,36.84
2026-06-11 05:00,12.152,36.12
2026-06-11 06:00,12.139,35.34
2026-06-11 07:00,12.134,35.04
2026-06-11 08:00,12.152,36.12
2026-06-11 09:00,12.2,39.0
2026-06-11 10:00,12.278,43.68
2026-06-11 11:00,12.353,48.18
2026-06-11 12:00,12.415,52.05
2026-06-11 13:00,12.454,54.78
2026-06-11 14:00,12.468,55.76
2026-06-11 15:00,12.462,55.34
2026-06-11 16:00,12.449,54.43
2026-06-11 17:00,12.426,52.82
2026-06-11 18:00,12.397,50.82
2026-06-11 19:00,12.367,49.02
2026-06-11 20:00,12.338,47.28
2026-06-11 21:00,12.31,45.6
2026-06-11 22:00,12.284,44.04
2026-06-11 23:00,12.263,42.78
2026-06-12 00:00,12.245,41.7
2026-06-12 01:00,12.225,40.5
2026-06-12 02:00,12.208,39.48
2026-06-12 03:00,12.191,38.46
2026-06-12 04:00,12.18,37.8
2026-06-12 05:00,12.178,37.68
2026-06-12 06:00,12.199,38.94
2026-06-12 07:00,12.25,42.0
2026-06-12 08:00,12.319,46.14
2026-06-12 09:00,12.397,50.82
2026-06-12 10:00,12.461,55.27
2026-06-12 11:00,12.505,58.35
2026-06-12 12:00,12.525,59.75
2026-06-12 13:00,12.533,60.31
2026-06-12 14:00,12.524,59.68
2026-06-12 15:00,12.506,58.42
2026-06-12 16:00,12.475,56.25
2026-06-12 17:00,12.444,54.08
2026-06-12 18:00,12.412,51.84
2026-06-12 19:00,12.384,50.04
2026-06-12 20:00,12.356,48.36
2026-06-12 21:00,12.331,46.86
2026-06-12 22:00,12.31,45.6
2026-06-12 23:00,12.292,44.52
2026-06-13 00:00,12.273,43.38
2026-06-13 01:00,12.26,42.6
2026-06-13 02:00,12.242,41.52
2026-06-13 03:00,12.228,40.68
2026-06-13 04:00,12.217,40.02
2026-06-13 05:00,12.216,39.96
2026-06-13 06:00,12.233,40.98
2026-06-13 07:00,12.28,43.8
2026-06-13 08:00,12.342,47.52
2026-06-13 09:00,12.407,51.49
2026-06-13 10:00,12.472,56.04
2026-06-13 11:00,12.519,59.33
2026-06-13 12:00,12.544,61.08
2026-06-13 13:00,12.55,61.5
2026-06-13 14:00,12.537,60.59
2026-06-13 15:00,12.526,59.82
2026-06-13 16:00,12.484,56.88
2026-06-13 17:00,12.468,55.76
2026-06-13 18:00,12.429,53.03
2026-06-13 19:00,12.409,51.63
2026-06-13 20:00,12.383,49.98
2026-06-13 21:00,12.36,48.6
2026-06-13 22:00,12.34,47.4
2026-06-13 23:00,12.322,46.32
2026-06-14 00:00,12.305,45.3
2026-06-14 01:00,12.29,44.4
2026-06-14 02:00,12.276,43.56
2026-06-14 03:00,12.262,42.72
2026-06-14 04:00,12.251,42.06
2026-06-14 05:00,12.25,42.0
2026-06-14 06:00,12.266,42.96
2026-06-14 07:00,12.31,45.6
2026-06-14 08:00,12.367,49.02
2026-06-14 09:00,12.435,53.45
2026-06-14 10:00,12.495,57.65
2026-06-14 11:00,12.536,60.52
2026-06-14 12:00,12.559,62.13
2026-06-14 13:00,12.564,62.48
2026-06-14 14:00,12.547,61.29
2026-06-14 15:00,12.529,60.03
2026-06-14 16:00,12.513,58.91
2026-06-14 17:00,12.482,56.74
2026-06-14 18:00,12.458,55.06
2026-06-14 19:00,12.43,53.1
2026-06-14 20:00,12.4,51.0
2026-06-14 21:00,12.383,49.98
2026-06-14 22:00,12.357,48.42
2026-06-14 23:00,12.343,47.58
2026-06-15 00:00,12.326,46.56
2026-06-15 01:00,12.315,45.9
2026-06-15 02:00,12.293,44.58
2026-06-15 03:00,12.289,44.34
2026-06-15 04:00,12.277,43.62
2026-06-15 05:00,12.283,43.98
2026-06-15 06:00,12.307,45.42
2026-06-15 07:00,12.353,48.18
2026-06-15 08:00,12.416,52.12
2026-06-15 09:00,12.487,57.09
2026-06-15 10:00,12.552,61.64
2026-06-15 11:00,12.597,64.79
2026-06-15 12:00,12.618,66.44
2026-06-15 13:00,12.613,66.04
2026-06-15 14:00,12.61,65.8
2026-06-15 15:00,12.59,64.3
2026-06-15 16:00,12.563,62.41
2026-06-15 17:00,12.544,61.08
2026-06-15 18:00,12.569,62.83
2026-06-15 19:00,12.584,63.88
2026-06-15 20:00,12.593,64.51
2026-06-15 21:00,12.607,65.56
2026-06-15 22:00,12.617,66.36
2026-06-15 23:00,12.618,66.44
2026-06-16 00:00,12.611,65.88
2026-06-16 01:00,12.592,64.44
2026-06-16 02:00,12.574,63.18
2026-06-16 03:00,12.554,61.78
2026-06-16 04:00,12.532,60.24
2026-06-16 05:00,12.511,58.77
2026-06-16 06:00,12.494,57.58
2026-06-16 07:00,12.476,56.32
2026-06-16 08:00,12.46,55.2
2026-06-16 09:00,12.454,54.78
2026-06-16 10:00,12.48,56.6
2026-06-16 11:00,12.515,59.05
2026-06-16 12:00,12.541,60.87
2026-06-16 13:00,12.561,62.27
2026-06-16 14:00,12.569,62.83
2026-06-16 15:00,12.565,62.55
2026-06-16 16:00,12.558,62.06
2026-06-16 17:00,12.55,61.5
2026-06-16 18:00,12.531,60.17
2026-06-16 19:00,12.51,58.7
2026-06-16 20:00,12.493,57.51
2026-06-16 21:00,12.467,55.69
2026-06-16 22:00,12.46,55.2
2026-06-16 23:00,12.449,54.43
2026-06-17 00:00,12.434,53.38
2026-06-17 01:00,12.421,52.47
2026-06-17 02:00,12.407,51.49
2026-06-17 03:00,12.397,50.82
2026-06-17 04:00,12.392,50.52
2026-06-17 05:00,12.398,50.88
2026-06-17 06:00,12.42,52.4
2026-06-17 07:00,12.466,55.62
2026-06-17 08:00,12.52,59.4
2026-06-17 09:00,12.585,63.95
2026-06-17 10:00,12.636,67.88
2026-06-17 11:00,12.68,71.4
2026-06-17 12:00,12.704,73.32
2026-06-17 13:00,12.707,73.56
2026-06-17 14:00,12.694,72.52
2026-06-17 15:00,12.682,71.56
2026-06-17 16:00,12.648,68.84
2026-06-17 17:00,12.631,67.48
2026-06-17 18:00,12.604,65.32
2026-06-17 19:00,12.575,63.25
2026-06-17 20:00,12.56,62.2
2026-06-17 21:00,12.54,60.8
2026-06-17 22:00,12.522,59.54
2026-06-17 23:00,12.503,58.21
2026-06-18 00:00,12.489,57.23
2026-06-18 01:00,12.478,56.46
2026-06-18 02:00,12.469,55.83
2026-06-18 03:00,12.467,55.69
2026-06-18 04:00,12.476,56.32
2026-06-18 05:00,12.496,57.72
2026-06-18 06:00,12.525,59.75
2026-06-18 07:00,12.56,62.2
2026-06-18 08:00,12.594,64.58
2026-06-18 09:00,12.62,66.6
2026-06-18 10:00,12.648,68.84
2026-06-18 11:00,12.663,70.04
2026-06-18 12:00,12.666,70.28
2026-06-18 13:00,12.659,69.72
2026-06-18 14:00,12.646,68.68
2026-06-18 15:00,12.624,66.92
2026-06-18 16:00,12.613,66.04
2026-06-18 17:00,12.599,64.93
2026-06-18 18:00,12.594,64.58
2026-06-18 19:00,12.584,63.88
2026-06-18 20:00,12.586,64.02
2026-06-18 21:00,12.591,64.37
2026-06-18 22:00,12.619,66.52
2026-06-18 23:00,12.617,66.36
2026-06-19 00:00,12.615,66.2
2026-06-19 01:00,12.616,66.28
2026-06-19 02:00,12.616,66.28
2026-06-19 03:00,12.615,66.2
2026-06-19 04:00,12.615,66.2
2026-06-19 05:00,12.615,66.2
2026-06-19 06:00,12.616,66.28
2026-06-19 07:00,12.616,66.28
2026-06-19 08:00,12.618,66.44
2026-06-19 09:00,12.619,66.52
2026-06-19 10:00,12.636,67.88
2026-06-19 11:00,12.648,68.84
2026-06-19 12:00,12.651,69.08
2026-06-19 13:00,12.665,70.2
2026-06-19 14:00,12.668,70.44
2026-06-19 15:00,12.656,69.48
2026-06-19 16:00,12.666,70.28
2026-06-19 17:00,12.671,70.68
2026-06-19 18:00,12.681,71.48
2026-06-19 19:00,12.686,71.88
2026-06-19 20:00,12.692,72.36
2026-06-19 21:00,12.694,72.52
2026-06-19 22:00,12.696,72.68
2026-06-19 23:00,12.697,72.76
2026-06-20 00:00,12.697,72.76
2026-06-20 01:00,12.698,72.84
2026-06-20 02:00,12.696,72.68
2026-06-20 03:00,12.697,72.76
2026-06-20 04:00,12.693,72.44
2026-06-20 05:00,12.687,71.96
2026-06-20 06:00,12.69,72.2
2026-06-20 07:00,12.698,72.84
2026-06-20 08:00,12.698,72.84
2026-06-20 09:00,12.7,73.0
2026-06-20 10:00,12.707,73.56
2026-06-20 11:00,12.711,73.88
2026-06-20 12:00,12.704,73.32
2026-06-20 13:00,12.702,73.16
2026-06-20 14:00,12.701,73.08
2026-06-20 15:00,12.697,72.76
2026-06-20 16:00,12.684,71.72
2026-06-20 17:00,12.677,71.16
2026-06-20 18:00,12.684,71.72
2026-06-20 19:00,12.687,71.96
2026-06-20 20:00,12.692,72.36
2026-06-20 21:00,12.694,72.52
2026-06-20 22:00,12.697,72.76
2026-06-20 23:00,12.695,72.6
2026-06-21 00:00,12.688,72.04
2026-06-21 01:00,12.676,71.08
2026-06-21 02:00,12.661,69.88
2026-06-21 03:00,12.649,68.92
2026-06-21 04:00,12.637,67.96
2026-06-21 05:00,12.63,67.4
2026-06-21 06:00,12.633,67.64
2026-06-21 07:00,12.641,68.28
2026-06-21 08:00,12.641,68.28
2026-06-21 09:00,12.669,70.52
2026-06-21 10:00,12.682,71.56
2026-06-21 11:00,12.707,73.56
2026-06-21 12:00,12.717,74.36
2026-06-21 13:00,12.72,74.6
2026-06-21 14:00,12.715,74.2
2026-06-21 15:00,12.692,72.36
2026-06-21 16:00,12.69,72.2
2026-06-21 17:00,12.673,70.84
2026-06-21 18:00,12.668,70.44
2026-06-21 19:00,12.651,69.08
2026-06-21 20:00,12.624,66.92
2026-06-21 21:00,12.62,66.6
2026-06-21 22:00,12.607,65.56
2026-06-21 23:00,12.581,63.67
2026-06-22 00:00,12.58,63.6
2026-06-22 01:00,12.581,63.67
2026-06-22 02:00,12.595,64.65
2026-06-22 03:00,12.628,67.24
2026-06-22 04:00,12.677,71.16
2026-06-22 05:00,12.742,76.36
2026-06-22 06:00,12.809,81.72
2026-06-22 07:00,12.879,87.32
2026-06-22 08:00,12.941,92.28
2026-06-22 09:00,12.996,96.68
2026-06-22 10:00,13.03,99.7
2026-06-22 11:00,13.052,101.68
2026-06-22 12:00,13.059,102.31
2026-06-22 13:00,13.049,101.41
2026-06-22 14:00,13.03,99.7
2026-06-22 15:00,13.001,97.09
2026-06-22 16:00,12.98,95.4
2026-06-22 17:00,12.946,92.68
2026-06-22 18:00,12.918,90.44
2026-06-22 19:00,12.882,87.56
2026-06-22 20:00,12.852,85.16
2026-06-22 21:00,12.819,82.52
2026-06-22 22:00,12.789,80.12
2026-06-22 23:00,12.762,77.96
2026-06-23 00:00,12.736,75.88
2026-06-23 01:00,12.714,74.12
2026-06-23 02:00,12.702,73.16
2026-06-23 03:00,12.701,73.08
2026-06-23 04:00,12.713,74.04
2026-06-23 05:00,12.733,75.64
2026-06-23 06:00,12.762,77.96
2026-06-23 07:00,12.795,80.6
2026-06-23 08:00,12.826,83.08
2026-06-23 09:00,12.862,85.96
2026-06-23 10:00,12.893,88.44
2026-06-23 11:00,12.911,89.88
2026-06-23 12:00,12.915,90.2
2026-06-23 13:00,12.91,89.8
2026-06-23 14:00,12.879,87.32
2026-06-23 15:00,12.859,85.72
2026-06-23 16:00,12.831,83.48
2026-06-23 17:00,12.823,82.84
2026-06-23 18:00,12.787,79.96
2026-06-23 19:00,12.762,77.96
2026-06-23 20:00,12.736,75.88
2026-06-23 21:00,12.711,73.88
2026-06-23 22:00,12.687,71.96
2026-06-23 23:00,12.667,70.36
2026-06-24 00:00,12.646,68.68
2026-06-24 01:00,12.627,67.16
2026-06-24 02:00,12.608,65.64
2026-06-24 03:00,12.587,64.09
2026-06-24 04:00,12.571,62.97
2026-06-24 05:00,12.572,63.04
2026-06-24 06:00,12.597,64.79
2026-06-24 07:00,12.64,68.2
2026-06-24 08:00,12.691,72.28
2026-06-24 09:00,12.742,76.36
2026-06-24 10:00,12.794,80.52
2026-06-24 11:00,12.825,83.0
2026-06-24 12:00,12.85,85.0
2026-06-24 13:00,12.852,85.16
2026-06-24 14:00,12.839,84.12
2026-06-24 15:00,12.816,82.28
2026-06-24 16:00,12.798,80.84
2026-06-24 17:00,12.773,78.84
2026-06-24 18:00,12.742,76.36
2026-06-24 19:00,12.718,74.44
2026-06-24 20:00,12.694,72.52
2026-06-24 21:00,12.673,70.84
2026-06-24 22:00,12.652,69.16
2026-06-24 23:00,12.636,67.88
2026-06-25 00:00,12.618,66.44
2026-06-25 01:00,12.605,65.4
2026-06-25 02:00,12.589,64.23
2026-06-25 03:00,12.575,63.25
2026-06-25 04:00,12.564,62.48
2026-06-25 05:00,12.567,62.69
2026-06-25 06:00,12.587,64.09
2026-06-25 07:00,12.623,66.84
2026-06-25 08:00,12.674,70.92
2026-06-25 09:00,12.733,75.64
2026-06-25 10:00,12.772,78.76
2026-06-25 11:00,12.809,81.72
2026-06-25 12:00,12.827,83.16
2026-06-25 13:00,12.829,83.32
2026-06-25 14:00,12.818,82.44
2026-06-25 15:00,12.801,81.08
2026-06-25 16:00,12.778,79.24
2026-06-25 17:00,12.749,76.92
2026-06-25 18:00,12.718,74.44
2026-06-25 19:00,12.689,72.12
2026-06-25 20:00,12.661,69.88
2026-06-25 21:00,12.64,68.2
2026-06-25 22:00,12.62,66.6
2026-06-25 23:00,12.6,65.0
2026-06-26 00:00,12.582,63.74
2026-06-26 01:00,12.567,62.69
2026-06-26 02:00,12.55,61.5
2026-06-26 03:00,12.527,59.89
2026-06-26 04:00,12.519,59.33
2026-06-26 05:00,12.504,58.28
2026-06-26 06:00,12.505,58.35
2026-06-26 07:00,12.528,59.96
2026-06-26 08:00,12.575,63.25
2026-06-26 09:00,12.616,66.28
2026-06-26 10:00,12.683,71.64
2026-06-26 11:00,12.722,74.76
2026-06-26 12:00,12.753,77.24
2026-06-26 13:00,12.765,78.2
2026-06-26 14:00,12.763,78.04
2026-06-26 15:00,12.747,76.76
2026-06-26 16:00,12.723,74.84
2026-06-26 17:00,12.695,72.6
2026-06-26 18:00,12.665,70.2
2026-06-26 19:00,12.637,67.96
2026-06-26 20:00,12.612,65.96
2026-06-26 21:00,12.588,64.16
2026-06-26 22:00,12.566,62.62
2026-06-26 23:00,12.546,61.22
2026-06-27 00:00,12.527,59.89
2026-06-27 01:00,12.51,58.7
2026-06-27 02:00,12.493,57.51
2026-06-27 03:00,12.478,56.46
2026-06-27 04:00,12.462,55.34
2026-06-27 05:00,12.448,54.36
2026-06-27 06:00,12.444,54.08
2026-06-27 07:00,12.46,55.2
2026-06-27 08:00,12.502,58.14
2026-06-27 09:00,12.559,62.13
2026-06-27 10:00,12.616,66.28
2026-06-27 11:00,12.665,70.2
2026-06-27 12:00,12.697,72.76
2026-06-27 13:00,12.713,74.04
2026-06-27 14:00,12.713,74.04
2026-06-27 15:00,12.702,73.16
2026-06-27 16:00,12.679,71.32
2026-06-27 17:00,12.641,68.28
2026-06-27 18:00,12.623,66.84
2026-06-27 19:00,12.591,64.37
2026-06-27 20:00,12.566,62.62
2026-06-27 21:00,12.542,60.94
2026-06-27 22:00,12.517,59.19
2026-06-27 23:00,12.497,57.79
2026-06-28 00:00,12.477,56.39
2026-06-28 01:00,12.459,55.13
2026-06-28 02:00,12.441,53.87
2026-06-28 03:00,12.425,52.75
2026-06-28 04:00,12.407,51.49
2026-06-28 05:00,12.394,50.64
2026-06-28 06:00,12.387,50.22
2026-06-28 07:00,12.404,51.28
2026-06-28 08:00,12.445,54.15
2026-06-28 09:00,12.502,58.14
2026-06-28 10:00,12.548,61.36
2026-06-28 11:00,12.6,65.0
2026-06-28 12:00,12.639,68.12
2026-06-28 13:00,12.654,69.32
2026-06-28 14:00,12.657,69.56
2026-06-28 15:00,12.645,68.6
2026-06-28 16:00,12.62,66.6
2026-06-28 17:00,12.594,64.58
2026-06-28 18:00,12.579,63.53
2026-06-28 19:00,12.606,65.48
2026-06-28 20:00,12.6,65.0
2026-06-28 21:00,12.561,62.27
2026-06-28 22:00,12.523,59.61
2026-06-28 23:00,12.495,57.65
2026-06-29 00:00,12.472,56.04
2026-06-29 01:00,12.447,54.29
2026-06-29 02:00,12.433,53.31
2026-06-29 03:00,12.415,52.05
2026-06-29 04:00,12.398,50.88
2026-06-29 05:00,12.383,49.98
2026-06-29 06:00,12.379,49.74
2026-06-29 07:00,12.403,51.21
2026-06-29 08:00,12.452,54.64
2026-06-29 09:00,12.516,59.12
2026-06-29 10:00,12.589,64.23
2026-06-29 11:00,12.648,68.84
2026-06-29 12:00,12.687,71.96
2026-06-29 13:00,12.705,73.4
2026-06-29 14:00,12.71,73.8
2026-06-29 15:00,12.697,72.76
2026-06-29 16:00,12.672,70.76
2026-06-29 17:00,12.642,68.36
2026-06-29 18:00,12.613,66.04
2026-06-29 19:00,12.581,63.67
2026-06-29 20:00,12.552,61.64
2026-06-29 21:00,12.525,59.75
2026-06-29 22:00,12.5,58.0
2026-06-29 23:00,12.478,56.46
2026-06-30 00:00,12.458,55.06
2026-06-30 01:00,12.439,53.73
2026-06-30 02:00,12.423,52.61
2026-06-30 03:00,12.406,51.42
2026-06-30 04:00,12.39,50.4
2026-06-30 05:00,12.38,49.8
2026-06-30 06:00,12.39,50.4
2026-06-30 07:00,12.423,52.61
2026-06-30 08:00,12.476,56.32
2026-06-30 09:00,12.54,60.8
2026-06-30 10:00,12.592,64.44
2026-06-30 11:00,12.634,67.72
2026-06-30 12:00,12.66,69.8
2026-06-30 13:00,12.662,69.96
2026-06-30 14:00,12.648,68.84
2026-06-30 15:00,12.636,67.88
2026-06-30 16:00,12.609,65.72
2026-06-30 17:00,12.58,63.6
2026-06-30 18:00,12.552,61.64
2026-06-30 19:00,12.52,59.4
2026-06-30 20:00,12.493,57.51
2026-06-30 21:00,12.466,55.62
2026-06-30 22:00,12.445,54.15
2026-06-30 23:00,12.424,52.68
2026-07-01 00:00,12.404,51.28
2026-07-01 01:00,12.386,50.16
2026-07-01 02:00,12.37,49.2
2026-07-01 03:00,12.353,48.18
2026-07-01 04:00,12.337,47.22
2026-07-01 05:00,12.325,46.5
2026-07-01 06:00,12.33,46.8
2026-07-01 07:00,12.361,48.66
2026-07-01 08:00,12.413,51.91
2026-07-01 09:00,12.48,56.6
2026-07-01 10:00,12.541,60.87
2026-07-01 11:00,12.588,64.16
2026-07-01 12:00,12.617,66.36
2026-07-01 13:00,12.625,67.0
2026-07-01 14:00,12.623,66.84
2026-07-01 15:00,12.602,65.16
2026-07-01 16:00,12.567,62.69
2026-07-01 17:00,12.538,60.66
2026-07-01 18:00,12.51,58.7
2026-07-01 19:00,12.478,56.46
2026-07-01 20:00,12.45,54.5
2026-07-01 21:00,12.423,52.61
2026-07-01 22:00,12.397,50.82
2026-07-01 23:00,12.373,49.38
2026-07-02 00:00,12.353,48.18
2026-07-02 01:00,12.325,46.5
2026-07-02 02:00,12.313,45.78
2026-07-02 03:00,12.304,45.24
2026-07-02 04:00,12.302,45.12
2026-07-02 05:00,12.308,45.48
2026-07-02 06:00,12.327,46.62
2026-07-02 07:00,12.359,48.54
2026-07-02 08:00,12.413,51.91
2026-07-02 09:00,12.476,56.32
2026-07-02 10:00,12.539,60.73
2026-07-02 11:00,12.591,64.37
2026-07-02 12:00,12.628,67.24
2026-07-02 13:00,12.641,68.28
2026-07-02 14:00,12.642,68.36
2026-07-02 15:00,12.628,67.24
2026-07-02 16:00,12.601,65.08
2026-07-02 17:00,12.569,62.83
2026-07-02 18:00,12.536,60.52
2026-07-02 19:00,12.501,58.07
2026-07-02 20:00,12.472,56.04
2026-07-02 21:00,12.443,54.01
2026-07-02 22:00,12.418,52.26
2026-07-02 23:00,12.394,50.64
2026-07-03 00:00,12.374,49.44
2026-07-03 01:00,12.357,48.42
2026-07-03 02:00,12.345,47.7
2026-07-03 03:00,12.342,47.52
2026-07-03 04:00,12.346,47.76
2026-07-03 05:00,12.353,48.18
2026-07-03 06:00,12.364,48.84
2026-07-03 07:00,12.385,50.1
2026-07-03 08:00,12.417,52.19
2026-07-03 09:00,12.467,55.69
2026-07-03 10:00,12.524,59.68
2026-07-03 11:00,12.574,63.18
2026-07-03 12:00,12.613,66.04
2026-07-03 13:00,12.628,67.24
2026-07-03 14:00,12.631,67.48
2026-07-03 15:00,12.613,66.04
2026-07-03 16:00,12.601,65.08
2026-07-03 17:00,12.573,63.11
2026-07-03 18:00,12.538,60.66
2026-07-03 19:00,12.511,58.77
2026-07-03 20:00,12.48,56.6
2026-07-03 21:00,12.453,54.71
2026-07-03 22:00,12.427,52.89
2026-07-03 23:00,12.404,51.28
2026-07-04 00:00,12.382,49.92
2026-07-04 01:00,12.356,48.36
2026-07-04 02:00,12.347,47.82
2026-07-04 03:00,12.338,47.28
2026-07-04 04:00,12.335,47.1
2026-07-04 05:00,12.341,47.46
2026-07-04 06:00,12.357,48.42
2026-07-04 07:00,12.389,50.34
2026-07-04 08:00,12.433,53.31
2026-07-04 09:00,12.497,57.79
2026-07-04 10:00,12.555,61.85
2026-07-04 11:00,12.61,65.8
2026-07-04 12:00,12.645,68.6
2026-07-04 13:00,12.657,69.56
2026-07-04 14:00,12.658,69.64
2026-07-04 15:00,12.657,69.56
2026-07-04 16:00,12.633,67.64
2026-07-04 17:00,12.618,66.44
2026-07-04 18:00,12.584,63.88
2026-07-04 19:00,12.549,61.43
2026-07-04 20:00,12.522,59.54
2026-07-04 21:00,12.493,57.51
2026-07-04 22:00,12.468,55.76
2026-07-04 23:00,12.448,54.36
2026-07-05 00:00,12.426,52.82
2026-07-05 01:00,12.409,51.63
2026-07-05 02:00,12.392,50.52
2026-07-05 03:00,12.382,49.92
2026-07-05 04:00,12.38,49.8
2026-07-05 05:00,12.385,50.1
2026-07-05 06:00,12.404,51.28
2026-07-05 07:00,12.434,53.38
2026-07-05 08:00,12.484,56.88
2026-07-05 09:00,12.547,61.29
2026-07-05 10:00,12.607,65.56
2026-07-05 11:00,12.657,69.56
2026-07-05 12:00,12.688,72.04
2026-07-05 13:00,12.707,73.56
2026-07-05 14:00,12.708,73.64
2026-07-05 15:00,12.69,72.2
2026-07-05 16:00,12.67,70.6
2026-07-05 17:00,12.637,67.96
2026-07-05 18:00,12.603,65.24
2026-07-05 19:00,12.571,62.97
2026-07-05 20:00,12.541,60.87
2026-07-05 21:00,12.512,58.84
2026-07-05 22:00,12.488,57.16
2026-07-05 23:00,12.464,55.48
2026-07-06 00:00,12.443,54.01
2026-07-06 01:00,12.425,52.75
2026-07-06 02:00,12.409,51.63
2026-07-06 03:00,12.399,50.94
2026-07-06 04:00,12.398,50.88
2026-07-06 05:00,12.405,51.35
2026-07-06 06:00,12.418,52.26
2026-07-06 07:00,12.447,54.29
2026-07-06 08:00,12.489,57.23
2026-07-06 09:00,12.547,61.29
2026-07-06 10:00,12.597,64.79
2026-07-06 11:00,12.65,69.0
2026-07-06 12:00,12.683,71.64
2026-07-06 13:00,12.695,72.6
2026-07-06 14:00,12.688,72.04
2026-07-06 15:00,12.678,71.24
2026-07-06 16:00,12.65,69.0
2026-07-06 17:00,12.615,66.2
2026-07-06 18:00,12.588,64.16
2026-07-06 19:00,12.561,62.27
2026-07-06 20:00,12.529,60.03
2026-07-06 21:00,12.502,58.14
2026-07-06 22:00,12.478,56.46
2026-07-06 23:00,12.454,54.78
2026-07-07 00:00,12.434,53.38
2026-07-07 01:00,12.416,52.12
2026-07-07 02:00,12.4,51.0
2026-07-07 03:00,12.388,50.28
2026-07-07 04:00,12.385,50.1
2026-07-07 05:00,12.392,50.52
2026-07-07 06:00,12.406,51.42
2026-07-07 07:00,12.436,53.52
2026-07-07 08:00,12.481,56.67
2026-07-07 09:00,12.533,60.31
2026-07-07 10:00,12.59,64.3
2026-07-07 11:00,12.634,67.72
2026-07-07 12:00,12.666,70.28
2026-07-07 13:00,12.674,70.92
2026-07-07 14:00,12.669,70.52
2026-07-07 15:00,12.652,69.16
2026-07-07 16:00,12.629,67.32
2026-07-07 17:00,12.597,64.79
2026-07-07 18:00,12.564,62.48
2026-07-07 19:00,12.545,61.15
2026-07-07 20:00,12.519,59.33
2026-07-07 21:00,12.492,57.44
2026-07-07 22:00,12.47,55.9
2026-07-07 23:00,12.448,54.36
2026-07-08 00:00,12.428,52.96
2026-07-08 01:00,12.409,51.63
2026-07-08 02:00,12.394,50.64
2026-07-08 03:00,12.382,49.92
2026-07-08 04:00,12.379,49.74
2026-07-08 05:00,12.384,50.04
2026-07-08 06:00,12.395,50.7
2026-07-08 07:00,12.419,52.33
2026-07-08 08:00,12.455,54.85
2026-07-08 09:00,12.506,58.42
2026-07-08 10:00,12.568,62.76
2026-07-08 11:00,12.617,66.36
2026-07-08 12:00,12.656,69.48
2026-07-08 13:00,12.677,71.16
2026-07-08 14:00,12.679,71.32
2026-07-08 15:00,12.668,70.44
2026-07-08 16:00,12.647,68.76
2026-07-08 17:00,12.618,66.44
2026-07-08 18:00,12.586,64.02
2026-07-08 19:00,12.554,61.78
2026-07-08 20:00,12.524,59.68
2026-07-08 21:00,12.497,57.79
2026-07-08 22:00,12.471,55.97
2026-07-08 23:00,12.447,54.29
2026-07-09 00:00,12.425,52.75
2026-07-09 01:00,12.407,51.49
2026-07-09 02:00,12.391,50.46
2026-07-09 03:00,12.379,49.74
2026-07-09 04:00,12.377,49.62
2026-07-09 05:00,12.382,49.92
2026-07-09 06:00,12.395,50.7
2026-07-09 07:00,12.424,52.68
2026-07-09 08:00,12.471,55.97
2026-07-09 09:00,12.523,59.61
2026-07-09 10:00,12.582,63.74
2026-07-09 11:00,12.629,67.32
2026-07-09 12:00,12.658,69.64
2026-07-09 13:00,12.663,70.04
2026-07-09 14:00,12.666,70.28
2026-07-09 15:00,12.657,69.56
2026-07-09 16:00,12.622,66.76
2026-07-09 17:00,12.602,65.16
2026-07-09 18:00,12.57,62.9
2026-07-09 19:00,12.537,60.59
2026-07-09 20:00,12.509,58.63
2026-07-09 21:00,12.488,57.16
2026-07-09 22:00,12.462,55.34
2026-07-09 23:00,12.439,53.73
2026-07-10 00:00,12.421,52.47
2026-07-10 01:00,12.405,51.35
2026-07-10 02:00,12.401,51.07
2026-07-10 03:00,12.427,52.89
2026-07-10 04:00,12.478,56.46
2026-07-10 05:00,12.547,61.29
2026-07-10 06:00,12.611,65.88
2026-07-10 07:00,12.669,70.52
2026-07-10 08:00,12.698,72.84
2026-07-10 09:00,12.726,75.08
2026-07-10 10:00,12.731,75.48
2026-07-10 11:00,12.723,74.84
2026-07-10 12:00,12.699,72.92
2026-07-10 13:00,12.673,70.84
2026-07-10 14:00,12.64,68.2
2026-07-10 15:00,12.606,65.48
2026-07-10 16:00,12.564,62.48
2026-07-10 17:00,12.548,61.36
2026-07-10 18:00,12.519,59.33
2026-07-10 19:00,12.495,57.65
2026-07-10 20:00,12.473,56.11
2026-07-10 21:00,12.454,54.78
2026-07-10 22:00,12.434,53.38
2026-07-10 23:00,12.416,52.12
2026-07-11 00:00,12.398,50.88
2026-07-11 01:00,12.383,49.98
2026-07-11 02:00,12.367,49.02
2026-07-11 03:00,12.352,48.12
2026-07-11 04:00,12.343,47.58
2026-07-11 05:00,12.364,48.84
2026-07-11 06:00,12.4,51.0
2026-07-11 07:00,12.45,54.5
2026-07-11 08:00,12.504,58.28
2026-07-11 09:00,12.564,62.48
2026-07-11 10:00,12.612,65.96
2026-07-11 11:00,12.649,68.92
2026-07-11 12:00,12.658,69.64
2026-07-11 13:00,12.666,70.28
2026-07-11 14:00,12.656,69.48
2026-07-11 15:00,12.625,67.0
2026-07-11 16:00,12.603,65.24
2026-07-11 17:00,12.565,62.55
2026-07-11 18:00,12.535,60.45
2026-07-11 19:00,12.508,58.56
2026-07-11 20:00,12.48,56.6
2026-07-11 21:00,12.454,54.78
2026-07-11 22:00,12.432,53.24
2026-07-11 23:00,12.412,51.84
2026-07-12 00:00,12.392,50.52
2026-07-12 01:00,12.373,49.38
2026-07-12 02:00,12.355,48.3
2026-07-12 03:00,12.342,47.52
2026-07-12 04:00,12.338,47.28
2026-07-12 05:00,12.356,48.36
2026-07-12 06:00,12.393,50.58
2026-07-12 07:00,12.443,54.01
2026-07-12 08:00,12.501,58.07
2026-07-12 09:00,12.557,61.99
2026-07-12 10:00,12.604,65.32
2026-07-12 11:00,12.638,68.04
2026-07-12 12:00,12.643,68.44
2026-07-12 13:00,12.645,68.6
2026-07-12 14:00,12.635,67.8
2026-07-12 15:00,12.615,66.2
2026-07-12 16:00,12.583,63.81
2026-07-12 17:00,12.55,61.5
2026-07-12 18:00,12.516,59.12
2026-07-12 19:00,12.487,57.09
2026-07-12 20:00,12.46,55.2
2026-07-12 21:00,12.435,53.45
2026-07-12 22:00,12.412,51.84
2026-07-12 23:00,12.391,50.46
2026-07-13 00:00,12.371,49.26
2026-07-13 01:00,12.353,48.18
2026-07-13 02:00,12.334,47.04
2026-07-13 03:00,12.319,46.14
2026-07-13 04:00,12.318,46.08
2026-07-13 05:00,12.336,47.16
2026-07-13 06:00,12.374,49.44
2026-07-13 07:00,12.424,52.68
2026-07-13 08:00,12.484,56.88
2026-07-13 09:00,12.536,60.52
2026-07-13 10:00,12.587,64.09
2026-07-13 11:00,12.623,66.84
2026-07-13 12:00,12.64,68.2
2026-07-13 13:00,12.637,67.96
2026-07-13 14:00,12.628,67.24
2026-07-13 15:00,12.605,65.4
2026-07-13 16:00,12.575,63.25
2026-07-13 17:00,12.535,60.45
2026-07-13 18:00,12.51,58.7
2026-07-13 19:00,12.477,56.39
2026-07-13 20:00,12.448,54.36
2026-07-13 21:00,12.422,52.54
2026-07-13 22:00,12.398,50.88
2026-07-13 23:00,12.377,49.62
2026-07-14 00:00,12.356,48.36
2026-07-14 01:00,12.337,47.22
2026-07-14 02:00,12.32,46.2
2026-07-14 03:00,12.304,45.24
2026-07-14 04:00,12.301,45.06
2026-07-14 05:00,12.32,46.2
2026-07-14 06:00,12.359,48.54
2026-07-14 07:00,12.425,52.75
2026-07-14 08:00,12.494,57.58
2026-07-14 09:00,12.561,62.27
2026-07-14 10:00,12.608,65.64
2026-07-14 11:00,12.641,68.28
2026-07-14 12:00,12.658,69.64
2026-07-14 13:00,12.659,69.72
2026-07-14 14:00,12.647,68.76
2026-07-14 15:00,12.616,66.28
2026-07-14 16:00,12.601,65.08
2026-07-14 17:00,12.566,62.62
2026-07-14 18:00,12.538,60.66
2026-07-14 19:00,12.508,58.56
2026-07-14 20:00,12.481,56.67
2026-07-14 21:00,12.454,54.78
2026-07-14 22:00,12.432,53.24
2026-07-14 23:00,12.409,51.63
2026-07-15 00:00,12.39,50.4
2026-07-15 01:00,12.37,49.2
2026-07-15 02:00,12.353,48.18
2026-07-15 03:00,12.335,47.1
2026-07-15 04:00,12.335,47.1
2026-07-15 05:00,12.353,48.18
2026-07-15 06:00,12.389,50.34
2026-07-15 07:00,12.438,53.66
2026-07-15 08:00,12.497,57.79
2026-07-15 09:00,12.554,61.78
2026-07-15 10:00,12.603,65.24
2026-07-15 11:00,12.636,67.88
2026-07-15 12:00,12.647,68.76
2026-07-15 13:00,12.647,68.76
2026-07-15 14:00,12.649,68.92
2026-07-15 15:00,12.638,68.04
2026-07-15 16:00,12.618,66.44
2026-07-15 17:00,12.585,63.95
2026-07-15 18:00,12.551,61.57
2026-07-15 19:00,12.519,59.33
2026-07-15 20:00,12.49,57.3
2026-07-15 21:00,12.463,55.41
2026-07-15 22:00,12.439,53.73
2026-07-15 23:00,12.417,52.19
2026-07-16 00:00,12.399,50.94
2026-07-16 01:00,12.383,49.98
2026-07-16 02:00,12.366,48.96
2026-07-16 03:00,12.357,48.42
2026-07-16 04:00,12.364,48.84
2026-07-16 05:00,12.394,50.64
2026-07-16 06:00,12.443,54.01
2026-07-16 07:00,12.502,58.14
2026-07-16 08:00,12.566,62.62
2026-07-16 09:00,12.627,67.16
2026-07-16 10:00,12.677,71.16
2026-07-16 11:00,12.706,73.48
2026-07-16 12:00,12.721,74.68
2026-07-16 13:00,12.723,74.84
2026-07-16 14:00,12.707,73.56
2026-07-16 15:00,12.685,71.8
2026-07-16 16:00,12.657,69.56
2026-07-16 17:00,12.629,67.32
2026-07-16 18:00,12.596,64.72
2026-07-16 19:00,12.565,62.55
2026-07-16 20:00,12.539,60.73
2026-07-16 21:00,12.499,57.93
2026-07-16 22:00,12.502,58.14
2026-07-16 23:00,12.518,59.26
2026-07-17 00:00,12.534,60.38
2026-07-17 01:00,12.55,61.5
2026-07-17 02:00,12.566,62.62
2026-07-17 03:00,12.582,63.74
2026-07-17 04:00,12.598,64.86
2026-07-17 05:00,12.614,66.12
2026-07-17 06:00,12.63,67.4
2026-07-17 07:00,12.646,68.68
2026-07-17 08:00,12.662,69.96
2026-07-17 09:00,12.677,71.16
2026-07-17 10:00,12.719,74.52
2026-07-17 11:00,12.761,77.88
2026-07-17 12:00,12.782,79.56
2026-07-17 13:00,12.791,80.28
2026-07-17 14:00,12.792,80.36
2026-07-17 15:00,12.768,78.44
2026-07-17 16:00,12.749,76.92
2026-07-17 17:00,12.728,75.24
2026-07-17 18:00,12.711,73.88
2026-07-17 19:00,12.695,72.6
2026-07-17 20:00,12.67,70.6
2026-07-17 21:00,12.645,68.6
2026-07-17 22:00,12.628,67.24
2026-07-17 23:00,12.605,65.4
2026-07-18 00:00,12.594,64.58
2026-07-18 01:00,12.584,63.88
2026-07-18 02:00,12.596,64.72
2026-07-18 03:00,12.648,68.84
2026-07-18 04:00,12.743,76.44
2026-07-18 05:00,12.855,85.4
2026-07-18 06:00,12.97,94.6
2026-07-18 07:00,13.076,103.84
2026-07-18 08:00,13.176,112.84
2026-07-18 09:00,13.258,120.8
2026-07-18 10:00,13.315,126.5
2026-07-18 11:00,13.356,130.6
2026-07-18 12:00,13.372,132.2
2026-07-18 13:00,13.366,131.6
2026-07-18 14:00,13.345,129.5
2026-07-18 15:00,13.314,126.4
2026-07-18 16:00,13.276,122.6
2026-07-18 17:00,13.221,117.1
2026-07-18 18:00,13.165,111.85
2026-07-18 19:00,13.115,107.35
2026-07-18 20:00,13.099,105.91
2026-07-18 21:00,13.091,105.19
2026-07-18 22:00,13.075,103.75
2026-07-18 23:00,13.046,101.14
2026-07-19 00:00,13.008,97.72
2026-07-19 01:00,12.964,94.12
2026-07-19 02:00,12.924,90.92
2026-07-19 03:00,12.902,89.16
2026-07-19 04:00,12.891,88.28
2026-07-19 05:00,12.899,88.92
2026-07-19 06:00,12.924,90.92
2026-07-19 07:00,12.953,93.24
2026-07-19 08:00,12.981,95.48
2026-07-19 09:00,13.011,97.99
2026-07-19 10:00,13.026,99.34
2026-07-19 11:00,13.03,99.7
2026-07-19 12:00,13.017,98.53
2026-07-19 13:00,12.984,95.72
2026-07-19 14:00,12.946,92.68
2026-07-19 15:00,12.897,88.76
2026-07-19 16:00,12.841,84.28
2026-07-19 17:00,12.797,80.76
2026-07-19 18:00,12.753,77.24
2026-07-19 19:00,12.706,73.48
2026-07-19 20:00,12.661,69.88
2026-07-19 21:00,12.621,66.68
2026-07-19 22:00,12.583,63.81
2026-07-19 23:00,12.548,61.36
2026-07-20 00:00,12.513,58.91
2026-07-20 01:00,12.486,57.02
2026-07-20 02:00,12.468,55.76
2026-07-20 03:00,12.462,55.34
2026-07-20 04:00,12.477,56.39
2026-07-20 05:00,12.514,58.98
2026-07-20 06:00,12.561,62.27
2026-07-20 07:00,12.62,66.6
2026-07-20 08:00,12.685,71.8
2026-07-20 09:00,12.739,76.12
2026-07-20 10:00,12.785,79.8
2026-07-20 11:00,12.812,81.96
2026-07-20 12:00,12.825,83.0
2026-07-20 13:00,12.818,82.44
2026-07-20 14:00,12.791,80.28
2026-07-20 15:00,12.777,79.16
2026-07-20 16:00,12.748,76.84
2026-07-20 17:00,12.71,73.8
2026-07-20 18:00,12.676,71.08
2026-07-20 19:00,12.645,68.6
2026-07-20 20:00,12.618,66.44
2026-07-20 21:00,12.592,64.44
2026-07-20 22:00,12.57,62.9
2026-07-20 23:00,12.551,61.57
2026-07-21 00:00,12.533,60.31
2026-07-21 01:00,12.508,58.56
2026-07-21 02:00,12.505,58.35
2026-07-21 03:00,12.504,58.28
2026-07-21 04:00,12.519,59.33
2026-07-21 05:00,12.553,61.71
2026-07-21 06:00,12.604,65.32
2026-07-21 07:00,12.66,69.8
2026-07-21 08:00,12.717,74.36
2026-07-21 09:00,12.77,78.6
2026-07-21 10:00,12.812,81.96
2026-07-21 11:00,12.84,84.2
2026-07-21 12:00,12.843,84.44
2026-07-21 13:00,12.844,84.52
2026-07-21 14:00,12.823,82.84
2026-07-21 15:00,12.788,80.04
2026-07-21 16:00,12.761,77.88
2026-07-21 17:00,12.732,75.56
2026-07-21 18:00,12.702,73.16
2026-07-21 19:00,12.672,70.76
2026-07-21 20:00,12.646,68.68
2026-07-21 21:00,12.621,66.68
2026-07-21 22:00,12.601,65.08
2026-07-21 23:00,12.581,63.67
2026-07-22 00:00,12.562,62.34
2026-07-22 01:00,12.545,61.15
2026-07-22 02:00,12.533,60.31
2026-07-22 03:00,12.531,60.17
2026-07-22 04:00,12.545,61.15
2026-07-22 05:00,12.577,63.39
2026-07-22 06:00,12.617,66.36
2026-07-22 07:00,12.669,70.52
2026-07-22 08:00,12.721,74.68
2026-07-22 09:00,12.768,78.44
2026-07-22 10:00,12.804,81.32
2026-07-22 11:00,12.83,83.4
2026-07-22 12:00,12.835,83.8
2026-07-22 13:00,12.829,83.32
2026-07-22 14:00,12.813,82.04
2026-07-22 15:00,12.784,79.72
2026-07-22 16:00,12.752,77.16
2026-07-22 17:00,12.719,74.52
2026-07-22 18:00,12.688,72.04
2026-07-22 19:00,12.662,69.96
2026-07-22 20:00,12.636,67.88
2026-07-22 21:00,12.613,66.04
2026-07-22 22:00,12.593,64.51
2026-07-22 23:00,12.574,63.18
2026-07-23 00:00,12.555,61.85
2026-07-23 01:00,12.538,60.66
2026-07-23 02:00,12.522,59.54
2026-07-23 03:00,12.517,59.19
2026-07-23 04:00,12.526,59.82
2026-07-23 05:00,12.553,61.71
2026-07-23 06:00,12.595,64.65
2026-07-23 07:00,12.644,68.52
2026-07-23 08:00,12.694,72.52
2026-07-23 09:00,12.74,76.2
2026-07-23 10:00,12.776,79.08
2026-07-23 11:00,12.794,80.52
2026-07-23 12:00,12.806,81.48
2026-07-23 13:00,12.8,81.0
2026-07-23 14:00,12.78,79.4
2026-07-23 15:00,12.751,77.08
2026-07-23 16:00,12.722,74.76
2026-07-23 17:00,12.692,72.36
2026-07-23 18:00,12.661,69.88
2026-07-23 19:00,12.637,67.96
2026-07-23 20:00,12.619,66.52
2026-07-23 21:00,12.595,64.65
2026-07-23 22:00,12.574,63.18
2026-07-23 23:00,12.555,61.85
2026-07-24 00:00,12.537,60.59
2026-07-24 01:00,12.519,59.33
2026-07-24 02:00,12.505,58.35
2026-07-24 03:00,12.497,57.79
2026-07-24 04:00,12.504,58.28
2026-07-24 05:00,12.531,60.17
2026-07-24 06:00,12.571,62.97
2026-07-24 07:00,12.622,66.76
2026-07-24 08:00,12.675,71.0
2026-07-24 09:00,12.721,74.68
2026-07-24 10:00,12.759,77.72
2026-07-24 11:00,12.787,79.96
2026-07-24 12:00,12.79,80.2
2026-07-24 13:00,12.788,80.04
2026-07-24 14:00,12.767,78.36
2026-07-24 15:00,12.74,76.2
2026-07-24 16:00,12.711,73.88
2026-07-24 17:00,12.681,71.48
2026-07-24 18:00,12.649,68.92
2026-07-24 19:00,12.623,66.84
2026-07-24 20:00,12.594,64.58
2026-07-24 21:00,12.57,62.9
2026-07-24 22:00,12.549,61.43
2026-07-24 23:00,12.528,59.96
2026-07-25 00:00,12.51,58.7
2026-07-25 01:00,12.498,57.86
2026-07-25 02:00,12.496,57.72
2026-07-25 03:00,12.511,58.77
2026-07-25 04:00,12.543,61.01
2026-07-25 05:00,12.585,63.95
2026-07-25 06:00,12.623,66.84
2026-07-25 07:00,12.658,69.64
2026-07-25 08:00,12.684,71.72
2026-07-25 09:00,12.713,74.04
2026-07-25 10:00,12.73,75.4
2026-07-25 11:00,12.742,76.36
2026-07-25 12:00,12.742,76.36
2026-07-25 13:00,12.732,75.56
2026-07-25 14:00,12.714,74.12
2026-07-25 15:00,12.694,72.52
2026-07-25 16:00,12.672,70.76
2026-07-25 17:00,12.645,68.6
2026-07-25 18:00,12.616,66.28
2026-07-25 19:00,12.591,64.37
2026-07-25 20:00,12.567,62.69
2026-07-25 21:00,12.545,61.15
2026-07-25 22:00,12.524,59.68
2026-07-25 23:00,12.504,58.28
2026-07-26 00:00,12.487,57.09
2026-07-26 01:00,12.472,56.04
2026-07-26 02:00,12.469,55.83
2026-07-26 03:00,12.487,57.09
2026-07-26 04:00,12.519,59.33
2026-07-26 05:00,12.559,62.13
2026-07-26 06:00,12.595,64.65
2026-07-26 07:00,12.631,67.48
2026-07-26 08:00,12.663,70.04
2026-07-26 09:00,12.686,71.88
2026-07-26 10:00,12.703,73.24
2026-07-26 11:00,12.716,74.28
2026-07-26 12:00,12.717,74.36
2026-07-26 13:00,12.709,73.72
2026-07-26 14:00,12.692,72.36
2026-07-26 15:00,12.671,70.68
2026-07-26 16:00,12.646,68.68
2026-07-26 17:00,12.619,66.52
2026-07-26 18:00,12.594,64.58
2026-07-26 19:00,12.571,62.97
2026-07-26 20:00,12.549,61.43
2026-07-26 21:00,12.528,59.96
2026-07-26 22:00,12.51,58.7
2026-07-26 23:00,12.493,57.51
2026-07-27 00:00,12.476,56.32
2026-07-27 01:00,12.461,55.27
2026-07-27 02:00,12.45,54.5
2026-07-27 03:00,12.443,54.01
2026-07-27 04:00,12.445,54.15
2026-07-27 05:00,12.454,54.78
2026-07-27 06:00,12.466,55.62
2026-07-27 07:00,12.49,57.3
2026-07-27 08:00,12.523,59.61
2026-07-27 09:00,12.568,62.76
2026-07-27 10:00,12.61,65.8
2026-07-27 11:00,12.648,68.84
2026-07-27 12:00,12.666,70.28
2026-07-27 13:00,12.672,70.76
2026-07-27 14:00,12.672,70.76
2026-07-27 15:00,12.657,69.56
2026-07-27 16:00,12.628,67.24
2026-07-27 17:00,12.605,65.4
2026-07-27 18:00,12.579,63.53
2026-07-27 19:00,12.55,61.5
2026-07-27 20:00,12.527,59.89
2026-07-27 21:00,12.504,58.28
2026-07-27 22:00,12.483,56.81
2026-07-27 23:00,12.463,55.41
2026-07-28 00:00,12.446,54.22
2026-07-28 01:00,12.43,53.1
2026-07-28 02:00,12.413,51.91
2026-07-28 03:00,12.4,51.0
2026-07-28 04:00,12.391,50.46
2026-07-28 05:00,12.388,50.28
2026-07-28 06:00,12.394,50.64
2026-07-28 07:00,12.41,51.7
2026-07-28 08:00,12.441,53.87
2026-07-28 09:00,12.486,57.02
2026-07-28 10:00,12.54,60.8
2026-07-28 11:00,12.585,63.95
2026-07-28 12:00,12.62,66.6
2026-07-28 13:00,12.638,68.04
2026-07-28 14:00,12.641,68.28
2026-07-28 15:00,12.628,67.24
2026-07-28 16:00,12.611,65.88
2026-07-28 17:00,12.584,63.88
2026-07-28 18:00,12.556,61.92
2026-07-28 19:00,12.525,59.75
2026-07-28 20:00,12.501,58.07
2026-07-28 21:00,12.475,56.25
2026-07-28 22:00,12.454,54.78
2026-07-28 23:00,12.433,53.31
2026-07-29 00:00,12.414,51.98
2026-07-29 01:00,12.397,50.82
2026-07-29 02:00,12.38,49.8
2026-07-29 03:00,12.364,48.84
2026-07-29 04:00,12.375,49.5
2026-07-29 05:00,12.377,49.62
2026-07-29 06:00,12.384,50.04
2026-07-29 07:00,12.398,50.88
2026-07-29 08:00,12.427,52.89
2026-07-29 09:00,12.476,56.32
2026-07-29 10:00,12.529,60.03
2026-07-29 11:00,12.58,63.6
2026-07-29 12:00,12.617,66.36
2026-07-29 13:00,12.637,67.96
2026-07-29 14:00,12.639,68.12
2026-07-29 15:00,12.632,67.56
2026-07-29 16:00,12.615,66.2
2026-07-29 17:00,12.589,64.23
2026-07-29 18:00,12.56,62.2
2026-07-29 19:00,12.532,60.24
2026-07-29 20:00,12.505,58.35
2026-07-29 21:00,12.48,56.6
2026-07-29 22:00,12.46,55.2
2026-07-29 23:00,12.438,53.66
2026-07-30 00:00,12.421,52.47
2026-07-30 01:00,12.403,51.21
2026-07-30 02:00,12.387,50.22
2026-07-30 03:00,12.377,49.62
2026-07-30 04:00,12.374,49.44
2026-07-30 05:00,12.377,49.62
2026-07-30 06:00,12.389,50.34
2026-07-30 07:00,12.41,51.7
2026-07-30 08:00,12.449,54.43
2026-07-30 09:00,12.492,57.44
2026-07-30 10:00,12.55,61.5
2026-07-30 11:00,12.599,64.93
2026-07-30 12:00,12.629,67.32
2026-07-30 13:00,12.646,68.68
2026-07-30 14:00,12.647,68.76
2026-07-30 15:00,12.634,67.72
2026-07-30 16:00,12.611,65.88
2026-07-30 17:00,12.58,63.6
2026-07-30 18:00,12.543,61.01
2026-07-30 19:00,12.527,59.89
2026-07-30 20:00,12.507,58.49
2026-07-30 21:00,12.482,56.74
2026-07-30 22:00,12.462,55.34
2026-07-30 23:00,12.442,53.94
2026-07-31 00:00,12.423,52.61
2026-07-31 01:00,12.406,51.42
2026-07-31 02:00,12.39,50.4
2026-07-31 03:00,12.376,49.56
2026-07-31 04:00,12.366,48.96
2026-07-31 05:00,12.364,48.84
2026-07-31 06:00,12.373,49.38
2026-07-31 07:00,12.394,50.64
2026-07-31 08:00,12.432,53.24
2026-07-31 09:00,12.484,56.88
2026-07-31 10:00,12.539,60.73
2026-07-31 11:00,12.58,63.6
2026-07-31 12:00,12.614,66.12
2026-07-31 13:00,12.64,68.2
2026-07-31 14:00,12.645,68.6
2026-07-31 15:00,12.621,66.68
2026-07-31 16:00,12.637,67.96
2026-07-31 17:00,12.615,66.2
2026-07-31 18:00,12.576,63.32
2026-07-31 19:00,12.545,61.15
2026-07-31 20:00,12.513,58.91
2026-07-31 21:00,12.486,57.02
2026-07-31 22:00,12.461,55.27
2026-07-31 23:00,12.442,53.94
2026-08-01 00:00,12.422,52.54
2026-08-01 01:00,12.404,51.28
2026-08-01 02:00,12.388,50.28
2026-08-01 03:00,12.375,49.5
2026-08-01 04:00,12.368,49.08
2026-08-01 05:00,12.369,49.14
2026-08-01 06:00,12.382,49.92
2026-08-01 07:00,12.41,51.7
2026-08-01 08:00,12.454,54.78
2026-08-01 09:00,12.506,58.42
2026-08-01 10:00,12.565,62.55
2026-08-01 11:00,12.612,65.96
2026-08-01 12:00,12.644,68.52
2026-08-01 13:00,12.657,69.56
2026-08-01 14:00,12.657,69.56
2026-08-01 15:00,12.642,68.36
2026-08-01 16:00,12.62,66.6
2026-08-01 17:00,12.588,64.16
2026-08-01 18:00,12.561,62.27
2026-08-01 19:00,12.533,60.31
2026-08-01 20:00,12.506,58.42
2026-08-01 21:00,12.481,56.67
2026-08-01 22:00,12.459,55.13
2026-08-01 23:00,12.439,53.73
2026-08-02 00:00,12.42,52.4
2026-08-02 01:00,12.4,51.0
2026-08-02 02:00,12.389,50.34
2026-08-02 03:00,12.375,49.5
2026-08-02 04:00,12.369,49.14
2026-08-02 05:00,12.37,49.2
2026-08-02 06:00,12.377,49.62
2026-08-02 07:00,12.398,50.88
2026-08-02 08:00,12.433,53.31
2026-08-02 09:00,12.482,56.74
2026-08-02 10:00,12.535,60.45
2026-08-02 11:00,12.584,63.88
2026-08-02 12:00,12.619,66.52
2026-08-02 13:00,12.637,67.96
2026-08-02 14:00,12.638,68.04
2026-08-02 15:00,12.623,66.84
2026-08-02 16:00,12.603,65.24
2026-08-02 17:00,12.592,64.44
2026-08-02 18:00,12.564,62.48
2026-08-02 19:00,12.538,60.66
2026-08-02 20:00,12.513,58.91
2026-08-02 21:00,12.488,57.16
2026-08-02 22:00,12.469,55.83
2026-08-02 23:00,12.449,54.43
2026-08-03 00:00,12.433,53.31
2026-08-03 01:00,12.416,52.12
2026-08-03 02:00,12.403,51.21
2026-08-03 03:00,12.396,50.76
2026-08-03 04:00,12.384,50.04
2026-08-03 05:00,12.401,51.07
2026-08-03 06:00,12.415,52.05
2026-08-03 07:00,12.439,53.73
2026-08-03 08:00,12.477,56.39
2026-08-03 09:00,12.525,59.75
2026-08-03 10:00,12.573,63.11
2026-08-03 11:00,12.629,67.32
2026-08-03 12:00,12.66,69.8
2026-08-03 13:00,12.678,71.24
2026-08-03 14:00,12.679,71.32
2026-08-03 15:00,12.666,70.28
2026-08-03 16:00,12.646,68.68
2026-08-03 17:00,12.647,68.76
2026-08-03 18:00,12.639,68.12
2026-08-03 19:00,12.61,65.8
2026-08-03 20:00,12.582,63.74
2026-08-03 21:00,12.552,61.64
2026-08-03 22:00,12.538,60.66
2026-08-03 23:00,12.519,59.33
2026-08-04 00:00,12.502,58.14
2026-08-04 01:00,12.487,57.09
2026-08-04 02:00,12.48,56.6
2026-08-04 03:00,12.478,56.46
2026-08-04 04:00,12.482,56.74
2026-08-04 05:00,12.494,57.58
2026-08-04 06:00,12.515,59.05
2026-08-04 07:00,12.55,61.5
2026-08-04 08:00,12.596,64.72
2026-08-04 09:00,12.651,69.08
2026-08-04 10:00,12.702,73.16
2026-08-04 11:00,12.747,76.76
2026-08-04 12:00,12.777,79.16
2026-08-04 13:00,12.788,80.04
2026-08-04 14:00,12.785,79.8
2026-08-04 15:00,12.769,78.52
2026-08-04 16:00,12.749,76.92
2026-08-04 17:00,12.713,74.04
2026-08-04 18:00,12.717,74.36
2026-08-04 19:00,12.753,77.24
2026-08-04 20:00,12.724,74.92
2026-08-04 21:00,12.696,72.68
2026-08-04 22:00,12.676,71.08
2026-08-04 23:00,12.655,69.4
2026-08-05 00:00,12.636,67.88
2026-08-05 01:00,12.618,66.44
2026-08-05 02:00,12.604,65.32
2026-08-05 03:00,12.599,64.93
2026-08-05 04:00,12.604,65.32
2026-08-05 05:00,12.621,66.68
2026-08-05 06:00,12.655,69.4
2026-08-05 07:00,12.704,73.32
2026-08-05 08:00,12.758,77.64
2026-08-05 09:00,12.812,81.96
2026-08-05 10:00,12.862,85.96
2026-08-05 11:00,12.899,88.92
2026-08-05 12:00,12.925,91.0
2026-08-05 13:00,12.931,91.48
2026-08-05 14:00,12.923,90.84
2026-08-05 15:00,12.897,88.76
2026-08-05 16:00,12.861,85.88
2026-08-05 17:00,12.833,83.64
2026-08-05 18:00,12.797,80.76
2026-08-05 19:00,12.769,78.52
2026-08-05 20:00,12.741,76.28
2026-08-05 21:00,12.712,73.96
2026-08-05 22:00,12.688,72.04
2026-08-05 23:00,12.663,70.04
2026-08-06 00:00,12.64,68.2
2026-08-06 01:00,12.62,66.6
2026-08-06 02:00,12.603,65.24
2026-08-06 03:00,12.59,64.3
2026-08-06 04:00,12.584,63.88
2026-08-06 05:00,12.586,64.02
2026-08-06 06:00,12.591,64.37
2026-08-06 07:00,12.607,65.56
2026-08-06 08:00,12.638,68.04
2026-08-06 09:00,12.679,71.32
2026-08-06 10:00,12.723,74.84
2026-08-06 11:00,12.759,77.72
2026-08-06 12:00,12.787,79.96
2026-08-06 13:00,12.799,80.92
2026-08-06 14:00,12.795,80.6
2026-08-06 15:00,12.78,79.4
2026-08-06 16:00,12.748,76.84
2026-08-06 17:00,12.74,76.2
2026-08-06 18:00,12.732,75.56
2026-08-06 19:00,12.712,73.96
2026-08-06 20:00,12.707,73.56
2026-08-06 21:00,12.7,73.0
2026-08-06 22:00,12.671,70.68
2026-08-06 23:00,12.646,68.68
2026-08-07 00:00,12.628,67.24
2026-08-07 01:00,12.609,65.72
2026-08-07 02:00,12.595,64.65
2026-08-07 03:00,12.584,63.88
2026-08-07 04:00,12.579,63.53
2026-08-07 05:00,12.58,63.6
2026-08-07 06:00,12.588,64.16
2026-08-07 07:00,12.604,65.32
2026-08-07 08:00,12.639,68.12
2026-08-07 09:00,12.685,71.8
2026-08-07 10:00,12.731,75.48
2026-08-07 11:00,12.769,78.52
2026-08-07 12:00,12.797,80.76
2026-08-07 13:00,12.809,81.72
2026-08-07 14:00,12.808,81.64
2026-08-07 15:00,12.794,80.52
2026-08-07 16:00,12.776,79.08
2026-08-07 17:00,12.749,76.92
2026-08-07 18:00,12.723,74.84
2026-08-07 19:00,12.697,72.76
2026-08-07 20:00,12.672,70.76
2026-08-07 21:00,12.649,68.92
2026-08-07 22:00,12.629,67.32
2026-08-07 23:00,12.611,65.88
2026-08-08 00:00,12.593,64.51
2026-08-08 01:00,12.577,63.39
2026-08-08 02:00,12.563,62.41
2026-08-08 03:00,12.551,61.57
2026-08-08 04:00,12.547,61.29
2026-08-08 05:00,12.545,61.15
2026-08-08 06:00,12.552,61.64
2026-08-08 07:00,12.571,62.97
2026-08-08 08:00,12.602,65.16
2026-08-08 09:00,12.647,68.76
2026-08-08 10:00,12.693,72.44
2026-08-08 11:00,12.731,75.48
2026-08-08 12:00,12.761,77.88
2026-08-08 13:00,12.773,78.84
2026-08-08 14:00,12.773,78.84
2026-08-08 15:00,12.761,77.88
2026-08-08 16:00,12.74,76.2
2026-08-08 17:00,12.713,74.04
2026-08-08 18:00,12.682,71.56
2026-08-08 19:00,12.657,69.56
2026-08-08 20:00,12.633,67.64
2026-08-08 21:00,12.608,65.64
2026-08-08 22:00,12.586,64.02
2026-08-08 23:00,12.567,62.69
2026-08-09 00:00,12.549,61.43
2026-08-09 01:00,12.533,60.31
2026-08-09 02:00,12.514,58.98
2026-08-09 03:00,12.504,58.28
2026-08-09 04:00,12.497,57.79
2026-08-09 05:00,12.498,57.86
2026-08-09 06:00,12.504,58.28
2026-08-09 07:00,12.524,59.68
2026-08-09 08:00,12.555,61.85
2026-08-09 09:00,12.599,64.93
2026-08-09 10:00,12.644,68.52
2026-08-09 11:00,12.683,71.64
2026-08-09 12:00,12.709,73.72
2026-08-09 13:00,12.722,74.76
2026-08-09 14:00,12.714,74.12
2026-08-09 15:00,12.704,73.32
2026-08-09 16:00,12.685,71.8
2026-08-09 17:00,12.657,69.56
2026-08-09 18:00,12.628,67.24
2026-08-09 19:00,12.6,65.0
2026-08-09 20:00,12.575,63.25
2026-08-09 21:00,12.55,61.5
2026-08-09 22:00,12.529,60.03
2026-08-09 23:00,12.51,58.7
2026-08-10 00:00,12.49,57.3
2026-08-10 01:00,12.474,56.18
2026-08-10 02:00,12.457,54.99
2026-08-10 03:00,12.44,53.8
2026-08-10 04:00,12.426,52.82
2026-08-10 05:00,12.42,52.4
2026-08-10 06:00,12.436,53.52
2026-08-10 07:00,12.475,56.25
2026-08-10 08:00,12.53,60.1
2026-08-10 09:00,12.587,64.09
2026-08-10 10:00,12.638,68.04
2026-08-10 11:00,12.676,71.08
2026-08-10 12:00,12.699,72.92
2026-08-10 13:00,12.707,73.56
2026-08-10 14:00,12.697,72.76
2026-08-10 15:00,12.681,71.48
2026-08-10 16:00,12.661,69.88
2026-08-10 17:00,12.632,67.56
2026-08-10 18:00,12.603,65.24
2026-08-10 19:00,12.578,63.46
2026-08-10 20:00,12.555,61.85
2026-08-10 21:00,12.533,60.31
2026-08-10 22:00,12.514,58.98
2026-08-10 23:00,12.499,57.93
2026-08-11 00:00,12.483,56.81
2026-08-11 01:00,12.47,55.9
2026-08-11 02:00,12.457,54.99
2026-08-11 03:00,12.443,54.01
2026-08-11 04:00,12.432,53.24
2026-08-11 05:00,12.429,53.03
2026-08-11 06:00,12.447,54.29
2026-08-11 07:00,12.487,57.09
2026-08-11 08:00,12.54,60.8
2026-08-11 09:00,12.593,64.51
2026-08-11 10:00,12.648,68.84
2026-08-11 11:00,12.688,72.04
2026-08-11 12:00,12.707,73.56
2026-08-11 13:00,12.708,73.64
2026-08-11 14:00,12.704,73.32
2026-08-11 15:00,12.691,72.28
2026-08-11 16:00,12.67,70.6
2026-08-11 17:00,12.649,68.92
2026-08-11 18:00,12.621,66.68
2026-08-11 19:00,12.595,64.65
2026-08-11 20:00,12.572,63.04
2026-08-11 21:00,12.553,61.71
2026-08-11 22:00,12.534,60.38
2026-08-11 23:00,12.519,59.33
2026-08-12 00:00,12.503,58.21
2026-08-12 01:00,12.49,57.3
2026-08-12 02:00,12.477,56.39
2026-08-12 03:00,12.466,55.62
2026-08-12 04:00,12.457,54.99
2026-08-12 05:00,12.457,54.99
2026-08-12 06:00,12.48,56.6
2026-08-12 07:00,12.524,59.68
2026-08-12 08:00,12.58,63.6
2026-08-12 09:00,12.639,68.12
2026-08-12 10:00,12.683,71.64
2026-08-12 11:00,12.717,74.36
2026-08-12 12:00,12.73,75.4
2026-08-12 13:00,12.729,75.32
2026-08-12 14:00,12.721,74.68
2026-08-12 15:00,12.704,73.32
2026-08-12 16:00,12.673,70.84
2026-08-12 17:00,12.648,68.84
2026-08-12 18:00,12.623,66.84
2026-08-12 19:00,12.606,65.48
2026-08-12 20:00,12.584,63.88
2026-08-12 21:00,12.565,62.55
2026-08-12 22:00,12.549,61.43
2026-08-12 23:00,12.532,60.24
2026-08-13 00:00,12.518,59.26
2026-08-13 01:00,12.504,58.28
2026-08-13 02:00,12.49,57.3
2026-08-13 03:00,12.478,56.46
2026-08-13 04:00,12.464,55.48
2026-08-13 05:00,12.459,55.13
2026-08-13 06:00,12.477,56.39
2026-08-13 07:00,12.515,59.05
2026-08-13 08:00,12.565,62.55
2026-08-13 09:00,12.619,66.52
2026-08-13 10:00,12.666,70.28
2026-08-13 11:00,12.696,72.68
2026-08-13 12:00,12.716,74.28
2026-08-13 13:00,12.718,74.44
2026-08-13 14:00,12.71,73.8
2026-08-13 15:00,12.676,71.08
2026-08-13 16:00,12.673,70.84
2026-08-13 17:00,12.648,68.84
2026-08-13 18:00,12.624,66.92
2026-08-13 19:00,12.601,65.08
2026-08-13 20:00,12.58,63.6
2026-08-13 21:00,12.56,62.2
2026-08-13 22:00,12.543,61.01
2026-08-13 23:00,12.528,59.96
2026-08-14 00:00,12.513,58.91
2026-08-14 01:00,12.498,57.86
2026-08-14 02:00,12.485,56.95
2026-08-14 03:00,12.472,56.04
2026-08-14 04:00,12.461,55.27
2026-08-14 05:00,12.459,55.13
2026-08-14 06:00,12.476,56.32
2026-08-14 07:00,12.515,59.05
2026-08-14 08:00,12.567,62.69
2026-08-14 09:00,12.622,66.76
2026-08-14 10:00,12.664,70.12
2026-08-14 11:00,12.693,72.44
2026-08-14 12:00,12.712,73.96
2026-08-14 13:00,12.715,74.2
2026-08-14 14:00,12.706,73.48
2026-08-14 15:00,12.693,72.44
2026-08-14 16:00,12.666,70.28
2026-08-14 17:00,12.645,68.6
2026-08-14 18:00,12.619,66.52
2026-08-14 19:00,12.595,64.65
2026-08-14 20:00,12.57,62.9
2026-08-14 21:00,12.551,61.57
2026-08-14 22:00,12.534,60.38
2026-08-14 23:00,12.517,59.19
2026-08-15 00:00,12.503,58.21
2026-08-15 01:00,12.488,57.16
2026-08-15 02:00,12.477,56.39
2026-08-15 03:00,12.465,55.55
2026-08-15 04:00,12.452,54.64
2026-08-15 05:00,12.451,54.57
2026-08-15 06:00,12.467,55.69
2026-08-15 07:00,12.509,58.63
2026-08-15 08:00,12.564,62.48
2026-08-15 09:00,12.621,66.68
2026-08-15 10:00,12.667,70.36
2026-08-15 11:00,12.701,73.08
2026-08-15 12:00,12.717,74.36
2026-08-15 13:00,12.72,74.6
2026-08-15 14:00,12.709,73.72
2026-08-15 15:00,12.691,72.28
2026-08-15 16:00,12.665,70.2
2026-08-15 17:00,12.639,68.12
2026-08-15 18:00,12.613,66.04
2026-08-15 19:00,12.588,64.16
2026-08-15 20:00,12.568,62.76
2026-08-15 21:00,12.547,61.29
2026-08-15 22:00,12.528,59.96
2026-08-15 23:00,12.513,58.91
2026-08-16 00:00,12.498,57.86
2026-08-16 01:00,12.484,56.88
2026-08-16 02:00,12.47,55.9
2026-08-16 03:00,12.458,55.06
2026-08-16 04:00,12.444,54.08
2026-08-16 05:00,12.441,53.87
2026-08-16 06:00,12.457,54.99
2026-08-16 07:00,12.498,57.86
2026-08-16 08:00,12.551,61.57
2026-08-16 09:00,12.607,65.56
2026-08-16 10:00,12.655,69.4
2026-08-16 11:00,12.687,71.96
2026-08-16 12:00,12.704,73.32
2026-08-16 13:00,12.706,73.48
2026-08-16 14:00,12.702,73.16
2026-08-16 15:00,12.683,71.64
2026-08-16 16:00,12.651,69.08
2026-08-16 17:00,12.63,67.4
2026-08-16 18:00,12.602,65.16
2026-08-16 19:00,12.576,63.32
2026-08-16 20:00,12.554,61.78
2026-08-16 21:00,12.535,60.45
2026-08-16 22:00,12.517,59.19
2026-08-16 23:00,12.499,57.93
2026-08-17 00:00,12.483,56.81
2026-08-17 01:00,12.469,55.83
2026-08-17 02:00,12.456,54.92
2026-08-17 03:00,12.443,54.01
2026-08-17 04:00,12.432,53.24
2026-08-17 05:00,12.426,52.82
2026-08-17 06:00,12.439,53.73
2026-08-17 07:00,12.478,56.46
2026-08-17 08:00,12.527,59.89
2026-08-17 09:00,12.584,63.88
2026-08-17 10:00,12.633,67.64
2026-08-17 11:00,12.668,70.44
2026-08-17 12:00,12.687,71.96
2026-08-17 13:00,12.69,72.2
2026-08-17 14:00,12.683,71.64
2026-08-17 15:00,12.662,69.96
2026-08-17 16:00,12.641,68.28
2026-08-17 17:00,12.611,65.88
2026-08-17 18:00,12.584,63.88
2026-08-17 19:00,12.561,62.27
2026-08-17 20:00,12.538,60.66
2026-08-17 21:00,12.519,59.33
2026-08-17 22:00,12.5,58.0
2026-08-17 23:00,12.483,56.81
2026-08-18 00:00,12.467,55.69
2026-08-18 01:00,12.452,54.64
2026-08-18 02:00,12.438,53.66
2026-08-18 03:00,12.425,52.75
2026-08-18 04:00,12.412,51.84
2026-08-18 05:00,12.405,51.35
2026-08-18 06:00,12.417,52.19
2026-08-18 07:00,12.453,54.71
2026-08-18 08:00,12.504,58.28
2026-08-18 09:00,12.563,62.41
2026-08-18 10:00,12.614,66.12
2026-08-18 11:00,12.649,68.92
2026-08-18 12:00,12.672,70.76
2026-08-18 13:00,12.67,70.6
2026-08-18 14:00,12.672,70.76
2026-08-18 15:00,12.654,69.32
2026-08-18 16:00,12.63,67.4
2026-08-18 17:00,12.602,65.16
2026-08-18 18:00,12.574,63.18
2026-08-18 19:00,12.552,61.64
2026-08-18 20:00,12.527,59.89
2026-08-18 21:00,12.505,58.35
2026-08-18 22:00,12.484,56.88
2026-08-18 23:00,12.468,55.76
2026-08-19 00:00,12.451,54.57
2026-08-19 01:00,12.436,53.52
2026-08-19 02:00,12.421,52.47
2026-08-19 03:00,12.409,51.63
2026-08-19 04:00,12.394,50.64
2026-08-19 05:00,12.388,50.28
2026-08-19 06:00,12.4,51.0
2026-08-19 07:00,12.437,53.59
2026-08-19 08:00,12.492,57.44
2026-08-19 09:00,12.551,61.57
2026-08-19 10:00,12.603,65.24
2026-08-19 11:00,12.641,68.28
2026-08-19 12:00,12.66,69.8
2026-08-19 13:00,12.663,70.04
2026-08-19 14:00,12.657,69.56
2026-08-19 15:00,12.641,68.28
2026-08-19 16:00,12.613,66.04
2026-08-19 17:00,12.589,64.23
2026-08-19 18:00,12.56,62.2
2026-08-19 19:00,12.535,60.45
2026-08-19 20:00,12.512,58.84
2026-08-19 21:00,12.49,57.3
2026-08-19 22:00,12.471,55.97
2026-08-19 23:00,12.454,54.78
2026-08-20 00:00,12.436,53.52
2026-08-20 01:00,12.421,52.47
2026-08-20 02:00,12.407,51.49
2026-08-20 03:00,12.392,50.52
2026-08-20 04:00,12.379,49.74
2026-08-20 05:00,12.38,49.8
2026-08-20 06:00,12.409,51.63
2026-08-20 07:00,12.464,55.48
2026-08-20 08:00,12.528,59.96
2026-08-20 09:00,12.591,64.37
2026-08-20 10:00,12.637,67.96
2026-08-20 11:00,12.669,70.52
2026-08-20 12:00,12.683,71.64
2026-08-20 13:00,12.68,71.4
2026-08-20 14:00,12.663,70.04
2026-08-20 15:00,12.639,68.12
2026-08-20 16:00,12.611,65.88
2026-08-20 17:00,12.583,63.81
2026-08-20 18:00,12.553,61.71
2026-08-20 19:00,12.526,59.82
2026-08-20 20:00,12.503,58.21
2026-08-20 21:00,12.482,56.74
2026-08-20 22:00,12.463,55.41
2026-08-20 23:00,12.446,54.22
2026-08-21 00:00,12.43,53.1
2026-08-21 01:00,12.415,52.05
2026-08-21 02:00,12.401,51.07
2026-08-21 03:00,12.386,50.16
2026-08-21 04:00,12.374,49.44
2026-08-21 05:00,12.366,48.96
2026-08-21 06:00,12.376,49.56
2026-08-21 07:00,12.415,52.05
2026-08-21 08:00,12.469,55.83
2026-08-21 09:00,12.528,59.96
2026-08-21 10:00,12.579,63.53
2026-08-21 11:00,12.617,66.36
2026-08-21 12:00,12.635,67.8
2026-08-21 13:00,12.642,68.36
2026-08-21 14:00,12.635,67.8
2026-08-21 15:00,12.616,66.28
2026-08-21 16:00,12.585,63.95
2026-08-21 17:00,12.555,61.85
2026-08-21 18:00,12.534,60.38
2026-08-21 19:00,12.508,58.56
2026-08-21 20:00,12.484,56.88
2026-08-21 21:00,12.462,55.34
2026-08-21 22:00,12.444,54.08
2026-08-21 23:00,12.426,52.82
2026-08-22 00:00,12.409,51.63
2026-08-22 01:00,12.394,50.64
2026-08-22 02:00,12.378,49.68
2026-08-22 03:00,12.362,48.72
2026-08-22 04:00,12.351,48.06
2026-08-22 05:00,12.342,47.52
2026-08-22 06:00,12.356,48.36
2026-08-22 07:00,12.396,50.76
2026-08-22 08:00,12.453,54.71
2026-08-22 09:00,12.514,58.98
2026-08-22 10:00,12.566,62.62
2026-08-22 11:00,12.6,65.0
2026-08-22 12:00,12.62,66.6
2026-08-22 13:00,12.626,67.08
2026-08-22 14:00,12.618,66.44
2026-08-22 15:00,12.599,64.93
2026-08-22 16:00,12.575,63.25
2026-08-22 17:00,12.544,61.08
2026-08-22 18:00,12.53,60.1
2026-08-22 19:00,12.498,57.86
2026-08-22 20:00,12.474,56.18
2026-08-22 21:00,12.453,54.71
2026-08-22 22:00,12.434,53.38
2026-08-22 23:00,12.417,52.19
2026-08-23 00:00,12.4,51.0
2026-08-23 01:00,12.386,50.16
2026-08-23 02:00,12.37,49.2
2026-08-23 03:00,12.355,48.3
2026-08-23 04:00,12.342,47.52
2026-08-23 05:00,12.332,46.92
2026-08-23 06:00,12.339,47.34
2026-08-23 07:00,12.374,49.44
2026-08-23 08:00,12.43,53.1
2026-08-23 09:00,12.493,57.51
2026-08-23 10:00,12.547,61.29
2026-08-23 11:00,12.589,64.23
2026-08-23 12:00,12.612,65.96
2026-08-23 13:00,12.619,66.52
2026-08-23 14:00,12.613,66.04
2026-08-23 15:00,12.59,64.3
2026-08-23 16:00,12.56,62.2
2026-08-23 17:00,12.54,60.8
2026-08-23 18:00,12.512,58.84
2026-08-23 19:00,12.483,56.81
2026-08-23 20:00,12.459,55.13
2026-08-23 21:00,12.439,53.73
2026-08-23 22:00,12.418,52.26
2026-08-23 23:00,12.4,51.0
2026-08-24 00:00,12.383,49.98
2026-08-24 01:00,12.367,49.02
2026-08-24 02:00,12.352,48.12
2026-08-24 03:00,12.337,47.22
2026-08-24 04:00,12.323,46.38
2026-08-24 05:00,12.313,45.78
2026-08-24 06:00,12.321,46.26
2026-08-24 07:00,12.355,48.3
2026-08-24 08:00,12.414,51.98
2026-08-24 09:00,12.475,56.25
2026-08-24 10:00,12.529,60.03
2026-08-24 11:00,12.575,63.25
2026-08-24 12:00,12.6,65.0
2026-08-24 13:00,12.606,65.48
2026-08-24 14:00,12.6,65.0
2026-08-24 15:00,12.582,63.74
2026-08-24 16:00,12.557,61.99
2026-08-24 17:00,12.529,60.03
2026-08-24 18:00,12.503,58.21
2026-08-24 19:00,12.477,56.39
2026-08-24 20:00,12.455,54.85
2026-08-24 21:00,12.436,53.52
2026-08-24 22:00,12.418,52.26
2026-08-24 23:00,12.402,51.14
2026-08-25 00:00,12.388,50.28
2026-08-25 01:00,12.375,49.5
2026-08-25 02:00,12.361,48.66
2026-08-25 03:00,12.349,47.94
2026-08-25 04:00,12.339,47.34
2026-08-25 05:00,12.33,46.8
2026-08-25 06:00,12.336,47.16
2026-08-25 07:00,12.37,49.2
2026-08-25 08:00,12.426,52.82
2026-08-25 09:00,12.49,57.3
2026-08-25 10:00,12.549,61.43
2026-08-25 11:00,12.594,64.58
2026-08-25 12:00,12.618,66.44
2026-08-25 13:00,12.627,67.16
2026-08-25 14:00,12.623,66.84
2026-08-25 15:00,12.603,65.24
2026-08-25 16:00,12.581,63.67
2026-08-25 17:00,12.556,61.92
2026-08-25 18:00,12.528,59.96
2026-08-25 19:00,12.503,58.21
2026-08-25 20:00,12.475,56.25
2026-08-25 21:00,12.458,55.06
2026-08-25 22:00,12.44,53.8
2026-08-25 23:00,12.426,52.82
2026-08-26 00:00,12.406,51.42
2026-08-26 01:00,12.394,50.64
2026-08-26 02:00,12.376,49.56
2026-08-26 03:00,12.367,49.02
2026-08-26 04:00,12.354,48.24
2026-08-26 05:00,12.348,47.88
2026-08-26 06:00,12.358,48.48
2026-08-26 07:00,12.395,50.7
2026-08-26 08:00,12.45,54.5
2026-08-26 09:00,12.51,58.7
2026-08-26 10:00,12.564,62.48
2026-08-26 11:00,12.603,65.24
2026-08-26 12:00,12.625,67.0
2026-08-26 13:00,12.634,67.72
2026-08-26 14:00,12.627,67.16
2026-08-26 15:00,12.609,65.72
2026-08-26 16:00,12.585,63.95
2026-08-26 17:00,12.56,62.2
2026-08-26 18:00,12.533,60.31
2026-08-26 19:00,12.508,58.56
2026-08-26 20:00,12.486,57.02
2026-08-26 21:00,12.466,55.62
2026-08-26 22:00,12.447,54.29
2026-08-26 23:00,12.43,53.1
2026-08-27 00:00,12.417,52.19
2026-08-27 01:00,12.403,51.21
2026-08-27 02:00,12.39,50.4
2026-08-27 03:00,12.377,49.62
2026-08-27 04:00,12.364,48.84
2026-08-27 05:00,12.357,48.42
2026-08-27 06:00,12.365,48.9
2026-08-27 07:00,12.401,51.07
2026-08-27 08:00,12.456,54.92
2026-08-27 09:00,12.521,59.47
2026-08-27 10:00,12.582,63.74
2026-08-27 11:00,12.632,67.56
2026-08-27 12:00,12.661,69.88
2026-08-27 13:00,12.685,71.8
2026-08-27 14:00,12.687,71.96
2026-08-27 15:00,12.676,71.08
2026-08-27 16:00,12.645,68.6
2026-08-27 17:00,12.624,66.92
2026-08-27 18:00,12.598,64.86
2026-08-27 19:00,12.568,62.76
2026-08-27 20:00,12.544,61.08
2026-08-27 21:00,12.521,59.47
2026-08-27 22:00,12.498,57.86
2026-08-27 23:00,12.48,56.6
2026-08-28 00:00,12.464,55.48
2026-08-28 01:00,12.45,54.5
2026-08-28 02:00,12.441,53.87
2026-08-28 03:00,12.449,54.43
2026-08-28 04:00,12.475,56.25
2026-08-28 05:00,12.512,58.84
2026-08-28 06:00,12.557,61.99
2026-08-28 07:00,12.603,65.24
2026-08-28 08:00,12.651,69.08
2026-08-28 09:00,12.697,72.76
2026-08-28 10:00,12.735,75.8
2026-08-28 11:00,12.76,77.8
2026-08-28 12:00,12.772,78.76
2026-08-28 13:00,12.773,78.84
2026-08-28 14:00,12.755,77.4
2026-08-28 15:00,12.734,75.72
2026-08-28 16:00,12.707,73.56
2026-08-28 17:00,12.678,71.24
2026-08-28 18:00,12.65,69.0
2026-08-28 19:00,12.624,66.92
2026-08-28 20:00,12.6,65.0
2026-08-28 21:00,12.58,63.6
2026-08-28 22:00,12.562,62.34
2026-08-28 23:00,12.546,61.22
2026-08-29 00:00,12.528,59.96
2026-08-29 01:00,12.512,58.84
2026-08-29 02:00,12.499,57.93
2026-08-29 03:00,12.497,57.79
2026-08-29 04:00,12.511,58.77
2026-08-29 05:00,12.541,60.87
2026-08-29 06:00,12.582,63.74
2026-08-29 07:00,12.628,67.24
2026-08-29 08:00,12.674,70.92
2026-08-29 09:00,12.718,74.44
2026-08-29 10:00,12.761,77.88
2026-08-29 11:00,12.788,80.04
2026-08-29 12:00,12.804,81.32
2026-08-29 13:00,12.812,81.96
2026-08-29 14:00,12.805,81.4
2026-08-29 15:00,12.781,79.48
2026-08-29 16:00,12.756,77.48
2026-08-29 17:00,12.728,75.24
2026-08-29 18:00,12.696,72.68
2026-08-29 19:00,12.667,70.36
2026-08-29 20:00,12.638,68.04
2026-08-29 21:00,12.612,65.96
2026-08-29 22:00,12.591,64.37
2026-08-29 23:00,12.571,62.97
2026-08-30 00:00,12.553,61.71
2026-08-30 01:00,12.537,60.59
2026-08-30 02:00,12.531,60.17
2026-08-30 03:00,12.541,60.87
2026-08-30 04:00,12.569,62.83
2026-08-30 05:00,12.604,65.32
2026-08-30 06:00,12.644,68.52
2026-08-30 07:00,12.688,72.04
2026-08-30 08:00,12.733,75.64
2026-08-30 09:00,12.772,78.76
2026-08-30 10:00,12.802,81.16
2026-08-30 11:00,12.824,82.92
2026-08-30 12:00,12.832,83.56
2026-08-30 13:00,12.827,83.16
2026-08-30 14:00,12.806,81.48
2026-08-30 15:00,12.78,79.4
2026-08-30 16:00,12.75,77.0
2026-08-30 17:00,12.718,74.44
2026-08-30 18:00,12.688,72.04
2026-08-30 19:00,12.66,69.8
2026-08-30 20:00,12.633,67.64
2026-08-30 21:00,12.611,65.88
2026-08-30 22:00,12.588,64.16
2026-08-30 23:00,12.569,62.83
2026-08-31 00:00,12.551,61.57
2026-08-31 01:00,12.535,60.45
2026-08-31 02:00,12.52,59.4
2026-08-31 03:00,12.502,58.14
2026-08-31 04:00,12.487,57.09
2026-08-31 05:00,12.479,56.53
2026-08-31 06:00,12.49,57.3
2026-08-31 07:00,12.521,59.47
2026-08-31 08:00,12.573,63.11
2026-08-31 09:00,12.629,67.32
2026-08-31 10:00,12.685,71.8
2026-08-31 11:00,12.728,75.24
2026-08-31 12:00,12.755,77.4
2026-08-31 13:00,12.769,78.52
2026-08-31 14:00,12.761,77.88
2026-08-31 15:00,12.755,77.4
2026-08-31 16:00,12.73,75.4
2026-08-31 17:00,12.7,73.0
2026-08-31 18:00,12.67,70.6
2026-08-31 19:00,12.641,68.28
2026-08-31 20:00,12.615,66.2
2026-08-31 21:00,12.59,64.3
2026-08-31 22:00,12.567,62.69
2026-08-31 23:00,12.548,61.36
2026-09-01 00:00,12.53,60.1
2026-09-01 01:00,12.512,58.84
2026-09-01 02:00,12.497,57.79
2026-09-01 03:00,12.482,56.74
2026-09-01 04:00,12.468,55.76
2026-09-01 05:00,12.461,55.27
2026-09-01 06:00,12.472,56.04
2026-09-01 07:00,12.507,58.49
2026-09-01 08:00,12.56,62.2
2026-09-01 09:00,12.616,66.28
2026-09-01 10:00,12.666,70.28
2026-09-01 11:00,12.712,73.96
2026-09-01 12:00,12.737,75.96
2026-09-01 13:00,12.755,77.4
2026-09-01 14:00,12.754,77.32
2026-09-01 15:00,12.74,76.2
2026-09-01 16:00,12.714,74.12
2026-09-01 17:00,12.685,71.8
2026-09-01 18:00,12.654,69.32
2026-09-01 19:00,12.625,67.0
2026-09-01 20:00,12.599,64.93
2026-09-01 21:00,12.576,63.32
2026-09-01 22:00,12.552,61.64
2026-09-01 23:00,12.531,60.17
2026-09-02 00:00,12.513,58.91
2026-09-02 01:00,12.496,57.72
2026-09-02 02:00,12.481,56.67
2026-09-02 03:00,12.465,55.55
2026-09-02 04:00,12.451,54.57
2026-09-02 05:00,12.441,53.87
2026-09-02 06:00,12.452,54.64
2026-09-02 07:00,12.487,57.09
2026-09-02 08:00,12.541,60.87
2026-09-02 09:00,12.601,65.08
2026-09-02 10:00,12.657,69.56
2026-09-02 11:00,12.703,73.24
2026-09-02 12:00,12.732,75.56
2026-09-02 13:00,12.75,77.0
2026-09-02 14:00,12.747,76.76
2026-09-02 15:00,12.733,75.64
2026-09-02 16:00,12.711,73.88
2026-09-02 17:00,12.675,71.0
2026-09-02 18:00,12.72,74.6
2026-09-02 19:00,12.682,71.56
2026-09-02 20:00,12.65,69.0
2026-09-02 21:00,12.628,67.24
2026-09-02 22:00,12.606,65.48
2026-09-02 23:00,12.588,64.16
2026-09-03 00:00,12.575,63.25
2026-09-03 01:00,12.562,62.34
2026-09-03 02:00,12.548,61.36
2026-09-03 03:00,12.537,60.59
2026-09-03 04:00,12.525,59.75
2026-09-03 05:00,12.522,59.54
2026-09-03 06:00,12.539,60.73
2026-09-03 07:00,12.577,63.39
2026-09-03 08:00,12.628,67.24
2026-09-03 09:00,12.685,71.8
2026-09-03 10:00,12.736,75.88
2026-09-03 11:00,12.782,79.56
2026-09-03 12:00,12.808,81.64
2026-09-03 13:00,12.817,82.36
2026-09-03 14:00,12.808,81.64
2026-09-03 15:00,12.808,81.64
2026-09-03 16:00,12.777,79.16
2026-09-03 17:00,12.763,78.04
2026-09-03 18:00,12.727,75.16
2026-09-03 19:00,12.695,72.6
2026-09-03 20:00,12.669,70.52
2026-09-03 21:00,12.642,68.36
2026-09-03 22:00,12.618,66.44
2026-09-03 23:00,12.594,64.58
2026-09-04 00:00,12.573,63.11
2026-09-04 01:00,12.549,61.43
2026-09-04 02:00,12.531,60.17
2026-09-04 03:00,12.518,59.26
2026-09-04 04:00,12.502,58.14
2026-09-04 05:00,12.492,57.44
2026-09-04 06:00,12.502,58.14
2026-09-04 07:00,12.534,60.38
2026-09-04 08:00,12.586,64.02
2026-09-04 09:00,12.638,68.04
2026-09-04 10:00,12.69,72.2
2026-09-04 11:00,12.733,75.64
2026-09-04 12:00,12.758,77.64
2026-09-04 13:00,12.761,77.88
2026-09-04 14:00,12.764,78.12
2026-09-04 15:00,12.749,76.92
2026-09-04 16:00,12.724,74.92
2026-09-04 17:00,12.691,72.28
2026-09-04 18:00,12.663,70.04
2026-09-04 19:00,12.633,67.64
2026-09-04 20:00,12.606,65.48
2026-09-04 21:00,12.58,63.6
2026-09-04 22:00,12.557,61.99
2026-09-04 23:00,12.535,60.45
2026-09-05 00:00,12.516,59.12
2026-09-05 01:00,12.496,57.72
2026-09-05 02:00,12.479,56.53
2026-09-05 03:00,12.462,55.34
2026-09-05 04:00,12.444,54.08
2026-09-05 05:00,12.435,53.45
2026-09-05 06:00,12.443,54.01
2026-09-05 07:00,12.479,56.53
2026-09-05 08:00,12.531,60.17
2026-09-05 09:00,12.589,64.23
2026-09-05 10:00,12.647,68.76
2026-09-05 11:00,12.692,72.36
2026-09-05 12:00,12.722,74.76
2026-09-05 13:00,12.735,75.8
2026-09-05 14:00,12.731,75.48
2026-09-05 15:00,12.716,74.28
2026-09-05 16:00,12.692,72.36
2026-09-05 17:00,12.662,69.96
2026-09-05 18:00,12.628,67.24
2026-09-05 19:00,12.597,64.79
2026-09-05 20:00,12.57,62.9
2026-09-05 21:00,12.543,61.01
2026-09-05 22:00,12.52,59.4
2026-09-05 23:00,12.498,57.86
2026-09-06 00:00,12.48,56.6
2026-09-06 01:00,12.462,55.34
2026-09-06 02:00,12.441,53.87
2026-09-06 03:00,12.425,52.75
2026-09-06 04:00,12.408,51.56
2026-09-06 05:00,12.4,51.0
2026-09-06 06:00,12.411,51.77
2026-09-06 07:00,12.447,54.29
2026-09-06 08:00,12.502,58.14
2026-09-06 09:00,12.562,62.34
2026-09-06 10:00,12.624,66.92
2026-09-06 11:00,12.668,70.44
2026-09-06 12:00,12.698,72.84
2026-09-06 13:00,12.714,74.12
2026-09-06 14:00,12.707,73.56
2026-09-06 15:00,12.695,72.6
2026-09-06 16:00,12.671,70.68
2026-09-06 17:00,12.638,68.04
2026-09-06 18:00,12.606,65.48
2026-09-06 19:00,12.574,63.18
2026-09-06 20:00,12.547,61.29
2026-09-06 21:00,12.518,59.26
2026-09-06 22:00,12.492,57.44
2026-09-06 23:00,12.471,55.97
2026-09-07 00:00,12.451,54.57
2026-09-07 01:00,12.431,53.17
2026-09-07 02:00,12.414,51.98
2026-09-07 03:00,12.395,50.7
2026-09-07 04:00,12.379,49.74
2026-09-07 05:00,12.369,49.14
2026-09-07 06:00,12.38,49.8
2026-09-07 07:00,12.415,52.05
2026-09-07 08:00,12.472,56.04
2026-09-07 09:00,12.535,60.45
2026-09-07 10:00,12.597,64.79
2026-09-07 11:00,12.646,68.68
2026-09-07 12:00,12.678,71.24
2026-09-07 13:00,12.692,72.36
2026-09-07 14:00,12.69,72.2
2026-09-07 15:00,12.671,70.68
2026-09-07 16:00,12.647,68.76
2026-09-07 17:00,12.616,66.28
2026-09-07 18:00,12.58,63.6
2026-09-07 19:00,12.549,61.43
2026-09-07 20:00,12.521,59.47
2026-09-07 21:00,12.492,57.44
2026-09-07 22:00,12.468,55.76
2026-09-07 23:00,12.445,54.15
2026-09-08 00:00,12.425,52.75
2026-09-08 01:00,12.407,51.49
2026-09-08 02:00,12.386,50.16
2026-09-08 03:00,12.37,49.2
2026-09-08 04:00,12.354,48.24
2026-09-08 05:00,12.345,47.7
2026-09-08 06:00,12.357,48.42
2026-09-08 07:00,12.394,50.64
2026-09-08 08:00,12.451,54.57
2026-09-08 09:00,12.519,59.33
2026-09-08 10:00,12.581,63.67
2026-09-08 11:00,12.628,67.24
2026-09-08 12:00,12.661,69.88
2026-09-08 13:00,12.673,70.84
2026-09-08 14:00,12.666,70.28
2026-09-08 15:00,12.657,69.56
2026-09-08 16:00,12.627,67.16
2026-09-08 17:00,12.597,64.79
2026-09-08 18:00,12.562,62.34
2026-09-08 19:00,12.529,60.03
2026-09-08 20:00,12.5,58.0
2026-09-08 21:00,12.473,56.11
2026-09-08 22:00,12.449,54.43
2026-09-08 23:00,12.425,52.75
2026-09-09 00:00,12.405,51.35
2026-09-09 01:00,12.386,50.16
2026-09-09 02:00,12.367,49.02
2026-09-09 03:00,12.348,47.88
2026-09-09 04:00,12.334,47.04
2026-09-09 05:00,12.322,46.32
2026-09-09 06:00,12.329,46.74
2026-09-09 07:00,12.367,49.02
2026-09-09 08:00,12.425,52.75
2026-09-09 09:00,12.493,57.51
2026-09-09 10:00,12.559,62.13
2026-09-09 11:00,12.611,65.88
2026-09-09 12:00,12.64,68.2
2026-09-09 13:00,12.657,69.56
2026-09-09 14:00,12.655,69.4
2026-09-09 15:00,12.641,68.28
2026-09-09 16:00,12.633,67.64
2026-09-09 17:00,12.601,65.08
2026-09-09 18:00,12.568,62.76
2026-09-09 19:00,12.532,60.24
2026-09-09 20:00,12.502,58.14
2026-09-09 21:00,12.473,56.11
2026-09-09 22:00,12.448,54.36
2026-09-09 23:00,12.425,52.75
2026-09-10 00:00,12.404,51.28
2026-09-10 01:00,12.384,50.04
2026-09-10 02:00,12.366,48.96
2026-09-10 03:00,12.348,47.88
2026-09-10 04:00,12.331,46.86
2026-09-10 05:00,12.313,45.78
2026-09-10 06:00,12.298,44.88
2026-09-10 07:00,12.293,44.58
2026-09-10 08:00,12.319,46.14
2026-09-10 09:00,12.386,50.16
2026-09-10 10:00,12.476,56.32
2026-09-10 11:00,12.558,62.06
2026-09-10 12:00,12.621,66.68
2026-09-10 13:00,12.662,69.96
2026-09-10 14:00,12.683,71.64
2026-09-10 15:00,12.688,72.04
2026-09-10 16:00,12.669,70.52
2026-09-10 17:00,12.643,68.44
2026-09-10 18:00,12.61,65.8
2026-09-10 19:00,12.575,63.25
2026-09-10 20:00,12.544,61.08
2026-09-10 21:00,12.526,59.82
2026-09-10 22:00,12.515,59.05
2026-09-10 23:00,12.507,58.49
2026-09-11 00:00,12.499,57.93
2026-09-11 01:00,12.486,57.02
2026-09-11 02:00,12.473,56.11
2026-09-11 03:00,12.457,54.99
2026-09-11 04:00,12.437,53.59
2026-09-11 05:00,12.418,52.26
2026-09-11 06:00,12.405,51.35
2026-09-11 07:00,12.408,51.56
2026-09-11 08:00,12.449,54.43
2026-09-11 09:00,12.508,58.56
2026-09-11 10:00,12.573,63.11
2026-09-11 11:00,12.622,66.76
2026-09-11 12:00,12.652,69.16
2026-09-11 13:00,12.663,70.04
2026-09-11 14:00,12.644,68.52
2026-09-11 15:00,12.634,67.72
2026-09-11 16:00,12.608,65.64
2026-09-11 17:00,12.579,63.53
2026-09-11 18:00,12.546,61.22
2026-09-11 19:00,12.518,59.26
2026-09-11 20:00,12.492,57.44
2026-09-11 21:00,12.466,55.62
2026-09-11 22:00,12.443,54.01
2026-09-11 23:00,12.422,52.54
2026-09-12 00:00,12.403,51.21
2026-09-12 01:00,12.385,50.1
2026-09-12 02:00,12.362,48.72
2026-09-12 03:00,12.352,48.12
2026-09-12 04:00,12.338,47.28
2026-09-12 05:00,12.325,46.5
2026-09-12 06:00,12.351,48.06
2026-09-12 07:00,12.401,51.07
2026-09-12 08:00,12.475,56.25
2026-09-12 09:00,12.556,61.92
2026-09-12 10:00,12.631,67.48
2026-09-12 11:00,12.693,72.44
2026-09-12 12:00,12.735,75.8
2026-09-12 13:00,12.759,77.72
2026-09-12 14:00,12.76,77.8
2026-09-12 15:00,12.744,76.52
2026-09-12 16:00,12.718,74.44
2026-09-12 17:00,12.684,71.72
2026-09-12 18:00,12.645,68.6
2026-09-12 19:00,12.606,65.48
2026-09-12 20:00,12.571,62.97
2026-09-12 21:00,12.537,60.59
2026-09-12 22:00,12.508,58.56
2026-09-12 23:00,12.483,56.81
2026-09-13 00:00,12.461,55.27
2026-09-13 01:00,12.444,54.08
2026-09-13 02:00,12.421,52.47
2026-09-13 03:00,12.405,51.35
2026-09-13 04:00,12.388,50.28
2026-09-13 05:00,12.382,49.92
2026-09-13 06:00,12.403,51.21
2026-09-13 07:00,12.449,54.43
2026-09-13 08:00,12.517,59.19
2026-09-13 09:00,12.591,64.37
2026-09-13 10:00,12.663,70.04
2026-09-13 11:00,12.721,74.68
2026-09-13 12:00,12.761,77.88
2026-09-13 13:00,12.78,79.4
2026-09-13 14:00,12.779,79.32
2026-09-13 15:00,12.762,77.96
2026-09-13 16:00,12.733,75.64
2026-09-13 17:00,12.699,72.92
2026-09-13 18:00,12.671,70.68
2026-09-13 19:00,12.636,67.88
2026-09-13 20:00,12.652,69.16
2026-09-13 21:00,12.639,68.12
2026-09-13 22:00,12.618,66.44
2026-09-13 23:00,12.595,64.65
2026-09-14 00:00,12.574,63.18
2026-09-14 01:00,12.576,63.32
2026-09-14 02:00,12.561,62.27
2026-09-14 03:00,12.535,60.45
2026-09-14 04:00,12.519,59.33
2026-09-14 05:00,12.514,58.98
2026-09-14 06:00,12.537,60.59
2026-09-14 07:00,12.595,64.65
2026-09-14 08:00,12.677,71.16
2026-09-14 09:00,12.762,77.96
2026-09-14 10:00,12.843,84.44
2026-09-14 11:00,12.906,89.48
2026-09-14 12:00,12.953,93.24
2026-09-14 13:00,12.982,95.56
2026-09-14 14:00,12.986,95.88
2026-09-14 15:00,12.969,94.52
2026-09-14 16:00,12.972,94.76
2026-09-14 17:00,12.98,95.4
2026-09-14 18:00,12.939,92.12
2026-09-14 19:00,12.906,89.48
2026-09-14 20:00,12.855,85.4
2026-09-14 21:00,12.801,81.08
2026-09-14 22:00,12.753,77.24
2026-09-14 23:00,12.707,73.56
2026-09-15 00:00,12.665,70.2
2026-09-15 01:00,12.627,67.16
2026-09-15 02:00,12.586,64.02
2026-09-15 03:00,12.552,61.64
2026-09-15 04:00,12.522,59.54
2026-09-15 05:00,12.506,58.42
2026-09-15 06:00,12.515,59.05
2026-09-15 07:00,12.549,61.43
2026-09-15 08:00,12.604,65.32
2026-09-15 09:00,12.665,70.2
2026-09-15 10:00,12.737,75.96
2026-09-15 11:00,12.797,80.76
2026-09-15 12:00,12.841,84.28
2026-09-15 13:00,12.868,86.44
2026-09-15 14:00,12.87,86.6
2026-09-15 15:00,12.856,85.48
2026-09-15 16:00,12.829,83.32
2026-09-15 17:00,12.787,79.96
2026-09-15 18:00,12.759,77.72
2026-09-15 19:00,12.724,74.92
2026-09-15 20:00,12.689,72.12
2026-09-15 21:00,12.657,69.56
2026-09-15 22:00,12.63,67.4
2026-09-15 23:00,12.603,65.24
2026-09-16 00:00,12.585,63.95
2026-09-16 01:00,12.567,62.69
2026-09-16 02:00,12.548,61.36
2026-09-16 03:00,12.53,60.1
2026-09-16 04:00,12.516,59.12
2026-09-16 05:00,12.539,60.73
2026-09-16 06:00,12.563,62.41
2026-09-16 07:00,12.597,64.79
2026-09-16 08:00,12.662,69.96
2026-09-16 09:00,12.727,75.16
2026-09-16 10:00,12.796,80.68
2026-09-16 11:00,12.854,85.32
2026-09-16 12:00,12.892,88.36
2026-09-16 13:00,12.912,89.96
2026-09-16 14:00,12.91,89.8
2026-09-16 15:00,12.898,88.84
2026-09-16 16:00,12.87,86.6
2026-09-16 17:00,12.842,84.36
2026-09-16 18:00,12.817,82.36
2026-09-16 19:00,12.784,79.72
2026-09-16 20:00,12.748,76.84
2026-09-16 21:00,12.713,74.04
2026-09-16 22:00,12.678,71.24
2026-09-16 23:00,12.645,68.6
2026-09-17 00:00,12.616,66.28
2026-09-17 01:00,12.588,64.16
2026-09-17 02:00,12.564,62.48
2026-09-17 03:00,12.544,61.08
2026-09-17 04:00,12.529,60.03
2026-09-17 05:00,12.527,59.89
2026-09-17 06:00,12.549,61.43
2026-09-17 07:00,12.592,64.44
2026-09-17 08:00,12.651,69.08
2026-09-17 09:00,12.717,74.36
2026-09-17 10:00,12.774,78.92
2026-09-17 11:00,12.82,82.6
2026-09-17 12:00,12.855,85.4
2026-09-17 13:00,12.865,86.2
2026-09-17 14:00,12.859,85.72
2026-09-17 15:00,12.828,83.24
2026-09-17 16:00,12.81,81.8
2026-09-17 17:00,12.79,80.2
2026-09-17 18:00,12.786,79.88
2026-09-17 19:00,12.766,78.28
2026-09-17 20:00,12.726,75.08
2026-09-17 21:00,12.689,72.12
2026-09-17 22:00,12.659,69.72
2026-09-17 23:00,12.629,67.32
2026-09-18 00:00,12.599,64.93
2026-09-18 01:00,12.574,63.18
2026-09-18 02:00,12.55,61.5
2026-09-18 03:00,12.527,59.89
2026-09-18 04:00,12.506,58.42
2026-09-18 05:00,12.509,58.63
2026-09-18 06:00,12.518,59.26
2026-09-18 07:00,12.527,59.89
2026-09-18 08:00,12.536,60.52
2026-09-18 09:00,12.545,61.15
2026-09-18 10:00,12.554,61.78
2026-09-18 11:00,12.563,62.41
2026-09-18 12:00,12.572,63.04
2026-09-18 13:00,12.581,63.67
2026-09-18 14:00,12.59,64.3
2026-09-18 15:00,12.599,64.93
2026-09-18 16:00,12.608,65.64
2026-09-18 17:00,12.617,66.36
2026-09-18 18:00,12.625,67.0
2026-09-18 19:00,12.634,67.72
2026-09-18 20:00,12.642,68.36
2026-09-18 21:00,12.651,69.08
2026-09-18 22:00,12.63,67.4
2026-09-18 23:00,12.603,65.24
2026-09-19 00:00,12.578,63.46
2026-09-19 01:00,12.554,61.78
2026-09-19 02:00,12.533,60.31
2026-09-19 03:00,12.512,58.84
2026-09-19 04:00,12.496,57.72
2026-09-19 05:00,12.492,57.44
2026-09-19 06:00,12.514,58.98
2026-09-19 07:00,12.56,62.2
2026-09-19 08:00,12.624,66.92
2026-09-19 09:00,12.692,72.36
2026-09-19 10:00,12.759,77.72
2026-09-19 11:00,12.812,81.96
2026-09-19 12:00,12.85,85.0
2026-09-19 13:00,12.867,86.36
2026-09-19 14:00,12.864,86.12
2026-09-19 15:00,12.845,84.6
2026-09-19 16:00,12.815,82.2
2026-09-19 17:00,12.775,79.0
2026-09-19 18:00,12.74,76.2
2026-09-19 19:00,12.7,73.0
2026-09-19 20:00,12.664,70.12
2026-09-19 21:00,12.629,67.32
2026-09-19 22:00,12.598,64.86
2026-09-19 23:00,12.572,63.04
2026-09-20 00:00,12.545,61.15
2026-09-20 01:00,12.522,59.54
2026-09-20 02:00,12.501,58.07
2026-09-20 03:00,12.481,56.67
2026-09-20 04:00,12.468,55.76
2026-09-20 05:00,12.472,56.04
2026-09-20 06:00,12.504,58.28
2026-09-20 07:00,12.558,62.06
2026-09-20 08:00,12.624,66.92
2026-09-20 09:00,12.691,72.28
2026-09-20 10:00,12.753,77.24
2026-09-20 11:00,12.804,81.32
2026-09-20 12:00,12.832,83.56
2026-09-20 13:00,12.84,84.2
2026-09-20 14:00,12.836,83.88
2026-09-20 15:00,12.814,82.12
2026-09-20 16:00,12.786,79.88
2026-09-20 17:00,12.752,77.16
2026-09-20 18:00,12.716,74.28
2026-09-20 19:00,12.68,71.4
2026-09-20 20:00,12.65,69.0
2026-09-20 21:00,12.62,66.6
2026-09-20 22:00,12.595,64.65
2026-09-20 23:00,12.575,63.25
2026-09-21 00:00,12.555,61.85
2026-09-21 01:00,12.537,60.59
2026-09-21 02:00,12.521,59.47
2026-09-21 03:00,12.507,58.49
2026-09-21 04:00,12.498,57.86
2026-09-21 05:00,12.507,58.49
2026-09-21 06:00,12.54,60.8
2026-09-21 07:00,12.596,64.72
2026-09-21 08:00,12.664,70.12
2026-09-21 09:00,12.732,75.56
2026-09-21 10:00,12.794,80.52
2026-09-21 11:00,12.835,83.8
2026-09-21 12:00,12.872,86.76
2026-09-21 13:00,12.874,86.92
2026-09-21 14:00,12.869,86.52
2026-09-21 15:00,12.858,85.64
2026-09-21 16:00,12.828,83.24
2026-09-21 17:00,12.793,80.44
2026-09-21 18:00,12.761,77.88
2026-09-21 19:00,12.727,75.16
2026-09-21 20:00,12.696,72.68
2026-09-21 21:00,12.666,70.28
2026-09-21 22:00,12.639,68.12
2026-09-21 23:00,12.613,66.04
2026-09-22 00:00,12.591,64.37
2026-09-22 01:00,12.573,63.11
2026-09-22 02:00,12.561,62.27
2026-09-22 03:00,12.559,62.13
2026-09-22 04:00,12.593,64.51
2026-09-22 05:00,12.619,66.52
2026-09-22 06:00,12.655,69.4
2026-09-22 07:00,12.702,73.16
2026-09-22 08:00,12.75,77.0
2026-09-22 09:00,12.797,80.76
2026-09-22 10:00,12.834,83.72
2026-09-22 11:00,12.862,85.96
2026-09-22 12:00,12.875,87.0
2026-09-22 13:00,12.869,86.52
2026-09-22 14:00,12.857,85.56
2026-09-22 15:00,12.832,83.56
2026-09-22 16:00,12.799,80.92
2026-09-22 17:00,12.762,77.96
2026-09-22 18:00,12.723,74.84
2026-09-22 19:00,12.685,71.8
2026-09-22 20:00,12.651,69.08
2026-09-22 21:00,12.619,66.52
2026-09-22 22:00,12.589,64.23
2026-09-22 23:00,12.559,62.13
2026-09-23 00:00,12.533,60.31
2026-09-23 01:00,12.512,58.84
2026-09-23 02:00,12.495,57.65
2026-09-23 03:00,12.49,57.3
2026-09-23 04:00,12.501,58.07
2026-09-23 05:00,12.519,59.33
2026-09-23 06:00,12.549,61.43
2026-09-23 07:00,12.587,64.09
2026-09-23 08:00,12.624,66.92
2026-09-23 09:00,12.662,69.96
2026-09-23 10:00,12.697,72.76
2026-09-23 11:00,12.724,74.92
2026-09-23 12:00,12.737,75.96
2026-09-23 13:00,12.742,76.36
2026-09-23 14:00,12.726,75.08
2026-09-23 15:00,12.703,73.24
2026-09-23 16:00,12.672,70.76
2026-09-23 17:00,12.639,68.12
2026-09-23 18:00,12.603,65.24
2026-09-23 19:00,12.568,62.76
2026-09-23 20:00,12.534,60.38
2026-09-23 21:00,12.502,58.14
2026-09-23 22:00,12.472,56.04
2026-09-23 23:00,12.446,54.22
2026-09-24 00:00,12.42,52.4
2026-09-24 01:00,12.398,50.88
2026-09-24 02:00,12.383,49.98
2026-09-24 03:00,12.382,49.92
2026-09-24 04:00,12.398,50.88
2026-09-24 05:00,12.426,52.82
2026-09-24 06:00,12.465,55.55
2026-09-24 07:00,12.505,58.35
2026-09-24 08:00,12.544,61.08
2026-09-24 09:00,12.581,63.67
2026-09-24 10:00,12.61,65.8
2026-09-24 11:00,12.631,67.48
2026-09-24 12:00,12.643,68.44
2026-09-24 13:00,12.642,68.36
2026-09-24 14:00,12.63,67.4
2026-09-24 15:00,12.608,65.64
2026-09-24 16:00,12.58,63.6
2026-09-24 17:00,12.553,61.71
2026-09-24 18:00,12.525,59.75
2026-09-24 19:00,12.496,57.72
2026-09-24 20:00,12.471,55.97
2026-09-24 21:00,12.449,54.43
2026-09-24 22:00,12.429,53.03
2026-09-24 23:00,12.41,51.7
2026-09-25 00:00,12.394,50.64
2026-09-25 01:00,12.379,49.74
2026-09-25 02:00,12.369,49.14
2026-09-25 03:00,12.371,49.26
2026-09-25 04:00,12.391,50.46
2026-09-25 05:00,12.424,52.68
2026-09-25 06:00,12.465,55.55
2026-09-25 07:00,12.508,58.56
2026-09-25 08:00,12.55,61.5
2026-09-25 09:00,12.587,64.09
2026-09-25 10:00,12.618,66.44
2026-09-25 11:00,12.637,67.96
2026-09-25 12:00,12.65,69.0
2026-09-25 13:00,12.653,69.24
2026-09-25 14:00,12.643,68.44
2026-09-25 15:00,12.624,66.92
2026-09-25 16:00,12.606,65.48
2026-09-25 17:00,12.571,62.97
2026-09-25 18:00,12.545,61.15
2026-09-25 19:00,12.531,60.17
2026-09-25 20:00,12.508,58.56
2026-09-25 21:00,12.487,57.09
2026-09-25 22:00,12.468,55.76
2026-09-25 23:00,12.449,54.43
2026-09-26 00:00,12.433,53.31
2026-09-26 01:00,12.421,52.47
2026-09-26 02:00,12.411,51.77
2026-09-26 03:00,12.409,51.63
2026-09-26 04:00,12.425,52.75
2026-09-26 05:00,12.454,54.78
2026-09-26 06:00,12.494,57.58
2026-09-26 07:00,12.538,60.66
2026-09-26 08:00,12.582,63.74
2026-09-26 09:00,12.623,66.84
2026-09-26 10:00,12.648,68.84
2026-09-26 11:00,12.67,70.6
2026-09-26 12:00,12.677,71.16
2026-09-26 13:00,12.673,70.84
2026-09-26 14:00,12.657,69.56
2026-09-26 15:00,12.632,67.56
2026-09-26 16:00,12.603,65.24
2026-09-26 17:00,12.573,63.11
2026-09-26 18:00,12.532,60.24
2026-09-26 19:00,12.505,58.35
2026-09-26 20:00,12.476,56.32
2026-09-26 21:00,12.448,54.36
2026-09-26 22:00,12.422,52.54
2026-09-26 23:00,12.398,50.88
2026-09-27 00:00,12.376,49.56
2026-09-27 01:00,12.353,48.18
2026-09-27 02:00,12.333,46.98
2026-09-27 03:00,12.314,45.84
2026-09-27 04:00,12.296,44.76
2026-09-27 05:00,12.29,44.4
2026-09-27 06:00,12.318,46.08
2026-09-27 07:00,12.372,49.32
2026-09-27 08:00,12.443,54.01
2026-09-27 09:00,12.521,59.47
2026-09-27 10:00,12.585,63.95
2026-09-27 11:00,12.632,67.56
2026-09-27 12:00,12.665,70.2
2026-09-27 13:00,12.673,70.84
2026-09-27 14:00,12.662,69.96
2026-09-27 15:00,12.645,68.6
2026-09-27 16:00,12.615,66.2
2026-09-27 17:00,12.583,63.81
2026-09-27 18:00,12.547,61.29
2026-09-27 19:00,12.516,59.12
2026-09-27 20:00,12.486,57.02
2026-09-27 21:00,12.459,55.13
2026-09-27 22:00,12.435,53.45
2026-09-27 23:00,12.416,52.12
2026-09-28 00:00,12.397,50.82
2026-09-28 01:00,12.383,49.98
2026-09-28 02:00,12.376,49.56
2026-09-28 03:00,12.385,50.1
2026-09-28 04:00,12.413,51.91
2026-09-28 05:00,12.455,54.85
2026-09-28 06:00,12.503,58.21
2026-09-28 07:00,12.551,61.57
2026-09-28 08:00,12.595,64.65
2026-09-28 09:00,12.634,67.72
2026-09-28 10:00,12.663,70.04
2026-09-28 11:00,12.68,71.4
2026-09-28 12:00,12.689,72.12
2026-09-28 13:00,12.678,71.24
2026-09-28 14:00,12.655,69.4
2026-09-28 15:00,12.627,67.16
2026-09-28 16:00,12.622,66.76
2026-09-28 17:00,12.598,64.86
2026-09-28 18:00,12.568,62.76
2026-09-28 19:00,12.543,61.01
2026-09-28 20:00,12.519,59.33
2026-09-28 21:00,12.498,57.86
2026-09-28 22:00,12.478,56.46
2026-09-28 23:00,12.458,55.06
2026-09-29 00:00,12.442,53.94
2026-09-29 01:00,12.429,53.03
2026-09-29 02:00,12.422,52.54
2026-09-29 03:00,12.434,53.38
2026-09-29 04:00,12.463,55.41
2026-09-29 05:00,12.502,58.14
2026-09-29 06:00,12.547,61.29
2026-09-29 07:00,12.596,64.72
2026-09-29 08:00,12.638,68.04
2026-09-29 09:00,12.669,70.52
2026-09-29 10:00,12.693,72.44
2026-09-29 11:00,12.707,73.56
2026-09-29 12:00,12.708,73.64
2026-09-29 13:00,12.692,72.36
2026-09-29 14:00,12.673,70.84
2026-09-29 15:00,12.655,69.4
2026-09-29 16:00,12.633,67.64
2026-09-29 17:00,12.603,65.24
2026-09-29 18:00,12.574,63.18
2026-09-29 19:00,12.553,61.71
2026-09-29 20:00,12.528,59.96
2026-09-29 21:00,12.507,58.49
2026-09-29 22:00,12.485,56.95
2026-09-29 23:00,12.467,55.69
2026-09-30 00:00,12.448,54.36
2026-09-30 01:00,12.431,53.17
2026-09-30 02:00,12.415,52.05
2026-09-30 03:00,12.405,51.35
2026-09-30 04:00,12.417,52.19
2026-09-30 05:00,12.452,54.64
2026-09-30 06:00,12.502,58.14
2026-09-30 07:00,12.551,61.57
2026-09-30 08:00,12.602,65.16
2026-09-30 09:00,12.646,68.68
2026-09-30 10:00,12.675,71.0
2026-09-30 11:00,12.703,73.24
2026-09-30 12:00,12.71,73.8
2026-09-30 13:00,12.71,73.8
2026-09-30 14:00,12.689,72.12
2026-09-30 15:00,12.698,72.84
2026-09-30 16:00,12.705,73.4
2026-09-30 17:00,12.678,71.24
2026-09-30 18:00,12.632,67.56
2026-09-30 19:00,12.601,65.08
2026-09-30 20:00,12.562,62.34
2026-09-30 21:00,12.542,60.94
2026-09-30 22:00,12.517,59.19
2026-09-30 23:00,12.489,57.23
2026-10-01 00:00,12.462,55.34
2026-10-01 01:00,12.44,53.8
2026-10-01 02:00,12.424,52.68
2026-10-01 03:00,12.428,52.96
2026-10-01 04:00,12.456,54.92
2026-10-01 05:00,12.505,58.35
2026-10-01 06:00,12.561,62.27
2026-10-01 07:00,12.62,66.6
2026-10-01 08:00,12.671,70.68
2026-10-01 09:00,12.714,74.12
2026-10-01 10:00,12.754,77.32
2026-10-01 11:00,12.772,78.76
2026-10-01 12:00,12.771,78.68
2026-10-01 13:00,12.771,78.68
2026-10-01 14:00,12.742,76.36
2026-10-01 15:00,12.722,74.76
2026-10-01 16:00,12.689,72.12
2026-10-01 17:00,12.65,69.0
2026-10-01 18:00,12.613,66.04
2026-10-01 19:00,12.578,63.46
2026-10-01 20:00,12.544,61.08
2026-10-01 21:00,12.512,58.84
2026-10-01 22:00,12.482,56.74
2026-10-01 23:00,12.455,54.85
2026-10-02 00:00,12.429,53.03
2026-10-02 01:00,12.406,51.42
2026-10-02 02:00,12.378,49.68
2026-10-02 03:00,12.4,51.0
2026-10-02 04:00,12.424,52.68
2026-10-02 05:00,12.464,55.48
2026-10-02 06:00,12.511,58.77
2026-10-02 07:00,12.56,62.2
2026-10-02 08:00,12.604,65.32
2026-10-02 09:00,12.64,68.2
2026-10-02 10:00,12.665,70.2
2026-10-02 11:00,12.677,71.16
2026-10-02 12:00,12.674,70.92
2026-10-02 13:00,12.661,69.88
2026-10-02 14:00,12.628,67.24
2026-10-02 15:00,12.6,65.0
2026-10-02 16:00,12.561,62.27
2026-10-02 17:00,12.528,59.96
2026-10-02 18:00,12.493,57.51
2026-10-02 19:00,12.456,54.92
2026-10-02 20:00,12.422,52.54
2026-10-02 21:00,12.391,50.46
2026-10-02 22:00,12.361,48.66
2026-10-02 23:00,12.332,46.92
2026-10-03 00:00,12.306,45.36
2026-10-03 01:00,12.282,43.92
2026-10-03 02:00,12.258,42.48
2026-10-03 03:00,12.24,41.4
2026-10-03 04:00,12.241,41.46
2026-10-03 05:00,12.278,43.68
2026-10-03 06:00,12.341,47.46
2026-10-03 07:00,12.425,52.75
2026-10-03 08:00,12.51,58.7
2026-10-03 09:00,12.588,64.16
2026-10-03 10:00,12.664,70.12
2026-10-03 11:00,12.721,74.68
2026-10-03 12:00,12.756,77.48
2026-10-03 13:00,12.769,78.52
2026-10-03 14:00,12.764,78.12
2026-10-03 15:00,12.747,76.76
2026-10-03 16:00,12.722,74.76
2026-10-03 17:00,12.684,71.72
2026-10-03 18:00,12.667,70.36
2026-10-03 19:00,12.637,67.96
2026-10-03 20:00,12.603,65.24
2026-10-03 21:00,12.571,62.97
2026-10-03 22:00,12.543,61.01
2026-10-03 23:00,12.516,59.12
2026-10-04 00:00,12.493,57.51
2026-10-04 01:00,12.47,55.9
2026-10-04 02:00,12.457,54.99
2026-10-04 03:00,12.454,54.78
2026-10-04 04:00,12.474,56.18
2026-10-04 05:00,12.514,58.98
2026-10-04 06:00,12.566,62.62
2026-10-04 07:00,12.622,66.76
2026-10-04 08:00,12.667,70.36
2026-10-04 09:00,12.718,74.44
2026-10-04 10:00,12.755,77.4
2026-10-04 11:00,12.779,79.32
2026-10-04 12:00,12.788,80.04
2026-10-04 13:00,12.783,79.64
2026-10-04 14:00,12.765,78.2
2026-10-04 15:00,12.739,76.12
2026-10-04 16:00,12.704,73.32
2026-10-04 17:00,12.666,70.28
2026-10-04 18:00,12.629,67.32
2026-10-04 19:00,12.593,64.51
2026-10-04 20:00,12.561,62.27
2026-10-04 21:00,12.527,59.89
2026-10-04 22:00,12.496,57.72
2026-10-04 23:00,12.468,55.76
2026-10-05 00:00,12.441,53.87
2026-10-05 01:00,12.415,52.05
2026-10-05 02:00,12.392,50.52
2026-10-05 03:00,12.374,49.44
2026-10-05 04:00,12.379,49.74
2026-10-05 05:00,12.408,51.56
2026-10-05 06:00,12.453,54.71
2026-10-05 07:00,12.508,58.56
2026-10-05 08:00,12.556,61.92
2026-10-05 09:00,12.601,65.08
2026-10-05 10:00,12.641,68.28
2026-10-05 11:00,12.666,70.28
2026-10-05 12:00,12.674,70.92
2026-10-05 13:00,12.674,70.92
2026-10-05 14:00,12.659,69.72
2026-10-05 15:00,12.632,67.56
2026-10-05 16:00,12.596,64.72
2026-10-05 17:00,12.562,62.34
2026-10-05 18:00,12.519,59.33
2026-10-05 19:00,12.539,60.73
2026-10-05 20:00,12.522,59.54
2026-10-05 21:00,12.5,58.0
2026-10-05 22:00,12.463,55.41
2026-10-05 23:00,12.428,52.96
2026-10-06 00:00,12.4,51.0
2026-10-06 01:00,12.373,49.38
2026-10-06 02:00,12.339,47.34
2026-10-06 03:00,12.369,49.14
2026-10-06 04:00,12.412,51.84
2026-10-06 05:00,12.442,53.94
2026-10-06 06:00,12.494,57.58
2026-10-06 07:00,12.564,62.48
2026-10-06 08:00,12.638,68.04
2026-10-06 09:00,12.716,74.28
2026-10-06 10:00,12.786,79.88
2026-10-06 11:00,12.839,84.12
2026-10-06 12:00,12.881,87.48
2026-10-06 13:00,12.902,89.16
2026-10-06 14:00,12.909,89.72
2026-10-06 15:00,12.905,89.4
2026-10-06 16:00,12.885,87.8
2026-10-06 17:00,12.864,86.12
2026-10-06 18:00,12.833,83.64
2026-10-06 19:00,12.796,80.68
2026-10-06 20:00,12.755,77.4
2026-10-06 21:00,12.714,74.12
2026-10-06 22:00,12.674,70.92
2026-10-06 23:00,12.633,67.64
2026-10-07 00:00,12.596,64.72
2026-10-07 01:00,12.561,62.27
2026-10-07 02:00,12.535,60.45
2026-10-07 03:00,12.526,59.82
2026-10-07 04:00,12.539,60.73
2026-10-07 05:00,12.574,63.18
2026-10-07 06:00,12.617,66.36
2026-10-07 07:00,12.665,70.2
2026-10-07 08:00,12.712,73.96
2026-10-07 09:00,12.751,77.08
2026-10-07 10:00,12.783,79.64
2026-10-07 11:00,12.804,81.32
2026-10-07 12:00,12.81,81.8
2026-10-07 13:00,12.815,82.2
2026-10-07 14:00,12.794,80.52
2026-10-07 15:00,12.782,79.56
2026-10-07 16:00,12.755,77.4
2026-10-07 17:00,12.851,85.08
2026-10-07 18:00,12.906,89.48
2026-10-07 19:00,12.849,84.92
2026-10-07 20:00,12.782,79.56
2026-10-07 21:00,12.722,74.76
2026-10-07 22:00,12.672,70.76
2026-10-07 23:00,12.628,67.24
2026-10-08 00:00,12.589,64.23
2026-10-08 01:00,12.554,61.78
2026-10-08 02:00,12.529,60.03
2026-10-08 03:00,12.525,59.75
2026-10-08 04:00,12.548,61.36
2026-10-08 05:00,12.591,64.37
2026-10-08 06:00,12.648,68.84
2026-10-08 07:00,12.705,73.4
2026-10-08 08:00,12.757,77.56
2026-10-08 09:00,12.801,81.08
2026-10-08 10:00,12.834,83.72
2026-10-08 11:00,12.855,85.4
2026-10-08 12:00,12.855,85.4
2026-10-08 13:00,12.843,84.44
2026-10-08 14:00,12.817,82.36
2026-10-08 15:00,12.779,79.32
2026-10-08 16:00,12.745,76.6
2026-10-08 17:00,12.699,72.92
2026-10-08 18:00,12.65,69.0
2026-10-08 19:00,12.602,65.16
2026-10-08 20:00,12.556,61.92
2026-10-08 21:00,12.51,58.7
2026-10-08 22:00,12.469,55.83
2026-10-08 23:00,12.427,52.89
2026-10-09 00:00,12.391,50.46
2026-10-09 01:00,12.355,48.3
2026-10-09 02:00,12.325,46.5
2026-10-09 03:00,12.315,45.9
2026-10-09 04:00,12.331,46.86
2026-10-09 05:00,12.373,49.38
2026-10-09 06:00,12.433,53.31
2026-10-09 07:00,12.498,57.86
2026-10-09 08:00,12.559,62.13
2026-10-09 09:00,12.613,66.04
2026-10-09 10:00,12.658,69.64
2026-10-09 11:00,12.688,72.04
2026-10-09 12:00,12.707,73.56
2026-10-09 13:00,12.707,73.56
2026-10-09 14:00,12.69,72.2
2026-10-09 15:00,12.663,70.04
2026-10-09 16:00,12.625,67.0
